timestamp,close,high,low,n,open,volume,vw
2023-07-24 13:00:00+00:00,193.48,194.87,193.19,1172,193.19,157557,194.201708
2023-07-24 14:00:00+00:00,193.33,193.815,192.99,977,193.495,87902,193.411477
2023-07-24 15:00:00+00:00,193.125,193.735,192.87,875,193.375,72649,193.25184
2023-07-24 16:00:00+00:00,193.065,193.415,192.9,717,193.12,65259,193.102309
2023-07-24 17:00:00+00:00,192.97,193.1,192.775,478,193.065,55685,192.979253
2023-07-24 18:00:00+00:00,192.76,193.43,192.6,560,192.985,57623,192.991024
2023-07-24 19:00:00+00:00,192.75,192.88,192.295,1168,192.76,104776,192.551915
2023-07-25 12:00:00+00:00,193.65,193.65,193.65,1,193.65,100,193.65
2023-07-25 13:00:00+00:00,193.92,193.995,192.96,939,193.405,79425,193.544692
2023-07-25 14:00:00+00:00,193.275,194.185,193.23,1434,193.97,96878,193.632625
2023-07-25 15:00:00+00:00,193.765,194.11,193.25,958,193.275,71652,193.768965
2023-07-25 16:00:00+00:00,193.915,193.965,193.62,695,193.705,38721,193.770373
2023-07-25 17:00:00+00:00,193.97,194.235,193.84,903,193.92,72473,194.083707
2023-07-25 18:00:00+00:00,193.94,194.44,193.87,771,193.97,66689,194.212552
2023-07-25 19:00:00+00:00,193.64,194.395,193.61,1990,193.965,183644,194.062104
2023-07-25 20:00:00+00:00,193.46,193.46,193.46,1,193.46,100,193.46
2023-07-26 13:00:00+00:00,193.645,194.105,193.36,990,193.71,98725,193.686239
2023-07-26 14:00:00+00:00,194.42,194.66,193.65,1212,193.655,132393,194.203817
2023-07-26 15:00:00+00:00,194.78,194.815,194.035,589,194.385,52169,194.411606
2023-07-26 16:00:00+00:00,194.375,194.93,194.22,374,194.78,33480,194.660857
2023-07-26 17:00:00+00:00,194.13,194.45,194.06,347,194.315,30535,194.320206
2023-07-26 18:00:00+00:00,195.07,195.64,194.05,985,194.05,90603,194.982059
2023-07-26 19:00:00+00:00,194.51,195.16,193.69,1666,195.07,144196,194.34434
2023-07-27 13:00:00+00:00,196.92,197.195,195.85,1181,196.06,105987,196.721
2023-07-27 14:00:00+00:00,195.52,197.01,195.46,1250,196.92,108523,196.383463
2023-07-27 15:00:00+00:00,195.85,196.435,195.5,982,195.545,88929,195.900049
2023-07-27 16:00:00+00:00,196.07,196.42,195.83,743,195.83,58181,196.132342
2023-07-27 17:00:00+00:00,194.65,196.255,194.48,1077,196.095,98239,195.086942
2023-07-27 18:00:00+00:00,192.98,194.87,192.93,1615,194.67,165402,193.830535
2023-07-27 19:00:00+00:00,193.24,193.64,192.59,2538,192.94,230909,193.184684
2023-07-28 13:00:00+00:00,195.6,195.98,194.14,1238,194.65,106378,195.420726
2023-07-28 14:00:00+00:00,195.725,196.13,195.315,1273,195.72,132761,195.800324
2023-07-28 15:00:00+00:00,196.5,196.61,195.715,896,195.795,99926,196.293735
2023-07-28 16:00:00+00:00,195.945,196.51,195.885,528,196.51,58323,196.24396
2023-07-28 17:00:00+00:00,195.73,195.95,195.06,763,195.92,73819,195.449744
2023-07-28 18:00:00+00:00,195.91,196.19,195.59,836,195.71,50688,195.96242
2023-07-28 19:00:00+00:00,195.82,196.145,195.42,1849,195.93,176122,195.740472
2023-07-31 13:00:00+00:00,195.6,196.335,195.4,849,196.12,104894,195.944457
2023-07-31 14:00:00+00:00,196.26,196.42,195.28,741,195.585,67671,195.921737
2023-07-31 15:00:00+00:00,196.13,196.49,196.0,728,196.26,81051,196.171728
2023-07-31 16:00:00+00:00,195.92,196.27,195.78,292,196.13,27383,196.045315
2023-07-31 17:00:00+00:00,196.23,196.375,195.79,455,195.89,29928,196.165782
2023-07-31 18:00:00+00:00,196.29,196.365,195.955,771,196.23,45886,196.218209
2023-07-31 19:00:00+00:00,196.465,196.465,195.8,1630,196.31,138096,196.242152
2023-08-01 13:00:00+00:00,196.455,196.7,195.86,634,196.21,53619,196.368367
2023-08-01 14:00:00+00:00,195.765,196.67,195.28,1280,196.475,93345,195.736798
2023-08-01 15:00:00+00:00,195.805,196.12,195.62,486,195.81,35894,195.844968
2023-08-01 16:00:00+00:00,195.8,195.915,195.35,450,195.91,36080,195.649961
2023-08-01 17:00:00+00:00,196.07,196.125,195.53,549,195.825,47067,195.744383
2023-08-01 18:00:00+00:00,195.87,196.26,195.68,528,196.09,42215,196.040142
2023-08-01 19:00:00+00:00,195.66,196.1,195.5,1283,195.92,105366,195.732165
2023-08-02 12:00:00+00:00,194.73,194.73,194.73,3,194.73,111,194.73
2023-08-02 13:00:00+00:00,194.0,195.12,193.38,979,195.09,89176,194.172586
2023-08-02 14:00:00+00:00,192.835,194.24,192.76,1343,194.005,110062,193.270371
2023-08-02 15:00:00+00:00,192.6,193.26,192.53,753,192.86,69368,192.90181
2023-08-02 16:00:00+00:00,192.84,192.84,191.855,1188,192.59,86642,192.268103
2023-08-02 17:00:00+00:00,192.87,193.25,192.69,821,192.815,51837,192.982472
2023-08-02 18:00:00+00:00,192.76,193.245,192.62,946,192.935,63017,192.868795
2023-08-02 19:00:00+00:00,192.62,192.97,192.23,2676,192.76,261598,192.677798
2023-08-03 13:00:00+00:00,191.74,192.27,191.135,1204,191.545,136943,191.808814
2023-08-03 14:00:00+00:00,191.72,192.01,190.86,1375,191.77,145654,191.492476
2023-08-03 15:00:00+00:00,191.755,192.37,191.64,1432,191.725,162334,192.022037
2023-08-03 16:00:00+00:00,192.23,192.35,191.61,756,191.725,114981,191.907245
2023-08-03 17:00:00+00:00,191.36,192.275,191.275,1129,192.22,179364,191.772428
2023-08-03 18:00:00+00:00,191.84,191.93,191.2,1061,191.41,97805,191.627713
2023-08-03 19:00:00+00:00,191.08,191.9,191.0,2248,191.87,250005,191.384124
2023-08-03 20:00:00+00:00,189.31,189.84,187.82,168,189.84,7374,188.883636
2023-08-04 13:00:00+00:00,185.29,187.37,183.26,4640,185.51,618338,185.421419
2023-08-04 14:00:00+00:00,185.41,185.77,184.3,2389,185.3,263065,185.155361
2023-08-04 15:00:00+00:00,185.63,186.37,184.94,1393,185.265,148728,185.410197
2023-08-04 16:00:00+00:00,185.23,185.68,185.1,941,185.635,112692,185.372829
2023-08-04 17:00:00+00:00,184.915,185.26,184.79,1240,185.26,112531,184.989462
2023-08-04 18:00:00+00:00,182.42,184.895,182.085,2676,184.895,332561,183.273351
2023-08-04 19:00:00+00:00,182.0,183.225,181.92,4684,182.35,596415,182.382317
2023-08-04 20:00:00+00:00,182.16,182.16,181.9,2,181.9,300,181.986667
2023-08-07 13:00:00+00:00,178.44,183.09,178.24,4188,182.16,682693,179.858361
2023-08-07 14:00:00+00:00,178.11,179.785,178.07,3681,178.34,368491,178.949052
2023-08-07 15:00:00+00:00,178.65,178.78,177.35,2533,178.09,312290,177.95888
2023-08-07 16:00:00+00:00,178.23,178.82,177.745,2121,178.68,239766,178.349477
2023-08-07 17:00:00+00:00,178.82,178.86,178.0,2167,178.3,261542,178.272508
2023-08-07 18:00:00+00:00,178.475,179.035,178.33,1726,178.845,207885,178.620502
2023-08-07 19:00:00+00:00,178.86,179.02,178.22,3663,178.495,463461,178.728543
2023-08-08 13:00:00+00:00,178.045,179.73,177.61,1906,179.43,366699,178.654828
2023-08-08 14:00:00+00:00,178.14,179.215,177.78,1582,178.045,155425,178.495217
2023-08-08 15:00:00+00:00,177.89,178.34,177.825,944,178.11,114859,178.061832
2023-08-08 16:00:00+00:00,178.91,178.95,177.84,667,177.86,60555,178.587809
2023-08-08 17:00:00+00:00,179.035,179.47,178.72,571,178.89,63463,179.080036
2023-08-08 18:00:00+00:00,179.49,179.53,178.955,608,178.995,53824,179.287625
2023-08-08 19:00:00+00:00,179.825,180.25,179.34,1783,179.49,205247,179.807615
2023-08-09 13:00:00+00:00,178.67,180.91,178.23,1287,180.9,100228,179.286572
2023-08-09 14:00:00+00:00,177.82,179.125,177.61,1602,178.655,159899,178.288128
2023-08-09 15:00:00+00:00,177.42,178.18,177.02,1371,177.755,148097,177.486395
2023-08-09 16:00:00+00:00,178.185,178.48,177.4,992,177.42,102377,177.937022
2023-08-09 17:00:00+00:00,178.655,178.785,178.155,664,178.19,51189,178.575209
2023-08-09 18:00:00+00:00,179.15,179.58,178.615,1084,178.695,106971,179.190076
2023-08-09 19:00:00+00:00,178.11,179.3,177.99,2358,179.16,214929,178.483435
2023-08-10 12:00:00+00:00,179.9,179.9,179.9,5,179.9,160,179.9
2023-08-10 13:00:00+00:00,180.55,180.56,178.9,1228,179.53,120205,179.801676
2023-08-10 14:00:00+00:00,179.56,180.725,179.16,2248,180.6,172336,180.063659
2023-08-10 15:00:00+00:00,178.37,179.585,178.025,1115,179.585,103715,178.95363
2023-08-10 16:00:00+00:00,177.98,178.905,177.86,844,178.315,73538,178.351659
2023-08-10 17:00:00+00:00,177.69,178.355,177.6,636,177.95,50609,178.020487
2023-08-10 18:00:00+00:00,178.62,178.68,177.66,726,177.66,59399,178.268776
2023-08-10 19:00:00+00:00,178.01,178.69,177.755,1279,178.64,108434,178.091732
2023-08-11 13:00:00+00:00,176.88,177.6,176.56,1473,177.32,133231,177.203485
2023-08-11 14:00:00+00:00,178.0,178.62,176.93,1582,176.93,152286,177.992273
2023-08-11 15:00:00+00:00,177.74,178.145,177.3,914,178.015,79958,177.661036
2023-08-11 16:00:00+00:00,177.39,178.09,177.315,957,177.765,63856,177.697691
2023-08-11 17:00:00+00:00,177.755,177.97,177.22,655,177.4,61664,177.583714
2023-08-11 18:00:00+00:00,178.36,178.545,177.75,863,177.77,80066,178.174595
2023-08-11 19:00:00+00:00,177.87,178.29,177.69,1785,178.27,160132,177.905285
2023-08-14 13:00:00+00:00,178.275,178.525,177.31,1499,177.97,148502,178.006609
2023-08-14 14:00:00+00:00,179.415,179.68,178.03,2078,178.275,197132,178.727986
2023-08-14 15:00:00+00:00,178.965,179.52,178.94,699,179.465,59916,179.252375
2023-08-14 16:00:00+00:00,179.14,179.23,178.62,711,179.035,71078,178.871141
2023-08-14 17:00:00+00:00,179.1,179.405,179.03,302,179.235,24039,179.218023
2023-08-14 18:00:00+00:00,178.93,179.3,178.72,505,179.225,38392,179.003936
2023-08-14 19:00:00+00:00,179.49,179.49,178.83,1613,178.955,152656,179.126027
2023-08-15 13:00:00+00:00,178.43,179.475,178.43,910,178.95,70402,178.901985
2023-08-15 14:00:00+00:00,177.695,178.49,177.39,1483,178.41,209821,177.861609
2023-08-15 15:00:00+00:00,178.29,178.37,177.8,649,177.81,60904,178.089056
2023-08-15 16:00:00+00:00,177.94,178.42,177.79,546,178.31,41008,178.054346
2023-08-15 17:00:00+00:00,177.85,178.24,177.62,553,177.95,39980,177.874778
2023-08-15 18:00:00+00:00,178.0,178.22,177.75,522,177.88,33951,177.994047
2023-08-15 19:00:00+00:00,177.5,178.04,177.07,1697,178.005,164917,177.425528
2023-08-16 13:00:00+00:00,177.995,178.19,176.875,926,177.09,83381,177.604084
2023-08-16 14:00:00+00:00,178.17,178.52,177.625,1121,177.975,117909,177.986621
2023-08-16 15:00:00+00:00,177.66,178.295,177.5,684,178.22,71827,177.896345
2023-08-16 16:00:00+00:00,177.625,177.83,177.305,754,177.6,69495,177.566799
2023-08-16 17:00:00+00:00,178.06,178.305,177.415,1008,177.615,90799,177.823825
2023-08-16 18:00:00+00:00,177.76,178.265,177.345,679,178.075,58206,177.841055
2023-08-16 19:00:00+00:00,176.55,177.65,176.5,1644,177.635,147829,176.885349
2023-08-17 13:00:00+00:00,175.61,177.49,175.24,1604,177.14,170674,176.514861
2023-08-17 14:00:00+00:00,174.11,175.585,173.895,2836,175.575,248813,174.598001
2023-08-17 15:00:00+00:00,174.63,174.66,173.83,1837,174.1,176482,174.298637
2023-08-17 16:00:00+00:00,175.05,175.06,174.44,799,174.64,98283,174.804204
2023-08-17 17:00:00+00:00,174.23,175.09,174.09,822,175.06,78874,174.566268
2023-08-17 18:00:00+00:00,173.97,174.34,173.75,1105,174.235,83405,174.058615
2023-08-17 19:00:00+00:00,173.98,174.78,173.49,2519,173.925,259890,174.118938
2023-08-18 13:00:00+00:00,172.48,173.325,171.97,1649,171.97,160391,172.700461
2023-08-18 14:00:00+00:00,173.71,173.765,172.445,2301,172.49,225512,173.166644
2023-08-18 15:00:00+00:00,174.31,174.37,173.31,1177,173.735,98903,173.715401
2023-08-18 16:00:00+00:00,173.94,174.43,173.755,876,174.3,64821,174.107985
2023-08-18 17:00:00+00:00,174.38,174.46,173.835,824,173.98,74748,174.199726
2023-08-18 18:00:00+00:00,174.41,174.86,174.3,1088,174.41,92919,174.58197
2023-08-18 19:00:00+00:00,174.49,175.04,174.1,2005,174.39,192920,174.509309
2023-08-21 13:00:00+00:00,175.37,175.39,174.38,1080,175.1,91824,174.977902
2023-08-21 14:00:00+00:00,174.24,175.56,173.92,1600,175.395,146670,174.58273
2023-08-21 15:00:00+00:00,174.145,174.46,173.735,1090,174.245,85292,174.076877
2023-08-21 16:00:00+00:00,175.11,175.13,174.06,623,174.14,48814,174.702022
2023-08-21 17:00:00+00:00,175.22,175.61,174.87,1034,175.09,105211,175.301481
2023-08-21 18:00:00+00:00,175.655,175.9,175.13,919,175.27,69994,175.507519
2023-08-21 19:00:00+00:00,175.85,176.12,175.66,1781,175.68,146315,175.884259
2023-08-22 13:00:00+00:00,176.61,177.085,176.26,985,177.085,77959,176.581832
2023-08-22 14:00:00+00:00,177.17,177.3,176.32,913,176.615,87326,176.768777
2023-08-22 15:00:00+00:00,176.67,177.41,176.6,685,177.21,61995,177.061462
2023-08-22 16:00:00+00:00,177.03,177.37,176.28,792,176.7,104459,176.853268
2023-08-22 17:00:00+00:00,177.08,177.245,176.795,491,177.0,41833,177.012752
2023-08-22 18:00:00+00:00,177.37,177.37,176.87,493,177.05,40406,177.100107
2023-08-22 19:00:00+00:00,177.26,177.665,177.095,1551,177.38,170121,177.290965
2023-08-23 13:00:00+00:00,179.87,180.17,178.37,1706,178.55,178368,179.339525
2023-08-23 14:00:00+00:00,181.215,181.26,179.495,2296,179.88,301392,180.648135
2023-08-23 15:00:00+00:00,181.14,181.32,180.79,1482,181.215,145385,181.044167
2023-08-23 16:00:00+00:00,180.705,181.18,180.65,655,181.12,69221,180.856652
2023-08-23 17:00:00+00:00,181.39,181.545,180.65,967,180.67,97704,181.233821
2023-08-23 18:00:00+00:00,180.93,181.39,180.82,951,181.39,97993,181.006543
2023-08-23 19:00:00+00:00,181.18,181.535,180.81,1495,180.955,125508,181.259038
2023-08-23 20:00:00+00:00,181.05,181.12,181.05,13,181.12,1734,181.058923
2023-08-24 12:00:00+00:00,180.53,180.53,180.53,11,180.53,350,180.53
2023-08-24 13:00:00+00:00,180.005,181.07,179.615,1690,180.8,132124,180.040566
2023-08-24 14:00:00+00:00,177.895,180.12,177.69,1961,180.04,157317,178.681827
2023-08-24 15:00:00+00:00,177.6,178.4,177.52,1383,177.89,149136,177.943017
2023-08-24 16:00:00+00:00,177.95,178.3,177.5,659,177.6,60954,178.087546
2023-08-24 17:00:00+00:00,177.465,178.125,177.46,579,177.96,56073,177.789642
2023-08-24 18:00:00+00:00,177.35,177.865,177.0,1321,177.59,132975,177.304402
2023-08-24 19:00:00+00:00,176.34,177.42,176.03,1924,177.355,207233,176.639353
2023-08-25 13:00:00+00:00,177.56,178.12,177.12,798,177.12,84040,177.663502
2023-08-25 14:00:00+00:00,175.9,178.605,175.86,1508,177.69,128069,176.978487
2023-08-25 15:00:00+00:00,176.65,177.77,175.92,1079,176.03,95900,176.858642
2023-08-25 16:00:00+00:00,177.485,177.83,176.66,810,176.66,84339,177.444369
2023-08-25 17:00:00+00:00,177.42,177.65,176.94,631,177.46,43615,177.268693
2023-08-25 18:00:00+00:00,178.59,178.71,177.37,1038,177.405,90983,178.218288
2023-08-25 19:00:00+00:00,178.635,179.14,178.445,2026,178.645,213174,178.725106
2023-08-28 12:00:00+00:00,179.48,179.48,179.48,3,179.48,250,179.48
2023-08-28 13:00:00+00:00,179.265,180.18,178.945,1078,180.18,96360,179.398904
2023-08-28 14:00:00+00:00,179.015,179.92,178.705,1454,179.3,114086,179.234479
2023-08-28 15:00:00+00:00,178.9,179.11,178.59,947,179.02,71822,178.862536
2023-08-28 16:00:00+00:00,179.59,179.61,178.73,854,178.86,68109,179.160065
2023-08-28 17:00:00+00:00,179.32,180.13,179.16,995,179.61,79058,179.801835
2023-08-28 18:00:00+00:00,179.815,179.84,179.27,506,179.31,41452,179.597835
2023-08-28 19:00:00+00:00,180.1,180.55,179.755,2008,179.85,181647,180.096681
2023-08-28 20:00:00+00:00,180.15,180.15,180.15,1,180.15,100,180.15
2023-08-29 13:00:00+00:00,180.86,181.135,179.5,964,179.67,109543,180.406943
2023-08-29 14:00:00+00:00,182.3,182.605,180.92,2126,180.92,237459,181.940741
2023-08-29 15:00:00+00:00,183.185,183.52,182.285,1298,182.32,131634,183.111375
2023-08-29 16:00:00+00:00,183.58,183.735,183.13,1121,183.2,115249,183.464137
2023-08-29 17:00:00+00:00,183.715,184.0,183.47,928,183.59,92748,183.731362
2023-08-29 18:00:00+00:00,184.465,184.54,183.675,1434,183.715,159546,184.27654
2023-08-29 19:00:00+00:00,184.13,184.9,183.87,2645,184.495,266388,184.459138
2023-08-30 13:00:00+00:00,186.375,186.425,184.76,1646,184.89,146715,185.75194
2023-08-30 14:00:00+00:00,186.68,187.65,185.87,2136,186.36,223575,186.831394
2023-08-30 15:00:00+00:00,187.1,187.32,186.185,986,186.705,126636,186.936317
2023-08-30 16:00:00+00:00,187.445,187.75,187.02,951,187.16,104687,187.394561
2023-08-30 17:00:00+00:00,187.1,187.58,186.9,621,187.43,55916,187.338459
2023-08-30 18:00:00+00:00,187.57,187.6,186.67,992,187.11,102623,187.155245
2023-08-30 19:00:00+00:00,187.72,187.79,187.33,1968,187.585,208603,187.591564
2023-08-31 13:00:00+00:00,188.06,188.5,187.68,1078,187.85,84628,188.050686
2023-08-31 14:00:00+00:00,188.495,188.755,187.67,1520,188.08,101667,188.259955
2023-08-31 15:00:00+00:00,188.23,188.635,188.095,872,188.46,78779,188.330838
2023-08-31 16:00:00+00:00,187.82,188.48,187.515,1242,188.225,106683,187.985768
2023-08-31 17:00:00+00:00,188.02,188.19,187.745,755,187.765,66310,187.962369
2023-08-31 18:00:00+00:00,188.505,188.69,187.995,947,187.995,189841,188.534678
2023-08-31 19:00:00+00:00,187.92,189.12,187.77,2841,188.5,317751,188.501462
2023-09-01 13:00:00+00:00,188.9,189.92,188.335,1101,189.43,105381,188.88371
2023-09-01 14:00:00+00:00,188.41,189.485,188.32,1668,188.88,149528,189.019425
2023-09-01 15:00:00+00:00,188.5,188.88,188.36,1040,188.36,76729,188.592593
2023-09-01 16:00:00+00:00,189.18,189.255,188.495,923,188.51,76992,188.929196
2023-09-01 17:00:00+00:00,189.19,189.315,188.88,1249,189.22,59914,189.031661
2023-09-01 18:00:00+00:00,188.885,189.2,188.54,798,189.16,48718,188.833188
2023-09-01 19:00:00+00:00,189.48,189.535,188.75,2024,188.875,152333,189.180573
2023-09-05 12:00:00+00:00,187.54,187.54,187.54,5,187.54,200,187.54
2023-09-05 13:00:00+00:00,188.1,188.59,187.64,1242,187.97,112772,188.120506
2023-09-05 14:00:00+00:00,189.07,189.295,187.845,1383,188.08,141122,188.580837
2023-09-05 15:00:00+00:00,189.37,189.61,189.0,786,189.06,65931,189.327625
2023-09-05 16:00:00+00:00,189.68,189.805,189.395,510,189.43,54375,189.66418
2023-09-05 17:00:00+00:00,189.415,189.68,189.18,410,189.6,25995,189.396711
2023-09-05 18:00:00+00:00,189.935,189.935,189.35,589,189.47,44219,189.690765
2023-09-05 19:00:00+00:00,189.73,189.98,189.475,1527,189.935,129638,189.747737
2023-09-06 13:00:00+00:00,186.54,188.7,186.51,1840,188.53,227113,187.405221
2023-09-06 14:00:00+00:00,184.04,186.46,183.93,3682,186.46,446497,184.593711
2023-09-06 15:00:00+00:00,184.17,184.305,183.54,2343,184.01,247797,183.942433
2023-09-06 16:00:00+00:00,183.13,184.32,182.81,1936,184.135,184090,183.379454
2023-09-06 17:00:00+00:00,182.985,183.375,182.68,1622,183.11,164739,183.029011
2023-09-06 18:00:00+00:00,182.2,182.99,182.135,2256,182.92,240405,182.541181
2023-09-06 19:00:00+00:00,182.89,183.015,181.47,5378,182.195,598036,182.248414
2023-09-07 12:00:00+00:00,176.18,176.93,176.18,18,176.93,927,176.44
2023-09-07 13:00:00+00:00,176.22,177.79,173.55,5423,176.07,719480,175.794906
2023-09-07 14:00:00+00:00,176.71,177.17,175.72,3471,176.23,332065,176.47261
2023-09-07 15:00:00+00:00,176.975,178.205,176.655,2796,176.7,249370,177.420089
2023-09-07 16:00:00+00:00,176.715,177.655,176.65,1808,176.935,190442,177.000899
2023-09-07 17:00:00+00:00,177.05,177.08,175.955,1651,176.725,154882,176.606525
2023-09-07 18:00:00+00:00,177.19,177.385,176.49,2051,177.0,209284,176.912345
2023-09-07 19:00:00+00:00,177.585,178.12,176.785,3308,177.185,339907,177.625036
2023-09-07 20:00:00+00:00,178.13,178.13,178.13,1,178.13,100,178.13
2023-09-08 13:00:00+00:00,179.075,180.205,178.33,2166,178.35,244295,179.552119
2023-09-08 14:00:00+00:00,178.98,179.855,178.94,1735,179.08,175169,179.457
2023-09-08 15:00:00+00:00,179.56,180.19,178.7,1598,178.93,183930,179.528855
2023-09-08 16:00:00+00:00,179.52,179.98,179.24,988,179.485,110201,179.53656
2023-09-08 17:00:00+00:00,179.695,179.91,179.275,599,179.59,57234,179.590169
2023-09-08 18:00:00+00:00,178.24,179.89,178.04,1095,179.705,111173,178.886835
2023-09-08 19:00:00+00:00,178.2,178.4,177.82,2351,178.12,251090,178.106292
2023-09-08 20:00:00+00:00,178.34,178.34,178.34,1,178.34,100,178.34
2023-09-11 13:00:00+00:00,177.94,180.3,177.495,1781,180.14,207646,178.714902
2023-09-11 14:00:00+00:00,177.84,178.325,177.345,1752,178.02,155612,177.805287
2023-09-11 15:00:00+00:00,178.42,178.915,177.77,1325,177.775,112336,178.407009
2023-09-11 16:00:00+00:00,178.645,178.86,178.26,717,178.42,75764,178.520318
2023-09-11 17:00:00+00:00,179.25,179.38,178.57,721,178.72,58018,179.060387
2023-09-11 18:00:00+00:00,179.66,179.66,179.04,904,179.25,84555,179.394355
2023-09-11 19:00:00+00:00,179.36,179.95,179.185,2354,179.66,212026,179.48957
2023-09-12 13:00:00+00:00,178.74,180.1,178.5,1206,179.54,161205,179.146553
2023-09-12 14:00:00+00:00,176.345,178.73,176.25,2085,178.73,190742,177.470631
2023-09-12 15:00:00+00:00,176.71,177.09,176.255,1206,176.345,111259,176.576524
2023-09-12 16:00:00+00:00,176.935,177.22,176.4,1131,176.675,82647,176.897706
2023-09-12 17:00:00+00:00,176.39,177.87,175.5,2263,176.98,215271,176.637941
2023-09-12 18:00:00+00:00,175.34,176.76,174.85,3135,176.34,350704,175.896867
2023-09-12 19:00:00+00:00,176.29,176.46,175.03,2995,175.3,340083,175.690935
2023-09-12 20:00:00+00:00,176.35,176.35,176.35,1,176.35,100,176.35
2023-09-13 13:00:00+00:00,175.82,177.25,174.6,3119,176.51,348703,175.76705
2023-09-13 14:00:00+00:00,174.735,175.89,174.085,3612,175.815,354448,174.937003
2023-09-13 15:00:00+00:00,175.75,175.76,174.68,1776,174.75,206215,175.118597
2023-09-13 16:00:00+00:00,175.58,176.215,175.26,1672,175.72,178508,175.724204
2023-09-13 17:00:00+00:00,175.18,175.73,175.11,1384,175.57,140507,175.40338
2023-09-13 18:00:00+00:00,174.7,175.25,174.36,2419,175.19,210199,174.859924
2023-09-13 19:00:00+00:00,174.2,175.185,173.98,3903,174.72,463508,174.639258
2023-09-13 20:00:00+00:00,174.07,174.07,174.07,1,174.07,100,174.07
2023-09-14 12:00:00+00:00,174.41,174.41,174.41,3,174.41,118,174.41
2023-09-14 13:00:00+00:00,175.36,175.605,173.6,1837,174.01,194536,174.677067
2023-09-14 14:00:00+00:00,175.255,175.565,174.335,2185,175.38,179351,174.932926
2023-09-14 15:00:00+00:00,175.48,175.76,174.85,1966,175.25,151810,175.309721
2023-09-14 16:00:00+00:00,175.86,175.99,175.04,1594,175.505,122921,175.561872
2023-09-14 17:00:00+00:00,175.785,176.035,175.47,1392,175.81,124818,175.786348
2023-09-14 18:00:00+00:00,175.725,175.89,175.31,1489,175.74,129572,175.602362
2023-09-14 19:00:00+00:00,175.74,176.09,175.56,2584,175.73,243983,175.749994
2023-09-15 13:00:00+00:00,174.98,177.13,174.72,2472,177.13,220090,175.285301
2023-09-15 14:00:00+00:00,174.6,175.37,174.57,2834,175.05,298558,175.027345
2023-09-15 15:00:00+00:00,174.96,175.12,174.535,1532,174.575,144129,174.843162
2023-09-15 16:00:00+00:00,174.99,175.13,174.69,954,174.975,78818,174.931874
2023-09-15 17:00:00+00:00,174.235,175.04,173.825,1250,174.995,105418,174.203902
2023-09-15 18:00:00+00:00,174.39,174.62,174.17,1011,174.26,87022,174.370241
2023-09-15 19:00:00+00:00,174.95,175.11,174.145,3203,174.355,352622,174.850261
2023-09-15 20:00:00+00:00,174.99,174.99,174.99,1,174.99,100,174.99
2023-09-18 13:00:00+00:00,177.04,178.94,175.77,3243,175.77,378287,177.548024
2023-09-18 14:00:00+00:00,177.12,177.57,176.45,2036,177.05,186632,177.127943
2023-09-18 15:00:00+00:00,178.265,178.3,177.09,1211,177.1,117724,177.863136
2023-09-18 16:00:00+00:00,178.85,179.16,178.11,1181,178.265,102441,178.598336
2023-09-18 17:00:00+00:00,179.07,179.38,178.75,948,178.85,90898,179.053093
2023-09-18 18:00:00+00:00,178.62,179.22,178.44,755,179.01,64199,178.905388
2023-09-18 19:00:00+00:00,178.0,178.75,177.78,1954,178.62,178397,178.187615
2023-09-19 13:00:00+00:00,177.56,178.67,177.34,1665,177.58,161770,178.081666
2023-09-19 14:00:00+00:00,177.225,177.86,177.155,1620,177.6,136748,177.497274
2023-09-19 15:00:00+00:00,178.1,178.105,177.17,1084,177.2,87295,177.581854
2023-09-19 16:00:00+00:00,178.17,178.235,177.69,1078,178.025,95143,177.917594
2023-09-19 17:00:00+00:00,179.1,179.16,178.17,882,178.195,72288,178.695302
2023-09-19 18:00:00+00:00,178.92,179.62,178.92,1140,179.1,119964,179.265711
2023-09-19 19:00:00+00:00,179.09,179.42,178.75,1506,178.825,139320,179.082513
2023-09-20 13:00:00+00:00,178.41,179.695,177.995,1320,179.29,129816,178.531706
2023-09-20 14:00:00+00:00,177.39,178.42,177.265,1480,178.405,106305,177.706799
2023-09-20 15:00:00+00:00,177.56,177.56,176.9,1179,177.39,91531,177.203018
2023-09-20 16:00:00+00:00,177.73,177.755,177.32,715,177.55,43048,177.574842
2023-09-20 17:00:00+00:00,177.77,177.77,177.18,1001,177.705,87762,177.472633
2023-09-20 18:00:00+00:00,177.14,177.77,176.59,2040,177.11,190494,177.152185
2023-09-20 19:00:00+00:00,175.48,177.3,175.46,3364,177.05,348075,176.076593
2023-09-21 13:00:00+00:00,174.66,176.005,174.51,1793,174.51,185576,175.163045
2023-09-21 14:00:00+00:00,175.4,176.3,174.64,2774,174.64,278864,175.482289
2023-09-21 15:00:00+00:00,175.39,175.68,174.82,1024,175.4,95402,175.178582
2023-09-21 16:00:00+00:00,174.9,175.42,174.865,891,175.38,84091,175.116601
2023-09-21 17:00:00+00:00,175.335,175.53,174.87,882,174.88,79050,175.290137
2023-09-21 18:00:00+00:00,174.64,175.3,174.54,813,175.3,68153,174.85825
2023-09-21 19:00:00+00:00,173.88,174.8,173.86,2184,174.655,208043,174.220974
2023-09-22 13:00:00+00:00,174.87,174.9,174.07,1225,174.62,109078,174.406079
2023-09-22 14:00:00+00:00,176.465,176.54,174.58,2601,174.91,287356,175.859565
2023-09-22 15:00:00+00:00,176.135,176.61,175.94,1315,176.485,121344,176.262942
2023-09-22 16:00:00+00:00,176.67,177.07,175.97,1521,176.13,166583,176.653569
2023-09-22 17:00:00+00:00,175.385,176.705,175.15,1021,176.705,81487,175.750133
2023-09-22 18:00:00+00:00,175.24,175.49,174.81,1175,175.45,107175,175.166676
2023-09-22 19:00:00+00:00,174.75,175.98,174.64,2304,175.23,243946,175.227118
2023-09-25 13:00:00+00:00,175.34,175.5,174.12,1722,174.12,212995,174.782939
2023-09-25 14:00:00+00:00,174.9,175.54,174.23,1746,175.38,198435,174.884518
2023-09-25 15:00:00+00:00,176.08,176.52,174.89,1811,174.89,210422,175.888257
2023-09-25 16:00:00+00:00,176.26,176.94,175.9,1287,176.04,149723,176.549318
2023-09-25 17:00:00+00:00,176.27,176.8,175.89,586,176.25,60400,176.450406
2023-09-25 18:00:00+00:00,175.545,176.35,175.48,936,176.27,91991,175.808573
2023-09-25 19:00:00+00:00,176.11,176.14,174.98,1848,175.555,168807,175.607322
2023-09-26 13:00:00+00:00,173.04,175.05,172.93,2039,175.0,203527,174.023378
2023-09-26 14:00:00+00:00,172.805,173.64,172.5,2794,173.04,262169,173.007799
2023-09-26 15:00:00+00:00,172.86,173.19,172.42,1510,172.775,130671,172.763216
2023-09-26 16:00:00+00:00,173.205,173.34,172.545,900,172.87,67916,172.949023
2023-09-26 17:00:00+00:00,172.785,173.525,172.56,1863,173.215,129950,172.945169
2023-09-26 18:00:00+00:00,172.26,172.84,172.04,1546,172.775,136118,172.391451
2023-09-26 19:00:00+00:00,172.005,172.34,171.66,3832,172.23,435925,172.092219
2023-09-27 13:00:00+00:00,171.53,173.04,171.49,1510,172.53,187841,172.13029
2023-09-27 14:00:00+00:00,170.39,171.64,170.275,3108,171.515,306728,170.908905
2023-09-27 15:00:00+00:00,170.36,171.14,170.03,1772,170.4,185181,170.709831
2023-09-27 16:00:00+00:00,169.94,170.4,169.66,1820,170.4,148839,169.933221
2023-09-27 17:00:00+00:00,169.53,170.2,169.075,1723,169.97,220257,169.655475
2023-09-27 18:00:00+00:00,170.2,170.66,169.195,2012,169.545,261122,170.155562
2023-09-27 19:00:00+00:00,170.41,170.94,169.77,4448,170.18,590427,170.26965
2023-09-28 13:00:00+00:00,169.615,169.77,167.65,1915,169.67,220300,168.638074
2023-09-28 14:00:00+00:00,170.23,170.27,168.695,2151,169.605,198119,169.587111
2023-09-28 15:00:00+00:00,171.59,171.61,169.83,1449,170.23,179921,170.644813
2023-09-28 16:00:00+00:00,171.1,172.02,171.05,1513,171.64,139136,171.560895
2023-09-28 17:00:00+00:00,170.83,171.51,170.43,1301,171.14,121489,170.97854
2023-09-28 18:00:00+00:00,170.71,171.15,170.31,1319,170.74,154702,170.751044
2023-09-28 19:00:00+00:00,170.74,171.67,170.44,2212,170.75,227750,170.892356
2023-09-29 13:00:00+00:00,172.74,172.8,171.78,1297,172.52,137332,172.297637
2023-09-29 14:00:00+00:00,172.44,173.06,172.05,1853,172.74,165092,172.547943
2023-09-29 15:00:00+00:00,171.935,172.74,171.58,1355,172.51,123301,172.141466
2023-09-29 16:00:00+00:00,171.34,172.05,171.175,911,171.925,54280,171.697361
2023-09-29 17:00:00+00:00,170.63,171.31,170.63,1160,171.31,62877,170.970481
2023-09-29 18:00:00+00:00,171.54,171.55,170.36,1889,170.62,103484,170.74564
2023-09-29 19:00:00+00:00,171.29,171.91,170.76,4011,171.565,274046,171.269647
2023-10-02 13:00:00+00:00,172.92,173.25,171.04,1291,171.12,144616,172.842367
2023-10-02 14:00:00+00:00,173.05,174.01,172.83,2151,172.88,198318,173.47804
2023-10-02 15:00:00+00:00,173.12,174.3,172.91,1610,173.06,154111,173.635879
2023-10-02 16:00:00+00:00,173.195,173.515,172.83,884,173.07,72749,173.204312
2023-10-02 17:00:00+00:00,173.135,173.57,172.735,891,173.185,75482,173.178197
2023-10-02 18:00:00+00:00,172.895,173.695,172.62,835,173.12,66698,173.07195
2023-10-02 19:00:00+00:00,173.73,173.73,172.57,2242,172.86,225049,173.218425
2023-10-03 13:00:00+00:00,173.25,173.62,172.37,1428,172.37,116330,173.163396
2023-10-03 14:00:00+00:00,171.5,173.27,170.82,2178,173.27,180497,171.62157
2023-10-03 15:00:00+00:00,171.75,171.98,171.365,1247,171.495,89341,171.689955
2023-10-03 16:00:00+00:00,172.605,172.68,171.76,1211,171.76,93892,172.337638
2023-10-03 17:00:00+00:00,171.975,172.8,171.77,1070,172.59,75670,172.130936
2023-10-03 18:00:00+00:00,172.235,172.36,171.565,1114,171.98,88811,171.954552
2023-10-03 19:00:00+00:00,172.51,172.51,171.79,2038,172.25,164205,172.128784
2023-10-04 13:00:00+00:00,172.49,172.66,170.99,1720,171.07,154679,172.179217
2023-10-04 14:00:00+00:00,172.47,173.48,171.89,2281,172.47,224076,172.623129
2023-10-04 15:00:00+00:00,173.13,173.14,172.13,1419,172.44,147611,172.642985
2023-10-04 16:00:00+00:00,173.09,173.28,172.87,1085,173.07,98133,173.074404
2023-10-04 17:00:00+00:00,172.525,173.12,172.47,863,173.09,74594,172.770831
2023-10-04 18:00:00+00:00,173.09,173.13,172.38,854,172.52,67634,172.72438
2023-10-04 19:00:00+00:00,173.59,174.21,173.06,2925,173.08,254970,173.69064
2023-10-05 13:00:00+00:00,173.87,174.4,173.47,2208,173.76,133453,173.889657
2023-10-05 14:00:00+00:00,172.95,173.875,172.7,2226,173.87,146567,173.246823
2023-10-05 15:00:00+00:00,173.49,173.82,172.84,1664,172.98,142815,173.361988
2023-10-05 16:00:00+00:00,173.905,174.03,173.395,864,173.485,59940,173.81875
2023-10-05 17:00:00+00:00,174.87,175.02,173.65,1009,173.915,80603,174.329684
2023-10-05 18:00:00+00:00,175.36,175.44,174.775,1279,174.89,69172,175.156926
2023-10-05 19:00:00+00:00,174.98,175.39,174.84,1686,175.335,142585,175.04467
2023-10-06 13:00:00+00:00,174.04,175.05,173.19,1197,173.91,127325,173.974273
2023-10-06 14:00:00+00:00,175.055,175.24,173.38,1292,174.03,100008,174.413708
2023-10-06 15:00:00+00:00,176.785,176.82,175.14,1677,175.155,102637,175.764208
2023-10-06 16:00:00+00:00,176.81,177.015,176.35,1278,176.815,79050,176.745668
2023-10-06 17:00:00+00:00,177.28,177.38,176.7,1026,176.785,67187,177.13846
2023-10-06 18:00:00+00:00,177.54,177.7,177.145,1125,177.275,65748,177.438395
2023-10-06 19:00:00+00:00,177.49,177.99,177.41,5265,177.525,392667,177.679524
2023-10-09 13:00:00+00:00,177.17,177.245,175.83,999,176.65,81614,176.526705
2023-10-09 14:00:00+00:00,176.37,177.245,176.25,1076,177.185,71825,176.61393
2023-10-09 15:00:00+00:00,177.14,177.18,176.2,570,176.36,47945,176.841464
2023-10-09 16:00:00+00:00,177.59,178.07,177.21,519,177.24,44645,177.608266
2023-10-09 17:00:00+00:00,178.64,178.76,177.59,622,177.62,60148,178.140938
2023-10-09 18:00:00+00:00,178.92,179.04,178.43,892,178.715,76840,178.824944
2023-10-09 19:00:00+00:00,179.01,179.045,178.665,1705,178.905,198383,178.885242
2023-10-10 13:00:00+00:00,178.62,179.11,178.12,1099,178.12,74062,178.432817
2023-10-10 14:00:00+00:00,179.32,179.425,178.37,2007,178.625,164809,179.124355
2023-10-10 15:00:00+00:00,179.575,179.675,179.13,1622,179.345,98885,179.51544
2023-10-10 16:00:00+00:00,179.51,179.71,179.38,964,179.565,52201,179.552124
2023-10-10 17:00:00+00:00,178.25,179.43,178.045,1605,179.41,109808,178.45551
2023-10-10 18:00:00+00:00,178.17,178.59,177.96,1882,178.27,123232,178.246571
2023-10-10 19:00:00+00:00,178.41,178.895,178.13,2967,178.18,239379,178.421798
2023-10-11 13:00:00+00:00,177.93,178.93,177.62,1208,178.2,145586,178.289252
2023-10-11 14:00:00+00:00,179.07,179.27,177.745,1428,177.93,137548,178.458194
2023-10-11 15:00:00+00:00,178.69,179.32,178.445,1177,179.12,107696,178.865772
2023-10-11 16:00:00+00:00,178.63,178.73,178.285,770,178.63,56838,178.528478
2023-10-11 17:00:00+00:00,178.63,178.74,178.33,492,178.64,39343,178.535399
2023-10-11 18:00:00+00:00,179.095,179.36,178.71,856,178.8,104527,179.059
2023-10-11 19:00:00+00:00,179.77,179.85,179.04,1841,179.08,174469,179.52688
2023-10-12 13:00:00+00:00,180.94,180.99,179.91,1375,180.05,121818,180.480794
2023-10-12 14:00:00+00:00,182.06,182.145,180.83,2030,180.93,202039,181.619421
2023-10-12 15:00:00+00:00,181.955,182.34,181.53,1168,182.065,189352,181.878691
2023-10-12 16:00:00+00:00,181.96,182.28,181.795,1181,181.98,168336,182.053018
2023-10-12 17:00:00+00:00,180.0,182.045,179.97,1169,181.895,104233,180.725287
2023-10-12 18:00:00+00:00,179.81,180.09,179.045,1632,180.0,179072,179.602596
2023-10-12 19:00:00+00:00,180.69,180.81,179.73,2862,179.82,346966,180.48792
2023-10-13 13:00:00+00:00,181.26,181.925,180.97,1045,181.39,99872,181.369217
2023-10-13 14:00:00+00:00,179.59,181.15,179.4,1516,181.05,126642,180.551586
2023-10-13 15:00:00+00:00,178.61,179.68,178.475,1567,179.59,161552,179.059177
2023-10-13 16:00:00+00:00,179.13,179.415,178.54,943,178.57,76745,178.990583
2023-10-13 17:00:00+00:00,178.8,179.095,178.17,1066,179.04,90344,178.626033
2023-10-13 18:00:00+00:00,179.35,179.52,178.7,961,178.83,99614,179.135111
2023-10-13 19:00:00+00:00,178.89,179.73,178.53,2185,179.335,190382,178.942315
2023-10-16 13:00:00+00:00,177.86,178.35,176.58,1598,177.37,140155,177.576822
2023-10-16 14:00:00+00:00,178.795,178.82,177.38,1348,177.87,116041,178.367784
2023-10-16 15:00:00+00:00,178.035,179.055,178.035,1246,178.82,144014,178.554161
2023-10-16 16:00:00+00:00,177.535,178.05,177.29,1296,178.035,146366,177.709614
2023-10-16 17:00:00+00:00,178.15,178.2,176.87,937,177.545,107582,177.68927
2023-10-16 18:00:00+00:00,178.51,178.55,177.83,791,178.13,78218,178.185459
2023-10-16 19:00:00+00:00,178.68,179.0,178.26,1891,178.52,185599,178.731844
2023-10-17 13:00:00+00:00,175.35,176.97,174.8,1782,176.53,205955,175.76675
2023-10-17 14:00:00+00:00,176.665,177.215,175.325,2075,175.345,207401,176.315541
2023-10-17 15:00:00+00:00,177.65,177.84,176.5,1313,176.665,111993,177.075369
2023-10-17 16:00:00+00:00,178.2,178.41,177.66,1003,177.7,72325,178.088459
2023-10-17 17:00:00+00:00,177.15,178.35,176.95,1099,178.2,90301,177.71333
2023-10-17 18:00:00+00:00,176.625,177.53,176.38,1476,177.17,189215,177.029599
2023-10-17 19:00:00+00:00,177.14,177.2,176.45,2400,176.605,202929,176.847186
2023-10-18 13:00:00+00:00,176.6,176.61,175.42,1453,175.47,148200,176.118021
2023-10-18 14:00:00+00:00,176.13,177.575,175.77,2027,176.59,195778,176.581229
2023-10-18 15:00:00+00:00,177.01,177.39,176.19,1036,176.19,115397,176.943899
2023-10-18 16:00:00+00:00,176.38,177.525,176.28,784,177.07,62988,176.909717
2023-10-18 17:00:00+00:00,176.77,177.33,176.225,774,176.315,61431,176.684243
2023-10-18 18:00:00+00:00,176.42,177.11,176.26,653,176.785,55555,176.59045
2023-10-18 19:00:00+00:00,175.8,176.42,175.12,2317,176.42,215746,175.778673
2023-10-19 13:00:00+00:00,176.85,176.85,175.92,1196,175.97,116686,176.395819
2023-10-19 14:00:00+00:00,176.46,177.28,176.19,1535,176.85,158133,176.784453
2023-10-19 15:00:00+00:00,176.48,176.72,175.65,1349,176.46,118557,176.293699
2023-10-19 16:00:00+00:00,177.04,177.76,175.47,1670,176.4,144430,176.660431
2023-10-19 17:00:00+00:00,176.8,177.815,176.57,1642,177.08,133432,177.235619
2023-10-19 18:00:00+00:00,175.63,177.02,175.53,1342,176.73,133824,176.169716
2023-10-19 19:00:00+00:00,175.47,176.06,175.21,2169,175.65,199451,175.65468
2023-10-20 13:00:00+00:00,175.11,175.42,174.51,1505,174.51,149554,175.048986
2023-10-20 14:00:00+00:00,173.35,175.3,173.34,2103,175.1,209934,174.079422
2023-10-20 15:00:00+00:00,173.61,173.67,172.66,2118,173.36,201439,173.207661
2023-10-20 16:00:00+00:00,174.31,174.33,173.4,1568,173.655,136295,173.771746
2023-10-20 17:00:00+00:00,174.26,174.71,173.89,1343,174.325,121620,174.215586
2023-10-20 18:00:00+00:00,173.49,174.385,173.265,1257,174.295,110878,173.706542
2023-10-20 19:00:00+00:00,172.87,173.735,172.8,3337,173.515,318813,173.163821
2023-10-23 13:00:00+00:00,171.37,171.67,169.93,2784,170.97,316730,170.73296
2023-10-23 14:00:00+00:00,172.21,172.21,171.11,2034,171.32,196910,171.61425
2023-10-23 15:00:00+00:00,172.59,172.97,172.03,1612,172.23,142492,172.523149
2023-10-23 16:00:00+00:00,173.6,173.62,172.3,1193,172.6,118070,172.751446
2023-10-23 17:00:00+00:00,173.52,174.0,173.135,1407,173.615,120609,173.505701
2023-10-23 18:00:00+00:00,173.5,173.81,173.15,1201,173.52,101867,173.427629
2023-10-23 19:00:00+00:00,172.97,173.72,172.75,2044,173.5,202567,173.173144
2023-10-24 13:00:00+00:00,172.78,173.29,171.97,1356,173.05,142475,172.549537
2023-10-24 14:00:00+00:00,172.525,172.885,171.83,2287,172.74,210446,172.40103
2023-10-24 15:00:00+00:00,172.73,172.75,172.15,1442,172.535,110975,172.455447
2023-10-24 16:00:00+00:00,171.76,172.98,171.49,921,172.74,80442,172.097623
2023-10-24 17:00:00+00:00,172.12,172.365,171.72,1093,171.74,78457,172.058263
2023-10-24 18:00:00+00:00,173.11,173.15,172.08,1466,172.115,93873,172.61937
2023-10-24 19:00:00+00:00,173.39,173.67,173.05,3726,173.15,232464,173.482915
2023-10-25 13:00:00+00:00,171.27,172.0,171.03,2244,171.47,196137,171.344442
2023-10-25 14:00:00+00:00,172.145,172.955,170.84,3167,171.22,294535,171.952818
2023-10-25 15:00:00+00:00,171.77,173.04,171.765,1503,172.15,128770,172.45957
2023-10-25 16:00:00+00:00,171.91,171.97,171.33,1258,171.725,115555,171.691826
2023-10-25 17:00:00+00:00,171.145,172.005,170.78,1766,171.92,171644,171.241819
2023-10-25 18:00:00+00:00,171.08,171.6,170.955,989,171.18,84074,171.244164
2023-10-25 19:00:00+00:00,171.1,171.42,170.68,2886,171.095,262889,171.156037
2023-10-26 13:00:00+00:00,169.77,171.34,169.385,1622,170.39,168871,170.496811
2023-10-26 14:00:00+00:00,168.3,170.03,167.89,4152,169.77,383521,168.751739
2023-10-26 15:00:00+00:00,167.265,168.38,166.52,3018,168.32,341900,167.352014
2023-10-26 16:00:00+00:00,166.07,167.31,165.96,2430,167.26,230599,166.416169
2023-10-26 17:00:00+00:00,166.77,166.875,165.71,1967,166.075,173696,166.340573
2023-10-26 18:00:00+00:00,167.685,167.69,166.71,2333,166.76,241641,167.186023
2023-10-26 19:00:00+00:00,166.77,167.925,166.38,3549,167.66,316279,167.076146
2023-10-27 13:00:00+00:00,167.855,168.32,166.85,1640,166.85,165169,167.522854
2023-10-27 14:00:00+00:00,168.435,168.7,167.4,1980,167.82,137475,168.089534
2023-10-27 15:00:00+00:00,168.37,168.95,168.05,1374,168.44,118777,168.55203
2023-10-27 16:00:00+00:00,167.39,168.47,167.31,1186,168.37,116176,167.812683
2023-10-27 17:00:00+00:00,167.6,167.81,166.855,1548,167.37,162540,167.382776
2023-10-27 18:00:00+00:00,167.57,168.21,167.31,1518,167.63,174026,167.726293
2023-10-27 19:00:00+00:00,168.29,168.34,167.49,2562,167.58,244748,167.892158
2023-10-27 20:00:00+00:00,168.22,168.22,168.22,1,168.22,100,168.22
2023-10-30 12:00:00+00:00,168.73,168.73,168.73,9,168.73,900,168.73
2023-10-30 13:00:00+00:00,170.62,171.155,168.91,1751,169.065,171569,170.336841
2023-10-30 14:00:00+00:00,169.41,170.87,169.21,2531,170.735,266002,169.857549
2023-10-30 15:00:00+00:00,169.95,170.2,169.45,1398,169.515,128748,169.855271
2023-10-30 16:00:00+00:00,169.38,170.0,169.07,1045,169.92,93519,169.578119
2023-10-30 17:00:00+00:00,170.285,170.38,169.19,1266,169.37,98624,169.808047
2023-10-30 18:00:00+00:00,170.5,170.81,170.16,1469,170.28,114933,170.47872
2023-10-30 19:00:00+00:00,170.28,170.67,169.845,3486,170.5,377708,170.216414
2023-10-31 13:00:00+00:00,168.57,169.42,167.94,1185,169.27,97317,168.545893
2023-10-31 14:00:00+00:00,169.72,169.83,168.35,1762,168.49,145383,169.164164
2023-10-31 15:00:00+00:00,169.76,169.81,168.85,1573,169.73,146470,169.396652
2023-10-31 16:00:00+00:00,170.0,170.06,169.31,953,169.75,77317,169.679063
2023-10-31 17:00:00+00:00,170.6,170.74,169.77,1019,170.07,78919,170.240044
2023-10-31 18:00:00+00:00,170.54,170.74,169.94,1066,170.7,93024,170.25289
2023-10-31 19:00:00+00:00,170.73,170.9,170.39,2241,170.545,183258,170.685618
2023-11-01 13:00:00+00:00,171.095,171.52,170.14,1676,170.41,160628,170.930679
2023-11-01 14:00:00+00:00,171.45,172.05,170.79,2995,171.21,338719,171.575119
2023-11-01 15:00:00+00:00,171.93,172.0,171.0,1921,171.45,176000,171.446712
2023-11-01 16:00:00+00:00,172.02,172.18,171.63,1052,171.94,92021,171.854836
2023-11-01 17:00:00+00:00,172.195,172.37,171.78,1531,172.04,120763,172.16339
2023-11-01 18:00:00+00:00,173.23,173.25,171.95,2350,172.19,230687,172.511207
2023-11-01 19:00:00+00:00,173.92,174.225,173.21,4567,173.24,449708,173.902495
2023-11-02 13:00:00+00:00,176.35,176.77,175.47,2807,175.56,306399,176.264048
2023-11-02 14:00:00+00:00,177.42,177.53,176.11,4172,176.35,477293,176.747523
2023-11-02 15:00:00+00:00,176.8,177.66,176.45,2798,177.44,283967,177.084964
2023-11-02 16:00:00+00:00,176.99,177.295,176.41,1579,176.845,137724,176.917136
2023-11-02 17:00:00+00:00,177.26,177.47,176.79,1490,176.96,176194,177.225632
2023-11-02 18:00:00+00:00,177.44,177.5,177.1,1922,177.28,188034,177.327168
2023-11-02 19:00:00+00:00,177.65,177.74,177.17,4389,177.455,459033,177.475348
2023-11-02 20:00:00+00:00,176.13,176.96,173.79,630,176.91,37236,175.372491
2023-11-03 13:00:00+00:00,175.355,176.385,173.385,3996,174.25,474378,174.941267
2023-11-03 14:00:00+00:00,175.72,175.93,174.465,3058,175.65,366748,175.270748
2023-11-03 15:00:00+00:00,175.43,175.78,174.62,2486,175.73,225270,175.216507
2023-11-03 16:00:00+00:00,176.225,176.48,175.31,1996,175.445,172638,176.072349
2023-11-03 17:00:00+00:00,175.56,176.4,175.18,1649,176.19,149128,175.777287
2023-11-03 18:00:00+00:00,176.12,176.235,175.075,1618,175.555,157194,175.752802
2023-11-03 19:00:00+00:00,176.64,176.8,175.85,2984,176.12,297289,176.359632
2023-11-03 20:00:00+00:00,176.71,176.71,176.71,1,176.71,100,176.71
2023-11-06 14:00:00+00:00,178.51,178.75,176.21,1538,176.44,144793,177.763352
2023-11-06 15:00:00+00:00,178.735,179.05,177.9,2086,178.66,232675,178.363876
2023-11-06 16:00:00+00:00,179.275,179.42,178.72,1361,178.74,136823,179.121233
2023-11-06 17:00:00+00:00,178.87,179.23,178.64,1006,179.22,83151,178.913735
2023-11-06 18:00:00+00:00,178.38,178.885,178.02,1064,178.885,87426,178.327331
2023-11-06 19:00:00+00:00,179.21,179.22,178.15,1167,178.375,97077,178.700567
2023-11-06 20:00:00+00:00,179.3,179.32,178.715,2330,179.22,193087,179.062731
2023-11-07 14:00:00+00:00,180.195,180.51,178.98,1626,179.02,138682,179.669344
2023-11-07 15:00:00+00:00,181.225,181.27,180.14,2070,180.2,185615,180.621162
2023-11-07 16:00:00+00:00,181.47,181.63,181.09,1894,181.2,163793,181.362377
2023-11-07 17:00:00+00:00,181.58,181.59,180.53,1702,181.48,195500,181.094677
2023-11-07 18:00:00+00:00,182.37,182.44,181.53,2146,181.59,193323,182.062786
2023-11-07 19:00:00+00:00,182.04,182.43,181.9,1709,182.38,142164,182.248834
2023-11-07 20:00:00+00:00,181.88,182.33,181.55,3696,182.035,362524,181.947163
2023-11-08 14:00:00+00:00,183.055,183.435,182.26,1153,182.29,103832,182.913155
2023-11-08 15:00:00+00:00,182.58,183.33,182.3,1736,182.99,149048,182.722003
2023-11-08 16:00:00+00:00,182.01,182.82,182.0,1406,182.58,139329,182.430881
2023-11-08 17:00:00+00:00,182.16,182.26,181.62,1024,182.01,88049,181.971958
2023-11-08 18:00:00+00:00,182.58,182.74,182.03,664,182.08,60562,182.426439
2023-11-08 19:00:00+00:00,182.39,182.875,182.38,756,182.58,55081,182.691912
2023-11-08 20:00:00+00:00,182.89,183.005,182.415,2780,182.47,265022,182.819678
2023-11-09 14:00:00+00:00,183.3,183.5,182.73,1009,182.99,103375,183.13167
2023-11-09 15:00:00+00:00,183.35,183.4,182.48,1152,183.355,97283,182.932511
2023-11-09 16:00:00+00:00,183.96,184.07,183.33,1357,183.39,120613,183.689293
2023-11-09 17:00:00+00:00,183.93,184.0,183.515,1050,183.96,100870,183.722133
2023-11-09 18:00:00+00:00,183.13,183.915,182.7,1116,183.915,92131,183.364406
2023-11-09 19:00:00+00:00,182.37,183.08,182.16,1497,183.08,147645,182.531288
2023-11-09 20:00:00+00:00,182.48,182.48,181.82,2376,182.275,244251,182.103207
2023-11-10 14:00:00+00:00,184.145,184.78,183.7,2236,183.92,251727,184.336769
2023-11-10 15:00:00+00:00,184.3,184.48,183.58,2845,184.04,341098,184.02052
2023-11-10 16:00:00+00:00,184.74,184.94,184.31,1623,184.325,188094,184.662181
2023-11-10 17:00:00+00:00,185.29,185.43,184.68,1655,184.71,152121,185.104992
2023-11-10 18:00:00+00:00,185.74,185.82,185.16,1867,185.28,162237,185.517222
2023-11-10 19:00:00+00:00,185.57,185.97,185.56,1747,185.74,162747,185.771943
2023-11-10 20:00:00+00:00,186.335,186.555,185.59,4242,185.6,509167,186.156386
2023-11-13 14:00:00+00:00,184.6,186.015,184.285,1341,185.83,117476,184.795271
2023-11-13 15:00:00+00:00,184.645,184.935,184.24,2210,184.585,202480,184.631771
2023-11-13 16:00:00+00:00,184.79,185.14,184.675,1431,184.675,144074,184.944359
2023-11-13 17:00:00+00:00,184.82,184.9,184.41,1253,184.79,111675,184.706696
2023-11-13 18:00:00+00:00,184.7,184.98,184.47,977,184.785,89116,184.733123
2023-11-13 19:00:00+00:00,184.98,185.005,184.6,958,184.745,74229,184.899631
2023-11-13 20:00:00+00:00,184.76,185.06,184.63,1715,184.92,159246,184.837787
2023-11-14 14:00:00+00:00,187.31,187.71,186.34,1846,187.56,195485,186.958231
2023-11-14 15:00:00+00:00,186.995,187.495,186.85,2234,187.265,210851,187.281495
2023-11-14 16:00:00+00:00,186.66,187.16,186.44,1706,187.03,165629,186.811083
2023-11-14 17:00:00+00:00,187.425,187.46,186.63,1535,186.655,156764,187.063015
2023-11-14 18:00:00+00:00,187.2,187.49,187.14,1506,187.455,152155,187.343073
2023-11-14 19:00:00+00:00,187.9,187.99,186.84,1661,187.18,172301,187.521637
2023-11-14 20:00:00+00:00,187.41,188.1,187.21,3412,187.91,357843,187.654464
2023-11-15 14:00:00+00:00,188.25,188.69,187.84,1293,187.99,95704,188.316365
2023-11-15 15:00:00+00:00,189.18,189.22,187.86,1541,188.225,120651,188.490564
2023-11-15 16:00:00+00:00,188.76,189.49,188.61,1452,189.17,111520,189.124453
2023-11-15 17:00:00+00:00,188.79,189.17,188.55,819,188.77,68541,188.879333
2023-11-15 18:00:00+00:00,188.935,189.08,188.48,1029,188.8,100434,188.768863
2023-11-15 19:00:00+00:00,188.34,188.955,188.18,899,188.955,68254,188.560859
2023-11-15 20:00:00+00:00,188.15,188.535,187.785,2628,188.32,249786,188.128325
2023-11-16 13:00:00+00:00,188.65,188.65,188.65,1,188.65,233,188.65
2023-11-16 14:00:00+00:00,190.64,190.945,189.49,2367,189.49,244117,190.212158
2023-11-16 15:00:00+00:00,189.44,190.81,189.015,2366,190.685,198895,189.896699
2023-11-16 16:00:00+00:00,189.2,189.56,188.735,2108,189.43,156791,189.125466
2023-11-16 17:00:00+00:00,189.755,189.95,189.21,1542,189.27,97196,189.599826
2023-11-16 18:00:00+00:00,189.29,189.77,189.06,1265,189.75,84232,189.350583
2023-11-16 19:00:00+00:00,189.56,189.73,189.215,1229,189.285,88617,189.410702
2023-11-16 20:00:00+00:00,189.8,189.86,189.35,1925,189.57,160786,189.627889
2023-11-17 14:00:00+00:00,189.77,190.35,189.17,851,190.31,90299,189.790369
2023-11-17 15:00:00+00:00,189.59,189.735,188.58,1211,189.7,109297,189.234804
2023-11-17 16:00:00+00:00,189.24,189.59,188.83,736,189.53,44053,189.127651
2023-11-17 17:00:00+00:00,189.245,189.45,188.9,631,189.24,41151,189.170746
2023-11-17 18:00:00+00:00,189.53,189.72,189.09,753,189.26,47556,189.478324
2023-11-17 19:00:00+00:00,189.96,189.96,189.58,1136,189.58,69905,189.768283
2023-11-17 20:00:00+00:00,189.75,190.12,189.52,2349,189.98,186619,189.822376
2023-11-20 14:00:00+00:00,191.23,191.65,189.8,945,189.8,80489,191.118603
2023-11-20 15:00:00+00:00,191.12,191.345,190.46,1468,191.3,122900,190.84191
2023-11-20 16:00:00+00:00,191.28,191.37,191.035,1139,191.12,100897,191.177013
2023-11-20 17:00:00+00:00,191.13,191.54,191.08,1091,191.31,91117,191.311618
2023-11-20 18:00:00+00:00,191.67,191.8,191.13,1140,191.17,85028,191.582227
2023-11-20 19:00:00+00:00,191.57,191.77,191.34,990,191.69,71238,191.571678
2023-11-20 20:00:00+00:00,191.52,191.9,191.16,1932,191.57,164520,191.578987
2023-11-21 14:00:00+00:00,190.82,191.485,190.495,952,191.43,108593,191.005089
2023-11-21 15:00:00+00:00,190.295,191.04,190.075,1378,190.84,136872,190.487556
2023-11-21 16:00:00+00:00,190.235,190.29,189.75,1022,190.26,97982,189.986458
2023-11-21 17:00:00+00:00,190.53,190.575,190.095,606,190.22,49793,190.292182
2023-11-21 18:00:00+00:00,190.42,190.59,190.05,783,190.535,65854,190.296702
2023-11-21 19:00:00+00:00,190.51,190.545,190.21,557,190.39,42529,190.401003
2023-11-21 20:00:00+00:00,190.66,190.73,190.295,1735,190.495,168683,190.545388
2023-11-22 14:00:00+00:00,191.93,192.93,191.485,1308,191.58,136570,192.359668
2023-11-22 15:00:00+00:00,191.45,192.37,191.39,1183,191.92,103374,191.767248
2023-11-22 16:00:00+00:00,191.66,191.85,191.44,633,191.455,55708,191.667483
2023-11-22 17:00:00+00:00,191.935,191.955,191.57,963,191.66,111541,191.787654
2023-11-22 18:00:00+00:00,191.63,192.09,191.55,857,191.9,110406,191.891279
2023-11-22 19:00:00+00:00,191.345,191.69,190.84,790,191.61,73203,191.294424
2023-11-22 20:00:00+00:00,191.31,191.685,191.23,1416,191.355,114847,191.425562
2023-11-24 14:00:00+00:00,190.0,190.89,189.7,1295,190.89,78085,190.213919
2023-11-24 15:00:00+00:00,189.49,190.06,189.25,1957,190.0,149795,189.583066
2023-11-24 16:00:00+00:00,189.55,189.77,189.35,1272,189.49,95076,189.563773
2023-11-24 17:00:00+00:00,189.93,189.95,189.5,1504,189.57,112384,189.754725
2023-11-27 14:00:00+00:00,189.21,190.36,188.94,938,189.91,91736,189.410249
2023-11-27 15:00:00+00:00,189.36,189.87,189.03,1584,189.27,91395,189.346288
2023-11-27 16:00:00+00:00,190.285,190.41,189.055,1363,189.32,94000,189.716351
2023-11-27 17:00:00+00:00,190.455,190.51,190.21,679,190.245,47448,190.359653
2023-11-27 18:00:00+00:00,190.115,190.67,190.025,939,190.47,62598,190.317226
2023-11-27 19:00:00+00:00,189.89,190.18,189.52,855,190.165,45789,189.925821
2023-11-27 20:00:00+00:00,189.79,190.03,189.62,1925,189.89,141359,189.805938
2023-11-28 14:00:00+00:00,189.73,190.27,189.46,727,189.82,57651,189.758696
2023-11-28 15:00:00+00:00,190.155,190.565,189.745,1092,189.745,81528,190.145958
2023-11-28 16:00:00+00:00,190.72,191.07,190.085,1237,190.145,106246,190.685671
2023-11-28 17:00:00+00:00,190.28,190.795,190.24,885,190.74,82962,190.527902
2023-11-28 18:00:00+00:00,189.91,190.27,189.8,1044,190.26,91351,189.943668
2023-11-28 19:00:00+00:00,190.04,190.11,189.68,1056,189.915,91218,189.869745
2023-11-28 20:00:00+00:00,190.27,190.38,189.605,1641,190.045,140515,190.08717
2023-11-29 14:00:00+00:00,191.74,192.08,190.92,1128,190.92,78713,191.731829
2023-11-29 15:00:00+00:00,190.92,191.815,190.61,2282,191.75,175785,191.021783
2023-11-29 16:00:00+00:00,189.925,190.945,189.92,1571,190.935,150001,190.234354
2023-11-29 17:00:00+00:00,189.695,189.92,189.53,1136,189.915,82453,189.779387
2023-11-29 18:00:00+00:00,189.465,189.735,189.18,1303,189.715,95601,189.452787
2023-11-29 19:00:00+00:00,189.33,189.48,189.055,1207,189.465,77525,189.267285
2023-11-29 20:00:00+00:00,189.355,189.435,188.97,3106,189.37,213836,189.212907
2023-11-30 14:00:00+00:00,189.2,190.21,189.07,889,189.88,77064,189.466526
2023-11-30 15:00:00+00:00,188.77,189.35,188.34,1552,189.21,126310,188.781801
2023-11-30 16:00:00+00:00,188.25,188.91,188.2,1395,188.78,116680,188.469972
2023-11-30 17:00:00+00:00,188.73,188.75,188.23,755,188.26,54567,188.47986
2023-11-30 18:00:00+00:00,188.51,188.76,188.3,754,188.685,50474,188.45496
2023-11-30 19:00:00+00:00,189.18,189.205,188.51,834,188.51,57448,188.88699
2023-11-30 20:00:00+00:00,189.88,190.2,188.7,2567,189.175,216669,189.591671
2023-12-01 14:00:00+00:00,189.965,190.48,189.235,1360,190.305,140526,189.909141
2023-12-01 15:00:00+00:00,190.32,190.5,189.92,2295,189.99,232171,190.229924
2023-12-01 16:00:00+00:00,191.025,191.24,190.2,2170,190.365,206759,190.751692
2023-12-01 17:00:00+00:00,191.52,191.54,191.0,1322,191.045,116401,191.287957
2023-12-01 18:00:00+00:00,191.165,191.55,190.84,1339,191.52,121266,191.138938
2023-12-01 19:00:00+00:00,191.28,191.34,190.92,1219,191.21,100377,191.120148
2023-12-01 20:00:00+00:00,191.21,191.375,190.89,2095,191.26,181533,191.127072
2023-12-04 14:00:00+00:00,189.39,190.025,188.95,1415,190.025,155031,189.440069
2023-12-04 15:00:00+00:00,188.04,189.62,187.76,2813,189.41,252885,188.402184
2023-12-04 16:00:00+00:00,188.35,188.42,187.465,1806,188.01,171082,187.88726
2023-12-04 17:00:00+00:00,188.68,188.77,188.205,1179,188.38,90166,188.49704
2023-12-04 18:00:00+00:00,188.66,188.81,188.49,1079,188.68,72958,188.648911
2023-12-04 19:00:00+00:00,189.02,189.12,188.5,1205,188.665,81429,188.839535
2023-12-04 20:00:00+00:00,189.44,189.65,188.74,2797,189.03,250272,189.252802
2023-12-05 14:00:00+00:00,192.82,193.35,190.18,2740,190.21,327012,192.415574
2023-12-05 15:00:00+00:00,194.26,194.36,192.74,3578,192.75,396712,193.819915
2023-12-05 16:00:00+00:00,193.215,194.4,192.64,1972,194.265,191088,193.690253
2023-12-05 17:00:00+00:00,193.635,193.83,192.96,1510,193.215,124605,193.471288
2023-12-05 18:00:00+00:00,192.92,193.66,192.86,1228,193.64,100694,193.196029
2023-12-05 19:00:00+00:00,193.225,193.3,192.76,1073,192.89,85698,193.031332
2023-12-05 20:00:00+00:00,193.5,193.53,192.87,2477,193.225,223415,193.215051
2023-12-06 14:00:00+00:00,193.15,194.76,192.97,1178,194.39,91654,193.587807
2023-12-06 15:00:00+00:00,192.67,193.165,192.21,1524,193.165,133792,192.684298
2023-12-06 16:00:00+00:00,193.05,193.34,192.47,1115,192.65,98205,192.890434
2023-12-06 17:00:00+00:00,192.72,193.09,192.66,1117,193.06,84789,192.885422
2023-12-06 18:00:00+00:00,193.19,193.23,192.44,952,192.695,82384,192.862931
2023-12-06 19:00:00+00:00,192.9,193.19,192.76,914,193.185,63052,192.98869
2023-12-06 20:00:00+00:00,192.33,192.935,192.14,2796,192.91,256163,192.394914
2023-12-07 14:00:00+00:00,193.91,194.91,193.55,1281,193.55,119609,194.439251
2023-12-07 15:00:00+00:00,194.795,194.97,193.9,1961,193.9,177785,194.638245
2023-12-07 16:00:00+00:00,194.87,194.9,194.03,1337,194.79,116340,194.59112
2023-12-07 17:00:00+00:00,194.51,194.99,194.51,1196,194.89,99913,194.825224
2023-12-07 18:00:00+00:00,194.32,194.77,194.23,845,194.51,65481,194.479206
2023-12-07 19:00:00+00:00,194.14,194.49,194.14,934,194.31,70467,194.321576
2023-12-07 20:00:00+00:00,194.2,194.345,194.015,2125,194.14,170327,194.193154
2023-12-08 14:00:00+00:00,193.82,194.48,193.67,1469,194.17,148581,194.061211
2023-12-08 15:00:00+00:00,194.98,195.0,194.06,1563,194.15,129512,194.646167
2023-12-08 16:00:00+00:00,194.47,194.99,194.275,918,194.99,76341,194.667835
2023-12-08 17:00:00+00:00,195.175,195.295,194.355,1292,194.5,104738,194.968365
2023-12-08 18:00:00+00:00,195.6,195.63,195.03,1043,195.19,101758,195.296576
2023-12-08 19:00:00+00:00,195.81,195.975,195.465,1137,195.605,95318,195.713521
2023-12-08 20:00:00+00:00,195.69,195.99,195.445,2128,195.85,189076,195.74464
2023-12-11 14:00:00+00:00,192.83,193.465,192.31,2632,193.29,280477,192.913349
2023-12-11 15:00:00+00:00,191.985,192.98,191.705,3144,192.93,319639,192.241423
2023-12-11 16:00:00+00:00,191.975,192.215,191.42,2038,191.97,189833,191.809621
2023-12-11 17:00:00+00:00,192.22,192.38,191.815,1249,191.97,89302,192.198624
2023-12-11 18:00:00+00:00,192.78,192.805,192.17,1276,192.21,105161,192.575993
2023-12-11 19:00:00+00:00,192.885,193.0,192.71,1164,192.795,84490,192.871681
2023-12-11 20:00:00+00:00,193.18,193.28,192.76,3106,192.9,278579,193.047374
2023-12-12 14:00:00+00:00,192.415,193.36,191.74,1272,192.53,116405,192.331409
2023-12-12 15:00:00+00:00,193.235,193.41,192.26,1678,192.41,166428,192.910767
2023-12-12 16:00:00+00:00,193.42,193.62,193.14,1028,193.23,95981,193.327921
2023-12-12 17:00:00+00:00,193.46,193.5,193.1,867,193.45,76714,193.381015
2023-12-12 18:00:00+00:00,194.06,194.14,193.41,1338,193.43,125019,193.786503
2023-12-12 19:00:00+00:00,194.26,194.34,194.005,1409,194.06,133419,194.226814
2023-12-12 20:00:00+00:00,194.7,194.7,194.23,2605,194.25,238981,194.419936
2023-12-13 14:00:00+00:00,195.835,196.55,194.94,1217,194.99,127989,195.91665
2023-12-13 15:00:00+00:00,196.325,196.725,195.81,1628,195.89,123577,196.305371
2023-12-13 16:00:00+00:00,195.955,196.45,195.65,1291,196.34,112743,196.051461
2023-12-13 17:00:00+00:00,196.1,196.1,195.48,1174,195.94,112430,195.812544
2023-12-13 18:00:00+00:00,196.5,196.91,196.055,1320,196.095,134975,196.514219
2023-12-13 19:00:00+00:00,197.92,197.985,196.54,2239,196.94,238092,197.309968
2023-12-13 20:00:00+00:00,197.86,197.96,196.575,3528,197.94,357314,197.323516
2023-12-14 14:00:00+00:00,199.17,199.615,198.05,3017,198.12,514575,199.180864
2023-12-14 15:00:00+00:00,199.11,199.59,198.665,3100,199.19,495537,199.032374
2023-12-14 16:00:00+00:00,197.79,199.195,197.765,2268,199.105,280499,198.413939
2023-12-14 17:00:00+00:00,197.71,198.54,197.595,1420,197.8,133305,198.076534
2023-12-14 18:00:00+00:00,196.78,197.7,196.165,1875,197.7,172835,197.021438
2023-12-14 19:00:00+00:00,197.74,197.9,196.77,1875,196.77,156676,197.446265
2023-12-14 20:00:00+00:00,198.16,198.16,197.56,2981,197.705,267326,197.879345
2023-12-15 14:00:00+00:00,197.875,198.135,197.11,1648,197.11,189124,197.759194
2023-12-15 15:00:00+00:00,197.65,198.38,197.425,1583,197.895,194044,197.899363
2023-12-15 16:00:00+00:00,197.94,198.01,197.35,1403,197.69,122772,197.694269
2023-12-15 17:00:00+00:00,197.18,197.95,197.165,1550,197.95,147533,197.541431
2023-12-15 18:00:00+00:00,197.61,197.63,197.03,1046,197.15,84536,197.342216
2023-12-15 19:00:00+00:00,197.47,197.66,197.28,779,197.57,46918,197.501212
2023-12-15 20:00:00+00:00,197.09,198.2,197.06,2777,197.47,302698,197.662865
2023-12-15 21:00:00+00:00,196.32,197.0,196.05,15,197.0,1750,196.712947
2023-12-18 14:00:00+00:00,194.96,196.6,194.41,2398,196.24,245892,195.101396
2023-12-18 15:00:00+00:00,194.96,195.585,194.62,2840,194.96,274443,195.075519
2023-12-18 16:00:00+00:00,194.85,195.28,194.655,1600,194.945,164582,194.860968
2023-12-18 17:00:00+00:00,195.46,195.46,194.82,1212,194.82,86885,195.23054
2023-12-18 18:00:00+00:00,196.205,196.225,195.465,1017,195.48,77330,195.917947
2023-12-18 19:00:00+00:00,196.275,196.47,196.02,1140,196.21,117740,196.241276
2023-12-18 20:00:00+00:00,195.91,196.445,195.78,2094,196.255,192289,196.145122
2023-12-19 14:00:00+00:00,196.58,196.645,195.89,901,196.11,71987,196.32818
2023-12-19 15:00:00+00:00,196.72,196.82,196.05,1436,196.555,127804,196.5044
2023-12-19 16:00:00+00:00,196.29,196.94,196.23,1517,196.725,125250,196.62615
2023-12-19 17:00:00+00:00,196.245,196.34,195.97,981,196.275,85140,196.205988
2023-12-19 18:00:00+00:00,196.07,196.3,195.97,726,196.245,62817,196.109436
2023-12-19 19:00:00+00:00,196.1,196.17,196.0,940,196.11,82427,196.078059
2023-12-19 20:00:00+00:00,196.92,196.95,196.07,2036,196.07,200235,196.531008
2023-12-20 14:00:00+00:00,197.52,197.675,196.7,1566,196.89,169219,197.267577
2023-12-20 15:00:00+00:00,197.39,197.65,197.26,1551,197.49,137340,197.433802
2023-12-20 16:00:00+00:00,197.305,197.44,197.015,1790,197.41,111970,197.253331
2023-12-20 17:00:00+00:00,197.42,197.44,197.21,1326,197.31,132636,197.336546
2023-12-20 18:00:00+00:00,197.23,197.565,197.18,1198,197.405,143155,197.388634
2023-12-20 19:00:00+00:00,195.74,197.315,195.73,1617,197.21,140618,196.652664
2023-12-20 20:00:00+00:00,194.945,196.085,194.905,2537,195.735,279192,195.406333
2023-12-21 14:00:00+00:00,195.76,197.07,195.69,1276,196.15,127064,196.494316
2023-12-21 15:00:00+00:00,194.45,195.79,194.29,2089,195.79,157388,195.015175
2023-12-21 16:00:00+00:00,194.45,194.965,194.34,1903,194.44,146499,194.662068
2023-12-21 17:00:00+00:00,193.735,194.515,193.68,1335,194.48,126843,194.052402
2023-12-21 18:00:00+00:00,194.055,194.23,193.525,1114,193.8,87505,193.951825
2023-12-21 19:00:00+00:00,193.88,194.34,193.82,972,194.015,69114,194.037475
2023-12-21 20:00:00+00:00,194.7,194.98,193.77,2785,193.835,216771,194.610872
2023-12-22 14:00:00+00:00,195.195,195.39,194.475,911,195.2,66520,194.897688
2023-12-22 15:00:00+00:00,194.34,195.22,194.33,1635,195.2,131813,194.662276
2023-12-22 16:00:00+00:00,194.18,194.365,194.01,1179,194.33,108985,194.186569
2023-12-22 17:00:00+00:00,194.25,194.31,193.85,1156,194.15,77683,194.111561
2023-12-22 18:00:00+00:00,194.005,194.45,193.985,1175,194.265,93891,194.230238
2023-12-22 19:00:00+00:00,193.8,194.02,192.97,1578,193.975,118098,193.552791
2023-12-22 20:00:00+00:00,193.59,193.99,193.49,2507,193.82,197324,193.689701
2023-12-26 14:00:00+00:00,193.25,193.885,192.99,655,193.61,52459,193.460335
2023-12-26 15:00:00+00:00,193.19,193.43,192.895,1082,193.225,103147,193.15912
2023-12-26 16:00:00+00:00,193.24,193.29,192.9,504,193.205,39673,193.084037
2023-12-26 17:00:00+00:00,193.2,193.3,193.04,614,193.19,56016,193.14257
2023-12-26 18:00:00+00:00,192.905,193.35,192.83,676,193.2,49639,193.090526
2023-12-26 19:00:00+00:00,193.045,193.14,192.875,682,192.88,49622,193.019378
2023-12-26 20:00:00+00:00,193.09,193.49,192.92,1922,193.05,143585,193.1403
2023-12-27 14:00:00+00:00,192.46,192.89,192.365,1015,192.43,95229,192.628635
2023-12-27 15:00:00+00:00,191.68,192.535,191.14,1658,192.465,126393,191.730953
2023-12-27 16:00:00+00:00,192.14,192.175,191.09,1351,191.69,122656,191.72349
2023-12-27 17:00:00+00:00,192.63,192.745,192.13,1249,192.15,88902,192.426541
2023-12-27 18:00:00+00:00,193.36,193.49,192.7,1137,192.72,90083,193.044215
2023-12-27 19:00:00+00:00,192.925,193.24,192.77,980,193.2,78515,192.968599
2023-12-27 20:00:00+00:00,193.19,193.22,192.74,1943,192.905,139870,192.969889
2023-12-28 14:00:00+00:00,194.095,194.65,193.98,890,194.12,80704,194.38361
2023-12-28 15:00:00+00:00,194.23,194.48,193.76,920,194.1,58622,194.173083
2023-12-28 16:00:00+00:00,194.13,194.22,193.895,1254,194.205,94658,194.09966
2023-12-28 17:00:00+00:00,193.98,194.335,193.9,1074,194.125,80993,194.084327
2023-12-28 18:00:00+00:00,193.88,193.98,193.605,1246,193.95,89963,193.804913
2023-12-28 19:00:00+00:00,193.97,194.08,193.875,1137,193.875,84407,193.992593
2023-12-28 20:00:00+00:00,193.61,193.965,193.23,2621,193.965,219139,193.611498
2023-12-29 14:00:00+00:00,193.51,194.36,193.44,454,193.87,29035,193.73771
2023-12-29 15:00:00+00:00,192.75,193.525,192.68,1318,193.505,101866,193.107188
2023-12-29 16:00:00+00:00,192.345,192.86,191.92,1407,192.77,110233,192.314124
2023-12-29 17:00:00+00:00,191.955,192.48,191.745,1241,192.325,93003,192.003185
2023-12-29 18:00:00+00:00,192.38,192.41,191.88,958,191.95,59212,192.129329
2023-12-29 19:00:00+00:00,192.49,192.53,192.1,963,192.385,60267,192.32417
2023-12-29 20:00:00+00:00,192.61,192.97,192.19,2494,192.48,215307,192.591526
2024-01-02 13:00:00+00:00,187.9,187.9,187.9,14,187.9,257,187.9
2024-01-02 14:00:00+00:00,186.52,188.34,186.015,2822,187.17,317220,186.864966
2024-01-02 15:00:00+00:00,185.865,186.965,185.19,3787,186.5,365589,186.035539
2024-01-02 16:00:00+00:00,186.75,187.345,185.88,2387,185.89,234921,186.702685
2024-01-02 17:00:00+00:00,185.88,187.015,185.865,1541,186.745,137444,186.59569
2024-01-02 18:00:00+00:00,184.9,185.95,184.75,1706,185.885,163851,185.431295
2024-01-02 19:00:00+00:00,184.02,184.98,184.02,1796,184.91,175610,184.52913
2024-01-02 20:00:00+00:00,185.55,185.62,183.9,4397,184.05,399573,184.805253
2024-01-03 14:00:00+00:00,184.75,185.86,183.95,1720,184.29,185168,184.993918
2024-01-03 15:00:00+00:00,183.87,185.18,183.48,2596,184.77,280158,183.986954
2024-01-03 16:00:00+00:00,183.535,184.38,183.5,1646,183.935,173303,183.930631
2024-01-03 17:00:00+00:00,184.36,184.36,183.44,1101,183.505,93395,183.883247
2024-01-03 18:00:00+00:00,184.32,184.55,184.19,845,184.34,68454,184.382012
2024-01-03 19:00:00+00:00,184.62,184.93,183.81,1206,184.24,98928,184.491881
2024-01-03 20:00:00+00:00,184.24,184.69,184.01,1864,184.67,156262,184.333653
2024-01-04 14:00:00+00:00,181.485,183.07,181.23,1319,181.95,135897,181.909009
2024-01-04 15:00:00+00:00,181.49,182.14,180.885,2893,181.48,291504,181.537449
2024-01-04 16:00:00+00:00,181.435,182.44,181.32,2023,181.505,189006,181.926847
2024-01-04 17:00:00+00:00,182.245,182.39,181.43,1282,181.43,148063,181.980271
2024-01-04 18:00:00+00:00,182.77,183.065,182.19,1103,182.215,132584,182.72829
2024-01-04 19:00:00+00:00,182.305,182.96,182.265,857,182.85,59961,182.50526
2024-01-04 20:00:00+00:00,182.0,182.545,181.565,2323,182.335,185595,182.041331
2024-01-05 13:00:00+00:00,180.33,180.33,180.33,1,180.33,100,180.33
2024-01-05 14:00:00+00:00,181.66,182.74,181.53,1540,181.81,109873,182.074798
2024-01-05 15:00:00+00:00,182.65,182.65,181.75,1919,181.76,156549,182.170073
2024-01-05 16:00:00+00:00,182.1,182.73,181.94,881,182.67,60208,182.256382
2024-01-05 17:00:00+00:00,181.6,182.19,181.315,1057,182.12,82685,181.672206
2024-01-05 18:00:00+00:00,182.035,182.21,181.245,1123,181.585,90786,181.700209
2024-01-05 19:00:00+00:00,180.5,182.165,180.43,2602,182.04,247182,181.126918
2024-01-05 20:00:00+00:00,181.09,181.24,180.18,2923,180.485,258468,180.700155
2024-01-08 14:00:00+00:00,183.42,183.5,181.555,1733,182.11,170085,182.630424
2024-01-08 15:00:00+00:00,183.57,183.88,183.32,1657,183.43,136511,183.626163
2024-01-08 16:00:00+00:00,183.845,183.845,183.215,1362,183.595,101771,183.509556
2024-01-08 17:00:00+00:00,184.285,184.57,183.85,1219,183.85,118271,184.238108
2024-01-08 18:00:00+00:00,184.71,184.71,184.02,1203,184.24,97315,184.239496
2024-01-08 19:00:00+00:00,185.15,185.315,184.55,1201,184.73,88739,184.849145
2024-01-08 20:00:00+00:00,185.535,185.59,184.92,2179,185.125,173179,185.254948
2024-01-09 13:00:00+00:00,184.08,184.5,184.08,15,184.5,1115,184.3
2024-01-09 14:00:00+00:00,183.27,184.22,182.73,1190,183.93,88659,183.256002
2024-01-09 15:00:00+00:00,183.5,183.965,182.985,1781,183.255,138904,183.609307
2024-01-09 16:00:00+00:00,184.77,184.78,183.49,1417,183.49,106028,184.133672
2024-01-09 17:00:00+00:00,184.715,184.82,184.39,918,184.82,57090,184.561256
2024-01-09 18:00:00+00:00,184.48,184.9,184.04,1113,184.715,83834,184.503991
2024-01-09 19:00:00+00:00,184.59,184.675,184.245,1029,184.49,74948,184.559426
2024-01-09 20:00:00+00:00,185.07,185.13,184.44,2847,184.62,269312,184.805139
2024-01-10 14:00:00+00:00,184.265,184.93,183.97,1291,184.33,134687,184.460245
2024-01-10 15:00:00+00:00,184.77,184.79,183.935,1646,184.26,144803,184.432906
2024-01-10 16:00:00+00:00,184.28,185.005,184.05,1374,184.735,109354,184.539363
2024-01-10 17:00:00+00:00,184.315,184.39,184.095,1029,184.24,102473,184.238305
2024-01-10 18:00:00+00:00,184.785,184.85,184.135,1077,184.325,94677,184.40782
2024-01-10 19:00:00+00:00,186.11,186.13,184.78,1297,184.79,106864,185.540543
2024-01-10 20:00:00+00:00,186.13,186.39,185.275,2717,186.12,244518,185.91741
2024-01-11 14:00:00+00:00,184.705,187.015,184.6,1678,186.61,163310,185.336248
2024-01-11 15:00:00+00:00,184.7,184.85,183.64,1776,184.75,145356,184.271224
2024-01-11 16:00:00+00:00,183.94,184.84,183.84,1358,184.735,108168,184.209069
2024-01-11 17:00:00+00:00,184.32,184.57,183.92,903,183.94,65294,184.224533
2024-01-11 18:00:00+00:00,185.14,185.15,184.295,1088,184.315,84392,184.706602
2024-01-11 19:00:00+00:00,185.54,185.665,185.0,1042,185.245,74122,185.397134
2024-01-11 20:00:00+00:00,185.63,185.77,184.76,2103,185.555,180766,185.468416
2024-01-12 14:00:00+00:00,185.79,186.68,185.75,978,186.13,80224,186.284497
2024-01-12 15:00:00+00:00,185.685,186.3,185.2,1288,185.77,93487,185.76114
2024-01-12 16:00:00+00:00,185.545,186.035,185.405,906,185.72,68852,185.747776
2024-01-12 17:00:00+00:00,185.625,185.85,185.46,590,185.57,40468,185.611197
2024-01-12 18:00:00+00:00,185.91,185.93,185.6,683,185.65,50394,185.804815
2024-01-12 19:00:00+00:00,185.29,186.05,185.265,1020,185.9,73260,185.608419
2024-01-12 20:00:00+00:00,185.83,185.975,185.23,1724,185.31,131554,185.682815
2024-01-16 14:00:00+00:00,181.34,182.64,180.945,2229,182.23,299378,181.965342
2024-01-16 15:00:00+00:00,183.77,183.89,181.035,2312,181.345,223701,182.270687
2024-01-16 16:00:00+00:00,182.92,184.24,182.805,1678,183.84,122046,183.562291
2024-01-16 17:00:00+00:00,182.26,182.925,182.26,1068,182.88,76567,182.545496
2024-01-16 18:00:00+00:00,182.42,182.94,182.235,925,182.275,74835,182.508545
2024-01-16 19:00:00+00:00,182.9,182.935,182.155,1074,182.405,79871,182.602727
2024-01-16 20:00:00+00:00,183.57,183.61,182.85,2388,182.99,134295,183.297685
2024-01-17 13:00:00+00:00,181.22,181.22,181.22,5,181.22,900,181.22
2024-01-17 14:00:00+00:00,181.26,181.55,180.31,1483,181.3,124604,180.794979
2024-01-17 15:00:00+00:00,181.46,181.85,181.2,1477,181.205,113782,181.553391
2024-01-17 16:00:00+00:00,181.725,182.065,181.485,1288,181.485,117980,181.769397
2024-01-17 17:00:00+00:00,182.22,182.32,181.755,1021,181.77,83193,182.034695
2024-01-17 18:00:00+00:00,182.06,182.53,181.38,1401,182.34,113211,181.82049
2024-01-17 19:00:00+00:00,182.195,182.68,182.01,1204,182.075,110071,182.274785
2024-01-17 20:00:00+00:00,182.64,182.93,182.09,1842,182.23,142820,182.533679
2024-01-18 14:00:00+00:00,187.38,187.63,185.89,2192,186.06,342669,186.692278
2024-01-18 15:00:00+00:00,188.155,188.155,186.595,2444,187.43,248422,187.512081
2024-01-18 16:00:00+00:00,188.525,188.78,187.575,1663,188.075,193988,188.488268
2024-01-18 17:00:00+00:00,187.81,188.525,187.5,1408,188.525,128254,187.907675
2024-01-18 18:00:00+00:00,188.24,188.255,186.76,1313,187.845,93746,187.547488
2024-01-18 19:00:00+00:00,188.97,189.135,188.18,1543,188.18,112294,188.819448
2024-01-18 20:00:00+00:00,188.7,189.13,188.51,3090,189.015,281103,188.806889
2024-01-19 14:00:00+00:00,189.62,189.875,188.845,1516,189.35,141919,189.494903
2024-01-19 15:00:00+00:00,189.8,190.13,188.94,1983,189.63,178977,189.684336
2024-01-19 16:00:00+00:00,189.995,190.06,189.34,1637,189.765,175710,189.793753
2024-01-19 17:00:00+00:00,190.565,190.6,189.91,1356,189.99,109654,190.318718
2024-01-19 18:00:00+00:00,191.395,191.44,190.5,1532,190.585,137063,191.037751
2024-01-19 19:00:00+00:00,191.67,191.945,191.185,1687,191.415,147657,191.524535
2024-01-19 20:00:00+00:00,191.55,191.76,191.32,2865,191.655,233069,191.535973
2024-01-22 14:00:00+00:00,194.46,194.7,192.32,1586,192.39,128610,193.840541
2024-01-22 15:00:00+00:00,193.42,195.325,193.315,2804,194.46,361834,194.662119
2024-01-22 16:00:00+00:00,193.69,193.98,193.205,1180,193.45,93890,193.630285
2024-01-22 17:00:00+00:00,193.92,194.05,193.04,1121,193.73,82994,193.688883
2024-01-22 18:00:00+00:00,194.49,194.49,193.685,842,193.92,58933,194.083924
2024-01-22 19:00:00+00:00,194.08,194.56,193.96,858,194.49,71975,194.243808
2024-01-22 20:00:00+00:00,193.89,194.1,193.48,2484,194.09,183081,193.78243
2024-01-23 14:00:00+00:00,194.815,195.71,194.32,1223,194.32,131865,195.103156
2024-01-23 15:00:00+00:00,194.31,194.845,193.835,1471,194.81,137382,194.4133
2024-01-23 16:00:00+00:00,194.65,194.72,194.195,1210,194.3,131247,194.411132
2024-01-23 17:00:00+00:00,195.145,195.2,194.5,1004,194.62,86167,194.732108
2024-01-23 18:00:00+00:00,194.8,195.22,194.77,1022,195.145,89750,195.020371
2024-01-23 19:00:00+00:00,194.95,195.03,194.57,989,194.83,79081,194.856868
2024-01-23 20:00:00+00:00,195.13,195.245,194.665,2405,194.95,202570,194.922541
2024-01-24 14:00:00+00:00,195.08,196.37,194.92,1315,195.62,125559,195.44909
2024-01-24 15:00:00+00:00,195.91,196.32,194.66,1528,195.07,136196,195.664144
2024-01-24 16:00:00+00:00,195.84,195.97,195.29,1446,195.96,135735,195.51891
2024-01-24 17:00:00+00:00,195.755,196.075,195.52,1277,195.86,150404,195.850303
2024-01-24 18:00:00+00:00,195.29,195.74,195.165,1350,195.74,116036,195.386036
2024-01-24 19:00:00+00:00,194.89,195.385,194.695,1236,195.275,106873,195.017765
2024-01-24 20:00:00+00:00,194.565,195.13,194.35,2464,194.89,212951,194.677945
2024-01-25 13:00:00+00:00,194.85,194.91,193.85,26,193.85,1654,194.62
2024-01-25 14:00:00+00:00,194.82,195.59,194.71,1423,195.32,136716,195.07335
2024-01-25 15:00:00+00:00,195.47,195.625,194.64,1833,194.84,173251,195.221189
2024-01-25 16:00:00+00:00,195.955,196.26,195.165,1544,195.475,126660,195.716787
2024-01-25 17:00:00+00:00,195.815,196.055,195.535,1770,195.975,160050,195.770913
2024-01-25 18:00:00+00:00,194.135,195.955,194.08,2424,195.78,241767,194.948382
2024-01-25 19:00:00+00:00,193.575,194.1,193.135,1815,194.1,167332,193.74173
2024-01-25 20:00:00+00:00,194.19,194.31,193.46,2191,193.5,189080,193.940568
2024-01-26 14:00:00+00:00,194.6,194.62,193.76,1075,194.15,90454,194.129726
2024-01-26 15:00:00+00:00,194.5,194.74,194.21,1830,194.61,158524,194.518998
2024-01-26 16:00:00+00:00,194.045,194.57,193.92,1407,194.555,122784,194.238315
2024-01-26 17:00:00+00:00,192.46,194.075,192.46,1676,194.03,195819,193.215828
2024-01-26 18:00:00+00:00,192.445,192.75,192.28,1346,192.46,133693,192.492109
2024-01-26 19:00:00+00:00,192.92,192.96,192.365,1078,192.445,95827,192.59517
2024-01-26 20:00:00+00:00,192.37,192.97,191.94,2600,192.93,248068,192.344325
2024-01-29 14:00:00+00:00,190.76,192.15,189.615,1327,192.06,124391,190.956151
2024-01-29 15:00:00+00:00,190.615,191.2,190.49,1358,190.79,125046,190.858425
2024-01-29 16:00:00+00:00,190.76,191.0,190.4,1138,190.575,109054,190.656564
2024-01-29 17:00:00+00:00,191.07,191.155,190.735,691,190.785,54268,190.962542
2024-01-29 18:00:00+00:00,191.27,191.39,190.96,760,191.09,65746,191.226797
2024-01-29 19:00:00+00:00,191.38,191.665,191.245,930,191.275,78244,191.450946
2024-01-29 20:00:00+00:00,191.765,192.2,191.37,1882,191.39,216374,191.828948
2024-01-30 14:00:00+00:00,191.09,191.78,190.735,1122,190.87,101148,191.160046
2024-01-30 15:00:00+00:00,188.485,191.17,188.24,3589,191.1,355370,189.646359
2024-01-30 16:00:00+00:00,188.71,188.93,187.87,2017,188.455,195200,188.547093
2024-01-30 17:00:00+00:00,187.895,188.93,187.88,2038,188.72,197754,188.369796
2024-01-30 18:00:00+00:00,188.03,188.63,187.695,1555,187.87,163531,188.205778
2024-01-30 19:00:00+00:00,188.25,188.28,187.47,1553,188.02,143250,187.788131
2024-01-30 20:00:00+00:00,188.0,188.26,187.815,3286,188.225,266952,187.990328
2024-01-31 14:00:00+00:00,185.19,187.04,184.8,1901,187.01,170385,185.493355
2024-01-31 15:00:00+00:00,185.325,185.775,184.905,1355,185.16,102858,185.273088
2024-01-31 16:00:00+00:00,185.685,185.86,185.32,1261,185.335,95070,185.622022
2024-01-31 17:00:00+00:00,186.32,186.34,185.64,1143,185.7,86284,185.976506
2024-01-31 18:00:00+00:00,186.16,186.525,186.09,1063,186.36,80805,186.305352
2024-01-31 19:00:00+00:00,185.97,186.94,185.28,1933,185.76,149852,186.024316
2024-01-31 20:00:00+00:00,184.41,186.01,184.41,3711,186.0,325433,185.132834
2024-01-31 21:00:00+00:00,185.5,185.5,185.5,40,185.5,7578,185.5
2024-02-01 14:00:00+00:00,185.5,185.64,183.84,2156,184.25,191440,184.868387
2024-02-01 15:00:00+00:00,185.375,186.305,184.96,2448,185.105,220714,185.856281
2024-02-01 16:00:00+00:00,185.67,186.055,185.3,1883,185.37,192270,185.70327
2024-02-01 17:00:00+00:00,186.12,186.43,185.65,2029,185.69,238716,186.016642
2024-02-01 18:00:00+00:00,185.79,186.15,185.27,1612,186.15,144655,185.705942
2024-02-01 19:00:00+00:00,186.485,186.615,185.55,1594,185.835,184381,186.083376
2024-02-01 20:00:00+00:00,186.88,186.9,186.28,3869,186.48,403025,186.649476
2024-02-01 21:00:00+00:00,184.7,191.65,183.61,159,188.7,11045,185.742496
2024-02-02 14:00:00+00:00,182.62,183.69,179.25,5150,179.805,485272,181.943099
2024-02-02 15:00:00+00:00,185.645,185.94,182.46,3162,182.46,324008,184.058445
2024-02-02 16:00:00+00:00,186.34,187.33,185.13,2915,185.695,321982,186.233432
2024-02-02 17:00:00+00:00,185.3,187.11,185.165,1648,186.275,170184,186.177286
2024-02-02 18:00:00+00:00,185.885,186.23,184.88,1493,185.275,168565,185.669795
2024-02-02 19:00:00+00:00,186.985,187.0,185.6,1095,185.96,100615,186.165409
2024-02-02 20:00:00+00:00,185.84,187.055,185.84,2513,186.985,278167,186.474611
2024-02-02 21:00:00+00:00,185.72,185.72,185.72,1,185.72,200,185.72
2024-02-05 14:00:00+00:00,186.595,188.235,185.86,2070,188.235,227882,186.757869
2024-02-05 15:00:00+00:00,186.905,188.315,186.13,2352,186.54,240737,186.958019
2024-02-05 16:00:00+00:00,187.985,188.1,186.81,1380,186.9,149690,187.528043
2024-02-05 17:00:00+00:00,189.1,189.25,187.895,1744,187.95,222704,188.548069
2024-02-05 18:00:00+00:00,188.72,189.05,188.53,1586,189.05,190862,188.834212
2024-02-05 19:00:00+00:00,188.5,188.88,188.385,937,188.73,93671,188.598419
2024-02-05 20:00:00+00:00,187.64,188.6,187.64,2414,188.525,203878,188.154305
2024-02-06 14:00:00+00:00,187.95,188.62,186.79,1077,186.87,106745,187.92926
2024-02-06 15:00:00+00:00,187.7,188.3,187.3,1471,187.86,195168,187.901172
2024-02-06 16:00:00+00:00,188.83,189.01,187.71,1511,187.72,166944,188.494471
2024-02-06 17:00:00+00:00,188.525,189.14,188.43,1246,188.85,91188,188.769202
2024-02-06 18:00:00+00:00,188.755,189.0,188.53,1633,188.53,209622,188.89613
2024-02-06 19:00:00+00:00,188.575,188.81,188.265,1220,188.8,102142,188.519158
2024-02-06 20:00:00+00:00,189.3,189.3,188.18,2180,188.6,187554,188.612988
2024-02-07 14:00:00+00:00,189.005,191.01,188.85,1238,190.585,114039,189.667749
2024-02-07 15:00:00+00:00,189.64,190.4,188.61,1669,189.005,159468,189.56281
2024-02-07 16:00:00+00:00,189.13,189.65,188.81,1398,189.63,146212,189.159872
2024-02-07 17:00:00+00:00,189.02,189.22,188.67,993,189.14,106875,188.935701
2024-02-07 18:00:00+00:00,189.2,189.29,188.8,662,188.96,45206,189.071832
2024-02-07 19:00:00+00:00,189.26,189.4,188.9,840,189.205,67547,189.091134
2024-02-07 20:00:00+00:00,189.37,189.405,188.96,1448,189.225,107332,189.224811
2024-02-08 14:00:00+00:00,188.94,189.5,188.71,1070,189.5,107775,189.006016
2024-02-08 15:00:00+00:00,188.095,188.96,187.36,1550,188.95,144300,188.029319
2024-02-08 16:00:00+00:00,188.39,188.4,187.835,894,188.16,64072,188.158926
2024-02-08 17:00:00+00:00,188.085,188.72,188.075,589,188.43,39673,188.343276
2024-02-08 18:00:00+00:00,188.145,188.35,188.0,633,188.105,51109,188.147026
2024-02-08 19:00:00+00:00,188.185,188.3,187.99,794,188.225,59693,188.110826
2024-02-08 20:00:00+00:00,188.38,188.44,188.1,1953,188.175,131177,188.255701
2024-02-09 14:00:00+00:00,188.65,188.93,188.0,1035,188.675,97275,188.530538
2024-02-09 15:00:00+00:00,188.675,188.81,188.37,1632,188.705,161188,188.605154
2024-02-09 16:00:00+00:00,189.77,189.99,188.68,1355,188.695,121494,189.402274
2024-02-09 17:00:00+00:00,189.64,189.82,189.105,721,189.78,59788,189.445006
2024-02-09 18:00:00+00:00,189.09,189.655,189.06,725,189.64,51758,189.378187
2024-02-09 19:00:00+00:00,188.925,189.02,188.7,737,189.0,55380,188.87704
2024-02-09 20:00:00+00:00,188.835,188.955,188.57,1408,188.955,99816,188.782467
2024-02-12 14:00:00+00:00,187.94,188.65,187.465,1253,188.42,119715,187.92274
2024-02-12 15:00:00+00:00,187.79,188.045,187.395,1381,187.875,151418,187.756651
2024-02-12 16:00:00+00:00,188.01,188.175,187.705,1099,187.795,91462,188.014995
2024-02-12 17:00:00+00:00,188.15,188.195,187.705,935,187.955,74341,187.974168
2024-02-12 18:00:00+00:00,188.0,188.355,187.56,916,188.16,79102,188.067497
2024-02-12 19:00:00+00:00,186.96,188.01,186.92,994,187.97,88932,187.471419
2024-02-12 20:00:00+00:00,187.2,187.45,186.81,1440,186.975,109674,187.135042
2024-02-13 14:00:00+00:00,185.18,186.19,184.21,1509,185.81,141500,185.027853
2024-02-13 15:00:00+00:00,185.81,186.175,184.8,1688,185.14,132451,185.425888
2024-02-13 16:00:00+00:00,185.4,186.02,185.28,1497,185.865,96218,185.611368
2024-02-13 17:00:00+00:00,185.16,185.77,185.11,1239,185.4,89821,185.46304
2024-02-13 18:00:00+00:00,184.97,185.435,184.97,1589,185.14,104218,185.263471
2024-02-13 19:00:00+00:00,183.835,184.975,183.805,1550,184.975,112854,184.267679
2024-02-13 20:00:00+00:00,185.085,185.19,183.53,3005,183.885,220380,184.378529
2024-02-14 14:00:00+00:00,184.03,185.46,183.91,1182,185.29,99242,184.496156
2024-02-14 15:00:00+00:00,183.185,184.27,183.11,1908,184.04,164307,183.752334
2024-02-14 16:00:00+00:00,183.01,183.59,182.82,1462,183.1,101190,183.236419
2024-02-14 17:00:00+00:00,182.71,183.01,182.52,2026,183.01,185477,182.702929
2024-02-14 18:00:00+00:00,182.955,183.14,182.44,1388,182.715,90640,182.739744
2024-02-14 19:00:00+00:00,182.91,183.205,182.51,1392,182.955,122883,182.881565
2024-02-14 20:00:00+00:00,184.02,184.26,182.92,2372,182.93,196885,183.733589
2024-02-14 21:00:00+00:00,182.21,184.12,182.21,4,184.12,300,183.165
2024-02-15 14:00:00+00:00,182.1,184.06,181.94,1236,183.66,124679,183.22158
2024-02-15 15:00:00+00:00,182.03,182.655,181.44,2546,182.09,239771,182.068487
2024-02-15 16:00:00+00:00,181.755,182.15,181.56,1434,182.025,107718,181.822232
2024-02-15 17:00:00+00:00,181.79,182.24,181.645,1468,181.74,133814,181.955091
2024-02-15 18:00:00+00:00,182.12,182.455,181.675,1291,181.78,102594,182.085895
2024-02-15 19:00:00+00:00,182.35,182.36,181.74,1521,182.115,125873,182.014625
2024-02-15 20:00:00+00:00,183.86,184.465,182.12,3406,182.36,425627,183.334025
2024-02-16 14:00:00+00:00,182.41,184.82,182.35,1033,183.45,79894,183.487569
2024-02-16 15:00:00+00:00,183.055,183.345,181.89,2682,182.29,327720,182.527087
2024-02-16 16:00:00+00:00,183.1,183.445,182.865,1341,183.08,128477,183.137459
2024-02-16 17:00:00+00:00,182.65,183.11,182.65,721,183.06,49596,182.883402
2024-02-16 18:00:00+00:00,182.9,182.9,182.48,1151,182.74,105246,182.613953
2024-02-16 19:00:00+00:00,182.205,183.185,182.04,1303,182.95,116603,182.709047
2024-02-16 20:00:00+00:00,182.3,182.39,181.685,2168,182.17,190753,182.103446
2024-02-20 14:00:00+00:00,180.835,182.42,180.715,1881,181.775,213691,181.325055
2024-02-20 15:00:00+00:00,180.735,180.83,180.01,2416,180.81,214000,180.373303
2024-02-20 16:00:00+00:00,181.08,181.365,180.715,1918,180.725,234220,181.076085
2024-02-20 17:00:00+00:00,180.735,181.12,180.51,1397,181.055,124254,180.816624
2024-02-20 18:00:00+00:00,180.72,180.94,180.42,1261,180.795,87251,180.684569
2024-02-20 19:00:00+00:00,180.9,180.91,180.42,1270,180.715,59815,180.669623
2024-02-20 20:00:00+00:00,181.64,181.64,180.87,2886,180.925,226174,181.184287
2024-02-21 14:00:00+00:00,182.495,182.88,181.56,824,182.05,71245,182.340179
2024-02-21 15:00:00+00:00,182.15,182.85,182.14,927,182.565,69336,182.522865
2024-02-21 16:00:00+00:00,182.15,182.59,182.01,846,182.125,62979,182.272999
2024-02-21 17:00:00+00:00,181.58,182.12,181.18,718,182.105,51159,181.487485
2024-02-21 18:00:00+00:00,181.31,181.71,181.08,713,181.51,49259,181.458619
2024-02-21 19:00:00+00:00,181.01,181.46,180.685,1062,181.12,79043,181.043399
2024-02-21 20:00:00+00:00,182.32,182.39,180.96,1667,181.025,140296,181.774479
2024-02-22 13:00:00+00:00,183.16,183.16,183.16,1,183.16,100,183.16
2024-02-22 14:00:00+00:00,183.16,184.18,182.555,1250,183.47,134674,183.303421
2024-02-22 15:00:00+00:00,182.77,183.48,182.715,1681,183.21,135358,183.067432
2024-02-22 16:00:00+00:00,182.96,183.25,182.48,1002,182.86,74001,182.898892
2024-02-22 17:00:00+00:00,183.62,183.63,182.75,770,182.89,64108,183.153144
2024-02-22 18:00:00+00:00,184.19,184.27,183.535,760,183.62,56198,183.965743
2024-02-22 19:00:00+00:00,184.56,184.95,184.22,1225,184.22,102120,184.671855
2024-02-22 20:00:00+00:00,184.34,184.84,184.185,3431,184.48,319616,184.508522
2024-02-23 14:00:00+00:00,183.905,185.015,183.755,828,185.015,65744,184.156304
2024-02-23 15:00:00+00:00,183.4,183.915,182.99,1357,183.89,105463,183.460806
2024-02-23 16:00:00+00:00,182.9,183.41,182.645,1105,183.41,98251,182.915231
2024-02-23 17:00:00+00:00,182.8,183.02,182.31,880,182.9,72038,182.64509
2024-02-23 18:00:00+00:00,182.725,182.97,182.61,751,182.805,53376,182.80995
2024-02-23 19:00:00+00:00,182.61,182.75,182.44,722,182.735,53989,182.589655
2024-02-23 20:00:00+00:00,182.5,182.815,182.445,2214,182.605,194456,182.621004
2024-02-23 21:00:00+00:00,182.5,182.5,182.5,1,182.5,100,182.5
2024-02-26 14:00:00+00:00,181.51,182.74,181.17,1105,182.31,78551,181.655779
2024-02-26 15:00:00+00:00,181.24,181.84,181.21,1289,181.525,112762,181.536614
2024-02-26 16:00:00+00:00,181.225,181.26,180.755,1338,181.235,89726,181.057859
2024-02-26 17:00:00+00:00,180.795,181.135,180.65,796,181.135,58454,180.891826
2024-02-26 18:00:00+00:00,181.38,181.38,180.71,735,180.855,50115,181.0888
2024-02-26 19:00:00+00:00,181.49,181.77,181.34,786,181.45,53569,181.588195
2024-02-26 20:00:00+00:00,181.2,181.61,181.09,1543,181.495,113056,181.27838
2024-02-27 14:00:00+00:00,180.92,181.495,180.315,1125,181.19,90218,180.709537
2024-02-27 15:00:00+00:00,181.045,181.66,180.73,1343,180.91,101126,181.067533
2024-02-27 16:00:00+00:00,180.835,181.115,180.73,1158,181.09,91091,180.893531
2024-02-27 17:00:00+00:00,180.175,181.01,180.16,1095,180.825,77577,180.634536
2024-02-27 18:00:00+00:00,180.46,180.48,180.01,1362,180.165,106016,180.193208
2024-02-27 19:00:00+00:00,182.94,183.895,180.435,2782,180.465,241421,182.439193
2024-02-27 20:00:00+00:00,182.66,182.99,182.18,2736,182.95,224962,182.565856
2024-02-28 14:00:00+00:00,181.34,182.97,181.18,1173,182.54,97010,182.023768
2024-02-28 15:00:00+00:00,181.335,181.87,180.98,937,181.3,74789,181.323664
2024-02-28 16:00:00+00:00,181.235,181.76,181.16,835,181.285,67580,181.407389
2024-02-28 17:00:00+00:00,180.21,181.385,180.19,1145,181.15,98351,180.677587
2024-02-28 18:00:00+00:00,180.85,180.87,180.13,1096,180.18,97337,180.524273
2024-02-28 19:00:00+00:00,180.71,180.92,180.36,881,180.89,80135,180.662738
2024-02-28 20:00:00+00:00,181.45,181.47,180.55,1678,180.735,158229,181.07992
2024-02-28 21:00:00+00:00,181.09,181.09,181.09,1,181.09,100,181.09
2024-02-29 14:00:00+00:00,181.49,182.54,181.18,1490,181.32,134241,181.756465
2024-02-29 15:00:00+00:00,180.94,182.12,180.71,2317,181.51,234751,181.366681
2024-02-29 16:00:00+00:00,180.125,180.965,179.56,2067,180.955,186971,180.291971
2024-02-29 17:00:00+00:00,180.145,180.3,179.66,1470,180.095,135138,179.97698
2024-02-29 18:00:00+00:00,180.11,180.63,179.685,1338,180.155,123119,180.215793
2024-02-29 19:00:00+00:00,180.16,180.47,179.86,1455,180.11,140128,180.190364
2024-02-29 20:00:00+00:00,180.73,181.085,179.57,3763,180.2,388537,180.413868
2024-03-01 14:00:00+00:00,179.26,180.48,179.1,1434,179.66,150102,180.005886
2024-03-01 15:00:00+00:00,178.295,179.9,177.67,2940,179.425,229067,178.444611
2024-03-01 16:00:00+00:00,177.935,178.465,177.73,2051,178.295,185513,178.070014
2024-03-01 17:00:00+00:00,178.52,178.64,177.38,1491,177.93,131672,177.919378
2024-03-01 18:00:00+00:00,179.31,179.39,178.35,1113,178.54,142773,178.76113
2024-03-01 19:00:00+00:00,180.03,180.21,179.31,1205,179.32,117712,179.880994
2024-03-01 20:00:00+00:00,179.64,180.0,179.43,2372,180.0,224727,179.646834
2024-03-04 14:00:00+00:00,174.975,176.85,174.63,3457,175.84,248889,175.613831
2024-03-04 15:00:00+00:00,174.82,175.0,173.9,4292,174.97,431778,174.437098
2024-03-04 16:00:00+00:00,174.135,175.01,174.105,2416,174.815,227904,174.611635
2024-03-04 17:00:00+00:00,174.05,174.69,174.01,2450,174.13,181183,174.302427
2024-03-04 18:00:00+00:00,174.23,174.505,173.79,2387,174.025,141587,174.044083
2024-03-04 19:00:00+00:00,175.32,175.635,173.99,2266,174.165,181124,174.943205
2024-03-04 20:00:00+00:00,175.09,175.47,174.955,4004,175.385,291174,175.191447
2024-03-05 14:00:00+00:00,170.48,172.02,170.09,2786,170.8,345400,170.914814
2024-03-05 15:00:00+00:00,170.41,170.995,169.64,3043,170.51,309797,170.201618
2024-03-05 16:00:00+00:00,170.265,170.805,169.87,2007,170.4,217587,170.235288
2024-03-05 17:00:00+00:00,170.29,170.845,170.11,1203,170.235,111570,170.464043
2024-03-05 18:00:00+00:00,170.0,170.76,169.96,1214,170.32,99868,170.294145
2024-03-05 19:00:00+00:00,170.04,170.315,169.805,1526,169.98,121483,170.033164
2024-03-05 20:00:00+00:00,170.13,170.23,169.82,3002,170.06,254437,170.058242
2024-03-06 14:00:00+00:00,169.82,171.21,168.94,1944,171.115,177230,169.928132
2024-03-06 15:00:00+00:00,169.55,170.0,168.985,2146,169.7,161367,169.432392
2024-03-06 16:00:00+00:00,169.76,170.005,169.33,1766,169.56,129689,169.634638
2024-03-06 17:00:00+00:00,170.15,170.35,169.7,1148,169.77,86865,170.095566
2024-03-06 18:00:00+00:00,169.38,170.21,169.06,1180,170.06,82583,169.649739
2024-03-06 19:00:00+00:00,168.83,169.38,168.71,1309,169.355,84869,169.057194
2024-03-06 20:00:00+00:00,169.11,169.38,168.76,2305,168.81,184062,169.093333
2024-03-07 14:00:00+00:00,169.71,169.77,168.5,1970,169.15,209669,169.163063
2024-03-07 15:00:00+00:00,168.75,169.725,168.65,2262,169.72,203383,169.124933
2024-03-07 16:00:00+00:00,169.18,169.52,168.63,2048,168.785,200351,169.046906
2024-03-07 17:00:00+00:00,169.11,169.59,169.0,1680,169.25,173520,169.262757
2024-03-07 18:00:00+00:00,170.5,170.58,169.0,1409,169.1,97605,169.787138
2024-03-07 19:00:00+00:00,170.235,170.685,169.805,1498,170.58,109019,170.257943
2024-03-07 20:00:00+00:00,168.97,170.21,168.94,2599,170.18,221809,169.452637
2024-03-08 14:00:00+00:00,170.745,170.86,168.975,1768,169.13,139883,169.83628
2024-03-08 15:00:00+00:00,171.3,171.9,170.65,2304,170.74,177447,171.318205
2024-03-08 16:00:00+00:00,171.47,172.475,170.96,1994,171.385,132476,171.547919
2024-03-08 17:00:00+00:00,171.84,172.785,171.38,1965,171.465,131907,172.317964
2024-03-08 18:00:00+00:00,172.41,172.48,171.74,1193,171.745,108113,172.216522
2024-03-08 19:00:00+00:00,172.825,173.68,172.405,2128,172.405,216445,173.063287
2024-03-08 20:00:00+00:00,170.98,172.97,170.95,2913,172.74,235630,171.468736
2024-03-11 13:00:00+00:00,173.8,174.365,172.835,2305,172.975,205875,173.440705
2024-03-11 14:00:00+00:00,172.47,173.99,172.295,2192,173.805,167396,173.270413
2024-03-11 15:00:00+00:00,173.05,173.285,172.31,1425,172.45,101721,172.740805
2024-03-11 16:00:00+00:00,172.61,173.15,172.55,1495,173.115,96955,172.854948
2024-03-11 17:00:00+00:00,172.6,173.41,172.05,1523,172.55,117034,172.659934
2024-03-11 18:00:00+00:00,172.87,172.87,172.39,888,172.645,54718,172.66199
2024-03-11 19:00:00+00:00,172.81,173.065,172.44,1694,172.86,115475,172.735789
2024-03-12 13:00:00+00:00,171.48,173.44,171.035,1899,173.15,154298,171.642041
2024-03-12 14:00:00+00:00,172.6,172.89,171.47,2083,171.47,148349,172.352733
2024-03-12 15:00:00+00:00,172.57,172.91,172.34,1685,172.63,113796,172.628256
2024-03-12 16:00:00+00:00,172.52,173.09,171.96,2032,172.605,151939,172.434644
2024-03-12 17:00:00+00:00,173.265,173.49,172.465,1012,172.615,58763,172.985806
2024-03-12 18:00:00+00:00,173.745,173.955,173.235,1451,173.265,101833,173.680923
2024-03-12 19:00:00+00:00,173.2,174.02,173.15,2547,173.74,216820,173.704861
2024-03-12 20:00:00+00:00,173.1,173.1,173.1,3,173.1,108,173.1
2024-03-13 13:00:00+00:00,171.69,173.145,171.62,1518,172.82,177220,172.129053
2024-03-13 14:00:00+00:00,171.04,171.67,170.8,2063,171.67,195885,171.081662
2024-03-13 15:00:00+00:00,171.045,171.21,170.88,1245,171.04,86771,171.02868
2024-03-13 16:00:00+00:00,171.015,171.14,170.87,902,171.04,65585,171.01697
2024-03-13 17:00:00+00:00,171.48,171.525,171.02,887,171.07,56101,171.295338
2024-03-13 18:00:00+00:00,171.65,171.8,171.46,843,171.465,52866,171.605738
2024-03-13 19:00:00+00:00,171.13,171.72,171.05,1851,171.65,131032,171.384794
2024-03-14 13:00:00+00:00,172.785,173.275,172.1,1478,172.96,118830,172.747072
2024-03-14 14:00:00+00:00,173.84,173.89,172.4,2245,172.73,168063,173.507472
2024-03-14 15:00:00+00:00,173.18,174.29,173.07,1623,173.84,101706,173.632184
2024-03-14 16:00:00+00:00,172.37,173.3,172.3,1038,173.24,95866,172.656392
2024-03-14 17:00:00+00:00,173.69,173.825,172.26,1827,172.36,172691,173.036177
2024-03-14 18:00:00+00:00,172.93,174.0,172.89,1542,173.745,108737,173.657876
2024-03-14 19:00:00+00:00,173.1,173.27,172.22,2469,172.88,201159,172.845967
2024-03-15 13:00:00+00:00,171.44,172.42,170.69,2405,171.64,224397,171.646946
2024-03-15 14:00:00+00:00,170.7,171.58,170.31,3193,171.395,251049,170.893929
2024-03-15 15:00:00+00:00,170.975,171.16,170.63,1528,170.76,114373,170.932794
2024-03-15 16:00:00+00:00,170.69,171.51,170.68,1517,170.98,121567,171.141873
2024-03-15 17:00:00+00:00,171.13,171.13,170.53,1264,170.705,102068,170.718027
2024-03-15 18:00:00+00:00,171.505,171.52,170.82,1337,171.23,114399,171.230897
2024-03-15 19:00:00+00:00,172.59,172.6,171.47,2517,171.51,206903,171.94789
2024-03-18 12:00:00+00:00,174.75,174.75,174.75,2,174.75,150,174.75
2024-03-18 13:00:00+00:00,176.77,177.56,174.93,1761,175.49,215529,176.369719
2024-03-18 14:00:00+00:00,177.16,177.7,176.595,2294,176.92,204240,177.118727
2024-03-18 15:00:00+00:00,175.65,177.245,175.62,1427,177.245,105072,176.584846
2024-03-18 16:00:00+00:00,175.11,175.65,175.09,912,175.64,68452,175.353548
2024-03-18 17:00:00+00:00,175.115,175.45,174.755,1053,175.085,90809,175.185898
2024-03-18 18:00:00+00:00,174.96,175.535,174.88,1037,175.12,64098,175.19641
2024-03-18 19:00:00+00:00,173.68,175.16,173.525,2014,174.99,163973,174.403266
2024-03-19 13:00:00+00:00,174.44,174.49,173.03,1365,174.34,105250,173.685311
2024-03-19 14:00:00+00:00,174.88,175.33,174.46,1586,174.63,114078,174.864704
2024-03-19 15:00:00+00:00,175.24,175.405,174.69,982,174.9,78520,175.106506
2024-03-19 16:00:00+00:00,175.29,175.47,174.885,773,175.145,60011,175.245194
2024-03-19 17:00:00+00:00,176.09,176.12,175.385,998,175.39,82814,175.778136
2024-03-19 18:00:00+00:00,176.21,176.605,176.08,1751,176.115,183411,176.288585
2024-03-19 19:00:00+00:00,176.1,176.525,175.79,2134,176.215,196460,176.277185
2024-03-20 13:00:00+00:00,175.69,176.1,175.12,1054,175.64,98807,175.516992
2024-03-20 14:00:00+00:00,175.935,176.38,175.61,1201,175.68,102221,175.968814
2024-03-20 15:00:00+00:00,176.16,176.2,175.73,655,175.93,48747,176.010106
2024-03-20 16:00:00+00:00,176.68,176.75,176.065,817,176.145,50730,176.426763
2024-03-20 17:00:00+00:00,176.625,176.77,176.285,604,176.71,45705,176.551678
2024-03-20 18:00:00+00:00,177.96,178.245,176.62,1754,176.76,138275,177.383585
2024-03-20 19:00:00+00:00,178.61,178.61,177.86,2374,178.0,220315,178.245412
2024-03-21 13:00:00+00:00,176.07,177.475,176.025,1604,177.055,138376,176.836611
2024-03-21 14:00:00+00:00,172.6,176.19,172.58,3567,176.015,274111,174.171285
2024-03-21 15:00:00+00:00,171.99,173.22,171.85,3937,172.76,393435,172.552026
2024-03-21 16:00:00+00:00,172.16,172.595,171.86,1668,171.98,152722,172.221301
2024-03-21 17:00:00+00:00,171.09,172.4,171.07,1757,172.14,160242,171.931704
2024-03-21 18:00:00+00:00,171.11,171.445,170.85,1712,171.09,193603,171.123121
2024-03-21 19:00:00+00:00,171.38,171.56,170.85,3443,171.155,331717,171.23343
2024-03-22 13:00:00+00:00,171.01,172.31,170.07,2463,171.76,286858,170.980329
2024-03-22 14:00:00+00:00,171.885,172.555,170.87,2141,171.04,196434,171.683134
2024-03-22 15:00:00+00:00,172.59,172.81,171.865,1271,171.87,96840,172.292319
2024-03-22 16:00:00+00:00,172.65,172.87,172.09,919,172.615,81581,172.454301
2024-03-22 17:00:00+00:00,172.68,172.935,172.37,875,172.655,63856,172.683591
2024-03-22 18:00:00+00:00,172.73,172.925,172.375,821,172.64,61799,172.681546
2024-03-22 19:00:00+00:00,172.27,173.05,172.26,2011,172.74,157716,172.61792
2024-03-25 13:00:00+00:00,170.18,170.65,169.45,2184,170.47,170086,170.118557
2024-03-25 14:00:00+00:00,170.535,170.6,169.79,1879,170.15,125730,170.101937
2024-03-25 15:00:00+00:00,170.62,170.765,170.1,1309,170.525,87996,170.415036
2024-03-25 16:00:00+00:00,170.99,171.145,170.405,1226,170.62,86635,170.692642
2024-03-25 17:00:00+00:00,171.455,171.51,171.0,1464,171.0,98943,171.314882
2024-03-25 18:00:00+00:00,171.45,171.61,171.235,1045,171.475,71221,171.436412
2024-03-25 19:00:00+00:00,170.89,171.93,170.81,1996,171.46,152560,171.278785
2024-03-26 13:00:00+00:00,170.745,170.805,169.66,1003,170.05,66528,170.397066
2024-03-26 14:00:00+00:00,170.61,171.065,170.375,1030,170.655,72843,170.702608
2024-03-26 15:00:00+00:00,170.57,170.85,170.45,894,170.65,67504,170.639938
2024-03-26 16:00:00+00:00,171.03,171.25,170.555,1074,170.555,76254,170.967195
2024-03-26 17:00:00+00:00,170.295,171.38,170.28,1092,171.105,69841,170.844022
2024-03-26 18:00:00+00:00,170.55,170.575,170.17,1010,170.29,57458,170.377816
2024-03-26 19:00:00+00:00,169.89,170.66,169.63,2377,170.52,222314,170.038972
2024-03-27 13:00:00+00:00,172.72,172.875,170.13,1651,170.45,149022,171.866416
2024-03-27 14:00:00+00:00,172.485,173.105,171.955,2267,172.695,199064,172.435149
2024-03-27 15:00:00+00:00,172.05,172.76,172.05,1419,172.475,113024,172.50575
2024-03-27 16:00:00+00:00,172.16,172.34,171.865,1133,172.07,82847,172.150803
2024-03-27 17:00:00+00:00,172.3,172.485,172.01,1121,172.165,73928,172.252458
2024-03-27 18:00:00+00:00,172.74,172.815,172.24,1298,172.28,106329,172.54577
2024-03-27 19:00:00+00:00,173.355,173.6,172.64,2421,172.71,251846,173.164292
2024-03-28 13:00:00+00:00,171.335,171.87,170.75,963,171.87,62847,171.261683
2024-03-28 14:00:00+00:00,170.87,171.48,170.53,1455,171.29,120513,171.042383
2024-03-28 15:00:00+00:00,171.115,171.14,170.57,1063,170.865,92467,170.833138
2024-03-28 16:00:00+00:00,171.32,171.33,170.735,1110,171.105,97698,171.105591
2024-03-28 17:00:00+00:00,171.48,171.5,170.905,827,171.28,70395,171.23909
2024-03-28 18:00:00+00:00,172.05,172.055,171.34,873,171.475,77759,171.717632
2024-03-28 19:00:00+00:00,171.51,172.22,171.37,2240,172.08,239583,171.919325
2024-04-01 13:00:00+00:00,170.125,171.21,170.06,1040,171.195,87649,170.537977
2024-04-01 14:00:00+00:00,169.875,170.45,169.83,1325,170.17,93679,170.039242
2024-04-01 15:00:00+00:00,169.625,170.08,169.485,1124,169.87,83164,169.762576
2024-04-01 16:00:00+00:00,169.82,170.0,169.6,805,169.655,54877,169.880875
2024-04-01 17:00:00+00:00,170.02,170.09,169.76,814,169.82,47625,169.934562
2024-04-01 18:00:00+00:00,170.015,170.07,169.865,838,169.985,54490,169.99221
2024-04-01 19:00:00+00:00,169.97,170.24,169.865,1857,170.01,156802,170.013135
2024-04-02 12:00:00+00:00,169.22,169.36,169.22,2,169.36,200,169.29
2024-04-02 13:00:00+00:00,169.07,169.255,168.27,1363,169.08,114753,168.887573
2024-04-02 14:00:00+00:00,168.675,169.34,168.555,1137,169.1,84617,168.969242
2024-04-02 15:00:00+00:00,168.65,169.14,168.63,884,168.67,75974,168.866226
2024-04-02 16:00:00+00:00,168.8,168.85,168.38,881,168.645,69049,168.628926
2024-04-02 17:00:00+00:00,169.01,169.095,168.81,1124,168.82,108078,168.997683
2024-04-02 18:00:00+00:00,168.825,169.055,168.77,1146,169.015,91952,168.905415
2024-04-02 19:00:00+00:00,168.93,169.22,168.73,2251,168.82,230338,168.991811
2024-04-03 13:00:00+00:00,169.075,169.32,168.62,1194,168.735,112240,168.961385
2024-04-03 14:00:00+00:00,170.495,170.63,169.24,1245,169.25,101588,170.027473
2024-04-03 15:00:00+00:00,170.4,170.67,170.395,1013,170.56,105582,170.518895
2024-04-03 16:00:00+00:00,170.23,170.45,169.75,941,170.405,78280,170.273527
2024-04-03 17:00:00+00:00,170.165,170.38,170.15,553,170.265,39057,170.262299
2024-04-03 18:00:00+00:00,170.27,170.37,170.11,596,170.13,44144,170.227817
2024-04-03 19:00:00+00:00,169.74,170.58,169.31,2373,170.235,182091,169.772443
2024-04-04 13:00:00+00:00,170.97,171.0,170.05,986,170.65,82842,170.633685
2024-04-04 14:00:00+00:00,171.02,171.17,170.72,1035,170.97,75141,170.951418
2024-04-04 15:00:00+00:00,171.74,171.755,170.85,794,171.05,49284,171.288634
2024-04-04 16:00:00+00:00,171.41,171.905,171.34,875,171.73,63248,171.690838
2024-04-04 17:00:00+00:00,170.825,171.59,170.805,814,171.41,57221,171.32166
2024-04-04 18:00:00+00:00,169.79,170.76,169.22,1747,170.74,160025,169.888468
2024-04-04 19:00:00+00:00,168.86,169.91,168.84,2915,169.72,249276,169.293925
2024-04-05 12:00:00+00:00,169.77,169.77,169.77,7,169.77,360,169.77
2024-04-05 13:00:00+00:00,169.53,169.735,168.98,893,169.565,74373,169.350859
2024-04-05 14:00:00+00:00,169.65,169.885,169.055,1292,169.54,121721,169.382438
2024-04-05 15:00:00+00:00,170.22,170.24,169.22,1081,169.62,92503,169.750957
2024-04-05 16:00:00+00:00,170.28,170.36,169.935,703,170.22,47184,170.128195
2024-04-05 17:00:00+00:00,169.63,170.35,169.56,707,170.25,49393,169.97597
2024-04-05 18:00:00+00:00,169.595,169.97,169.36,775,169.58,64624,169.564225
2024-04-05 19:00:00+00:00,169.68,169.97,169.51,1682,169.555,158344,169.731548
2024-04-08 13:00:00+00:00,169.0,169.175,168.35,844,169.175,55796,168.79096
2024-04-08 14:00:00+00:00,169.0,169.15,168.725,940,168.965,83573,168.926003
2024-04-08 15:00:00+00:00,168.635,169.03,168.46,583,169.0,43951,168.74284
2024-04-08 16:00:00+00:00,168.81,168.83,168.27,496,168.62,33354,168.595823
2024-04-08 17:00:00+00:00,168.71,168.81,168.41,543,168.81,41329,168.565903
2024-04-08 18:00:00+00:00,168.76,168.885,168.545,455,168.725,33291,168.706091
2024-04-08 19:00:00+00:00,168.54,168.955,168.33,1575,168.745,133740,168.574958
2024-04-09 13:00:00+00:00,169.63,169.85,168.51,545,168.79,52723,169.363469
2024-04-09 14:00:00+00:00,168.84,170.065,168.49,1323,169.59,102352,169.351253
2024-04-09 15:00:00+00:00,168.98,169.15,168.6,786,168.77,56446,168.878806
2024-04-09 16:00:00+00:00,169.05,169.23,168.83,753,169.02,54036,169.037297
2024-04-09 17:00:00+00:00,168.95,169.55,168.95,963,168.99,63106,169.268732
2024-04-09 18:00:00+00:00,168.59,168.91,168.5,1491,168.9,95791,168.630985
2024-04-09 19:00:00+00:00,169.7,169.72,168.35,1670,168.555,129900,169.101558
2024-04-10 13:00:00+00:00,167.43,169.06,167.34,1148,168.9,103820,168.076772
2024-04-10 14:00:00+00:00,168.025,168.685,167.12,2766,167.435,150266,167.956138
2024-04-10 15:00:00+00:00,167.64,168.06,167.54,1267,168.025,59223,167.719346
2024-04-10 16:00:00+00:00,168.39,168.42,167.6,774,167.65,48434,167.928352
2024-04-10 17:00:00+00:00,168.23,168.6,167.65,1021,168.4,74529,168.115675
2024-04-10 18:00:00+00:00,167.73,168.4,167.71,961,168.15,60079,167.981936
2024-04-10 19:00:00+00:00,167.73,168.675,167.7,1876,167.725,150633,168.066328
2024-04-11 13:00:00+00:00,168.98,169.16,168.185,1521,168.26,159408,168.565641
2024-04-11 14:00:00+00:00,169.135,169.325,168.31,2072,169.0,207738,168.755279
2024-04-11 15:00:00+00:00,169.9,169.935,168.955,1334,169.19,134311,169.324118
2024-04-11 16:00:00+00:00,170.395,170.44,169.845,1429,169.9,163087,170.116297
2024-04-11 17:00:00+00:00,173.02,173.24,170.3,2219,170.4,249272,172.101865
2024-04-11 18:00:00+00:00,173.565,174.47,172.95,2454,173.02,351890,173.933677
2024-04-11 19:00:00+00:00,175.04,175.455,173.56,3917,173.56,721252,174.947005
2024-04-12 13:00:00+00:00,178.03,178.35,174.23,3965,174.39,437141,176.684145
2024-04-12 14:00:00+00:00,175.865,178.18,175.75,3404,178.03,362163,176.7812
2024-04-12 15:00:00+00:00,175.91,176.93,175.36,2545,175.92,288380,176.36228
2024-04-12 16:00:00+00:00,175.02,176.21,174.92,1867,175.96,217798,175.477533
2024-04-12 17:00:00+00:00,175.41,175.965,174.805,2021,175.045,218419,175.343342
2024-04-12 18:00:00+00:00,175.96,176.235,175.345,2143,175.41,240228,175.924616
2024-04-12 19:00:00+00:00,176.62,176.735,175.635,4536,175.935,560010,176.292193
2024-04-15 13:00:00+00:00,174.7,175.98,173.86,3023,175.455,321248,174.631843
2024-04-15 14:00:00+00:00,174.83,175.27,174.51,2155,174.65,214634,174.852077
2024-04-15 15:00:00+00:00,176.0,176.61,174.89,2777,174.89,352005,175.691372
2024-04-15 16:00:00+00:00,175.135,176.14,174.9,1568,176.0,134286,175.334883
2024-04-15 17:00:00+00:00,173.92,175.56,173.55,2587,175.12,222031,174.77215
2024-04-15 18:00:00+00:00,173.31,173.885,172.51,3252,173.885,357041,173.247296
2024-04-15 19:00:00+00:00,172.73,173.6,172.66,3619,173.26,403374,173.134052
2024-04-16 13:00:00+00:00,172.81,173.75,171.47,1710,171.69,167288,172.738962
2024-04-16 14:00:00+00:00,169.145,172.97,169.125,2787,172.86,321905,171.136894
2024-04-16 15:00:00+00:00,169.01,169.655,168.415,2304,169.095,224341,169.124526
2024-04-16 16:00:00+00:00,169.07,169.835,168.27,1328,169.07,109438,169.242574
2024-04-16 17:00:00+00:00,169.48,169.71,168.43,1448,169.13,111187,169.194215
2024-04-16 18:00:00+00:00,170.02,170.4,168.84,1121,169.46,87605,169.665026
2024-04-16 19:00:00+00:00,169.34,170.07,169.28,1921,170.07,152673,169.671155
2024-04-17 13:00:00+00:00,169.86,170.63,169.345,954,169.53,74846,169.98831
2024-04-17 14:00:00+00:00,169.87,170.625,169.6,1264,169.875,117480,170.023135
2024-04-17 15:00:00+00:00,168.92,170.13,168.89,684,169.89,49837,169.344329
2024-04-17 16:00:00+00:00,168.375,169.0,168.075,874,168.85,59235,168.600278
2024-04-17 17:00:00+00:00,168.915,168.97,168.3,1157,168.315,89556,168.748681
2024-04-17 18:00:00+00:00,168.305,169.165,168.3,1161,168.95,79074,168.797936
2024-04-17 19:00:00+00:00,168.01,168.525,168.0,2259,168.25,134187,168.256431
2024-04-18 13:00:00+00:00,167.7,168.62,167.55,1287,168.06,118651,168.097744
2024-04-18 14:00:00+00:00,168.16,168.24,167.34,1557,167.7,194084,167.861684
2024-04-18 15:00:00+00:00,167.84,168.245,167.79,794,168.185,73494,168.018729
2024-04-18 16:00:00+00:00,166.81,167.95,166.74,1176,167.84,98354,167.369268
2024-04-18 17:00:00+00:00,166.86,167.12,166.57,1216,166.795,106606,166.828464
2024-04-18 18:00:00+00:00,166.725,167.11,166.64,1375,166.825,112952,166.843865
2024-04-18 19:00:00+00:00,167.03,167.35,166.75,2146,166.75,195561,167.079594
2024-04-19 13:00:00+00:00,165.33,166.71,165.235,1107,166.71,105916,165.684481
2024-04-19 14:00:00+00:00,165.585,165.65,164.825,1757,165.365,137063,165.299306
2024-04-19 15:00:00+00:00,164.38,165.61,164.35,1295,165.55,111163,164.913597
2024-04-19 16:00:00+00:00,165.22,165.295,164.08,1891,164.43,163501,164.607199
2024-04-19 17:00:00+00:00,165.28,165.49,164.845,1147,165.15,110929,165.09302
2024-04-19 18:00:00+00:00,164.97,165.66,164.53,2067,165.26,165423,165.0475
2024-04-19 19:00:00+00:00,164.96,165.22,164.8,2604,164.935,236066,165.017606
2024-04-22 13:00:00+00:00,165.835,166.23,165.34,1272,165.53,115344,165.735507
2024-04-22 14:00:00+00:00,165.23,166.02,165.135,1510,165.835,138487,165.49155
2024-04-22 15:00:00+00:00,165.63,165.7,164.78,1379,165.2,121928,165.220974
2024-04-22 16:00:00+00:00,165.82,165.85,165.44,923,165.69,79855,165.61981
2024-04-22 17:00:00+00:00,167.19,167.25,165.805,1274,165.89,110098,166.505633
2024-04-22 18:00:00+00:00,166.59,167.22,166.255,1723,167.19,218646,166.814349
2024-04-22 19:00:00+00:00,165.91,166.86,165.65,1789,166.595,148518,166.124062
2024-04-23 13:00:00+00:00,166.205,166.55,165.03,942,165.29,84446,165.784435
2024-04-23 14:00:00+00:00,166.535,166.69,165.63,1850,166.165,142422,166.23736
2024-04-23 15:00:00+00:00,166.345,166.97,166.25,1241,166.57,99161,166.536909
2024-04-23 16:00:00+00:00,166.465,166.64,166.07,1088,166.35,88670,166.326317
2024-04-23 17:00:00+00:00,166.74,166.74,166.17,880,166.445,69265,166.487594
2024-04-23 18:00:00+00:00,166.78,166.86,166.67,974,166.745,87607,166.785692
2024-04-23 19:00:00+00:00,166.81,167.05,166.5,2219,166.77,209964,166.839685
2024-04-24 13:00:00+00:00,167.46,167.91,166.28,1125,166.425,120541,167.270135
2024-04-24 14:00:00+00:00,167.78,168.295,167.52,1221,167.52,85607,167.919876
2024-04-24 15:00:00+00:00,168.6,168.695,167.715,1308,167.76,146367,168.23033
2024-04-24 16:00:00+00:00,168.35,169.27,168.13,1288,168.645,125465,168.643129
2024-04-24 17:00:00+00:00,169.1,169.29,168.28,850,168.33,65858,168.708598
2024-04-24 18:00:00+00:00,168.46,169.09,168.29,823,169.07,72891,168.658623
2024-04-24 19:00:00+00:00,169.075,169.285,168.35,1966,168.45,170178,168.939352
2024-04-25 13:00:00+00:00,168.99,170.59,168.94,1711,169.525,221741,169.843957
2024-04-25 14:00:00+00:00,168.61,169.49,168.49,1483,169.04,129926,168.950313
2024-04-25 15:00:00+00:00,168.515,168.845,168.18,944,168.61,77686,168.527664
2024-04-25 16:00:00+00:00,169.35,169.52,168.51,845,168.56,68030,168.989026
2024-04-25 17:00:00+00:00,169.55,169.605,168.86,896,169.39,76441,169.283534
2024-04-25 18:00:00+00:00,169.56,169.735,168.97,1047,169.56,105386,169.34793
2024-04-25 19:00:00+00:00,169.94,170.03,169.42,4304,169.57,611993,169.841095
2024-04-26 13:00:00+00:00,170.1,170.69,169.595,736,169.96,60256,170.068573
2024-04-26 14:00:00+00:00,171.09,171.18,170.05,1063,170.145,74176,170.83752
2024-04-26 15:00:00+00:00,170.52,171.32,170.385,950,171.115,84882,170.808873
2024-04-26 16:00:00+00:00,170.0,170.515,169.93,850,170.51,70439,170.226107
2024-04-26 17:00:00+00:00,169.525,170.15,169.39,727,170.0,55550,169.833369
2024-04-26 18:00:00+00:00,170.0,170.01,169.385,742,169.48,45652,169.711461
2024-04-26 19:00:00+00:00,169.19,170.095,169.19,1622,170.0,144710,169.64733
2024-04-29 13:00:00+00:00,175.19,176.03,173.175,2596,173.19,393499,175.381823
2024-04-29 14:00:00+00:00,174.87,175.975,174.4,1709,175.2,162887,175.163035
2024-04-29 15:00:00+00:00,174.675,175.12,174.0,1247,174.855,110089,174.491155
2024-04-29 16:00:00+00:00,174.55,174.825,174.25,1051,174.675,96113,174.453963
2024-04-29 17:00:00+00:00,174.81,175.09,174.39,1398,174.555,131444,174.690832
2024-04-29 18:00:00+00:00,174.64,174.805,173.95,1377,174.805,123457,174.328092
2024-04-29 19:00:00+00:00,173.48,174.57,173.145,2061,174.56,192737,173.557572
2024-04-30 13:00:00+00:00,174.53,174.715,172.66,1188,173.39,116992,173.501345
2024-04-30 14:00:00+00:00,174.115,174.98,174.025,1427,174.415,94277,174.553218
2024-04-30 15:00:00+00:00,174.16,174.355,173.65,1139,174.15,63095,174.013922
2024-04-30 16:00:00+00:00,173.85,174.185,173.265,737,174.185,40999,173.671197
2024-04-30 17:00:00+00:00,173.67,173.92,173.11,820,173.91,58942,173.485499
2024-04-30 18:00:00+00:00,173.1,173.875,172.85,879,173.69,69867,173.341428
2024-04-30 19:00:00+00:00,170.05,173.22,170.05,2328,173.06,173561,171.496119
2024-05-01 13:00:00+00:00,170.305,170.635,169.145,699,169.82,69284,170.120672
2024-05-01 14:00:00+00:00,171.11,171.34,170.23,622,170.23,38249,170.812889
2024-05-01 15:00:00+00:00,171.555,171.585,170.65,638,171.02,56563,171.229542
2024-05-01 16:00:00+00:00,171.14,171.72,171.11,854,171.47,84687,171.381218
2024-05-01 17:00:00+00:00,171.24,171.24,170.705,398,171.045,41144,170.990023
2024-05-01 18:00:00+00:00,172.475,172.58,170.86,920,171.15,71002,171.577423
2024-05-01 19:00:00+00:00,169.34,172.675,169.26,2113,172.49,240193,170.354411
2024-05-02 13:00:00+00:00,171.45,172.59,171.23,1904,172.42,226645,171.916391
2024-05-02 14:00:00+00:00,171.55,172.065,170.9,1802,171.405,162137,171.579786
2024-05-02 15:00:00+00:00,172.135,172.185,171.455,1541,171.6,177221,171.776846
2024-05-02 16:00:00+00:00,172.12,172.49,171.96,1326,172.12,124247,172.313061
2024-05-02 17:00:00+00:00,172.605,172.78,172.185,1545,172.185,142635,172.588632
2024-05-02 18:00:00+00:00,172.95,173.085,172.42,1611,172.61,160076,172.815566
2024-05-02 19:00:00+00:00,173.13,173.41,172.57,3204,172.94,315099,172.921808
2024-05-02 20:00:00+00:00,185.32,185.64,178.66,664,179.06,45135,182.311306
2024-05-03 12:00:00+00:00,185.49,185.49,185.49,10,185.49,532,185.49
2024-05-03 13:00:00+00:00,184.115,186.97,183.61,7931,185.51,1041280,185.095838
2024-05-03 14:00:00+00:00,184.76,184.975,182.68,5222,184.27,688039,184.044643
2024-05-03 15:00:00+00:00,184.59,184.99,183.93,3900,184.805,464878,184.571409
2024-05-03 16:00:00+00:00,184.755,184.94,184.15,3255,184.61,325858,184.582854
2024-05-03 17:00:00+00:00,185.055,185.49,184.595,3209,184.755,331458,185.073974
2024-05-03 18:00:00+00:00,185.375,185.99,185.055,3149,185.06,302067,185.62974
2024-05-03 19:00:00+00:00,183.36,185.35,183.05,6441,185.345,834921,183.994026
2024-05-06 13:00:00+00:00,182.48,184.14,181.655,2026,182.82,232843,182.884675
2024-05-06 14:00:00+00:00,182.39,183.08,181.91,2391,182.48,228796,182.540194
2024-05-06 15:00:00+00:00,182.33,182.36,181.695,1179,182.305,112772,181.995102
2024-05-06 16:00:00+00:00,181.53,182.355,181.28,1071,182.31,83071,181.653736
2024-05-06 17:00:00+00:00,181.07,181.68,180.43,1178,181.61,111656,180.92529
2024-05-06 18:00:00+00:00,181.115,181.335,180.695,1023,181.09,75930,181.059176
2024-05-06 19:00:00+00:00,181.62,181.98,180.9,2302,181.18,221773,181.563763
2024-05-07 13:00:00+00:00,183.93,184.89,183.17,1513,183.17,166747,184.090653
2024-05-07 14:00:00+00:00,182.6,184.47,182.32,2154,183.93,208249,183.231826
2024-05-07 15:00:00+00:00,181.56,182.97,181.44,1629,182.61,136843,182.23033
2024-05-07 16:00:00+00:00,181.82,182.005,181.33,1035,181.585,91584,181.693056
2024-05-07 17:00:00+00:00,182.71,182.79,181.89,870,181.89,68723,182.453586
2024-05-07 18:00:00+00:00,182.5,182.92,182.33,898,182.705,63641,182.571207
2024-05-07 19:00:00+00:00,182.35,182.665,182.18,1511,182.46,112906,182.438577
2024-05-08 13:00:00+00:00,182.09,182.945,181.855,1025,182.83,129433,182.454178
2024-05-08 14:00:00+00:00,182.05,182.365,181.47,852,182.09,58667,181.9164
2024-05-08 15:00:00+00:00,182.26,182.35,181.855,688,182.085,49267,182.100382
2024-05-08 16:00:00+00:00,182.19,182.6,182.1,636,182.29,51141,182.363164
2024-05-08 17:00:00+00:00,182.64,182.69,182.12,601,182.13,35505,182.421202
2024-05-08 18:00:00+00:00,182.79,182.985,182.48,848,182.61,63579,182.738739
2024-05-08 19:00:00+00:00,182.73,183.04,182.635,1513,182.76,160185,182.861579
2024-05-09 13:00:00+00:00,183.74,183.82,182.14,1029,182.635,121734,183.055571
2024-05-09 14:00:00+00:00,183.265,183.86,183.15,1596,183.745,163105,183.487601
2024-05-09 15:00:00+00:00,183.55,183.845,183.245,1115,183.295,88237,183.549711
2024-05-09 16:00:00+00:00,183.975,184.015,183.44,748,183.505,61500,183.704844
2024-05-09 17:00:00+00:00,184.48,184.65,183.92,1182,184.0,110977,184.308302
2024-05-09 18:00:00+00:00,184.54,184.61,184.07,929,184.41,69178,184.350953
2024-05-09 19:00:00+00:00,184.62,184.65,184.245,1671,184.515,162376,184.534963
2024-05-10 13:00:00+00:00,183.59,185.085,183.36,1042,184.9,141281,184.057025
2024-05-10 14:00:00+00:00,182.515,183.94,182.28,1303,183.595,142241,183.221037
2024-05-10 15:00:00+00:00,182.6,182.87,182.38,1154,182.57,154586,182.624153
2024-05-10 16:00:00+00:00,182.38,182.585,182.285,689,182.58,54169,182.458005
2024-05-10 17:00:00+00:00,182.475,182.515,182.15,695,182.375,46129,182.354041
2024-05-10 18:00:00+00:00,182.91,182.91,182.35,942,182.48,75620,182.726018
2024-05-10 19:00:00+00:00,183.01,183.185,182.68,1382,182.9,103082,183.01537
2024-05-13 13:00:00+00:00,185.19,185.595,184.64,1550,185.41,189417,185.094492
2024-05-13 14:00:00+00:00,186.07,186.43,184.94,1468,185.205,138157,185.8445
2024-05-13 15:00:00+00:00,186.045,186.25,185.77,1189,186.02,144933,186.022368
2024-05-13 16:00:00+00:00,186.81,186.88,185.97,1338,186.035,241798,186.441824
2024-05-13 17:00:00+00:00,186.785,186.91,186.255,1378,186.815,176796,186.617949
2024-05-13 18:00:00+00:00,186.82,186.94,186.595,1711,186.785,142800,186.725896
2024-05-13 19:00:00+00:00,186.28,187.1,186.075,2466,186.81,288643,186.695575
2024-05-14 13:00:00+00:00,187.0,188.245,186.94,1309,187.775,125849,187.713906
2024-05-14 14:00:00+00:00,186.97,187.12,186.305,883,187.02,67083,186.810736
2024-05-14 15:00:00+00:00,186.91,187.16,186.58,624,187.015,42116,186.866606
2024-05-14 16:00:00+00:00,186.75,186.95,186.61,671,186.92,49797,186.812459
2024-05-14 17:00:00+00:00,186.94,187.04,186.48,498,186.78,29108,186.730927
2024-05-14 18:00:00+00:00,187.52,187.645,186.895,693,186.895,54396,187.352389
2024-05-14 19:00:00+00:00,187.38,187.9,187.215,1736,187.55,210321,187.704246
2024-05-15 13:00:00+00:00,188.83,188.88,187.38,758,187.97,72572,188.032217
2024-05-15 14:00:00+00:00,189.925,189.945,188.82,1116,188.9,126790,189.54448
2024-05-15 15:00:00+00:00,189.87,190.06,189.55,938,189.935,155575,189.886293
2024-05-15 16:00:00+00:00,190.395,190.5,189.81,860,189.86,70379,190.20467
2024-05-15 17:00:00+00:00,190.37,190.63,190.2,865,190.395,82035,190.472159
2024-05-15 18:00:00+00:00,189.98,190.32,189.825,805,190.315,68223,190.036912
2024-05-15 19:00:00+00:00,189.73,190.26,189.515,2221,189.95,312499,189.981053
2024-05-16 13:00:00+00:00,190.54,191.09,189.985,1180,190.41,128006,190.585663
2024-05-16 14:00:00+00:00,190.36,190.75,190.04,1056,190.5,136975,190.458743
2024-05-16 15:00:00+00:00,190.04,190.545,189.775,809,190.39,74124,190.057862
2024-05-16 16:00:00+00:00,190.325,190.485,189.835,606,189.995,58574,190.273829
2024-05-16 17:00:00+00:00,190.18,190.45,189.89,812,190.32,93270,190.164733
2024-05-16 18:00:00+00:00,189.94,190.155,189.77,761,190.155,83115,189.955129
2024-05-16 19:00:00+00:00,189.93,190.185,189.67,1425,189.915,161019,189.899852
2024-05-17 13:00:00+00:00,190.375,190.79,189.22,572,189.51,71892,190.104063
2024-05-17 14:00:00+00:00,189.975,190.49,189.835,549,190.41,46787,190.115499
2024-05-17 15:00:00+00:00,189.58,189.945,189.47,470,189.91,49540,189.719244
2024-05-17 16:00:00+00:00,189.905,189.97,189.57,400,189.58,34226,189.778236
2024-05-17 17:00:00+00:00,189.795,189.915,189.605,208,189.9,14633,189.76191
2024-05-17 18:00:00+00:00,189.98,190.05,189.42,379,189.78,32466,189.730393
2024-05-17 19:00:00+00:00,189.865,190.14,189.75,1221,189.95,184218,189.988062
2024-05-20 13:00:00+00:00,190.9,190.9,189.03,607,189.295,74784,189.896459
2024-05-20 14:00:00+00:00,191.475,191.91,190.81,1728,190.94,180524,191.454476
2024-05-20 15:00:00+00:00,191.28,191.67,191.09,1142,191.475,111052,191.367893
2024-05-20 16:00:00+00:00,191.615,191.675,191.02,926,191.275,112465,191.400159
2024-05-20 17:00:00+00:00,191.5,191.81,191.385,942,191.615,110077,191.632728
2024-05-20 18:00:00+00:00,191.2,191.53,191.145,1190,191.52,134037,191.361728
2024-05-20 19:00:00+00:00,191.045,191.385,190.81,2194,191.15,240170,191.070296
2024-05-21 12:00:00+00:00,191.37,191.37,191.37,3,191.37,200,191.37
2024-05-21 13:00:00+00:00,192.19,192.24,190.93,584,191.31,62006,191.638438
2024-05-21 14:00:00+00:00,192.26,192.58,191.88,986,192.195,101324,192.257077
2024-05-21 15:00:00+00:00,192.1,192.61,192.05,555,192.335,49511,192.344746
2024-05-21 16:00:00+00:00,192.07,192.21,191.81,750,192.06,54293,192.017758
2024-05-21 17:00:00+00:00,192.48,192.505,192.09,757,192.11,75332,192.335887
2024-05-21 18:00:00+00:00,192.62,192.62,192.33,729,192.485,75254,192.496053
2024-05-21 19:00:00+00:00,192.37,192.72,192.28,1525,192.605,141552,192.530847
2024-05-22 13:00:00+00:00,192.46,192.75,191.99,393,192.3,42029,192.376577
2024-05-22 14:00:00+00:00,192.1,192.82,192.1,526,192.46,45008,192.604979
2024-05-22 15:00:00+00:00,191.83,192.29,191.665,739,192.085,76045,192.014565
2024-05-22 16:00:00+00:00,191.375,191.865,191.16,694,191.84,92213,191.62491
2024-05-22 17:00:00+00:00,190.84,191.47,190.755,599,191.295,68812,191.130783
2024-05-22 18:00:00+00:00,190.765,190.85,190.28,413,190.705,37458,190.662395
2024-05-22 19:00:00+00:00,190.925,191.3,190.39,669,190.86,47263,190.853501
2024-05-23 13:00:00+00:00,189.42,190.97,189.07,898,190.87,102241,189.792218
2024-05-23 14:00:00+00:00,188.745,189.67,188.53,1324,189.42,123928,189.063287
2024-05-23 15:00:00+00:00,189.685,189.705,188.705,742,188.73,74421,189.397075
2024-05-23 16:00:00+00:00,188.78,189.66,188.78,576,189.66,56191,189.304431
2024-05-23 17:00:00+00:00,187.58,188.96,187.56,840,188.785,82519,188.382573
2024-05-23 18:00:00+00:00,187.275,187.835,187.18,888,187.59,102559,187.602619
2024-05-23 19:00:00+00:00,186.91,187.83,186.635,1665,187.235,181643,187.167885
2024-05-23 20:00:00+00:00,187.0,187.0,187.0,1,187.0,100,187.0
2024-05-24 13:00:00+00:00,188.76,189.16,188.06,575,188.87,61222,188.431437
2024-05-24 14:00:00+00:00,189.75,189.75,188.695,763,188.835,68449,189.245724
2024-05-24 15:00:00+00:00,190.18,190.245,189.66,571,189.75,43149,189.959339
2024-05-24 16:00:00+00:00,190.3,190.56,190.18,520,190.185,87320,190.456706
2024-05-24 17:00:00+00:00,190.075,190.54,190.075,443,190.365,45264,190.254602
2024-05-24 18:00:00+00:00,190.215,190.445,190.055,734,190.075,77276,190.312112
2024-05-24 19:00:00+00:00,190.0,190.28,189.84,938,190.205,84699,189.995532
2024-05-28 13:00:00+00:00,191.05,192.98,190.34,1378,192.2,180672,191.34091
2024-05-28 14:00:00+00:00,191.595,192.09,191.08,1155,191.12,94578,191.635449
2024-05-28 15:00:00+00:00,191.47,191.93,191.33,934,191.65,106834,191.615505
2024-05-28 16:00:00+00:00,191.3,191.69,191.08,844,191.46,86483,191.355838
2024-05-28 17:00:00+00:00,190.32,191.33,190.21,725,191.305,71716,190.713064
2024-05-28 18:00:00+00:00,189.75,190.48,189.13,929,190.32,93176,189.704255
2024-05-28 19:00:00+00:00,190.1,190.1,189.33,2152,189.76,203456,189.668787
2024-05-29 13:00:00+00:00,191.8,192.225,189.61,1027,189.65,112235,191.311623
2024-05-29 14:00:00+00:00,192.15,192.24,191.35,1563,191.765,128006,191.878346
2024-05-29 15:00:00+00:00,191.495,192.13,191.12,982,192.13,80359,191.501962
2024-05-29 16:00:00+00:00,191.9,192.02,191.28,659,191.435,79063,191.760211
2024-05-29 17:00:00+00:00,191.78,192.01,191.47,623,191.875,45369,191.719495
2024-05-29 18:00:00+00:00,191.22,191.77,191.16,845,191.77,63629,191.46227
2024-05-29 19:00:00+00:00,190.37,191.215,189.955,1790,191.21,232834,190.487154
2024-05-29 20:00:00+00:00,190.25,190.25,190.25,2,190.25,1000,190.25
2024-05-30 13:00:00+00:00,190.86,192.08,190.65,1009,190.75,92228,191.314206
2024-05-30 14:00:00+00:00,191.25,191.59,190.715,1303,190.865,143328,191.265828
2024-05-30 15:00:00+00:00,191.44,191.83,191.305,1367,191.305,89625,191.624811
2024-05-30 16:00:00+00:00,191.735,191.75,191.13,962,191.47,71878,191.487348
2024-05-30 17:00:00+00:00,191.95,192.175,191.72,914,191.74,89927,191.996391
2024-05-30 18:00:00+00:00,191.75,191.985,191.385,858,191.915,57640,191.62523
2024-05-30 19:00:00+00:00,191.28,191.79,190.875,1966,191.75,162114,191.389456
2024-05-31 13:00:00+00:00,191.7,192.56,191.32,1139,191.345,117741,191.858009
2024-05-31 14:00:00+00:00,191.16,192.405,191.07,1803,191.755,174095,191.700194
2024-05-31 15:00:00+00:00,190.35,191.3,190.095,1494,191.21,140004,190.547891
2024-05-31 16:00:00+00:00,190.04,190.39,189.915,879,190.25,64130,190.119115
2024-05-31 17:00:00+00:00,190.79,190.79,189.99,687,189.99,48157,190.495055
2024-05-31 18:00:00+00:00,190.76,190.79,190.37,795,190.58,47785,190.587746
2024-05-31 19:00:00+00:00,192.31,192.48,190.66,2706,190.705,751139,191.312881
2024-06-03 13:00:00+00:00,194.215,194.51,192.6,1050,192.985,94408,193.488167
2024-06-03 14:00:00+00:00,193.94,194.99,193.94,1416,194.34,125939,194.483116
2024-06-03 15:00:00+00:00,193.895,194.38,193.615,381,193.94,32566,193.902508
2024-06-03 16:00:00+00:00,193.26,194.08,192.95,208,194.065,21314,193.757005
2024-06-03 17:00:00+00:00,193.6,194.03,192.89,221,193.17,18661,193.633061
2024-06-03 18:00:00+00:00,193.05,193.58,192.915,278,193.58,27211,193.161263
2024-06-03 19:00:00+00:00,193.99,193.99,192.96,742,193.045,67189,193.611263
2024-06-04 13:00:00+00:00,193.2,195.0,193.145,692,194.845,79652,193.825533
2024-06-04 14:00:00+00:00,194.17,194.37,193.14,998,193.24,95284,193.842412
2024-06-04 15:00:00+00:00,193.845,194.28,193.73,615,194.215,50078,193.991231
2024-06-04 16:00:00+00:00,194.5,194.815,193.855,807,193.855,80120,194.362281
2024-06-04 17:00:00+00:00,194.52,194.84,194.38,552,194.525,37447,194.577558
2024-06-04 18:00:00+00:00,194.67,195.295,194.555,752,194.58,73987,194.905362
2024-06-04 19:00:00+00:00,194.31,194.87,193.93,1187,194.65,98821,194.417817
2024-06-05 13:00:00+00:00,195.68,196.4,194.905,1496,195.39,128811,195.453007
2024-06-05 14:00:00+00:00,195.265,195.795,195.01,1158,195.68,102997,195.417213
2024-06-05 15:00:00+00:00,196.005,196.885,195.23,1472,195.295,146206,196.224531
2024-06-05 16:00:00+00:00,196.035,196.285,195.845,927,196.015,75994,196.102685
2024-06-05 17:00:00+00:00,196.67,196.68,195.65,755,196.04,94066,196.093706
2024-06-05 18:00:00+00:00,195.875,196.675,195.865,699,196.665,57750,196.145005
2024-06-05 19:00:00+00:00,195.87,196.445,195.63,2400,195.78,250181,196.065403
2024-06-05 20:00:00+00:00,195.52,195.52,195.52,1,195.52,100,195.52
2024-06-06 13:00:00+00:00,196.13,196.37,195.235,830,195.53,73059,195.75234
2024-06-06 14:00:00+00:00,195.745,196.49,195.455,1193,196.15,110917,195.912596
2024-06-06 15:00:00+00:00,195.525,195.875,195.41,645,195.75,59763,195.680164
2024-06-06 16:00:00+00:00,195.97,195.97,195.445,856,195.45,71933,195.680909
2024-06-06 17:00:00+00:00,195.47,196.065,195.46,765,195.965,59995,195.724586
2024-06-06 18:00:00+00:00,195.235,195.55,194.965,958,195.475,72385,195.320147
2024-06-06 19:00:00+00:00,194.435,195.5,194.175,1411,195.235,120518,194.801766
2024-06-07 13:00:00+00:00,194.69,195.74,194.16,1282,194.77,132724,194.903321
2024-06-07 14:00:00+00:00,195.63,195.955,194.595,1259,194.62,106298,195.123447
2024-06-07 15:00:00+00:00,195.87,195.935,194.96,1079,195.575,87474,195.597349
2024-06-07 16:00:00+00:00,196.325,196.405,195.635,1343,195.86,108198,195.953026
2024-06-07 17:00:00+00:00,196.52,196.57,195.97,1012,196.305,90812,196.304024
2024-06-07 18:00:00+00:00,195.855,196.515,195.61,1098,196.505,119045,196.025573
2024-06-07 19:00:00+00:00,196.88,196.93,195.78,2326,195.85,256289,196.499555
2024-06-10 13:00:00+00:00,195.44,197.23,195.145,991,196.905,103737,196.058382
2024-06-10 14:00:00+00:00,195.405,195.73,194.885,1898,195.41,188625,195.326817
2024-06-10 15:00:00+00:00,195.26,195.675,195.07,1445,195.39,171289,195.385922
2024-06-10 16:00:00+00:00,195.635,196.145,195.1,1227,195.18,121532,195.831005
2024-06-10 17:00:00+00:00,194.99,196.385,193.455,2183,195.63,392205,195.11086
2024-06-10 18:00:00+00:00,193.205,196.39,192.24,3680,194.905,365231,193.923856
2024-06-10 19:00:00+00:00,193.15,194.16,192.31,3144,193.11,403548,192.891977
2024-06-11 13:00:00+00:00,199.14,199.14,193.65,2583,193.66,329157,196.544088
2024-06-11 14:00:00+00:00,203.23,203.54,198.9,6156,199.13,816211,201.22508
2024-06-11 15:00:00+00:00,204.31,205.4,202.25,4862,203.25,586043,203.841017
2024-06-11 16:00:00+00:00,205.01,205.02,203.46,1778,204.32,171127,204.261649
2024-06-11 17:00:00+00:00,204.97,205.99,204.495,1683,205.03,169853,205.174074
2024-06-11 18:00:00+00:00,205.59,205.9,204.48,1631,204.91,144909,205.266538
2024-06-11 19:00:00+00:00,207.15,207.15,204.705,4261,205.6,496062,206.107091
2024-06-12 13:00:00+00:00,214.23,214.97,206.93,5310,207.385,742434,211.607521
2024-06-12 14:00:00+00:00,216.62,216.62,214.23,4800,214.41,669959,215.289581
2024-06-12 15:00:00+00:00,216.475,218.105,216.18,3569,216.61,454464,217.183584
2024-06-12 16:00:00+00:00,215.83,217.485,214.89,1903,216.51,227220,215.972279
2024-06-12 17:00:00+00:00,217.49,217.635,215.53,1659,215.715,222992,216.935493
2024-06-12 18:00:00+00:00,219.79,220.11,216.58,3194,217.5,432941,218.736662
2024-06-12 19:00:00+00:00,213.17,220.19,212.915,5114,219.76,578329,215.762227
2024-06-13 13:00:00+00:00,214.88,216.64,213.975,2469,214.72,315481,215.569495
2024-06-13 14:00:00+00:00,212.93,214.97,212.83,2268,214.75,201746,213.90834
2024-06-13 15:00:00+00:00,213.74,214.045,212.18,1634,212.88,156605,213.330249
2024-06-13 16:00:00+00:00,212.31,213.71,211.615,1816,213.71,197009,212.660079
2024-06-13 17:00:00+00:00,212.68,213.75,212.265,1030,212.265,111774,212.976708
2024-06-13 18:00:00+00:00,214.06,214.125,212.59,1770,212.69,378851,213.405101
2024-06-13 19:00:00+00:00,214.22,214.875,213.32,3051,213.89,340782,214.245403
2024-06-14 13:00:00+00:00,213.755,215.08,213.32,976,213.765,96598,214.142267
2024-06-14 14:00:00+00:00,213.12,214.615,212.65,1441,213.74,160816,213.481546
2024-06-14 15:00:00+00:00,212.595,213.83,212.47,1290,213.13,163064,213.255793
2024-06-14 16:00:00+00:00,212.145,212.5,211.34,1367,212.46,198858,211.978399
2024-06-14 17:00:00+00:00,212.4,212.445,211.395,1180,212.18,119311,212.06
2024-06-14 18:00:00+00:00,212.22,212.385,211.715,1296,212.385,119394,212.054459
2024-06-14 19:00:00+00:00,212.57,212.59,211.43,2264,212.175,189799,212.159134
2024-06-17 13:00:00+00:00,213.55,214.78,212.81,1847,213.275,238418,213.607811
2024-06-17 14:00:00+00:00,216.885,217.01,213.635,3036,213.635,332067,215.775736
2024-06-17 15:00:00+00:00,216.33,217.285,215.845,2057,216.93,208864,216.604832
2024-06-17 16:00:00+00:00,217.06,217.26,216.18,1308,216.4,132084,216.614544
2024-06-17 17:00:00+00:00,217.94,218.72,216.835,1832,217.045,191158,217.962596
2024-06-17 18:00:00+00:00,218.705,218.93,217.91,2591,217.93,258243,218.384401
2024-06-17 19:00:00+00:00,216.67,218.7,215.52,4153,218.7,495460,217.076058
2024-06-18 12:00:00+00:00,217.8,217.8,217.8,2,217.8,150,217.8
2024-06-18 13:00:00+00:00,214.71,218.61,214.56,2533,217.63,366895,216.698945
2024-06-18 14:00:00+00:00,215.45,215.94,214.485,1991,214.85,218550,215.281058
2024-06-18 15:00:00+00:00,213.575,215.78,213.42,2173,215.495,215760,214.484455
2024-06-18 16:00:00+00:00,214.14,214.15,213.0,917,213.58,69310,213.592648
2024-06-18 17:00:00+00:00,213.585,214.19,213.46,1175,214.19,102537,213.816819
2024-06-18 18:00:00+00:00,213.87,214.02,213.095,855,213.575,54505,213.661959
2024-06-18 19:00:00+00:00,214.38,215.1,213.915,2104,213.915,212630,214.419601
2024-06-20 13:00:00+00:00,212.745,214.22,212.3,1485,213.995,168149,213.340623
2024-06-20 14:00:00+00:00,211.18,213.125,210.1,1910,212.82,209780,211.879717
2024-06-20 15:00:00+00:00,210.86,211.3,209.45,1509,211.225,142827,210.17032
2024-06-20 16:00:00+00:00,209.865,211.0,209.34,906,210.895,69365,210.076149
2024-06-20 17:00:00+00:00,209.85,210.335,209.14,851,209.84,56980,209.744079
2024-06-20 18:00:00+00:00,210.03,210.565,209.435,1051,209.84,66900,210.116928
2024-06-20 19:00:00+00:00,209.55,209.97,208.87,2066,209.82,172123,209.41407
2024-06-21 13:00:00+00:00,210.43,211.85,209.97,1213,210.39,100850,210.624812
2024-06-21 14:00:00+00:00,211.09,211.475,209.62,1314,210.43,98826,210.861229
2024-06-21 15:00:00+00:00,211.245,211.615,210.66,1245,211.075,99640,210.996001
2024-06-21 16:00:00+00:00,210.225,211.495,209.88,1778,211.28,183636,210.482311
2024-06-21 17:00:00+00:00,210.295,210.63,209.915,1830,210.22,182505,210.259016
2024-06-21 18:00:00+00:00,210.115,210.965,209.995,1304,210.3,113363,210.369381
2024-06-21 19:00:00+00:00,207.215,210.97,207.215,4269,210.19,704947,208.888711
2024-06-24 13:00:00+00:00,208.71,208.745,206.65,1309,207.9,157705,207.466247
2024-06-24 14:00:00+00:00,210.505,210.78,208.525,1283,208.71,96143,209.521417
2024-06-24 15:00:00+00:00,211.84,212.65,210.63,1307,210.685,121236,211.781178
2024-06-24 16:00:00+00:00,209.765,211.74,209.56,675,211.695,48055,210.653243
2024-06-24 17:00:00+00:00,209.275,210.14,209.27,690,209.765,47905,209.683718
2024-06-24 18:00:00+00:00,208.87,209.485,208.53,901,209.27,58198,209.118972
2024-06-24 19:00:00+00:00,208.29,209.08,207.865,1781,208.97,160846,208.398135
2024-06-25 13:00:00+00:00,210.095,211.335,208.635,832,209.125,95475,210.205158
2024-06-25 14:00:00+00:00,209.285,210.71,209.22,908,210.08,71441,209.852083
2024-06-25 15:00:00+00:00,210.32,210.48,209.3,822,209.3,57252,209.924906
2024-06-25 16:00:00+00:00,209.685,210.455,209.57,752,210.295,34312,210.03633
2024-06-25 17:00:00+00:00,210.24,210.385,209.38,530,209.69,47904,209.983049
2024-06-25 18:00:00+00:00,210.48,210.655,209.94,644,210.26,46634,210.322997
2024-06-25 19:00:00+00:00,209.17,210.36,208.84,1903,210.36,113452,209.492302
2024-06-26 13:00:00+00:00,211.4,212.24,210.69,905,211.48,78978,211.567856
2024-06-26 14:00:00+00:00,213.195,213.39,211.39,1544,211.53,364057,212.438589
2024-06-26 15:00:00+00:00,214.26,214.41,213.05,1114,213.195,107573,213.597528
2024-06-26 16:00:00+00:00,213.825,214.75,213.325,1747,214.25,93524,214.184467
2024-06-26 17:00:00+00:00,214.02,214.02,213.23,822,213.79,51265,213.680319
2024-06-26 18:00:00+00:00,214.21,214.825,213.95,922,213.99,74933,214.396056
2024-06-26 19:00:00+00:00,213.17,214.14,212.74,1655,214.14,124194,213.282208
2024-06-27 13:00:00+00:00,214.49,215.7,213.74,1385,214.74,171214,214.957119
2024-06-27 14:00:00+00:00,213.275,214.815,212.395,1733,214.405,166513,213.683363
2024-06-27 15:00:00+00:00,213.2,213.665,212.59,1291,213.275,123679,213.207142
2024-06-27 16:00:00+00:00,213.725,214.17,213.09,920,213.11,64920,213.729678
2024-06-27 17:00:00+00:00,213.72,214.06,213.61,679,213.67,47392,213.875437
2024-06-27 18:00:00+00:00,213.735,213.77,213.08,842,213.635,60180,213.394284
2024-06-27 19:00:00+00:00,214.11,214.11,213.14,1805,213.71,124750,213.774608
2024-06-28 13:00:00+00:00,214.335,216.045,213.59,1199,215.83,139464,214.708379
2024-06-28 14:00:00+00:00,214.345,215.51,213.93,2209,214.38,266950,215.011877
2024-06-28 15:00:00+00:00,214.17,214.7,213.78,1627,214.375,165332,214.260202
2024-06-28 16:00:00+00:00,213.93,214.335,213.3,1058,214.195,117232,213.833781
2024-06-28 17:00:00+00:00,213.92,214.5,213.64,1185,213.915,129072,213.999873
2024-06-28 18:00:00+00:00,213.15,214.08,213.1,1297,213.84,175613,213.423544
2024-06-28 19:00:00+00:00,210.61,213.59,210.31,3641,213.12,411738,211.992046
2024-07-01 13:00:00+00:00,213.14,213.99,211.95,1198,212.16,137939,212.942418
2024-07-01 14:00:00+00:00,215.355,215.57,212.845,1810,213.18,157180,214.411793
2024-07-01 15:00:00+00:00,215.685,215.71,214.37,1027,215.36,94484,215.125856
2024-07-01 16:00:00+00:00,216.99,217.49,215.33,1416,215.675,120387,216.606632
2024-07-01 17:00:00+00:00,216.7,217.505,216.35,1082,216.99,88962,217.157099
2024-07-01 18:00:00+00:00,215.71,216.875,215.43,1214,216.72,82147,215.982129
2024-07-01 19:00:00+00:00,216.7,217.0,215.18,1819,215.725,167666,216.27098
2024-07-02 13:00:00+00:00,217.94,218.0,215.14,814,215.8,106048,216.506956
2024-07-02 14:00:00+00:00,219.535,219.85,217.745,1682,218.01,187973,218.781288
2024-07-02 15:00:00+00:00,219.29,220.32,219.13,991,219.55,97526,219.720684
2024-07-02 16:00:00+00:00,219.15,219.365,218.81,569,219.27,47801,219.128038
2024-07-02 17:00:00+00:00,219.59,219.86,218.84,419,219.18,26671,219.538336
2024-07-02 18:00:00+00:00,219.775,220.32,219.52,752,219.54,62432,219.958681
2024-07-02 19:00:00+00:00,220.35,220.35,219.505,1116,219.75,81155,219.898104
2024-07-03 13:00:00+00:00,221.085,221.32,219.64,1349,219.93,129769,220.500548
2024-07-03 14:00:00+00:00,220.52,221.39,219.045,2157,221.2,220554,220.097861
2024-07-03 15:00:00+00:00,220.31,220.72,219.85,1069,220.57,83426,220.246831
2024-07-03 16:00:00+00:00,221.53,221.53,220.35,1629,220.35,133744,221.096229
2024-07-05 13:00:00+00:00,224.11,224.5,221.68,1103,221.705,125588,223.097744
2024-07-05 14:00:00+00:00,224.265,225.43,223.87,1643,224.195,134690,224.635286
2024-07-05 15:00:00+00:00,225.29,225.385,224.17,1349,224.29,102236,224.757832
2024-07-05 16:00:00+00:00,225.085,225.4,224.75,1078,225.315,94330,225.189177
2024-07-05 17:00:00+00:00,225.095,225.63,224.925,853,225.055,59762,225.284249
2024-07-05 18:00:00+00:00,225.21,225.53,225.005,825,225.225,51339,225.23307
2024-07-05 19:00:00+00:00,226.35,226.445,225.22,2229,225.23,193712,225.804909
2024-07-08 13:00:00+00:00,223.66,227.32,223.415,1341,227.125,127730,225.147965
2024-07-08 14:00:00+00:00,225.4,225.77,223.27,1420,223.76,134188,224.898081
2024-07-08 15:00:00+00:00,226.46,227.0,225.41,740,225.43,51672,226.365428
2024-07-08 16:00:00+00:00,226.705,226.75,225.875,624,226.44,34629,226.298815
2024-07-08 17:00:00+00:00,226.44,227.04,226.29,658,226.63,52767,226.642553
2024-07-08 18:00:00+00:00,227.05,227.43,226.44,944,226.49,85976,226.957581
2024-07-08 19:00:00+00:00,227.81,227.84,226.75,1886,226.98,135100,227.399606
2024-07-09 13:00:00+00:00,228.22,228.25,226.38,732,228.23,61505,227.441129
2024-07-09 14:00:00+00:00,228.46,229.38,227.31,1241,228.175,107803,228.508068
2024-07-09 15:00:00+00:00,228.22,228.43,227.5,618,228.4,46943,227.900752
2024-07-09 16:00:00+00:00,228.52,228.535,227.72,799,228.165,69306,228.048037
2024-07-09 17:00:00+00:00,228.095,228.695,227.865,541,228.525,58390,228.137305
2024-07-09 18:00:00+00:00,228.245,228.52,227.885,574,228.09,54457,228.296268
2024-07-09 19:00:00+00:00,228.69,228.78,228.165,1478,228.295,114165,228.472146
2024-07-10 13:00:00+00:00,231.31,231.37,229.31,1491,229.38,133679,230.532822
2024-07-10 14:00:00+00:00,230.235,231.7,230.2,1927,231.305,220431,230.977365
2024-07-10 15:00:00+00:00,231.25,231.39,230.125,1110,230.34,104698,230.908107
2024-07-10 16:00:00+00:00,231.285,232.71,230.94,2243,231.28,264730,231.855232
2024-07-10 17:00:00+00:00,231.985,232.15,230.74,1310,231.295,93478,231.401224
2024-07-10 18:00:00+00:00,232.145,232.155,231.63,1596,231.965,98950,232.00882
2024-07-10 19:00:00+00:00,232.93,233.06,231.66,2459,232.145,196243,232.521013
2024-07-11 13:00:00+00:00,231.79,232.3,230.225,1300,231.89,149533,231.329592
2024-07-11 14:00:00+00:00,226.7,232.12,226.7,2636,231.835,197966,229.490964
2024-07-11 15:00:00+00:00,226.94,227.7,225.78,2074,226.665,146585,226.662801
2024-07-11 16:00:00+00:00,227.76,228.68,226.7,1178,226.99,102163,227.882166
2024-07-11 17:00:00+00:00,226.82,228.18,226.6,656,227.77,35552,227.518141
2024-07-11 18:00:00+00:00,227.87,228.015,226.75,1405,226.86,55042,227.439027
2024-07-11 19:00:00+00:00,227.66,228.695,227.65,1615,227.89,124425,228.139342
2024-07-12 13:00:00+00:00,231.35,231.37,228.685,1183,229.07,103912,229.842824
2024-07-12 14:00:00+00:00,231.82,232.11,230.36,1736,231.39,142687,231.083156
2024-07-12 15:00:00+00:00,230.92,232.35,230.92,1558,231.83,145318,231.766993
2024-07-12 16:00:00+00:00,231.46,231.46,230.58,989,230.86,81988,230.826033
2024-07-12 17:00:00+00:00,232.315,232.61,231.34,844,231.45,77347,231.942373
2024-07-12 18:00:00+00:00,232.26,232.43,231.885,760,232.27,58981,232.226315
2024-07-12 19:00:00+00:00,230.27,232.22,229.92,1752,232.21,143140,231.008463
2024-07-15 13:00:00+00:00,234.52,237.16,233.4,1260,236.63,173922,235.861819
2024-07-15 14:00:00+00:00,235.475,235.595,234.17,1507,234.53,120236,234.857329
2024-07-15 15:00:00+00:00,235.04,236.295,234.67,909,235.56,48091,235.645575
2024-07-15 16:00:00+00:00,235.465,235.87,234.5,1019,235.08,64312,235.12672
2024-07-15 17:00:00+00:00,234.58,235.46,234.15,714,235.46,48755,234.704949
2024-07-15 18:00:00+00:00,234.835,234.835,233.905,738,234.43,34566,234.359408
2024-07-15 19:00:00+00:00,234.43,235.045,233.115,1342,234.71,90941,234.348671
2024-07-16 13:00:00+00:00,234.355,236.25,234.0,821,235.205,86912,235.19222
2024-07-16 14:00:00+00:00,234.06,234.74,233.12,1393,234.37,115611,233.889396
2024-07-16 15:00:00+00:00,233.86,234.91,233.8,704,234.06,42816,234.170838
2024-07-16 16:00:00+00:00,233.565,234.24,232.38,843,233.96,54369,233.239035
2024-07-16 17:00:00+00:00,234.1,234.19,233.325,800,233.55,72876,233.791051
2024-07-16 18:00:00+00:00,234.775,234.86,233.71,664,234.005,49369,234.402633
2024-07-16 19:00:00+00:00,234.83,234.96,234.31,989,234.82,65405,234.661103
2024-07-17 13:00:00+00:00,229.04,231.35,227.905,1302,229.46,180544,229.618564
2024-07-17 14:00:00+00:00,227.79,229.0,226.685,2041,229.0,131528,227.796944
2024-07-17 15:00:00+00:00,228.745,229.0,227.74,1117,227.74,79360,228.476008
2024-07-17 16:00:00+00:00,228.7,228.89,228.295,1004,228.7,78560,228.5505
2024-07-17 17:00:00+00:00,228.555,228.895,228.18,878,228.72,88514,228.622981
2024-07-17 18:00:00+00:00,229.295,229.78,228.53,1119,228.67,86049,229.221202
2024-07-17 19:00:00+00:00,228.96,229.805,228.58,2441,229.225,200288,229.183433
2024-07-17 20:00:00+00:00,228.85,228.85,228.85,1,228.85,100,228.85
2024-07-18 12:00:00+00:00,230.9,230.9,230.9,3,230.9,188,230.9
2024-07-18 13:00:00+00:00,226.87,230.29,226.64,423,230.29,56143,228.883032
2024-07-18 14:00:00+00:00,226.59,228.67,225.17,1632,227.12,150087,227.018004
2024-07-18 15:00:00+00:00,223.46,226.58,222.45,2355,226.58,161304,223.844816
2024-07-18 16:00:00+00:00,223.97,224.17,222.52,1306,223.48,92528,223.34443
2024-07-18 17:00:00+00:00,224.675,225.13,223.52,759,224.18,51481,224.485575
2024-07-18 18:00:00+00:00,224.765,225.0,224.165,554,224.73,49458,224.49902
2024-07-18 19:00:00+00:00,224.21,225.14,223.51,1597,224.825,132766,224.420938
2024-07-19 13:00:00+00:00,225.77,226.59,224.435,657,225.34,74365,225.439849
2024-07-19 14:00:00+00:00,224.84,226.77,224.685,909,225.78,62210,225.724756
2024-07-19 15:00:00+00:00,224.89,225.07,223.64,482,224.855,35249,224.28461
2024-07-19 16:00:00+00:00,224.07,224.925,223.31,375,224.925,37020,224.332147
2024-07-19 17:00:00+00:00,224.61,224.71,223.505,360,223.93,30011,224.126913
2024-07-19 18:00:00+00:00,224.42,224.88,223.89,471,224.495,72642,224.371644
2024-07-19 19:00:00+00:00,224.44,225.105,224.03,1034,224.45,120492,224.478605
2024-07-22 13:00:00+00:00,226.735,227.68,225.655,597,227.335,56772,226.889578
2024-07-22 14:00:00+00:00,225.99,227.77,225.78,1199,226.78,123749,226.700904
2024-07-22 15:00:00+00:00,223.99,226.14,223.275,1142,225.96,118379,224.371968
2024-07-22 16:00:00+00:00,224.31,224.32,223.18,547,224.02,46786,223.869675
2024-07-22 17:00:00+00:00,225.2,225.2,224.02,495,224.31,38286,224.589204
2024-07-22 18:00:00+00:00,225.19,225.54,225.0,310,225.0,27526,225.255107
2024-07-22 19:00:00+00:00,224.16,225.2,223.785,901,225.0,59544,224.354022
2024-07-23 13:00:00+00:00,224.155,224.535,222.68,676,224.365,55544,223.628818
2024-07-23 14:00:00+00:00,224.66,225.13,224.005,926,224.21,63949,224.586888
2024-07-23 15:00:00+00:00,226.65,226.925,224.6,1261,224.67,120350,226.216688
2024-07-23 16:00:00+00:00,225.26,226.645,225.17,1254,226.58,51752,225.802649
2024-07-23 17:00:00+00:00,224.955,225.36,224.56,1029,225.2,46949,224.953625
2024-07-23 18:00:00+00:00,224.695,225.015,224.35,538,225.015,35433,224.668816
2024-07-23 19:00:00+00:00,224.92,225.275,224.35,1308,224.78,87664,224.886987
2024-07-24 13:00:00+00:00,221.29,224.765,220.755,1088,224.115,87052,222.078583
2024-07-24 14:00:00+00:00,218.85,221.305,218.8,1934,221.15,162553,220.251775
2024-07-24 15:00:00+00:00,218.035,219.2,218.025,2104,218.86,181651,218.667811
2024-07-24 16:00:00+00:00,217.83,218.55,217.165,2241,218.015,139896,217.848846
2024-07-24 17:00:00+00:00,218.19,218.49,217.795,2712,217.85,126069,218.148067
2024-07-24 18:00:00+00:00,218.18,218.85,217.82,1488,218.2,127628,218.363995
2024-07-24 19:00:00+00:00,218.585,218.765,217.76,2063,218.22,180353,218.219589
2024-07-25 13:00:00+00:00,215.575,219.69,215.1,842,218.88,85671,217.965549
2024-07-25 14:00:00+00:00,218.495,218.495,214.64,2268,215.4,202148,216.033288
2024-07-25 15:00:00+00:00,219.29,219.39,217.775,682,218.565,46784,218.671814
2024-07-25 16:00:00+00:00,220.21,220.81,218.84,919,219.36,63801,220.03484
2024-07-25 17:00:00+00:00,220.42,220.735,219.34,483,220.125,31562,220.07603
2024-07-25 18:00:00+00:00,218.695,220.41,218.695,650,220.41,60678,219.77937
2024-07-25 19:00:00+00:00,217.42,220.39,217.4,1487,218.62,150313,218.426752
2024-07-26 13:00:00+00:00,217.68,219.12,216.29,1417,218.94,132495,217.389125
2024-07-26 14:00:00+00:00,217.5,217.9,216.04,1841,217.365,179453,217.040255
2024-07-26 15:00:00+00:00,218.54,218.86,217.41,678,217.45,49185,218.040465
2024-07-26 16:00:00+00:00,219.26,219.48,218.45,578,218.45,67862,218.932271
2024-07-26 17:00:00+00:00,218.015,219.395,217.73,547,219.27,49807,218.922651
2024-07-26 18:00:00+00:00,217.78,218.475,217.69,330,217.87,25264,218.178099
2024-07-26 19:00:00+00:00,218.03,218.74,217.14,1759,217.89,155032,217.797144
2024-07-29 13:00:00+00:00,218.95,219.28,215.79,711,217.375,66167,217.734882
2024-07-29 14:00:00+00:00,217.84,219.085,217.46,763,218.965,59240,218.1948
2024-07-29 15:00:00+00:00,218.035,218.07,216.61,585,217.82,43519,217.248341
2024-07-29 16:00:00+00:00,218.8,218.91,218.07,416,218.15,34973,218.509979
2024-07-29 17:00:00+00:00,218.53,219.17,218.49,562,218.78,42229,218.933463
2024-07-29 18:00:00+00:00,218.62,218.73,218.07,437,218.25,23349,218.330979
2024-07-29 19:00:00+00:00,218.185,219.1,218.01,1391,218.635,107449,218.540306
2024-07-30 13:00:00+00:00,219.7,220.27,218.65,870,219.3,63066,219.476966
2024-07-30 14:00:00+00:00,218.71,220.025,218.05,873,219.69,79781,218.994357
2024-07-30 15:00:00+00:00,216.545,218.795,216.34,1094,218.795,106796,217.179659
2024-07-30 16:00:00+00:00,216.23,217.205,216.2,539,216.595,44358,216.747255
2024-07-30 17:00:00+00:00,217.58,217.62,216.12,640,216.175,46551,217.007358
2024-07-30 18:00:00+00:00,218.065,218.73,217.585,582,217.585,51723,218.189566
2024-07-30 19:00:00+00:00,218.68,219.89,218.05,2286,218.21,163534,219.070122
2024-07-31 12:00:00+00:00,221.25,221.25,221.25,9,221.25,300,221.25
2024-07-31 13:00:00+00:00,222.1,222.63,220.91,756,221.52,90924,221.899483
2024-07-31 14:00:00+00:00,222.62,223.81,221.96,1097,222.04,107974,222.922362
2024-07-31 15:00:00+00:00,222.565,223.36,222.325,525,222.61,40079,222.630269
2024-07-31 16:00:00+00:00,222.5,222.735,222.16,399,222.575,27091,222.468636
2024-07-31 17:00:00+00:00,222.38,223.0,221.41,763,222.51,74264,222.104235
2024-07-31 18:00:00+00:00,222.7,223.34,222.025,457,222.19,34903,222.779602
2024-07-31 19:00:00+00:00,222.18,223.01,221.315,1933,222.74,170644,222.186379
2024-08-01 13:00:00+00:00,224.3,224.4,222.61,1276,224.34,119343,223.490614
2024-08-01 14:00:00+00:00,220.985,224.23,220.39,2221,224.23,213677,222.128255
2024-08-01 15:00:00+00:00,219.805,221.16,219.21,2039,220.905,178539,220.201517
2024-08-01 16:00:00+00:00,218.735,220.17,218.47,1906,219.75,169488,219.403581
2024-08-01 17:00:00+00:00,218.64,218.9,217.205,1283,218.7,107992,218.001129
2024-08-01 18:00:00+00:00,217.41,218.78,217.03,1517,218.585,147713,217.651139
2024-08-01 19:00:00+00:00,218.51,219.105,217.17,3371,217.5,368858,218.060413
2024-08-01 20:00:00+00:00,218.19,221.02,216.65,60,216.65,3238,217.735333
2024-08-02 12:00:00+00:00,216.7,216.7,216.7,2,216.7,110,216.7
2024-08-02 13:00:00+00:00,223.24,224.365,217.77,3408,219.06,463849,221.650879
2024-08-02 14:00:00+00:00,222.37,224.36,220.715,4510,223.3,359982,222.731358
2024-08-02 15:00:00+00:00,223.23,223.655,221.44,2841,222.35,279644,222.771566
2024-08-02 16:00:00+00:00,224.235,225.57,222.735,2462,223.135,260436,224.080694
2024-08-02 17:00:00+00:00,224.17,225.25,223.33,1368,224.2,165500,224.622855
2024-08-02 18:00:00+00:00,222.7,224.22,221.96,1702,224.22,151645,223.178908
2024-08-02 19:00:00+00:00,219.81,223.34,219.08,5622,222.72,578003,220.897562
2024-08-05 12:00:00+00:00,202.49,202.49,202.49,2,202.49,111,202.49
2024-08-05 13:00:00+00:00,207.805,210.965,196.0,5967,199.16,697849,205.973874
2024-08-05 14:00:00+00:00,209.39,210.95,207.775,4712,207.87,356305,209.179384
2024-08-05 15:00:00+00:00,210.35,213.45,208.805,2677,209.575,261800,211.046823
2024-08-05 16:00:00+00:00,210.36,212.91,209.72,1968,210.51,160665,211.366313
2024-08-05 17:00:00+00:00,210.76,211.84,209.965,2039,210.34,115138,211.148433
2024-08-05 18:00:00+00:00,204.77,210.92,203.945,3468,210.88,439971,206.837807
2024-08-05 19:00:00+00:00,209.23,209.25,204.09,4638,204.835,514389,207.259053
2024-08-05 20:00:00+00:00,210.42,210.42,209.12,7,209.12,1484,210.12
2024-08-06 12:00:00+00:00,205.77,207.07,205.77,16,207.07,835,206.3675
2024-08-06 13:00:00+00:00,203.13,206.45,201.1,2277,205.88,241173,203.873082
2024-08-06 14:00:00+00:00,207.58,207.66,202.465,2902,203.0,309275,205.36605
2024-08-06 15:00:00+00:00,208.48,208.515,206.06,2440,207.57,200659,207.178448
2024-08-06 16:00:00+00:00,209.725,209.98,208.29,1693,208.445,134396,208.930712
2024-08-06 17:00:00+00:00,208.545,209.7,208.38,1471,209.7,115366,208.965498
2024-08-06 18:00:00+00:00,208.805,209.925,207.775,1245,208.465,94689,208.986644
2024-08-06 19:00:00+00:00,207.14,208.83,206.41,3605,208.745,332489,207.598303
2024-08-07 13:00:00+00:00,212.37,212.39,206.45,822,206.9,77021,210.043082
2024-08-07 14:00:00+00:00,213.135,213.46,210.825,1513,212.5,128047,212.294101
2024-08-07 15:00:00+00:00,212.56,213.625,211.96,1235,213.0,120380,213.078486
2024-08-07 16:00:00+00:00,211.56,212.95,211.215,839,212.555,63576,212.115409
2024-08-07 17:00:00+00:00,210.95,211.81,210.39,989,211.68,83511,211.076759
2024-08-07 18:00:00+00:00,208.91,211.24,208.91,900,210.9,81848,209.99945
2024-08-07 19:00:00+00:00,209.81,210.97,208.54,1873,209.02,169563,210.229839
2024-08-08 13:00:00+00:00,210.6,213.11,208.91,881,213.09,79768,211.701529
2024-08-08 14:00:00+00:00,212.2,212.91,210.545,1528,210.645,108930,212.059523
2024-08-08 15:00:00+00:00,212.41,212.68,211.095,1273,212.21,111027,211.94267
2024-08-08 16:00:00+00:00,213.12,213.46,212.26,1405,212.35,141848,212.902559
2024-08-08 17:00:00+00:00,213.69,214.2,212.69,987,213.23,126907,213.713726
2024-08-08 18:00:00+00:00,212.93,213.8,212.655,1106,213.6,93606,213.160955
2024-08-08 19:00:00+00:00,213.35,213.52,211.905,2791,212.895,173421,212.67741
2024-08-09 13:00:00+00:00,212.56,213.42,211.99,1117,212.06,103064,212.716768
2024-08-09 14:00:00+00:00,214.745,215.17,212.36,1603,212.6,133452,214.112342
2024-08-09 15:00:00+00:00,214.64,215.72,214.555,1406,214.82,128641,215.258586
2024-08-09 16:00:00+00:00,215.4,215.42,214.44,1094,214.78,87666,214.764095
2024-08-09 17:00:00+00:00,215.93,216.74,215.26,1151,215.43,100443,216.140559
2024-08-09 18:00:00+00:00,215.6,216.05,214.93,1089,215.89,122883,215.307518
2024-08-09 19:00:00+00:00,216.16,216.59,215.24,3175,215.595,234366,216.072755
2024-08-12 13:00:00+00:00,217.05,217.52,215.63,866,216.07,72554,216.809263
2024-08-12 14:00:00+00:00,218.595,219.08,216.94,1504,217.0,130638,218.170779
2024-08-12 15:00:00+00:00,218.68,219.5,217.2,1154,218.63,87502,218.225375
2024-08-12 16:00:00+00:00,217.26,218.715,217.2,737,218.715,46274,218.134878
2024-08-12 17:00:00+00:00,216.865,217.67,216.5,670,217.11,54208,217.234072
2024-08-12 18:00:00+00:00,217.37,217.37,216.585,980,216.87,63883,216.959242
2024-08-12 19:00:00+00:00,217.6,217.61,216.63,1458,217.42,108751,217.076257
2024-08-13 13:00:00+00:00,221.115,221.35,219.185,1250,219.185,116204,220.451622
2024-08-13 14:00:00+00:00,220.96,221.69,220.3,1452,221.2,109797,220.844997
2024-08-13 15:00:00+00:00,221.12,221.59,220.93,868,221.01,59420,221.184961
2024-08-13 16:00:00+00:00,221.585,221.585,220.93,814,221.1,93467,221.234968
2024-08-13 17:00:00+00:00,220.92,221.87,220.57,695,221.575,67581,221.379351
2024-08-13 18:00:00+00:00,221.21,221.48,220.72,507,220.94,22659,221.194305
2024-08-13 19:00:00+00:00,221.21,221.31,220.44,1698,221.31,118910,220.813793
2024-08-14 13:00:00+00:00,220.925,221.98,219.7,990,220.51,82151,220.958203
2024-08-14 14:00:00+00:00,221.69,221.72,220.48,1229,220.965,93561,221.233462
2024-08-14 15:00:00+00:00,222.96,223.0,221.64,831,221.705,73729,222.346773
2024-08-14 16:00:00+00:00,221.04,222.955,220.395,955,222.955,104733,221.415172
2024-08-14 17:00:00+00:00,221.295,221.755,220.985,796,220.985,74779,221.379952
2024-08-14 18:00:00+00:00,221.525,221.71,220.96,722,221.195,50579,221.347786
2024-08-14 19:00:00+00:00,221.63,222.35,220.86,1507,221.53,140063,221.637484
2024-08-15 12:00:00+00:00,223.64,223.64,223.64,1,223.64,100,223.64
2024-08-15 13:00:00+00:00,224.38,224.85,222.8,1556,224.6,95850,223.560242
2024-08-15 14:00:00+00:00,224.45,225.35,223.98,1792,224.46,162928,224.748601
2024-08-15 15:00:00+00:00,224.65,224.805,223.89,981,224.3,83488,224.28694
2024-08-15 16:00:00+00:00,224.57,225.015,224.36,965,224.65,92733,224.760952
2024-08-15 17:00:00+00:00,224.66,224.855,224.255,886,224.465,67502,224.595226
2024-08-15 18:00:00+00:00,225.18,225.18,224.63,678,224.69,46238,224.95954
2024-08-15 19:00:00+00:00,224.69,225.32,223.88,2024,225.11,169756,224.700063
2024-08-16 13:00:00+00:00,224.11,224.68,223.67,778,223.98,60759,224.119746
2024-08-16 14:00:00+00:00,224.17,225.01,223.975,1049,224.2,70888,224.447482
2024-08-16 15:00:00+00:00,225.95,226.0,223.995,947,224.14,78832,224.814017
2024-08-16 16:00:00+00:00,226.59,226.8,225.79,793,225.91,57899,226.345018
2024-08-16 17:00:00+00:00,226.19,226.66,226.04,705,226.59,52650,226.473913
2024-08-16 18:00:00+00:00,226.15,226.18,225.66,698,226.135,43945,225.952067
2024-08-16 19:00:00+00:00,226.06,226.19,225.56,1489,226.08,93483,225.946282
2024-08-19 13:00:00+00:00,224.39,225.57,224.14,1052,225.57,87818,224.795756
2024-08-19 14:00:00+00:00,224.21,224.505,223.07,1756,224.41,164407,223.94234
2024-08-19 15:00:00+00:00,223.88,224.72,223.82,795,224.22,61805,224.334251
2024-08-19 16:00:00+00:00,224.37,224.45,223.81,721,223.825,60529,224.278281
2024-08-19 17:00:00+00:00,224.28,224.43,223.76,701,224.315,54511,224.0977
2024-08-19 18:00:00+00:00,224.745,224.915,224.29,706,224.29,63532,224.629399
2024-08-19 19:00:00+00:00,225.82,225.93,224.67,1758,224.78,145264,225.34531
2024-08-20 13:00:00+00:00,227.01,227.165,225.515,1097,225.83,86668,226.494144
2024-08-20 14:00:00+00:00,225.96,227.025,225.75,1613,227.025,113340,226.299526
2024-08-20 15:00:00+00:00,226.93,226.955,225.9,1073,225.965,76941,226.403532
2024-08-20 16:00:00+00:00,226.5,227.1,226.49,846,226.94,58188,226.883482
2024-08-20 17:00:00+00:00,226.765,226.77,226.15,542,226.56,36572,226.569252
2024-08-20 18:00:00+00:00,226.55,227.105,226.545,499,226.665,31293,226.865532
2024-08-20 19:00:00+00:00,226.53,226.88,226.23,1361,226.485,114868,226.52081
2024-08-21 13:00:00+00:00,227.035,227.06,225.95,590,226.58,49983,226.6323
2024-08-21 14:00:00+00:00,226.36,227.97,225.945,1314,227.075,104148,227.114147
2024-08-21 15:00:00+00:00,226.22,226.98,225.78,923,226.23,103328,226.462657
2024-08-21 16:00:00+00:00,226.445,226.5,225.72,653,226.125,67748,226.133272
2024-08-21 17:00:00+00:00,226.21,226.46,225.84,651,226.4,74780,226.126429
2024-08-21 18:00:00+00:00,226.45,226.57,225.88,656,226.23,45007,226.293321
2024-08-21 19:00:00+00:00,226.32,226.56,225.24,1835,226.38,131611,226.024828
2024-08-22 13:00:00+00:00,227.825,228.32,226.7,976,227.59,90535,227.629904
2024-08-22 14:00:00+00:00,226.77,228.28,226.39,1666,228.04,115385,227.133986
2024-08-22 15:00:00+00:00,225.535,227.2,224.925,1500,226.79,111137,226.423272
2024-08-22 16:00:00+00:00,225.54,226.6,225.36,928,225.5,55191,226.043403
2024-08-22 17:00:00+00:00,224.41,225.81,224.06,1216,225.45,85711,224.915034
2024-08-22 18:00:00+00:00,224.42,224.93,223.91,1204,224.39,80695,224.530594
2024-08-22 19:00:00+00:00,224.7,224.92,224.05,2493,224.5,211131,224.397737
2024-08-23 13:00:00+00:00,227.04,227.39,225.545,991,225.96,81781,226.730593
2024-08-23 14:00:00+00:00,226.27,228.22,225.56,2379,227.04,183195,227.334796
2024-08-23 15:00:00+00:00,225.83,226.74,225.2,1060,226.165,67596,226.057246
2024-08-23 16:00:00+00:00,225.32,225.79,224.36,1081,225.79,95955,225.196715
2024-08-23 17:00:00+00:00,226.21,226.49,225.15,624,225.15,37703,225.90895
2024-08-23 18:00:00+00:00,226.48,226.7,226.11,700,226.21,54055,226.419465
2024-08-23 19:00:00+00:00,226.8,227.16,226.26,1664,226.485,223963,226.881173
2024-08-26 13:00:00+00:00,226.34,227.16,226.07,894,226.745,63910,226.530294
2024-08-26 14:00:00+00:00,224.84,226.64,223.93,1924,226.36,160112,224.907226
2024-08-26 15:00:00+00:00,224.81,225.39,224.585,936,224.84,70424,224.983279
2024-08-26 16:00:00+00:00,226.23,226.23,224.65,1118,224.75,37649,225.574275
2024-08-26 17:00:00+00:00,225.6,226.41,225.48,1615,226.2,50140,225.994268
2024-08-26 18:00:00+00:00,226.34,226.34,225.49,636,225.58,45821,225.893281
2024-08-26 19:00:00+00:00,227.24,227.27,226.135,1450,226.28,108558,226.674037
2024-08-27 13:00:00+00:00,226.79,226.835,224.93,1015,225.995,86500,225.82421
2024-08-27 14:00:00+00:00,228.32,228.32,226.795,1607,226.795,148799,227.558789
2024-08-27 15:00:00+00:00,228.19,228.845,227.98,1014,228.41,85531,228.515998
2024-08-27 16:00:00+00:00,228.085,228.46,227.6,784,228.17,51669,228.067916
2024-08-27 17:00:00+00:00,228.55,228.64,227.845,795,228.12,64607,228.290741
2024-08-27 18:00:00+00:00,228.44,228.56,228.27,624,228.535,31782,228.432528
2024-08-27 19:00:00+00:00,228.13,228.42,227.75,1549,228.415,110884,228.052302
2024-08-28 12:00:00+00:00,228.21,228.27,228.21,3,228.27,250,228.24
2024-08-28 13:00:00+00:00,228.6,229.63,227.71,938,227.71,80432,228.824641
2024-08-28 14:00:00+00:00,227.52,229.85,227.45,2014,228.625,163052,228.916583
2024-08-28 15:00:00+00:00,226.85,227.68,226.29,1436,227.27,112374,226.794331
2024-08-28 16:00:00+00:00,227.57,227.57,226.66,1185,226.84,86358,227.100041
2024-08-28 17:00:00+00:00,225.91,227.75,225.82,846,227.51,53552,226.986224
2024-08-28 18:00:00+00:00,227.18,227.22,225.74,915,225.9,60835,226.196841
2024-08-28 19:00:00+00:00,226.395,227.635,226.26,1597,227.24,108865,226.985741
2024-08-29 13:00:00+00:00,231.5,231.65,228.89,1985,230.1,173094,230.523035
2024-08-29 14:00:00+00:00,232.39,232.72,230.32,2398,231.845,205839,231.630378
2024-08-29 15:00:00+00:00,231.67,232.92,231.5,2066,232.39,162098,232.240894
2024-08-29 16:00:00+00:00,232.56,232.67,231.63,1622,231.665,106485,232.146168
2024-08-29 17:00:00+00:00,231.75,232.555,231.38,1239,232.36,77394,231.947276
2024-08-29 18:00:00+00:00,230.42,231.68,229.85,1497,231.62,93232,230.755777
2024-08-29 19:00:00+00:00,229.83,230.74,229.35,2263,230.365,144386,230.035918
2024-08-30 13:00:00+00:00,229.085,230.38,228.82,915,230.23,87255,229.787124
2024-08-30 14:00:00+00:00,228.745,230.0,228.6,1614,229.15,106720,229.148441
2024-08-30 15:00:00+00:00,228.59,228.98,227.545,1733,228.51,116453,228.266501
2024-08-30 16:00:00+00:00,228.37,228.81,227.5,1086,228.17,68642,228.024905
2024-08-30 17:00:00+00:00,227.7,228.65,227.7,698,228.395,38611,228.159391
2024-08-30 18:00:00+00:00,228.55,228.69,227.69,1384,227.78,106292,227.892477
2024-08-30 19:00:00+00:00,228.88,229.84,228.25,2357,228.55,207740,228.915434
2024-09-03 13:00:00+00:00,226.17,229.0,225.36,1422,228.59,114428,226.63205
2024-09-03 14:00:00+00:00,223.61,226.465,223.54,2164,226.15,139255,224.844186
2024-09-03 15:00:00+00:00,223.515,224.65,223.28,1459,223.665,94296,224.044205
2024-09-03 16:00:00+00:00,223.67,224.29,223.44,1024,223.63,62139,223.813016
2024-09-03 17:00:00+00:00,223.2,224.09,223.19,907,223.74,50336,223.657362
2024-09-03 18:00:00+00:00,221.94,223.3,221.85,1712,223.3,119333,222.444935
2024-09-03 19:00:00+00:00,222.72,222.72,221.24,3807,221.95,312906,222.182629
2024-09-03 20:00:00+00:00,221.82,221.82,221.82,1,221.82,100,221.82
2024-09-04 13:00:00+00:00,219.495,221.75,219.05,1727,221.72,261967,219.956539
2024-09-04 14:00:00+00:00,219.45,219.55,217.49,3888,219.53,398321,218.545061
2024-09-04 15:00:00+00:00,219.25,220.245,218.04,1568,219.46,112399,219.080874
2024-09-04 16:00:00+00:00,220.215,220.215,219.14,1371,219.345,110893,219.716296
2024-09-04 17:00:00+00:00,220.87,220.89,219.82,1259,220.155,87863,220.339854
2024-09-04 18:00:00+00:00,220.53,221.13,220.43,1058,220.87,60134,220.790138
2024-09-04 19:00:00+00:00,220.73,221.41,220.17,2738,220.49,244239,220.660274
2024-09-05 13:00:00+00:00,224.72,224.92,221.64,1045,221.64,87068,223.429774
2024-09-05 14:00:00+00:00,223.73,225.47,223.67,1475,224.88,113566,224.727797
2024-09-05 15:00:00+00:00,222.02,223.855,221.91,1281,223.73,128863,222.919332
2024-09-05 16:00:00+00:00,222.89,223.12,221.97,1088,221.98,72036,222.575371
2024-09-05 17:00:00+00:00,223.57,223.72,222.38,814,222.82,68429,223.029504
2024-09-05 18:00:00+00:00,223.33,223.845,223.21,927,223.7,63784,223.50984
2024-09-05 19:00:00+00:00,222.29,223.37,221.825,1859,223.3,132117,222.411524
2024-09-06 13:00:00+00:00,224.045,225.23,222.84,1574,223.94,198769,224.389342
2024-09-06 14:00:00+00:00,221.4,224.74,220.94,2582,224.01,239775,222.974248
2024-09-06 15:00:00+00:00,220.96,222.54,220.84,1802,221.41,147011,221.534301
2024-09-06 16:00:00+00:00,220.75,221.33,220.47,1315,220.96,94155,220.846138
2024-09-06 17:00:00+00:00,220.21,221.61,220.11,1136,220.67,89664,221.021064
2024-09-06 18:00:00+00:00,220.49,220.63,219.83,1113,220.29,61206,220.199395
2024-09-06 19:00:00+00:00,220.95,221.46,220.165,2959,220.53,218949,220.902033
2024-09-09 13:00:00+00:00,219.25,221.24,217.845,2641,221.03,233986,219.298554
2024-09-09 14:00:00+00:00,217.26,220.175,217.19,2946,219.34,224978,218.925618
2024-09-09 15:00:00+00:00,219.89,219.89,217.09,1909,217.195,136135,218.732473
2024-09-09 16:00:00+00:00,220.14,220.595,219.685,1570,219.87,99448,220.12766
2024-09-09 17:00:00+00:00,219.155,220.925,218.495,2143,220.185,197286,219.890111
2024-09-09 18:00:00+00:00,217.88,219.045,216.72,3911,219.045,357030,217.610346
2024-09-09 19:00:00+00:00,220.95,221.02,217.81,4254,217.85,357158,220.013462
2024-09-10 13:00:00+00:00,217.5,220.0,216.78,2029,218.86,210050,218.095376
2024-09-10 14:00:00+00:00,219.16,219.96,217.46,2770,217.46,229561,218.926375
2024-09-10 15:00:00+00:00,218.36,220.38,218.27,1431,219.12,104136,219.588834
2024-09-10 16:00:00+00:00,219.565,219.925,218.045,1096,218.31,80807,218.886591
2024-09-10 17:00:00+00:00,220.8,220.92,219.54,1036,219.55,100662,220.406252
2024-09-10 18:00:00+00:00,220.41,221.455,220.25,1162,220.86,92435,220.872801
2024-09-10 19:00:00+00:00,220.1,221.075,219.7,1874,220.33,139436,220.509059
2024-09-11 13:00:00+00:00,220.57,223.07,220.3,1170,221.29,88836,221.413851
2024-09-11 14:00:00+00:00,218.575,221.01,217.91,2331,220.495,182736,219.310343
2024-09-11 15:00:00+00:00,219.73,220.32,218.08,1160,218.45,102961,218.883025
2024-09-11 16:00:00+00:00,221.08,221.31,219.68,907,219.68,63470,220.647644
2024-09-11 17:00:00+00:00,221.09,221.82,220.86,1014,221.18,79688,221.338741
2024-09-11 18:00:00+00:00,221.41,221.76,220.89,868,221.03,66123,221.328586
2024-09-11 19:00:00+00:00,222.56,222.98,221.12,2736,221.42,259559,222.162074
2024-09-12 13:00:00+00:00,221.0,222.51,219.84,1151,222.39,95055,220.99151
2024-09-12 14:00:00+00:00,221.925,222.36,220.96,1555,221.145,136608,221.886136
2024-09-12 15:00:00+00:00,221.97,223.03,221.74,1292,221.74,97083,222.24119
2024-09-12 16:00:00+00:00,222.49,222.49,221.65,721,221.98,52244,221.930162
2024-09-12 17:00:00+00:00,223.08,223.23,222.46,785,222.54,70718,222.917662
2024-09-12 18:00:00+00:00,223.19,223.535,222.21,977,223.11,73208,223.029028
2024-09-12 19:00:00+00:00,222.85,223.445,222.51,2007,223.13,151878,222.89122
2024-09-13 13:00:00+00:00,222.5,223.83,222.3,1314,223.79,138688,222.733801
2024-09-13 14:00:00+00:00,223.09,223.49,222.0,1412,222.53,111880,222.793805
2024-09-13 15:00:00+00:00,223.78,223.805,223.155,781,223.165,63027,223.55968
2024-09-13 16:00:00+00:00,223.865,223.99,223.07,619,223.78,51987,223.48462
2024-09-13 17:00:00+00:00,223.685,224.0,223.38,695,223.95,49756,223.669676
2024-09-13 18:00:00+00:00,222.485,223.99,222.43,843,223.72,58055,223.112311
2024-09-13 19:00:00+00:00,222.42,222.81,222.32,2088,222.415,163362,222.530339
2024-09-16 13:00:00+00:00,215.245,216.8,213.94,4073,216.6,458719,215.353768
2024-09-16 14:00:00+00:00,215.25,217.2,215.03,3011,215.17,263677,216.002152
2024-09-16 15:00:00+00:00,215.98,216.575,214.85,2310,215.23,197170,215.806579
2024-09-16 16:00:00+00:00,215.56,216.04,214.93,1652,215.97,145494,215.38552
2024-09-16 17:00:00+00:00,216.22,216.39,215.55,1328,215.585,80646,215.907551
2024-09-16 18:00:00+00:00,216.44,216.51,216.01,1164,216.17,117424,216.272973
2024-09-16 19:00:00+00:00,216.46,216.695,215.94,2252,216.38,176727,216.395627
2024-09-17 13:00:00+00:00,216.19,216.545,214.5,2025,215.75,239881,215.657948
2024-09-17 14:00:00+00:00,216.07,216.895,215.56,1623,216.27,153052,216.301348
2024-09-17 15:00:00+00:00,216.61,216.84,216.0,1307,216.125,117165,216.345093
2024-09-17 16:00:00+00:00,215.79,216.62,215.23,1227,216.6,117772,216.008608
2024-09-17 17:00:00+00:00,216.14,216.38,215.07,1071,215.95,68792,215.88592
2024-09-17 18:00:00+00:00,215.84,216.38,215.32,889,216.09,67832,216.003596
2024-09-17 19:00:00+00:00,216.85,216.85,215.75,2278,215.84,184845,216.487149
2024-09-18 13:00:00+00:00,219.205,219.54,217.29,1513,217.29,149308,218.832752
2024-09-18 14:00:00+00:00,220.905,221.595,219.05,2112,219.17,204740,220.56581
2024-09-18 15:00:00+00:00,219.55,221.34,219.54,1561,220.935,141264,220.441077
2024-09-18 16:00:00+00:00,221.335,221.35,219.55,943,219.61,80620,220.710451
2024-09-18 17:00:00+00:00,220.72,221.505,220.41,906,221.31,73671,220.999016
2024-09-18 18:00:00+00:00,220.22,222.63,219.85,2584,221.68,228700,221.124705
2024-09-18 19:00:00+00:00,220.83,221.8,218.96,3902,220.04,325940,220.604914
2024-09-19 13:00:00+00:00,227.3,227.41,224.65,2371,225.095,276658,226.618899
2024-09-19 14:00:00+00:00,227.94,229.795,227.245,4317,227.3,543716,228.741131
2024-09-19 15:00:00+00:00,228.29,228.83,227.66,2574,227.96,236350,228.291372
2024-09-19 16:00:00+00:00,229.185,229.32,228.305,1980,228.305,266985,229.02976
2024-09-19 17:00:00+00:00,229.37,229.455,228.715,2252,229.17,314584,229.167266
2024-09-19 18:00:00+00:00,229.295,229.42,228.4,2378,229.38,404712,228.941891
2024-09-19 19:00:00+00:00,228.905,229.59,228.32,4843,229.31,574881,229.136506
2024-09-20 13:00:00+00:00,230.015,231.1,229.225,2114,229.98,285776,230.205883
2024-09-20 14:00:00+00:00,230.28,230.57,229.39,2508,230.0,284338,230.027208
2024-09-20 15:00:00+00:00,230.8,230.94,229.23,2360,230.37,233239,230.183941
2024-09-20 16:00:00+00:00,231.805,231.93,230.78,1792,230.79,183840,231.47176
2024-09-20 17:00:00+00:00,230.66,231.9,230.61,3132,231.845,369037,231.105047
2024-09-20 18:00:00+00:00,231.5,231.605,229.5,4858,230.66,669084,230.353163
2024-09-20 19:00:00+00:00,228.535,233.075,227.68,10389,231.5,1592413,231.254288
2024-09-23 13:00:00+00:00,226.9,227.79,225.85,2260,227.18,259035,227.00485
2024-09-23 14:00:00+00:00,228.72,229.44,226.3,2587,226.985,208544,227.567937
2024-09-23 15:00:00+00:00,228.34,228.88,228.13,1230,228.7,81130,228.540685
2024-09-23 16:00:00+00:00,226.78,228.21,226.72,2111,228.2,109851,227.199485
2024-09-23 17:00:00+00:00,227.09,227.14,226.53,2199,226.67,122316,226.881141
2024-09-23 18:00:00+00:00,226.69,227.18,226.5,965,227.1,61690,226.818271
2024-09-23 19:00:00+00:00,226.49,226.69,225.85,2418,226.68,169675,226.280427
2024-09-24 13:00:00+00:00,227.39,229.34,227.18,1519,228.645,135122,227.997667
2024-09-24 14:00:00+00:00,227.24,227.43,225.75,1773,227.42,160935,226.483992
2024-09-24 15:00:00+00:00,227.45,227.6,226.72,1390,227.205,99964,227.180795
2024-09-24 16:00:00+00:00,226.99,227.73,226.98,759,227.48,40462,227.529582
2024-09-24 17:00:00+00:00,227.31,227.485,226.82,983,226.92,68906,227.216573
2024-09-24 18:00:00+00:00,226.875,227.37,226.55,1003,227.31,62460,226.988825
2024-09-24 19:00:00+00:00,227.46,227.5,226.41,1938,226.88,147460,226.903479
2024-09-25 13:00:00+00:00,226.9,226.97,224.63,1658,224.99,152233,225.753989
2024-09-25 14:00:00+00:00,226.39,227.26,226.14,1500,227.0,112664,226.660142
2024-09-25 15:00:00+00:00,225.54,226.63,225.305,1525,226.34,139859,225.703223
2024-09-25 16:00:00+00:00,225.79,226.01,225.405,964,225.53,65602,225.683932
2024-09-25 17:00:00+00:00,224.955,225.88,224.85,1451,225.755,132256,225.267544
2024-09-25 18:00:00+00:00,224.945,225.085,224.02,1505,224.965,135400,224.592405
2024-09-25 19:00:00+00:00,226.36,226.36,224.95,2247,224.955,179380,225.69782
2024-09-26 13:00:00+00:00,226.51,227.57,225.515,1481,227.57,133688,226.412433
2024-09-26 14:00:00+00:00,227.19,228.45,226.115,2232,226.51,183791,227.300332
2024-09-26 15:00:00+00:00,227.69,227.93,226.69,1414,227.15,102723,227.329028
2024-09-26 16:00:00+00:00,227.28,227.69,227.035,782,227.69,56778,227.258503
2024-09-26 17:00:00+00:00,227.06,227.49,226.67,1015,227.2,71005,227.156218
2024-09-26 18:00:00+00:00,227.775,227.85,226.97,842,227.155,63452,227.503413
2024-09-26 19:00:00+00:00,227.665,227.79,227.03,2783,227.76,265038,227.511683
2024-09-27 13:00:00+00:00,228.8,229.47,228.0,1133,228.57,88565,228.720416
2024-09-27 14:00:00+00:00,228.65,229.495,228.52,1806,228.86,135270,228.987205
2024-09-27 15:00:00+00:00,227.54,228.68,227.3,1345,228.615,113083,227.968011
2024-09-27 16:00:00+00:00,228.3,228.34,227.48,1159,227.565,70669,227.928896
2024-09-27 17:00:00+00:00,228.36,228.6,227.855,930,228.34,69539,228.128261
2024-09-27 18:00:00+00:00,228.115,228.515,227.56,1176,228.36,85460,227.958023
2024-09-27 19:00:00+00:00,227.73,228.12,227.55,2118,228.12,155928,227.833021
2024-09-30 13:00:00+00:00,230.925,232.35,229.68,1602,230.04,140828,231.671094
2024-09-30 14:00:00+00:00,231.59,231.72,230.34,2912,231.02,145839,230.971287
2024-09-30 15:00:00+00:00,232.32,232.4,231.38,1589,231.6,112315,231.889282
2024-09-30 16:00:00+00:00,231.78,232.53,231.74,1000,232.27,84106,232.219747
2024-09-30 17:00:00+00:00,231.91,231.97,231.31,700,231.8,47319,231.643683
2024-09-30 18:00:00+00:00,231.74,231.9,230.61,1021,231.82,70236,231.420649
2024-09-30 19:00:00+00:00,232.85,233.0,231.05,2924,231.735,328744,232.134238
2024-10-01 13:00:00+00:00,226.09,229.58,225.645,3025,229.14,315034,226.900864
2024-10-01 14:00:00+00:00,225.28,226.24,224.56,3131,226.1,263172,225.274091
2024-10-01 15:00:00+00:00,225.22,225.92,224.52,2134,225.28,214485,225.19559
2024-10-01 16:00:00+00:00,224.78,225.82,224.3,2515,225.19,190637,225.063398
2024-10-01 17:00:00+00:00,225.13,225.15,223.75,1983,224.745,150042,224.415809
2024-10-01 18:00:00+00:00,225.62,225.71,225.09,1558,225.17,118876,225.423103
2024-10-01 19:00:00+00:00,226.205,226.33,225.54,2479,225.61,239047,226.054723
2024-10-02 13:00:00+00:00,223.44,226.095,223.22,1547,226.095,137068,224.310511
2024-10-02 14:00:00+00:00,226.01,226.385,223.03,2186,223.36,203705,224.984021
2024-10-02 15:00:00+00:00,226.81,227.04,225.945,1363,226.09,144005,226.549902
2024-10-02 16:00:00+00:00,226.64,227.02,226.64,1076,226.87,106317,226.841829
2024-10-02 17:00:00+00:00,227.14,227.14,226.38,641,226.695,52387,226.806112
2024-10-02 18:00:00+00:00,226.88,227.17,226.46,505,227.12,47039,226.992939
2024-10-02 19:00:00+00:00,226.77,227.35,226.69,1530,226.875,121281,227.042598
2024-10-03 13:00:00+00:00,226.4,226.67,224.92,1069,225.14,92610,225.961774
2024-10-03 14:00:00+00:00,224.42,226.805,224.37,2139,226.49,185185,225.252503
2024-10-03 15:00:00+00:00,225.13,225.25,224.32,1248,224.33,103720,224.778199
2024-10-03 16:00:00+00:00,223.83,225.36,223.64,915,225.18,129197,224.520636
2024-10-03 17:00:00+00:00,224.25,224.295,223.33,1020,223.74,67526,223.899087
2024-10-03 18:00:00+00:00,223.625,224.385,223.615,846,224.295,57360,223.903462
2024-10-03 19:00:00+00:00,225.6,225.83,223.51,1742,223.57,154960,224.62162
2024-10-04 13:00:00+00:00,225.17,227.96,225.08,2109,227.92,200664,226.398149
2024-10-04 14:00:00+00:00,225.04,225.58,224.17,2648,225.18,240978,224.920501
2024-10-04 15:00:00+00:00,225.53,225.53,224.34,1456,225.15,68942,224.922431
2024-10-04 16:00:00+00:00,225.16,225.57,224.71,980,225.54,91725,225.206413
2024-10-04 17:00:00+00:00,224.88,225.4,224.55,953,225.2,57697,225.001166
2024-10-04 18:00:00+00:00,225.54,225.54,224.7,862,224.83,90621,225.144388
2024-10-04 19:00:00+00:00,226.69,226.97,225.29,1961,225.48,169110,226.290587
2024-10-07 13:00:00+00:00,225.1,225.39,224.1,1163,224.47,123361,224.861996
2024-10-07 14:00:00+00:00,225.3,225.68,224.43,1708,225.01,153340,225.237978
2024-10-07 15:00:00+00:00,224.885,225.27,224.49,921,225.24,58034,224.905751
2024-10-07 16:00:00+00:00,223.99,224.9,223.93,875,224.89,76569,224.341315
2024-10-07 17:00:00+00:00,223.82,224.565,223.435,934,223.97,71416,223.940405
2024-10-07 18:00:00+00:00,222.325,223.965,222.245,1471,223.87,135094,222.978988
2024-10-07 19:00:00+00:00,221.74,222.765,221.33,2421,222.26,200628,222.218688
2024-10-08 13:00:00+00:00,225.05,225.145,223.28,1546,224.26,122804,224.334931
2024-10-08 14:00:00+00:00,225.09,225.89,224.55,2156,225.14,194813,225.237816
2024-10-08 15:00:00+00:00,225.33,225.6,224.67,1177,225.01,94129,225.073894
2024-10-08 16:00:00+00:00,224.7,225.29,224.585,645,225.26,43384,224.948458
2024-10-08 17:00:00+00:00,224.99,224.99,224.22,465,224.68,28450,224.68839
2024-10-08 18:00:00+00:00,225.355,225.42,224.8,1169,224.9,63879,225.052895
2024-10-08 19:00:00+00:00,225.79,225.97,225.1,2621,225.36,197896,225.487775
2024-10-09 13:00:00+00:00,226.1,226.45,224.92,824,225.17,67780,225.74016
2024-10-09 14:00:00+00:00,227.645,227.79,225.82,1343,226.22,106031,226.987305
2024-10-09 15:00:00+00:00,228.42,228.595,227.65,1328,227.65,118479,228.165723
2024-10-09 16:00:00+00:00,228.64,229.02,228.085,1077,228.4,74239,228.572366
2024-10-09 17:00:00+00:00,228.525,229.0,228.06,781,228.66,57884,228.687831
2024-10-09 18:00:00+00:00,229.3,229.635,228.46,1252,228.48,95524,229.143724
2024-10-09 19:00:00+00:00,229.51,229.745,228.805,1863,229.25,163380,229.476305
2024-10-10 12:00:00+00:00,228.25,228.83,228.06,8,228.83,800,228.4275
2024-10-10 13:00:00+00:00,228.42,228.79,227.17,1519,227.8,103558,228.012031
2024-10-10 14:00:00+00:00,227.77,228.46,227.67,1384,228.46,91120,228.012906
2024-10-10 15:00:00+00:00,228.655,228.655,227.69,590,227.86,35485,228.158174
2024-10-10 16:00:00+00:00,228.475,229.24,228.15,475,228.68,32827,228.689944
2024-10-10 17:00:00+00:00,228.68,228.77,228.06,590,228.495,36778,228.479215
2024-10-10 18:00:00+00:00,228.44,228.6,228.1,479,228.55,31209,228.404042
2024-10-10 19:00:00+00:00,229.03,229.49,228.27,1527,228.445,122032,229.060551
2024-10-11 13:00:00+00:00,227.99,229.395,227.37,893,229.395,80589,228.13688
2024-10-11 14:00:00+00:00,228.14,229.17,227.66,1329,227.965,108349,228.433825
2024-10-11 15:00:00+00:00,228.1,228.39,227.715,990,228.055,72471,228.00075
2024-10-11 16:00:00+00:00,227.87,228.075,227.425,553,228.06,38345,227.75444
2024-10-11 17:00:00+00:00,227.82,228.05,227.51,512,227.87,35342,227.736051
2024-10-11 18:00:00+00:00,228.57,228.63,227.85,635,227.905,61633,228.37158
2024-10-11 19:00:00+00:00,227.51,228.96,227.5,1729,228.54,147100,228.275459
2024-10-14 13:00:00+00:00,230.555,231.305,228.65,1253,228.89,157005,230.511983
2024-10-14 14:00:00+00:00,229.5,230.87,229.33,1433,230.585,129564,230.388028
2024-10-14 15:00:00+00:00,230.275,230.275,229.17,1015,229.49,76003,229.669944
2024-10-14 16:00:00+00:00,230.34,230.6,230.05,647,230.335,43804,230.34266
2024-10-14 17:00:00+00:00,230.17,230.545,230.17,570,230.34,32443,230.38057
2024-10-14 18:00:00+00:00,231.16,231.18,230.08,595,230.14,47099,230.789667
2024-10-14 19:00:00+00:00,231.3,231.73,231.04,2434,231.1,205298,231.374612
2024-10-15 13:00:00+00:00,236.68,237.12,232.4,2347,233.635,205686,235.598814
2024-10-15 14:00:00+00:00,235.38,237.49,235.15,3310,236.68,268587,236.30854
2024-10-15 15:00:00+00:00,235.38,236.27,234.7,1997,235.37,148207,235.465051
2024-10-15 16:00:00+00:00,234.475,235.81,234.32,1514,235.405,126314,235.132881
2024-10-15 17:00:00+00:00,233.765,234.65,233.73,1175,234.48,89500,234.165348
2024-10-15 18:00:00+00:00,233.8,234.15,233.51,972,233.81,63731,233.851838
2024-10-15 19:00:00+00:00,233.93,234.065,232.85,2986,233.8,250044,233.559292
2024-10-16 13:00:00+00:00,230.08,232.09,230.04,1480,231.6,138995,230.942218
2024-10-16 14:00:00+00:00,230.36,230.99,229.85,1947,230.2,168676,230.48427
2024-10-16 15:00:00+00:00,230.18,231.145,230.14,1452,230.425,115220,230.614825
2024-10-16 16:00:00+00:00,231.03,231.05,230.065,1056,230.195,79008,230.33529
2024-10-16 17:00:00+00:00,230.8,231.26,230.6,820,231.06,50436,230.934096
2024-10-16 18:00:00+00:00,231.27,231.42,230.75,759,230.84,46849,231.099642
2024-10-16 19:00:00+00:00,231.72,231.9,231.21,1706,231.27,117437,231.586157
2024-10-17 13:00:00+00:00,231.64,233.765,230.55,1110,233.46,88445,231.648704
2024-10-17 14:00:00+00:00,231.35,232.52,231.2,1312,231.9,120551,231.96591
2024-10-17 15:00:00+00:00,232.56,232.56,231.24,814,231.36,52434,232.061473
2024-10-17 16:00:00+00:00,232.11,232.8,232.07,591,232.59,43781,232.27201
2024-10-17 17:00:00+00:00,232.44,232.575,232.09,841,232.22,68126,232.440334
2024-10-17 18:00:00+00:00,232.025,232.56,231.27,734,232.435,49804,231.782713
2024-10-17 19:00:00+00:00,232.17,232.32,231.67,1676,232.11,125123,231.970745
2024-10-18 12:00:00+00:00,236.92,236.92,236.47,4,236.47,400,236.6575
2024-10-18 13:00:00+00:00,235.41,236.73,234.04,1818,236.37,184887,235.030913
2024-10-18 14:00:00+00:00,234.69,235.86,234.3,1922,235.455,158966,235.096218
2024-10-18 15:00:00+00:00,235.03,235.335,234.66,1026,234.67,71205,234.996537
2024-10-18 16:00:00+00:00,235.48,235.63,234.87,955,235.01,91413,235.212032
2024-10-18 17:00:00+00:00,235.635,235.855,235.055,1295,235.465,119877,235.486175
2024-10-18 18:00:00+00:00,235.55,235.745,235.36,791,235.64,59519,235.5605
2024-10-18 19:00:00+00:00,234.95,235.55,234.82,2012,235.55,163029,235.102193
2024-10-18 20:00:00+00:00,235.04,235.04,235.04,1,235.04,100,235.04
2024-10-21 13:00:00+00:00,235.185,235.48,234.31,1296,234.31,103645,235.044109
2024-10-21 14:00:00+00:00,235.9,236.06,234.96,1362,235.18,99277,235.527136
2024-10-21 15:00:00+00:00,236.26,236.44,235.17,1147,235.865,79816,235.777637
2024-10-21 16:00:00+00:00,236.495,236.61,235.94,714,236.24,56012,236.325914
2024-10-21 17:00:00+00:00,236.67,236.745,236.21,692,236.51,57830,236.453242
2024-10-21 18:00:00+00:00,235.965,236.8,235.945,612,236.7,39981,236.328422
2024-10-21 19:00:00+00:00,236.48,236.53,235.835,1690,236.01,118579,236.140318
2024-10-22 13:00:00+00:00,233.13,234.14,232.67,1284,233.86,120997,233.25136
2024-10-22 14:00:00+00:00,234.22,234.29,233.01,1485,233.105,116199,233.709613
2024-10-22 15:00:00+00:00,234.525,234.88,233.965,762,234.235,84261,234.41672
2024-10-22 16:00:00+00:00,234.94,234.94,234.13,560,234.475,36677,234.457026
2024-10-22 17:00:00+00:00,235.69,235.69,234.795,550,234.96,48025,235.128889
2024-10-22 18:00:00+00:00,235.36,235.99,235.22,689,235.605,47254,235.470673
2024-10-22 19:00:00+00:00,235.89,236.18,235.285,1325,235.33,109081,235.878558
2024-10-23 13:00:00+00:00,234.955,235.13,233.89,848,234.1,63246,234.597575
2024-10-23 14:00:00+00:00,234.27,235.1,234.165,1137,234.9,93789,234.662287
2024-10-23 15:00:00+00:00,231.54,234.52,230.595,2417,234.24,279673,231.937575
2024-10-23 16:00:00+00:00,229.67,231.9,228.96,3859,231.56,352383,230.371061
2024-10-23 17:00:00+00:00,228.375,230.2,228.315,2530,229.54,166583,229.420859
2024-10-23 18:00:00+00:00,229.3,229.64,227.77,1620,228.33,138512,228.615702
2024-10-23 19:00:00+00:00,230.675,230.845,229.19,2480,229.21,189285,230.318829
2024-10-24 13:00:00+00:00,229.74,230.37,228.42,1999,229.97,196909,229.338117
2024-10-24 14:00:00+00:00,229.24,230.375,229.24,2063,229.8,159757,229.892569
2024-10-24 15:00:00+00:00,229.58,230.19,228.89,1087,229.25,95252,229.563211
2024-10-24 16:00:00+00:00,230.33,230.345,228.69,785,229.6,67321,229.363271
2024-10-24 17:00:00+00:00,230.215,230.815,230.12,1163,230.3,110584,230.42089
2024-10-24 18:00:00+00:00,230.37,230.55,230.06,748,230.285,58345,230.363658
2024-10-24 19:00:00+00:00,230.6,230.785,230.16,1409,230.445,113081,230.592202
2024-10-25 13:00:00+00:00,231.82,232.065,229.6,1005,229.74,86262,231.257203
2024-10-25 14:00:00+00:00,232.86,232.86,231.73,1398,231.92,102708,232.228659
2024-10-25 15:00:00+00:00,232.03,233.12,231.77,1039,232.85,83452,232.534928
2024-10-25 16:00:00+00:00,232.755,232.935,231.95,674,232.03,52904,232.623353
2024-10-25 17:00:00+00:00,231.5,232.775,231.15,843,232.775,69495,231.762191
2024-10-25 18:00:00+00:00,232.13,232.195,231.08,871,231.52,62964,231.720266
2024-10-25 19:00:00+00:00,231.22,232.15,231.15,2054,232.11,155484,231.496793
2024-10-28 13:00:00+00:00,233.11,234.54,232.565,1211,233.32,100877,233.329813
2024-10-28 14:00:00+00:00,233.91,234.32,232.96,1148,233.18,89288,233.623993
2024-10-28 15:00:00+00:00,233.575,234.14,233.25,1092,233.95,85698,233.682872
2024-10-28 16:00:00+00:00,234.31,234.71,233.16,1289,233.545,73525,234.11893
2024-10-28 17:00:00+00:00,234.38,234.66,234.08,945,234.305,72442,234.417278
2024-10-28 18:00:00+00:00,233.76,234.385,233.57,554,234.315,35676,234.056027
2024-10-28 19:00:00+00:00,233.51,234.0,233.16,1579,233.87,120133,233.573164
2024-10-29 13:00:00+00:00,233.63,233.93,232.36,1020,233.2,78209,233.164913
2024-10-29 14:00:00+00:00,233.47,234.03,233.04,1666,233.57,120133,233.402218
2024-10-29 15:00:00+00:00,233.325,233.63,233.05,800,233.505,56587,233.305511
2024-10-29 16:00:00+00:00,233.975,233.975,233.02,776,233.345,62398,233.438293
2024-10-29 17:00:00+00:00,233.795,234.205,233.77,518,233.965,30364,234.005305
2024-10-29 18:00:00+00:00,234.08,234.15,233.775,734,233.815,48288,233.982888
2024-10-29 19:00:00+00:00,233.73,234.325,233.55,1657,234.095,123362,233.976767
2024-10-30 13:00:00+00:00,232.59,233.22,231.875,1209,232.655,83664,232.470546
2024-10-30 14:00:00+00:00,231.165,232.78,231.145,1947,232.7,165722,231.779808
2024-10-30 15:00:00+00:00,231.36,231.665,230.51,1935,231.155,168098,231.167861
2024-10-30 16:00:00+00:00,230.97,231.54,230.95,1596,231.385,172189,231.255223
2024-10-30 17:00:00+00:00,230.255,231.04,229.89,1763,230.89,131462,230.430768
2024-10-30 18:00:00+00:00,230.5,230.95,230.255,1228,230.255,93803,230.670731
2024-10-30 19:00:00+00:00,230.16,230.93,229.57,3258,230.51,277593,230.230252
2024-10-31 13:00:00+00:00,229.22,229.81,228.205,1978,229.24,223497,228.964678
2024-10-31 14:00:00+00:00,227.74,229.26,227.44,2721,229.19,217213,228.231593
2024-10-31 15:00:00+00:00,227.03,227.74,226.44,1927,227.68,174180,227.240589
2024-10-31 16:00:00+00:00,227.74,227.96,226.9,1543,227.03,126383,227.394508
2024-10-31 17:00:00+00:00,226.9,228.165,226.9,1381,227.735,121331,227.603396
2024-10-31 18:00:00+00:00,227.07,227.22,226.71,1630,226.905,157603,226.981417
2024-10-31 19:00:00+00:00,225.73,227.77,225.46,4297,227.105,452196,226.927096
2024-10-31 20:00:00+00:00,225.0,225.94,225.0,3,225.94,204,225.47
2024-11-01 13:00:00+00:00,223.89,223.89,220.33,2602,220.82,323569,222.089048
2024-11-01 14:00:00+00:00,222.45,225.33,221.6,3623,223.85,385131,223.723526
2024-11-01 15:00:00+00:00,222.08,223.24,221.9,1874,222.44,181283,222.545423
2024-11-01 16:00:00+00:00,222.59,222.66,221.785,1418,222.08,126910,222.305632
2024-11-01 17:00:00+00:00,222.205,223.385,222.08,1288,222.64,123721,222.547473
2024-11-01 18:00:00+00:00,222.6,222.675,222.08,1236,222.17,99090,222.353223
2024-11-01 19:00:00+00:00,222.86,223.24,222.29,2988,222.63,269198,222.786505
2024-11-04 14:00:00+00:00,222.07,222.375,219.73,1222,220.27,94794,221.067791
2024-11-04 15:00:00+00:00,221.62,222.54,221.355,1605,222.045,124122,221.879138
2024-11-04 16:00:00+00:00,221.1,222.01,220.81,1479,221.62,111893,221.408335
2024-11-04 17:00:00+00:00,221.78,222.14,220.43,1112,221.1,73587,221.038574
2024-11-04 18:00:00+00:00,222.39,222.6,221.53,1029,221.73,68584,222.233929
2024-11-04 19:00:00+00:00,222.625,222.75,222.21,900,222.43,66796,222.555202
2024-11-04 20:00:00+00:00,222.07,222.78,221.54,2720,222.625,226193,222.095996
2024-11-05 14:00:00+00:00,223.57,223.945,221.81,1201,221.81,98717,222.770316
2024-11-05 15:00:00+00:00,222.185,223.82,222.065,1513,223.82,137080,223.031877
2024-11-05 16:00:00+00:00,223.25,223.33,221.95,1032,222.195,65351,222.762983
2024-11-05 17:00:00+00:00,223.45,223.78,223.15,710,223.21,42724,223.529803
2024-11-05 18:00:00+00:00,222.865,223.495,222.41,888,223.495,52086,222.903084
2024-11-05 19:00:00+00:00,222.98,223.435,222.83,774,222.885,41794,223.114514
2024-11-05 20:00:00+00:00,223.48,223.51,222.72,1587,222.855,104171,223.095821
2024-11-06 14:00:00+00:00,224.445,225.6,221.23,4082,222.6,365080,223.939279
2024-11-06 15:00:00+00:00,224.21,226.045,223.98,3210,224.47,317042,225.103966
2024-11-06 16:00:00+00:00,224.67,225.185,223.69,2423,224.205,224794,224.625844
2024-11-06 17:00:00+00:00,224.355,224.67,223.975,1630,224.665,254852,224.316731
2024-11-06 18:00:00+00:00,223.915,224.56,223.86,1760,224.35,138840,224.172983
2024-11-06 19:00:00+00:00,223.42,224.065,223.28,1452,223.93,117800,223.73847
2024-11-06 20:00:00+00:00,222.59,224.22,222.55,3420,223.39,357797,223.246803
2024-11-07 14:00:00+00:00,226.33,226.53,224.61,1165,224.67,105583,225.661642
2024-11-07 15:00:00+00:00,226.19,226.34,225.36,1590,226.34,124820,225.761849
2024-11-07 16:00:00+00:00,227.09,227.09,225.82,947,226.23,74118,226.334337
2024-11-07 17:00:00+00:00,227.19,227.48,226.84,911,227.02,80433,227.217902
2024-11-07 18:00:00+00:00,227.0,227.26,226.75,690,227.205,51886,226.976047
2024-11-07 19:00:00+00:00,227.505,227.505,226.87,983,227.17,77231,227.216387
2024-11-07 20:00:00+00:00,227.405,227.875,226.76,2847,227.505,236619,227.372054
2024-11-08 14:00:00+00:00,227.76,228.63,227.205,1219,227.3,83239,227.959551
2024-11-08 15:00:00+00:00,226.51,228.14,226.51,1991,227.805,134996,227.56458
2024-11-08 16:00:00+00:00,227.265,227.57,226.405,1226,226.455,95135,226.88723
2024-11-08 17:00:00+00:00,227.04,227.44,226.75,1168,227.21,47738,227.11163
2024-11-08 18:00:00+00:00,227.555,227.6,226.82,528,227.04,35480,227.184589
2024-11-08 19:00:00+00:00,227.46,227.675,227.25,863,227.465,56210,227.483802
2024-11-08 20:00:00+00:00,227.16,227.71,226.78,1917,227.375,165598,227.15452
2024-11-11 14:00:00+00:00,222.95,225.68,222.8,2953,224.91,286986,223.943457
2024-11-11 15:00:00+00:00,222.755,223.71,222.75,2725,222.945,232938,223.128545
2024-11-11 16:00:00+00:00,222.81,223.335,222.67,1640,222.755,130352,222.943598
2024-11-11 17:00:00+00:00,221.905,222.855,221.705,1715,222.795,136850,222.172508
2024-11-11 18:00:00+00:00,222.9,222.96,221.5,1195,221.845,75499,222.122627
2024-11-11 19:00:00+00:00,223.065,223.175,222.86,1301,222.91,63544,223.016762
2024-11-11 20:00:00+00:00,224.26,224.35,223.015,2976,223.055,217089,223.852246
2024-11-12 14:00:00+00:00,224.26,225.01,223.58,1233,224.575,124369,224.179186
2024-11-12 15:00:00+00:00,224.59,225.02,223.68,1948,224.25,161837,224.3089
2024-11-12 16:00:00+00:00,224.97,225.545,224.55,1884,224.6,152528,225.11286
2024-11-12 17:00:00+00:00,223.425,225.07,223.395,1409,224.995,98210,224.404215
2024-11-12 18:00:00+00:00,224.17,224.6,223.36,1700,223.415,104108,224.04769
2024-11-12 19:00:00+00:00,224.585,224.77,224.18,1649,224.18,89069,224.517089
2024-11-12 20:00:00+00:00,224.26,224.8,223.96,3380,224.525,273203,224.420528
2024-11-13 14:00:00+00:00,223.515,225.11,222.79,1310,223.935,88838,223.589074
2024-11-13 15:00:00+00:00,224.07,224.31,223.18,2120,223.565,155261,223.799024
2024-11-13 16:00:00+00:00,224.56,224.59,223.78,1565,224.05,112893,224.270694
2024-11-13 17:00:00+00:00,226.54,226.59,224.57,1445,224.57,116020,225.635642
2024-11-13 18:00:00+00:00,226.02,226.63,225.82,1221,226.54,101570,226.241392
2024-11-13 19:00:00+00:00,225.44,226.21,225.37,1282,226.025,88885,225.773973
2024-11-13 20:00:00+00:00,225.19,225.93,224.48,2728,225.45,272658,225.304813
2024-11-14 14:00:00+00:00,225.69,226.47,225.0,1431,225.0,101269,226.029265
2024-11-14 15:00:00+00:00,226.53,227.02,225.055,2478,225.67,217366,226.114712
2024-11-14 16:00:00+00:00,226.72,227.09,226.35,1579,226.45,97156,226.697301
2024-11-14 17:00:00+00:00,227.92,228.21,226.53,1858,226.74,133409,227.40779
2024-11-14 18:00:00+00:00,228.04,228.705,227.84,1134,227.92,91854,228.296921
2024-11-14 19:00:00+00:00,228.24,228.84,228.03,1739,228.03,83440,228.496409
2024-11-14 20:00:00+00:00,228.3,228.365,226.99,3086,228.275,241516,227.872633
2024-11-15 14:00:00+00:00,225.08,226.88,224.9,1343,225.92,93686,225.764392
2024-11-15 15:00:00+00:00,224.61,225.3,224.45,1883,225.065,149657,224.832587
2024-11-15 16:00:00+00:00,225.085,225.47,224.47,1248,224.63,91978,224.992852
2024-11-15 17:00:00+00:00,224.76,225.17,224.28,1170,225.07,84433,224.770901
2024-11-15 18:00:00+00:00,224.655,224.93,224.45,1183,224.75,75490,224.676855
2024-11-15 19:00:00+00:00,224.825,224.94,224.34,900,224.67,49167,224.669628
2024-11-15 20:00:00+00:00,224.95,225.31,224.59,2493,224.815,197491,224.996652
2024-11-18 14:00:00+00:00,226.88,227.165,225.17,1345,225.3,139974,226.670475
2024-11-18 15:00:00+00:00,228.42,228.88,226.74,1988,226.91,141992,227.979919
2024-11-18 16:00:00+00:00,228.545,229.185,228.375,1426,228.44,98462,228.687258
2024-11-18 17:00:00+00:00,229.555,229.56,228.365,988,228.53,58685,228.804945
2024-11-18 18:00:00+00:00,229.475,229.735,228.69,976,229.585,54853,229.288496
2024-11-18 19:00:00+00:00,228.85,229.41,228.72,980,229.41,45987,228.946637
2024-11-18 20:00:00+00:00,228.16,228.9,227.35,2691,228.9,177648,227.984463
2024-11-19 14:00:00+00:00,228.4,228.53,226.73,1207,226.74,72593,227.868162
2024-11-19 15:00:00+00:00,229.12,229.41,228.055,1174,228.43,69211,228.698421
2024-11-19 16:00:00+00:00,229.365,229.67,229.08,1108,229.085,75394,229.36093
2024-11-19 17:00:00+00:00,229.415,230.16,229.21,807,229.34,51928,229.660784
2024-11-19 18:00:00+00:00,229.935,229.955,229.255,623,229.365,40908,229.687204
2024-11-19 19:00:00+00:00,228.79,229.985,228.66,833,229.945,74498,229.274743
2024-11-19 20:00:00+00:00,228.21,228.86,227.74,2405,228.785,246682,228.30512
2024-11-20 14:00:00+00:00,227.63,229.92,227.6,1070,228.05,89528,228.739577
2024-11-20 15:00:00+00:00,226.94,228.01,226.39,1445,227.625,102827,227.064993
2024-11-20 16:00:00+00:00,227.55,227.68,225.9,1235,226.97,84345,226.609764
2024-11-20 17:00:00+00:00,226.76,227.54,226.59,540,227.46,27355,227.056327
2024-11-20 18:00:00+00:00,226.92,227.13,226.39,604,226.915,34606,226.724116
2024-11-20 19:00:00+00:00,227.405,227.435,226.63,688,226.91,42332,226.976634
2024-11-20 20:00:00+00:00,229.0,229.0,227.225,2146,227.4,127292,228.48345
2024-11-21 14:00:00+00:00,226.97,229.925,226.83,1228,228.785,97296,227.88043
2024-11-21 15:00:00+00:00,228.34,228.35,225.72,2581,226.95,241804,226.708725
2024-11-21 16:00:00+00:00,228.89,229.11,228.12,1390,228.42,161003,228.582175
2024-11-21 17:00:00+00:00,229.77,230.13,228.62,1164,228.85,95259,229.279515
2024-11-21 18:00:00+00:00,229.47,230.04,229.215,943,229.755,83832,229.674449
2024-11-21 19:00:00+00:00,229.385,229.66,229.0,1456,229.49,116261,229.336936
2024-11-21 20:00:00+00:00,228.48,229.58,228.29,2369,229.355,189839,228.778494
2024-11-22 14:00:00+00:00,229.9,230.12,228.175,1438,228.23,131112,229.599899
2024-11-22 15:00:00+00:00,229.5,229.92,229.02,1290,229.6,86030,229.506456
2024-11-22 16:00:00+00:00,229.59,229.68,228.845,953,229.5,81463,229.435659
2024-11-22 17:00:00+00:00,230.385,230.5,229.525,1161,229.59,109348,229.869933
2024-11-22 18:00:00+00:00,229.91,230.71,229.825,721,230.4,86441,230.149796
2024-11-22 19:00:00+00:00,229.5,229.975,229.33,938,229.845,82988,229.536567
2024-11-22 20:00:00+00:00,229.75,230.09,229.025,2622,229.44,249450,229.56855
2024-11-25 14:00:00+00:00,232.57,233.24,231.49,1371,231.49,126402,232.464966
2024-11-25 15:00:00+00:00,231.88,232.77,231.665,1230,232.56,90377,232.130631
2024-11-25 16:00:00+00:00,230.92,232.31,230.92,1214,231.89,79290,231.625329
2024-11-25 17:00:00+00:00,230.11,231.005,229.74,1549,230.835,108048,230.322645
2024-11-25 18:00:00+00:00,230.28,230.595,230.1,1020,230.15,79996,230.302972
2024-11-25 19:00:00+00:00,230.68,230.825,230.265,783,230.265,52758,230.53474
2024-11-25 20:00:00+00:00,232.89,233.17,229.86,3247,230.655,321638,232.198283
2024-11-25 21:00:00+00:00,232.64,232.66,232.61,6,232.61,638,232.631091
2024-11-26 14:00:00+00:00,234.88,235.435,233.43,1570,233.43,145247,234.673636
2024-11-26 15:00:00+00:00,235.1,235.55,233.715,2048,234.89,148796,234.594019
2024-11-26 16:00:00+00:00,235.04,235.45,234.615,1181,235.21,81528,235.025422
2024-11-26 17:00:00+00:00,235.0,235.16,234.285,760,235.04,56705,234.72521
2024-11-26 18:00:00+00:00,235.075,235.075,234.385,633,235.02,41288,234.693163
2024-11-26 19:00:00+00:00,234.92,235.09,234.57,832,235.05,54270,234.875219
2024-11-26 20:00:00+00:00,234.98,235.255,234.645,2196,234.91,165476,234.976177
2024-11-27 14:00:00+00:00,234.33,235.585,233.84,909,234.66,62302,234.372743
2024-11-27 15:00:00+00:00,234.62,235.62,233.99,1644,234.335,131541,235.011833
2024-11-27 16:00:00+00:00,234.38,234.86,234.135,898,234.71,74430,234.415101
2024-11-27 17:00:00+00:00,234.625,234.68,234.02,572,234.33,40386,234.36433
2024-11-27 18:00:00+00:00,234.935,235.02,234.685,692,234.7,30699,234.883084
2024-11-27 19:00:00+00:00,235.055,235.25,234.79,488,234.92,30625,234.977895
2024-11-27 20:00:00+00:00,234.99,235.18,234.6,1180,235.065,96139,234.935548
2024-11-29 14:00:00+00:00,235.67,235.67,233.97,1141,234.805,86656,234.980962
2024-11-29 15:00:00+00:00,235.83,235.89,235.16,1695,235.66,127428,235.543584
2024-11-29 16:00:00+00:00,237.06,237.12,235.775,1719,235.82,151417,236.416638
2024-11-29 17:00:00+00:00,237.39,237.8,236.36,2130,237.02,183951,237.115172
2024-12-02 14:00:00+00:00,239.27,239.465,237.18,1272,237.33,108842,238.669756
2024-12-02 15:00:00+00:00,240.1,240.76,238.98,2128,239.32,185384,239.956024
2024-12-02 16:00:00+00:00,239.97,240.23,239.38,1318,240.06,111888,239.799542
2024-12-02 17:00:00+00:00,239.54,240.2,239.52,902,240.04,65838,239.856521
2024-12-02 18:00:00+00:00,239.1,239.71,239.04,596,239.46,55476,239.407099
2024-12-02 19:00:00+00:00,239.65,239.65,239.07,653,239.145,41041,239.349276
2024-12-02 20:00:00+00:00,239.635,239.94,239.06,2277,239.64,175948,239.578151
2024-12-03 14:00:00+00:00,240.9,240.91,238.99,1262,239.9,111030,239.876972
2024-12-03 15:00:00+00:00,241.245,241.355,240.36,2210,240.855,188123,240.881396
2024-12-03 16:00:00+00:00,241.41,241.505,240.82,1280,241.12,119204,241.152538
2024-12-03 17:00:00+00:00,241.665,241.695,241.14,883,241.37,67405,241.439464
2024-12-03 18:00:00+00:00,241.725,241.79,241.32,878,241.655,77045,241.573567
2024-12-03 19:00:00+00:00,242.39,242.455,241.675,1204,241.715,99430,242.094543
2024-12-03 20:00:00+00:00,242.65,242.76,241.84,2829,242.375,223769,242.351729
2024-12-04 14:00:00+00:00,243.58,243.87,242.52,1172,242.86,87087,243.203123
2024-12-04 15:00:00+00:00,243.465,244.1,243.15,2348,243.49,188134,243.510464
2024-12-04 16:00:00+00:00,242.49,243.81,242.12,1500,243.605,97905,242.896302
2024-12-04 17:00:00+00:00,242.345,242.49,241.26,1496,242.445,93204,242.005857
2024-12-04 18:00:00+00:00,242.5,242.86,241.93,1046,242.35,61076,242.336316
2024-12-04 19:00:00+00:00,242.92,243.175,242.44,1083,242.455,66006,242.953234
2024-12-04 20:00:00+00:00,242.94,243.49,242.83,2387,242.9,166877,243.01348
2024-12-05 14:00:00+00:00,243.52,244.455,242.75,989,244.06,99389,243.409359
2024-12-05 15:00:00+00:00,242.41,243.55,242.29,1537,243.375,132361,242.974547
2024-12-05 16:00:00+00:00,242.63,242.77,242.27,920,242.35,60940,242.54032
2024-12-05 17:00:00+00:00,242.92,243.37,242.46,1409,242.655,147547,242.945563
2024-12-05 18:00:00+00:00,243.16,243.31,242.63,857,242.96,61041,243.014437
2024-12-05 19:00:00+00:00,243.12,243.685,242.985,953,243.235,62298,243.264208
2024-12-05 20:00:00+00:00,243.07,243.26,242.195,2911,243.09,263370,242.818854
2024-12-06 14:00:00+00:00,243.615,244.15,242.12,1409,242.96,119867,243.339098
2024-12-06 15:00:00+00:00,243.59,244.625,243.19,1517,243.67,118623,243.822214
2024-12-06 16:00:00+00:00,243.65,244.08,243.53,941,243.6,85629,243.75401
2024-12-06 17:00:00+00:00,243.035,243.73,242.95,850,243.65,61020,243.369453
2024-12-06 18:00:00+00:00,243.63,243.63,242.95,876,243.025,60157,243.247976
2024-12-06 19:00:00+00:00,242.97,243.63,242.94,889,243.62,50623,243.238916
2024-12-06 20:00:00+00:00,242.69,243.4,242.52,2111,242.94,176259,242.821995
2024-12-09 14:00:00+00:00,243.99,244.14,241.8,1596,241.865,115798,243.254909
2024-12-09 15:00:00+00:00,246.02,246.26,243.805,2462,243.92,193777,244.905457
2024-12-09 16:00:00+00:00,246.88,247.225,246.01,1993,246.045,205438,246.607953
2024-12-09 17:00:00+00:00,246.19,247.24,245.72,1797,246.87,124437,246.761185
2024-12-09 18:00:00+00:00,246.74,247.005,246.14,1234,246.205,73031,246.596692
2024-12-09 19:00:00+00:00,246.385,246.72,245.9,1201,246.66,74029,246.303061
2024-12-09 20:00:00+00:00,246.89,247.06,246.155,2418,246.425,191660,246.62753
2024-12-10 14:00:00+00:00,247.73,247.75,245.89,1604,246.91,141274,246.785749
2024-12-10 15:00:00+00:00,245.895,247.63,245.84,1411,247.63,98705,246.654617
2024-12-10 16:00:00+00:00,246.415,246.52,245.35,1910,245.885,145437,245.945165
2024-12-10 17:00:00+00:00,246.91,247.3,246.41,929,246.41,51646,246.905771
2024-12-10 18:00:00+00:00,247.6,247.77,246.725,918,246.795,65746,247.389818
2024-12-10 19:00:00+00:00,248.04,248.08,247.39,1141,247.595,125166,247.619261
2024-12-10 20:00:00+00:00,247.81,248.205,247.38,2271,248.05,184031,247.749883
2024-12-11 14:00:00+00:00,249.285,249.79,247.65,1344,247.96,110638,248.930877
2024-12-11 15:00:00+00:00,250.16,250.18,249.135,1865,249.31,122504,249.710609
2024-12-11 16:00:00+00:00,249.52,250.77,249.36,1273,250.15,99948,250.123259
2024-12-11 17:00:00+00:00,249.205,249.835,249.1,619,249.53,40047,249.499127
2024-12-11 18:00:00+00:00,248.415,249.44,248.36,563,249.225,34585,248.99342
2024-12-11 19:00:00+00:00,247.805,248.55,247.59,837,248.375,70037,248.030357
2024-12-11 20:00:00+00:00,246.455,247.895,246.275,2449,247.835,260170,246.895736
2024-12-12 14:00:00+00:00,246.64,247.445,245.75,1164,246.93,93066,246.471177
2024-12-12 15:00:00+00:00,248.015,248.535,246.01,1794,246.57,109098,247.31672
2024-12-12 16:00:00+00:00,248.205,248.58,247.68,1350,248.055,66429,248.091488
2024-12-12 17:00:00+00:00,248.545,248.545,247.65,1249,248.18,82150,248.148432
2024-12-12 18:00:00+00:00,248.52,248.73,248.385,1182,248.55,73530,248.546958
2024-12-12 19:00:00+00:00,247.935,248.73,247.81,856,248.55,51287,248.327614
2024-12-12 20:00:00+00:00,248.02,248.2,247.47,1847,247.94,144445,247.990628
2024-12-13 14:00:00+00:00,248.34,249.245,247.84,1114,247.91,103394,248.469017
2024-12-13 15:00:00+00:00,247.24,248.35,246.98,1345,248.35,107486,247.60564
2024-12-13 16:00:00+00:00,246.715,247.29,246.42,1204,247.24,123508,246.694285
2024-12-13 17:00:00+00:00,246.58,246.855,246.25,747,246.685,73182,246.531866
2024-12-13 18:00:00+00:00,247.84,247.87,246.565,592,246.565,63745,247.047705
2024-12-13 19:00:00+00:00,247.855,248.02,247.625,754,247.83,50147,247.821757
2024-12-13 20:00:00+00:00,248.08,248.29,247.78,1692,247.86,117235,248.05798
2024-12-16 14:00:00+00:00,248.62,249.99,247.73,1104,247.955,111965,249.301402
2024-12-16 15:00:00+00:00,249.3,249.48,248.5,1314,248.615,85418,249.096554
2024-12-16 16:00:00+00:00,250.275,250.285,249.19,1964,249.33,232379,249.907032
2024-12-16 17:00:00+00:00,251.27,251.355,249.79,1302,250.275,151722,250.30974
2024-12-16 18:00:00+00:00,250.9,251.26,250.58,1056,251.22,75047,250.957949
2024-12-16 19:00:00+00:00,250.88,251.2,250.71,1079,250.86,89015,250.927694
2024-12-16 20:00:00+00:00,251.03,251.1,249.965,2211,250.72,180577,250.625008
2024-12-17 14:00:00+00:00,252.04,252.97,249.87,1699,250.19,166393,251.979344
2024-12-17 15:00:00+00:00,252.35,252.65,251.78,2723,252.04,209261,252.232188
2024-12-17 16:00:00+00:00,253.07,253.34,252.25,2371,252.335,254088,252.72995
2024-12-17 17:00:00+00:00,252.93,253.3,252.59,2086,253.085,162500,253.028255
2024-12-17 18:00:00+00:00,253.32,253.62,252.73,1529,252.83,109209,253.168608
2024-12-17 19:00:00+00:00,253.25,253.4,252.92,1363,253.35,107313,253.18491
2024-12-17 20:00:00+00:00,253.5,253.8,252.655,4139,253.25,398190,253.270239
2024-12-18 14:00:00+00:00,252.035,253.38,251.33,1470,252.22,152871,252.298577
2024-12-18 15:00:00+00:00,253.46,253.8,251.98,1572,252.035,154036,253.185713
2024-12-18 16:00:00+00:00,253.52,253.615,252.85,1516,253.535,109792,253.234248
2024-12-18 17:00:00+00:00,253.84,254.02,253.36,1194,253.38,70610,253.797775
2024-12-18 18:00:00+00:00,254.09,254.265,253.64,1090,253.84,135336,253.910295
2024-12-18 19:00:00+00:00,251.02,254.08,250.92,2370,254.08,161891,252.362065
2024-12-18 20:00:00+00:00,247.95,251.36,247.74,6730,251.04,590824,249.437807
2024-12-18 21:00:00+00:00,246.18,246.18,246.18,1,246.18,100,246.18
2024-12-19 14:00:00+00:00,248.675,249.17,247.11,1898,247.46,142622,248.266806
2024-12-19 15:00:00+00:00,250.48,251.02,248.66,3684,248.67,319053,249.902959
2024-12-19 16:00:00+00:00,251.14,251.84,249.51,2721,250.43,220948,250.811387
2024-12-19 17:00:00+00:00,250.635,251.66,249.755,2260,251.16,191911,250.847851
2024-12-19 18:00:00+00:00,251.34,251.34,249.84,1355,250.635,84406,250.526259
2024-12-19 19:00:00+00:00,250.06,251.44,250.06,1098,251.26,71421,250.709371
2024-12-19 20:00:00+00:00,249.73,250.54,249.44,3160,250.05,234257,249.987722
2024-12-19 21:00:00+00:00,249.89,249.89,249.89,1,249.89,100,249.89
2024-12-20 14:00:00+00:00,246.845,248.64,246.335,1470,248.175,101088,247.244091
2024-12-20 15:00:00+00:00,249.98,250.375,246.85,2035,246.915,178431,248.884593
2024-12-20 16:00:00+00:00,253.19,253.38,249.88,1981,250.0,201649,252.135807
2024-12-20 17:00:00+00:00,253.38,253.92,253.0,1849,253.115,165073,253.523583
2024-12-20 18:00:00+00:00,252.87,253.45,252.71,1835,253.36,112958,253.120081
2024-12-20 19:00:00+00:00,253.6,253.8,252.685,1342,252.86,96191,253.375547
2024-12-20 20:00:00+00:00,254.6,255.0,252.87,3367,253.61,337840,253.826919
2024-12-23 14:00:00+00:00,254.97,255.615,253.93,2008,254.84,181369,254.781643
2024-12-23 15:00:00+00:00,254.26,255.035,253.45,1423,255.035,134356,254.312591
2024-12-24 14:00:00+00:00,256.77,257.0,255.36,1135,255.52,100687,256.341264
2024-12-24 15:00:00+00:00,257.65,258.0,256.6,1419,256.815,121640,257.302633
2024-12-24 16:00:00+00:00,257.06,257.71,256.89,1089,257.56,83253,257.370595
2024-12-24 17:00:00+00:00,258.18,258.19,257.03,1738,257.04,150527,257.638345
2024-12-26 14:00:00+00:00,258.88,260.1,258.06,1213,258.355,108373,259.269267
2024-12-26 15:00:00+00:00,258.34,258.83,257.68,995,258.82,72239,258.340824
2024-12-26 16:00:00+00:00,258.9,259.21,258.32,754,258.38,52153,258.924345
2024-12-26 17:00:00+00:00,258.85,259.32,258.58,627,258.88,46261,259.052218
2024-12-26 18:00:00+00:00,258.62,259.03,258.465,662,258.93,47761,258.729064
2024-12-26 19:00:00+00:00,259.065,259.075,258.455,581,258.615,42425,258.74053
2024-12-26 20:00:00+00:00,259.15,259.51,259.065,1583,259.145,121088,259.269066
2024-12-27 14:00:00+00:00,256.44,258.64,256.16,1065,257.93,71392,257.054246
2024-12-27 15:00:00+00:00,254.97,256.65,254.525,2260,256.65,183467,255.257722
2024-12-27 16:00:00+00:00,253.635,255.03,253.37,1658,254.965,183678,254.246884
2024-12-27 17:00:00+00:00,254.54,254.54,253.07,1392,253.61,121575,253.656455
2024-12-27 18:00:00+00:00,255.27,255.31,254.29,839,254.485,60125,254.880603
2024-12-27 19:00:00+00:00,255.465,255.55,254.975,750,255.21,49322,255.272434
2024-12-27 20:00:00+00:00,255.635,255.82,254.965,2709,255.425,242142,255.392395
2024-12-30 14:00:00+00:00,251.28,252.97,250.89,1505,252.085,127170,251.753317
2024-12-30 15:00:00+00:00,251.7,252.15,250.75,2027,251.22,167984,251.428659
2024-12-30 16:00:00+00:00,252.51,252.62,251.07,1422,251.685,110409,251.926673
2024-12-30 17:00:00+00:00,253.45,253.45,252.365,1110,252.48,83188,252.823801
2024-12-30 18:00:00+00:00,253.14,253.38,252.535,1022,253.38,68997,253.024301
2024-12-30 19:00:00+00:00,253.33,253.5,252.6,1162,253.13,80242,253.115714
2024-12-30 20:00:00+00:00,252.15,253.48,252.15,2634,253.33,219439,252.738134
2024-12-31 14:00:00+00:00,252.23,253.14,251.58,1279,252.6,93978,252.37621
2024-12-31 15:00:00+00:00,251.83,252.39,251.35,1275,252.215,89388,251.797437
2024-12-31 16:00:00+00:00,251.24,251.835,251.02,1151,251.83,86621,251.293334
2024-12-31 17:00:00+00:00,250.64,251.52,250.06,1470,251.3,126495,250.676931
2024-12-31 18:00:00+00:00,249.875,250.72,249.45,1119,250.66,98555,249.992125
2024-12-31 19:00:00+00:00,250.38,250.4,249.69,1015,249.86,74208,249.960562
2024-12-31 20:00:00+00:00,250.545,251.055,249.55,2827,250.35,233875,250.394095
2025-01-02 14:00:00+00:00,246.87,249.025,244.8,2116,248.93,178949,246.522999
2025-01-02 15:00:00+00:00,245.415,247.77,244.83,3565,246.98,335909,245.85838
2025-01-02 16:00:00+00:00,244.66,245.465,244.18,2479,245.405,220571,244.752071
2025-01-02 17:00:00+00:00,242.99,245.235,242.31,2449,244.705,193854,243.578198
2025-01-02 18:00:00+00:00,242.23,243.02,241.845,2428,242.94,232360,242.440117
2025-01-02 19:00:00+00:00,241.94,242.815,241.88,2623,242.25,246855,242.389173
2025-01-02 20:00:00+00:00,243.82,243.94,242.005,3785,242.005,312327,243.328559
2025-01-03 14:00:00+00:00,243.11,244.165,241.89,2369,242.8,205407,242.897029
2025-01-03 15:00:00+00:00,243.085,243.97,242.14,2291,242.83,192569,242.857351
2025-01-03 16:00:00+00:00,243.37,244.015,242.71,1690,243.02,149058,243.546068
2025-01-03 17:00:00+00:00,242.49,243.49,242.39,1409,243.35,113009,242.764896
2025-01-03 18:00:00+00:00,242.68,243.15,242.28,1414,242.51,183270,242.930558
2025-01-03 19:00:00+00:00,243.33,243.43,242.65,1329,242.69,110894,242.954957
2025-01-03 20:00:00+00:00,243.41,243.59,242.615,2355,243.17,227546,242.955462
2025-01-06 14:00:00+00:00,244.35,246.18,243.88,2705,244.31,197922,244.936798
2025-01-06 15:00:00+00:00,246.34,246.41,244.45,2087,244.45,154154,245.592425
2025-01-06 16:00:00+00:00,246.3,247.33,245.91,1856,246.355,148440,246.607788
2025-01-06 17:00:00+00:00,244.995,246.49,244.75,1499,246.23,97172,245.614769
2025-01-06 18:00:00+00:00,244.98,245.12,244.5,1383,244.99,84697,244.865595
2025-01-06 19:00:00+00:00,244.57,245.18,244.52,1369,244.83,89471,244.977693
2025-01-06 20:00:00+00:00,245.025,245.34,244.43,2734,244.525,198451,244.86528
2025-01-07 14:00:00+00:00,244.92,245.34,242.77,1738,242.77,158640,244.378439
2025-01-07 15:00:00+00:00,244.66,245.53,244.03,2524,244.715,216508,244.769499
2025-01-07 16:00:00+00:00,243.07,244.765,243.005,1871,244.68,161397,243.822299
2025-01-07 17:00:00+00:00,242.18,243.28,241.38,1557,243.095,114255,242.508475
2025-01-07 18:00:00+00:00,242.32,243.395,242.1,1292,242.27,97841,242.677494
2025-01-07 19:00:00+00:00,242.2,242.56,241.84,1116,242.36,85889,242.221981
2025-01-07 20:00:00+00:00,242.26,242.39,241.54,2658,242.22,212659,241.964498
2025-01-07 21:00:00+00:00,242.27,242.27,242.27,5,242.27,528,242.27
2025-01-08 14:00:00+00:00,240.94,241.97,240.16,1622,241.97,143596,241.021176
2025-01-08 15:00:00+00:00,243.42,243.67,240.935,1961,240.935,163479,242.43359
2025-01-08 16:00:00+00:00,243.265,243.63,242.695,1373,243.46,78619,243.238968
2025-01-08 17:00:00+00:00,241.44,243.27,241.22,2130,243.24,139797,241.8474
2025-01-08 18:00:00+00:00,241.435,242.505,241.13,1391,241.5,85475,241.969845
2025-01-08 19:00:00+00:00,241.8,242.95,241.06,1321,241.425,88582,241.943525
2025-01-08 20:00:00+00:00,242.63,242.98,241.71,2313,241.93,169200,242.382995
2025-01-10 13:00:00+00:00,241.24,241.47,241.02,6,241.46,595,241.28
2025-01-10 14:00:00+00:00,237.91,241.33,237.475,2271,241.06,194863,238.536855
2025-01-10 15:00:00+00:00,235.91,237.56,235.48,4191,237.56,426352,236.575648
2025-01-10 16:00:00+00:00,234.855,236.53,233.005,4042,235.95,385456,234.594797
2025-01-10 17:00:00+00:00,235.71,235.88,234.83,1972,234.845,156767,235.478429
2025-01-10 18:00:00+00:00,237.46,237.59,235.645,1993,235.71,154858,236.820473
2025-01-10 19:00:00+00:00,236.265,237.475,235.94,1399,237.41,97083,236.571114
2025-01-10 20:00:00+00:00,236.76,237.29,235.785,3242,236.3,297502,236.509576
2025-01-10 21:00:00+00:00,237.1,237.1,237.1,1,237.1,100,237.1
2025-01-13 14:00:00+00:00,230.28,233.56,230.25,3203,233.52,305787,231.300281
2025-01-13 15:00:00+00:00,231.13,231.8,229.72,3851,230.325,416859,230.906114
2025-01-13 16:00:00+00:00,230.69,231.71,230.42,1855,231.19,149360,230.930765
2025-01-13 17:00:00+00:00,233.15,233.235,230.43,1407,230.69,118642,231.789324
2025-01-13 18:00:00+00:00,233.89,233.9,232.87,1133,233.16,74820,233.358022
2025-01-13 19:00:00+00:00,233.89,234.2,233.27,1365,233.83,76287,233.627433
2025-01-13 20:00:00+00:00,234.41,234.67,233.435,2847,233.93,210281,234.016512
2025-01-14 14:00:00+00:00,234.93,236.02,234.34,1778,234.76,111281,235.082019
2025-01-14 15:00:00+00:00,234.78,236.1,234.69,1936,234.93,184848,235.508161
2025-01-14 16:00:00+00:00,233.16,234.84,233.13,1510,234.77,119487,233.988874
2025-01-14 17:00:00+00:00,232.99,233.55,232.705,1323,233.14,106023,233.151284
2025-01-14 18:00:00+00:00,234.71,234.75,232.975,1036,233.05,83908,233.990288
2025-01-14 19:00:00+00:00,233.18,234.92,233.07,1255,234.69,111523,234.312024
2025-01-14 20:00:00+00:00,233.345,233.41,232.48,3243,233.15,334368,233.041045
2025-01-15 14:00:00+00:00,237.37,238.11,234.445,1344,234.755,120975,236.998732
2025-01-15 15:00:00+00:00,237.98,238.38,237.41,2253,237.46,302013,237.918898
2025-01-15 16:00:00+00:00,236.77,238.52,236.53,2237,238.04,174656,237.455097
2025-01-15 17:00:00+00:00,237.19,237.7,236.685,1540,236.74,145221,237.329102
2025-01-15 18:00:00+00:00,237.5,237.69,236.97,1008,237.26,74694,237.393519
2025-01-15 19:00:00+00:00,237.82,238.03,237.47,676,237.62,49956,237.758904
2025-01-15 20:00:00+00:00,237.765,238.075,237.49,2231,237.84,180330,237.777382
2025-01-16 14:00:00+00:00,234.88,237.95,234.75,1515,237.42,139819,236.618651
2025-01-16 15:00:00+00:00,231.99,235.13,231.16,3800,234.71,368412,232.754596
2025-01-16 16:00:00+00:00,230.73,232.29,229.75,4513,231.96,352809,230.717425
2025-01-16 17:00:00+00:00,230.48,231.17,230.38,2210,230.66,175267,230.771897
2025-01-16 18:00:00+00:00,229.07,230.645,228.62,2183,230.46,193897,229.358102
2025-01-16 19:00:00+00:00,229.84,229.925,228.58,2513,228.955,208347,229.293639
2025-01-16 20:00:00+00:00,228.24,230.025,228.04,4501,229.82,478465,228.662074
2025-01-17 14:00:00+00:00,230.79,232.09,229.72,2289,232.01,249603,230.619195
2025-01-17 15:00:00+00:00,231.345,231.63,230.0,2468,230.8,206668,230.845095
2025-01-17 16:00:00+00:00,229.675,231.51,229.56,3118,231.29,154491,230.706471
2025-01-17 17:00:00+00:00,230.14,230.38,229.495,1594,229.58,117301,230.01569
2025-01-17 18:00:00+00:00,229.285,230.31,229.13,923,230.16,103207,229.777863
2025-01-17 19:00:00+00:00,229.23,229.59,228.51,1449,229.28,117505,229.060237
2025-01-17 20:00:00+00:00,229.96,230.005,229.1,2027,229.18,180011,229.558853
2025-01-21 14:00:00+00:00,221.86,224.39,220.82,4398,224.255,495973,222.103567
2025-01-21 15:00:00+00:00,221.31,222.28,220.61,4835,221.76,515593,221.542658
2025-01-21 16:00:00+00:00,220.18,221.425,219.39,4036,221.3,353300,220.282637
2025-01-21 17:00:00+00:00,220.25,221.06,219.85,2677,220.15,238163,220.449822
2025-01-21 18:00:00+00:00,221.19,221.27,220.02,1490,220.235,123389,220.607571
2025-01-21 19:00:00+00:00,221.1,221.69,220.38,2229,221.21,215639,221.058728
2025-01-21 20:00:00+00:00,222.59,222.78,220.31,4403,221.1,330445,221.728184
2025-01-22 13:00:00+00:00,221.34,221.34,221.34,1,221.34,100,221.34
2025-01-22 14:00:00+00:00,222.94,223.27,219.08,3537,219.08,245376,222.12376
2025-01-22 15:00:00+00:00,222.935,223.335,221.525,4289,222.99,266580,222.220186
2025-01-22 16:00:00+00:00,221.93,223.06,221.7,2475,222.93,179741,222.505817
2025-01-22 17:00:00+00:00,222.715,222.82,221.81,1877,221.945,143899,222.410355
2025-01-22 18:00:00+00:00,222.44,222.82,221.93,2161,222.7,150319,222.390628
2025-01-22 19:00:00+00:00,223.38,223.38,222.37,1800,222.41,136404,222.800795
2025-01-22 20:00:00+00:00,223.81,223.98,222.82,3538,223.38,258127,223.392066
2025-01-23 14:00:00+00:00,225.125,226.24,224.28,1839,224.74,227896,225.209232
2025-01-23 15:00:00+00:00,225.37,227.01,224.91,2831,225.14,292894,225.94445
2025-01-23 16:00:00+00:00,224.04,225.41,223.81,1875,225.295,144169,224.717921
2025-01-23 17:00:00+00:00,223.705,224.16,223.205,1740,224.09,138461,223.575302
2025-01-23 18:00:00+00:00,223.09,223.745,223.015,1334,223.685,109801,223.435653
2025-01-23 19:00:00+00:00,222.745,223.15,222.44,1584,223.075,175687,222.728783
2025-01-23 20:00:00+00:00,223.57,223.62,222.3,3411,222.71,307535,222.978277
2025-01-24 13:00:00+00:00,225.58,225.59,225.58,5,225.59,340,225.585
2025-01-24 14:00:00+00:00,224.47,225.615,224.38,1877,225.1,254046,225.148678
2025-01-24 15:00:00+00:00,223.07,224.59,222.56,2396,224.545,227317,223.235842
2025-01-24 16:00:00+00:00,222.72,223.49,222.38,2080,223.05,177069,222.940094
2025-01-24 17:00:00+00:00,222.36,223.235,221.94,1698,222.72,140370,222.542833
2025-01-24 18:00:00+00:00,222.07,222.55,221.95,1360,222.4,108116,222.227821
2025-01-24 19:00:00+00:00,222.56,222.88,222.05,1487,222.05,107788,222.436868
2025-01-24 20:00:00+00:00,222.85,223.04,221.42,3075,222.54,271378,222.534038
2025-01-27 13:00:00+00:00,223.09,223.09,223.09,3,223.09,387,223.09
2025-01-27 14:00:00+00:00,225.675,227.67,224.02,5329,224.02,461565,226.46926
2025-01-27 15:00:00+00:00,227.82,228.575,224.83,4459,225.645,334321,226.67065
2025-01-27 16:00:00+00:00,228.4,229.77,227.51,5456,227.77,430971,228.597548
2025-01-27 17:00:00+00:00,230.15,230.46,228.33,3176,228.37,234305,229.689162
2025-01-27 18:00:00+00:00,231.5,231.77,230.12,3737,230.17,280449,231.168587
2025-01-27 19:00:00+00:00,231.585,232.14,230.16,3094,231.45,241118,231.267276
2025-01-27 20:00:00+00:00,229.98,231.9,228.48,6788,231.59,672845,230.196236
2025-01-28 14:00:00+00:00,234.76,235.55,230.85,3763,230.85,417605,234.077733
2025-01-28 15:00:00+00:00,238.8,239.24,234.415,5559,234.66,508824,237.364656
2025-01-28 16:00:00+00:00,239.71,240.19,238.18,3388,238.885,310352,239.314739
2025-01-28 17:00:00+00:00,238.71,240.17,238.2,2185,239.715,181985,239.053756
2025-01-28 18:00:00+00:00,238.8,239.25,238.48,1790,238.79,151346,238.805537
2025-01-28 19:00:00+00:00,239.165,239.48,238.6,1546,238.815,138186,238.976262
2025-01-28 20:00:00+00:00,238.23,239.24,237.77,3615,239.17,299792,238.529163
2025-01-29 14:00:00+00:00,235.77,236.25,234.05,1970,234.15,170699,235.360615
2025-01-29 15:00:00+00:00,237.78,238.0,235.61,2630,235.84,176956,236.80107
2025-01-29 16:00:00+00:00,236.54,237.91,236.13,1915,237.77,137957,236.920167
2025-01-29 17:00:00+00:00,236.03,237.18,235.99,1161,236.585,88158,236.628715
2025-01-29 18:00:00+00:00,236.99,237.655,235.57,1202,236.04,83940,236.697556
2025-01-29 19:00:00+00:00,238.04,238.28,236.31,1757,236.94,142676,237.362193
2025-01-29 20:00:00+00:00,239.315,239.85,237.73,3518,238.04,325665,239.111041
2025-01-30 14:00:00+00:00,239.46,240.77,238.495,1912,238.78,187240,239.55947
2025-01-30 15:00:00+00:00,238.09,239.235,238.09,2349,239.235,228284,238.658685
2025-01-30 16:00:00+00:00,238.745,238.825,237.245,1977,238.075,200709,238.182103
2025-01-30 17:00:00+00:00,238.39,238.87,237.825,1530,238.735,124757,238.281702
2025-01-30 18:00:00+00:00,239.63,239.66,238.32,1636,238.425,108812,238.883634
2025-01-30 19:00:00+00:00,239.815,239.84,238.97,1751,239.625,138240,239.339713
2025-01-30 20:00:00+00:00,237.53,240.03,237.35,4749,239.87,424670,238.626818
2025-01-30 21:00:00+00:00,234.84,241.0,234.84,77,241.0,5725,237.564773
2025-01-31 14:00:00+00:00,241.63,247.19,241.39,3844,247.125,390163,243.937609
2025-01-31 15:00:00+00:00,240.925,243.22,240.04,3672,241.675,367966,241.475248
2025-01-31 16:00:00+00:00,238.91,241.11,238.59,3340,240.93,259481,239.619237
2025-01-31 17:00:00+00:00,238.31,239.82,238.31,1779,238.94,161000,239.24882
2025-01-31 18:00:00+00:00,235.25,238.53,235.11,2795,238.305,228722,236.81755
2025-01-31 19:00:00+00:00,234.11,235.93,233.45,2857,235.25,231072,234.764583
2025-01-31 20:00:00+00:00,235.96,236.42,233.57,4738,234.065,434195,234.895973
2025-02-03 14:00:00+00:00,228.84,231.82,228.8,3821,229.98,374944,230.318854
2025-02-03 15:00:00+00:00,227.89,229.77,226.64,5296,228.79,479561,228.355176
2025-02-03 16:00:00+00:00,226.45,228.4,225.7,4531,227.89,395767,226.891151
2025-02-03 17:00:00+00:00,226.85,226.98,225.86,3161,226.33,391237,226.390144
2025-02-03 18:00:00+00:00,228.24,228.28,226.245,2348,226.81,193683,227.085931
2025-02-03 19:00:00+00:00,228.85,229.1,227.665,1843,228.24,144655,228.482788
2025-02-03 20:00:00+00:00,227.92,229.16,227.65,3721,228.83,293254,228.401036
2025-02-04 14:00:00+00:00,228.9,229.17,226.66,2311,227.25,207606,227.942398
2025-02-04 15:00:00+00:00,230.53,231.52,228.645,2700,228.94,238344,230.149626
2025-02-04 16:00:00+00:00,232.17,232.46,230.16,2215,230.52,186409,231.280167
2025-02-04 17:00:00+00:00,232.25,232.78,231.4,2108,232.21,150152,232.121788
2025-02-04 18:00:00+00:00,231.505,232.38,231.5,1630,232.24,111425,231.956606
2025-02-04 19:00:00+00:00,232.45,232.75,231.37,1789,231.485,152688,232.326816
2025-02-04 20:00:00+00:00,232.81,233.13,232.01,3319,232.53,271230,232.677121
2025-02-05 14:00:00+00:00,230.15,230.605,228.3,1833,228.31,163979,229.62903
2025-02-05 15:00:00+00:00,229.53,230.52,228.435,2356,230.28,198388,229.236572
2025-02-05 16:00:00+00:00,230.71,230.815,229.29,1419,229.53,106385,230.057596
2025-02-05 17:00:00+00:00,230.06,231.26,230.05,1111,230.715,86027,230.688098
2025-02-05 18:00:00+00:00,230.54,230.54,229.63,1080,230.105,84978,229.967647
2025-02-05 19:00:00+00:00,231.28,231.52,230.495,1335,230.53,102587,230.966214
2025-02-05 20:00:00+00:00,232.45,232.665,231.15,2609,231.32,177854,231.947787
2025-02-06 14:00:00+00:00,233.52,233.775,230.78,1489,231.325,117273,232.708226
2025-02-06 15:00:00+00:00,230.95,233.49,230.45,2207,233.47,153618,231.899889
2025-02-06 16:00:00+00:00,231.04,231.88,230.9,1422,230.9,101813,231.437427
2025-02-06 17:00:00+00:00,231.79,231.9,230.9,1090,230.99,68604,231.284604
2025-02-06 18:00:00+00:00,232.41,232.48,231.76,1065,231.77,74941,232.135553
2025-02-06 19:00:00+00:00,232.18,233.1,232.1,1294,232.41,116812,232.53015
2025-02-06 20:00:00+00:00,233.175,233.275,231.93,1943,232.16,148747,232.709189
2025-02-07 14:00:00+00:00,232.675,234.0,232.1,1299,232.405,96971,233.058784
2025-02-07 15:00:00+00:00,230.385,232.675,229.16,2524,232.675,183814,230.593819
2025-02-07 16:00:00+00:00,229.03,230.57,228.57,1896,230.57,151630,229.271909
2025-02-07 17:00:00+00:00,228.72,229.35,228.22,1504,228.87,90521,228.879126
2025-02-07 18:00:00+00:00,228.12,229.48,228.07,1034,228.65,78348,228.911645
2025-02-07 19:00:00+00:00,228.3,228.425,227.8,1149,228.08,75606,228.094958
2025-02-07 20:00:00+00:00,227.68,228.58,227.27,3265,228.28,249748,227.855673
2025-02-10 14:00:00+00:00,229.165,230.46,229.035,1526,229.58,113721,229.630921
2025-02-10 15:00:00+00:00,229.04,230.58,228.815,1689,229.18,147887,229.673412
2025-02-10 16:00:00+00:00,229.21,229.47,228.74,1452,229.025,90944,229.106493
2025-02-10 17:00:00+00:00,228.665,229.24,228.27,896,229.21,54215,228.561038
2025-02-10 18:00:00+00:00,228.55,228.83,228.375,775,228.66,44076,228.5744
2025-02-10 19:00:00+00:00,228.0,229.03,227.93,1322,228.49,100992,228.361684
2025-02-10 20:00:00+00:00,227.66,228.04,227.205,2320,228.0,181628,227.590583
2025-02-11 14:00:00+00:00,230.325,231.89,228.2,2311,229.71,225324,230.362794
2025-02-11 15:00:00+00:00,234.29,234.66,230.22,3324,230.31,261142,232.427178
2025-02-11 16:00:00+00:00,234.72,235.225,233.66,2218,234.325,165719,234.382029
2025-02-11 17:00:00+00:00,234.2,235.125,233.73,1529,234.74,104839,234.404286
2025-02-11 18:00:00+00:00,233.82,234.43,233.26,1211,234.22,83607,233.790668
2025-02-11 19:00:00+00:00,233.37,233.865,233.13,1275,233.75,93066,233.452386
2025-02-11 20:00:00+00:00,232.59,233.92,232.205,3291,233.44,267697,232.95868
2025-02-12 14:00:00+00:00,232.58,232.99,230.765,1698,231.18,142976,231.857263
2025-02-12 15:00:00+00:00,234.665,234.82,231.38,3629,232.565,288548,233.315592
2025-02-12 16:00:00+00:00,235.34,235.5,234.0,2592,234.65,186168,234.769019
2025-02-12 17:00:00+00:00,235.68,235.68,234.92,1749,235.41,128494,235.308141
2025-02-12 18:00:00+00:00,235.64,235.885,235.1,1518,235.65,110724,235.560176
2025-02-12 19:00:00+00:00,236.47,236.5,235.585,1601,235.66,120425,236.215289
2025-02-12 20:00:00+00:00,236.83,236.92,235.91,3235,236.46,261040,236.497222
2025-02-13 13:00:00+00:00,236.83,236.83,236.05,39,236.34,3019,236.416154
2025-02-13 14:00:00+00:00,236.295,238.935,235.9,1680,236.97,140875,237.259763
2025-02-13 15:00:00+00:00,239.27,239.51,235.6,2647,236.33,224342,237.90304
2025-02-13 16:00:00+00:00,240.39,241.58,239.14,2764,239.335,245516,240.51161
2025-02-13 17:00:00+00:00,240.69,241.12,240.13,1447,240.42,141756,240.614054
2025-02-13 18:00:00+00:00,241.585,241.59,240.32,1707,240.67,124059,240.996939
2025-02-13 19:00:00+00:00,242.23,242.33,241.39,1392,241.52,97472,241.810368
2025-02-13 20:00:00+00:00,241.49,242.205,241.03,2614,242.16,236777,241.517013
2025-02-14 13:00:00+00:00,240.91,240.96,240.88,7,240.96,592,240.909183
2025-02-14 14:00:00+00:00,244.32,244.405,240.7,2605,240.8,254317,243.153588
2025-02-14 15:00:00+00:00,244.255,245.04,243.19,3771,244.215,349762,244.178733
2025-02-14 16:00:00+00:00,244.38,244.42,243.16,2107,244.3,174820,243.935513
2025-02-14 17:00:00+00:00,243.88,244.49,243.345,1545,244.37,98637,243.913846
2025-02-14 18:00:00+00:00,244.19,244.54,243.82,911,243.945,58437,244.129795
2025-02-14 19:00:00+00:00,244.28,244.35,243.96,959,244.13,72007,244.149653
2025-02-14 20:00:00+00:00,244.6,245.41,243.95,2796,244.14,211570,244.678478
2025-02-18 14:00:00+00:00,244.88,245.15,242.89,2347,244.12,196764,244.100863
2025-02-18 15:00:00+00:00,244.34,245.08,243.89,2132,244.92,152433,244.360411
2025-02-18 16:00:00+00:00,244.9,245.04,244.24,1480,244.32,107617,244.617177
2025-02-18 17:00:00+00:00,243.975,244.9,243.955,1735,244.9,134717,244.268541
2025-02-18 18:00:00+00:00,242.62,244.11,242.325,2001,243.945,147716,243.220556
2025-02-18 19:00:00+00:00,243.69,243.835,241.885,2066,242.68,178424,242.866408
2025-02-18 20:00:00+00:00,244.45,244.59,243.16,3944,243.715,316072,243.812763
2025-02-19 13:00:00+00:00,244.0,244.05,244.0,6,244.05,540,244.016
2025-02-19 14:00:00+00:00,245.07,246.0,244.2,1000,244.29,89993,244.903766
2025-02-19 15:00:00+00:00,243.41,245.49,243.27,1787,245.08,131385,244.111608
2025-02-19 16:00:00+00:00,244.815,244.945,243.18,1434,243.395,101963,244.233557
2025-02-19 17:00:00+00:00,244.725,245.64,244.675,1336,244.77,96269,245.104079
2025-02-19 18:00:00+00:00,244.74,245.175,244.23,965,244.73,80339,244.761746
2025-02-19 19:00:00+00:00,244.84,245.07,244.24,1084,244.72,51974,244.748607
2025-02-19 20:00:00+00:00,244.9,245.15,244.54,2185,244.85,161218,244.936012
2025-02-20 14:00:00+00:00,244.88,246.66,244.68,1433,244.925,97789,245.712582
2025-02-20 15:00:00+00:00,245.04,245.345,244.31,2177,244.995,156280,244.924234
2025-02-20 16:00:00+00:00,245.275,246.65,245.09,1919,245.12,135508,245.919153
2025-02-20 17:00:00+00:00,245.35,246.45,245.04,1847,245.265,133877,246.019364
2025-02-20 18:00:00+00:00,245.36,245.81,245.03,1479,245.34,96950,245.43291
2025-02-20 19:00:00+00:00,245.41,245.75,244.88,1350,245.33,88726,245.320696
2025-02-20 20:00:00+00:00,245.84,245.96,245.28,2848,245.345,221520,245.706716
2025-02-21 14:00:00+00:00,245.705,246.91,245.5,1527,246.09,91192,245.991109
2025-02-21 15:00:00+00:00,245.8,246.01,245.23,2864,245.47,204590,245.627585
2025-02-21 16:00:00+00:00,247.015,247.49,245.88,2502,245.9,182252,246.807471
2025-02-21 17:00:00+00:00,248.405,248.69,246.9,2524,247.0,197520,247.814122
2025-02-21 18:00:00+00:00,247.735,248.465,247.08,2496,248.465,180284,247.57657
2025-02-21 19:00:00+00:00,245.88,247.85,245.65,2796,247.735,223933,246.662653
2025-02-21 20:00:00+00:00,245.68,246.09,245.34,4553,245.89,364335,245.717547
2025-02-24 13:00:00+00:00,244.42,244.49,243.71,38,243.86,2524,243.947647
2025-02-24 14:00:00+00:00,248.065,248.14,243.29,3287,243.52,261977,246.411309
2025-02-24 15:00:00+00:00,247.23,248.84,246.05,3847,248.08,316489,247.268305
2025-02-24 16:00:00+00:00,248.0,248.29,246.29,2423,247.185,199660,247.519117
2025-02-24 17:00:00+00:00,247.32,248.28,247.3,1262,248.0,103076,247.801978
2025-02-24 18:00:00+00:00,247.98,248.21,247.26,1569,247.26,127555,247.860872
2025-02-24 19:00:00+00:00,247.92,248.785,247.475,1423,248.0,106501,248.307872
2025-02-24 20:00:00+00:00,247.195,248.19,246.91,3651,247.99,295202,247.463178
2025-02-24 21:00:00+00:00,247.62,247.62,247.62,1,247.62,100,247.62
2025-02-25 13:00:00+00:00,247.2,247.43,247.2,14,247.43,1106,247.312
2025-02-25 14:00:00+00:00,247.72,249.51,247.14,2377,247.97,175447,247.932147
2025-02-25 15:00:00+00:00,246.06,247.875,244.94,4156,247.875,299717,246.101072
2025-02-25 16:00:00+00:00,249.595,250.0,245.665,3724,246.09,250457,247.559511
2025-02-25 17:00:00+00:00,248.21,249.63,248.1,2019,249.55,156076,249.120326
2025-02-25 18:00:00+00:00,248.15,248.8,247.76,2157,248.205,192566,248.293727
2025-02-25 19:00:00+00:00,248.445,248.585,247.17,3064,248.13,278835,247.969994
2025-02-25 20:00:00+00:00,247.15,248.51,246.08,4619,248.42,404207,247.24129
2025-02-26 13:00:00+00:00,245.62,245.99,245.41,10,245.91,1000,245.776
2025-02-26 14:00:00+00:00,243.41,245.68,241.45,3786,245.68,260893,242.995813
2025-02-26 15:00:00+00:00,242.18,244.6,242.02,3752,243.38,260767,243.181914
2025-02-26 16:00:00+00:00,243.19,243.46,241.6,2633,242.235,213456,242.650299
2025-02-26 17:00:00+00:00,241.54,243.88,241.4,2057,243.23,187350,242.710871
2025-02-26 18:00:00+00:00,239.71,241.71,239.13,2237,241.55,155543,240.442621
2025-02-26 19:00:00+00:00,239.73,240.35,239.34,1296,239.6,89373,239.861818
2025-02-26 20:00:00+00:00,240.38,240.71,239.535,2891,239.685,206327,240.120284
2025-02-27 13:00:00+00:00,238.99,239.07,238.89,9,239.07,900,238.96125
2025-02-27 14:00:00+00:00,240.58,242.25,238.79,2737,239.2,201244,240.733834
2025-02-27 15:00:00+00:00,241.21,241.78,238.47,2887,240.4,226596,240.331717
2025-02-27 16:00:00+00:00,240.37,242.46,240.275,1820,241.225,140430,241.345264
2025-02-27 17:00:00+00:00,240.785,241.335,239.59,1422,240.4,117351,240.470574
2025-02-27 18:00:00+00:00,241.655,242.17,240.79,1366,240.8,102864,241.703556
2025-02-27 19:00:00+00:00,239.675,241.76,239.55,2084,241.51,174645,240.465077
2025-02-27 20:00:00+00:00,237.49,239.92,237.16,6424,239.65,566470,238.343042
2025-02-28 13:00:00+00:00,236.71,238.18,236.34,18,237.06,1353,237.169167
2025-02-28 14:00:00+00:00,236.7,237.385,234.68,2207,236.8,194612,236.302219
2025-02-28 15:00:00+00:00,237.5,237.81,235.68,4321,236.745,244509,236.885489
2025-02-28 16:00:00+00:00,237.09,237.67,236.5,2822,237.505,166901,237.086904
2025-02-28 17:00:00+00:00,237.4,237.9,236.56,2512,237.09,164371,237.376032
2025-02-28 18:00:00+00:00,237.04,238.295,236.25,3238,237.52,145314,237.319025
2025-02-28 19:00:00+00:00,238.865,238.865,237.03,2683,237.03,137423,238.2132
2025-02-28 20:00:00+00:00,241.37,242.08,238.795,5162,238.87,471023,240.378779
2025-03-03 13:00:00+00:00,241.56,241.56,240.96,18,241.28,1240,241.257778
2025-03-03 14:00:00+00:00,240.86,244.01,240.545,2063,241.33,167372,242.081572
2025-03-03 15:00:00+00:00,241.21,242.45,239.9,2111,240.15,143519,241.040764
2025-03-03 16:00:00+00:00,241.78,242.59,240.71,1576,241.28,118191,241.569658
2025-03-03 17:00:00+00:00,242.33,242.975,241.67,1378,241.7,104773,242.392379
2025-03-03 18:00:00+00:00,241.31,242.35,240.5,1992,242.3,137077,241.172637
2025-03-03 19:00:00+00:00,240.29,241.98,239.9,2197,241.31,163862,241.184347
2025-03-03 20:00:00+00:00,238.095,240.265,236.15,5894,240.265,505444,237.706312
2025-03-04 13:00:00+00:00,237.87,238.72,236.76,67,237.63,5696,237.768601
2025-03-04 14:00:00+00:00,236.57,239.365,236.57,2884,237.68,243921,238.099478
2025-03-04 15:00:00+00:00,239.13,239.74,236.365,4077,236.46,300031,238.236831
2025-03-04 16:00:00+00:00,239.08,240.045,237.7,3292,239.06,288167,238.874943
2025-03-04 17:00:00+00:00,236.58,239.23,236.27,2481,239.13,196827,237.682428
2025-03-04 18:00:00+00:00,237.85,238.0,236.17,3203,236.52,274627,237.124208
2025-03-04 19:00:00+00:00,238.34,238.75,237.5,2248,237.89,160059,238.214941
2025-03-04 20:00:00+00:00,236.03,239.23,234.7,5759,238.29,525356,237.049315
2025-03-05 13:00:00+00:00,236.52,236.74,236.52,7,236.65,500,236.6575
2025-03-05 14:00:00+00:00,231.68,236.61,231.06,2369,236.45,199828,233.604559
2025-03-05 15:00:00+00:00,232.565,233.22,230.61,3514,232.145,260368,232.175818
2025-03-05 16:00:00+00:00,232.26,232.535,229.24,2966,232.535,249852,230.725606
2025-03-05 17:00:00+00:00,234.945,235.23,232.145,2369,232.145,175696,233.96329
2025-03-05 18:00:00+00:00,235.81,235.835,234.05,1714,234.885,112191,234.926702
2025-03-05 19:00:00+00:00,235.47,236.53,235.19,1443,235.855,97421,235.965106
2025-03-05 20:00:00+00:00,235.65,236.48,235.08,3234,235.5,232963,235.702338
2025-03-06 13:00:00+00:00,233.89,234.09,233.89,5,234.05,370,234.01
2025-03-06 14:00:00+00:00,235.4,236.45,233.615,2841,234.15,242193,235.051865
2025-03-06 15:00:00+00:00,236.97,237.83,234.99,3314,235.195,278204,236.653888
2025-03-06 16:00:00+00:00,234.9,237.695,234.87,2397,236.99,172272,236.42001
2025-03-06 17:00:00+00:00,235.06,235.31,234.04,3027,234.85,309469,234.662619
2025-03-06 18:00:00+00:00,234.29,235.425,233.97,2433,235.03,226364,234.750426
2025-03-06 19:00:00+00:00,234.37,236.0,233.35,3617,234.32,307420,234.372554
2025-03-06 20:00:00+00:00,235.35,235.74,234.225,4321,234.435,340058,235.063363
2025-03-07 13:00:00+00:00,234.99,234.99,234.98,5,234.98,353,234.985
2025-03-07 14:00:00+00:00,238.32,239.4,234.12,1945,234.6,150658,237.62486
2025-03-07 15:00:00+00:00,238.875,240.09,237.05,3359,238.36,232742,238.38002
2025-03-07 16:00:00+00:00,239.19,239.47,237.87,4078,238.9,402201,238.826794
2025-03-07 17:00:00+00:00,240.205,240.8,237.89,3327,239.24,353970,239.780063
2025-03-07 18:00:00+00:00,239.425,241.34,239.38,3417,240.045,239752,240.510243
2025-03-07 19:00:00+00:00,239.22,239.89,238.575,2287,239.445,167748,239.262646
2025-03-07 20:00:00+00:00,239.0,239.76,237.95,4036,239.21,341873,238.921206
2025-03-11 12:00:00+00:00,225.63,225.63,225.63,1,225.63,100,225.63
2025-03-11 13:00:00+00:00,222.015,225.825,221.76,4183,225.37,414202,223.140288
2025-03-11 14:00:00+00:00,221.055,223.5,220.02,4744,222.0,449026,221.80413
2025-03-11 15:00:00+00:00,221.02,222.14,220.29,3037,221.0,296958,221.132915
2025-03-11 16:00:00+00:00,218.98,221.09,218.445,3534,221.09,361571,219.356204
2025-03-11 17:00:00+00:00,218.29,219.49,217.48,2690,218.895,228673,218.413025
2025-03-11 18:00:00+00:00,222.13,222.7,218.29,3945,218.29,307396,220.741302
2025-03-11 19:00:00+00:00,220.92,223.245,220.6,4479,222.18,368423,221.482081
2025-03-12 12:00:00+00:00,221.68,221.68,221.68,8,221.68,588,221.68
2025-03-12 13:00:00+00:00,221.36,222.25,219.3,3423,222.01,312070,220.560363
2025-03-12 14:00:00+00:00,216.15,221.695,216.01,4956,221.195,449377,218.518998
2025-03-12 15:00:00+00:00,217.78,217.835,214.93,3506,216.125,311426,216.167835
2025-03-12 16:00:00+00:00,217.22,218.605,216.89,3490,217.78,225605,217.852089
2025-03-12 17:00:00+00:00,216.08,218.22,216.08,2335,217.345,149446,217.370757
2025-03-12 18:00:00+00:00,216.43,217.07,215.85,2170,216.18,139258,216.364931
2025-03-12 19:00:00+00:00,216.945,217.28,215.08,5188,216.42,470163,216.212859
2025-03-13 13:00:00+00:00,215.28,216.795,214.39,3212,215.96,289452,215.34894
2025-03-13 14:00:00+00:00,214.24,215.92,213.675,3499,215.275,307922,214.745839
2025-03-13 15:00:00+00:00,212.06,214.79,212.0,3144,214.3,338568,213.329413
2025-03-13 16:00:00+00:00,211.49,212.93,211.16,4304,212.09,445946,211.926669
2025-03-13 17:00:00+00:00,211.09,211.675,210.54,2374,211.49,197551,211.035165
2025-03-13 18:00:00+00:00,211.94,212.46,211.04,2014,211.04,134462,211.946208
2025-03-13 19:00:00+00:00,209.69,212.26,208.445,5147,211.79,460435,209.711987
2025-03-14 13:00:00+00:00,212.34,213.41,210.99,2659,211.29,247144,212.778083
2025-03-14 14:00:00+00:00,211.77,212.29,209.585,3555,212.0,316593,210.869324
2025-03-14 15:00:00+00:00,213.14,213.87,211.2,2129,211.755,179857,212.592824
2025-03-14 16:00:00+00:00,212.855,213.29,212.16,1478,213.23,117906,212.63779
2025-03-14 17:00:00+00:00,212.385,213.5,211.97,1289,212.98,91779,212.529796
2025-03-14 18:00:00+00:00,212.605,212.68,210.785,2358,212.39,193385,211.641325
2025-03-14 19:00:00+00:00,213.36,213.83,212.52,3662,212.59,313691,213.307204
2025-03-17 12:00:00+00:00,213.84,213.84,213.84,1,213.84,100,213.84
2025-03-17 13:00:00+00:00,213.72,214.94,212.21,2663,213.74,246934,213.695218
2025-03-17 14:00:00+00:00,211.39,213.98,211.315,3113,213.76,325114,212.965763
2025-03-17 15:00:00+00:00,210.905,211.58,209.98,2198,211.39,176320,210.807607
2025-03-17 16:00:00+00:00,211.56,211.79,210.6,1827,210.95,161024,211.276172
2025-03-17 17:00:00+00:00,213.61,213.74,211.1,1983,211.57,156264,212.500911
2025-03-17 18:00:00+00:00,214.55,214.77,213.52,1870,213.665,156922,214.296518
2025-03-17 19:00:00+00:00,214.17,215.18,213.71,3941,214.53,375656,214.380418
2025-03-18 13:00:00+00:00,214.43,215.02,213.0,2424,213.4,208047,214.039422
2025-03-18 14:00:00+00:00,213.715,215.13,213.49,3271,214.47,267070,214.267996
2025-03-18 15:00:00+00:00,213.345,213.775,212.68,1836,213.725,128971,213.139627
2025-03-18 16:00:00+00:00,212.185,213.8,211.615,1903,213.26,152975,212.808059
2025-03-18 17:00:00+00:00,211.87,212.54,211.5,1758,212.15,145182,212.027987
2025-03-18 18:00:00+00:00,212.2,212.65,211.71,1668,211.85,126283,212.064863
2025-03-18 19:00:00+00:00,212.79,213.13,211.9,2955,212.205,238777,212.575206
2025-03-19 13:00:00+00:00,217.105,217.7,213.95,2387,214.21,215593,215.84098
2025-03-19 14:00:00+00:00,215.54,218.68,215.46,2838,217.285,234036,217.582854
2025-03-19 15:00:00+00:00,216.27,216.69,214.97,1552,215.485,126145,215.836704
2025-03-19 16:00:00+00:00,214.955,216.305,214.465,1183,216.24,94898,215.201045
2025-03-19 17:00:00+00:00,214.01,215.07,213.91,1135,214.97,88796,214.448826
2025-03-19 18:00:00+00:00,215.6,215.6,213.75,2208,213.98,188190,214.745396
2025-03-19 19:00:00+00:00,215.32,217.055,214.52,3368,215.57,280334,215.559172
2025-03-20 13:00:00+00:00,215.38,215.425,212.925,1425,214.5,135675,214.254345
2025-03-20 14:00:00+00:00,216.24,217.44,215.405,2529,215.405,210686,216.72953
2025-03-20 15:00:00+00:00,215.62,216.51,215.425,1225,216.17,105958,216.084126
2025-03-20 16:00:00+00:00,213.52,216.4,213.0,2207,215.57,189366,214.381228
2025-03-20 17:00:00+00:00,213.4,214.005,213.12,1245,213.54,88248,213.545638
2025-03-20 18:00:00+00:00,212.35,213.83,212.22,1631,213.44,149832,212.95669
2025-03-20 19:00:00+00:00,214.13,214.76,212.46,2890,212.46,218428,213.607212
2025-03-21 13:00:00+00:00,214.1,214.37,210.4,2500,210.69,247908,212.994962
2025-03-21 14:00:00+00:00,214.48,214.515,213.18,2257,214.09,184352,213.795751
2025-03-21 15:00:00+00:00,213.27,214.84,212.68,1649,214.52,116348,213.610173
2025-03-21 16:00:00+00:00,215.35,215.46,212.68,2009,213.25,179556,214.539499
2025-03-21 17:00:00+00:00,214.27,215.38,214.27,1193,215.38,100936,214.864434
2025-03-21 18:00:00+00:00,215.18,215.35,214.34,1874,214.34,181015,214.869995
2025-03-21 19:00:00+00:00,218.22,218.84,214.87,4606,215.17,495888,216.872416
2025-03-21 20:00:00+00:00,218.09,218.09,218.09,1,218.09,100,218.09
2025-03-24 13:00:00+00:00,220.21,221.03,218.68,2301,221.0,219309,219.894366
2025-03-24 14:00:00+00:00,219.75,220.36,219.25,3162,220.235,234175,219.790339
2025-03-24 15:00:00+00:00,219.79,220.68,218.97,2044,219.72,157453,219.677006
2025-03-24 16:00:00+00:00,219.29,220.05,218.83,1901,219.765,139812,219.338822
2025-03-24 17:00:00+00:00,219.59,219.59,218.895,1861,219.28,147388,219.235146
2025-03-24 18:00:00+00:00,220.12,220.37,219.23,2040,219.575,154550,219.822135
2025-03-24 19:00:00+00:00,220.34,221.01,219.585,3486,220.13,272503,220.288173
2025-03-25 13:00:00+00:00,222.55,222.625,220.09,2109,220.83,145635,221.526021
2025-03-25 14:00:00+00:00,223.65,223.74,222.08,3384,222.69,251671,222.899124
2025-03-25 15:00:00+00:00,223.54,223.895,222.96,1551,223.65,111952,223.458404
2025-03-25 16:00:00+00:00,223.1,223.54,222.85,1557,223.53,101232,223.165982
2025-03-25 17:00:00+00:00,222.98,223.63,222.64,1299,223.15,74776,223.076485
2025-03-25 18:00:00+00:00,222.85,223.935,222.84,1659,222.96,104971,223.452107
2025-03-25 19:00:00+00:00,223.72,224.095,222.85,2949,222.91,196068,223.560223
2025-03-26 13:00:00+00:00,224.335,225.005,223.36,2342,224.24,219794,224.19295
2025-03-26 14:00:00+00:00,223.73,224.305,222.87,2717,224.305,191818,223.560285
2025-03-26 15:00:00+00:00,222.68,224.31,222.185,1989,223.7,132644,223.329781
2025-03-26 16:00:00+00:00,222.84,223.77,222.52,2235,222.67,99366,223.076918
2025-03-26 17:00:00+00:00,221.71,222.91,221.46,1876,222.85,115091,222.087318
2025-03-26 18:00:00+00:00,221.57,222.08,221.31,1292,221.68,81604,221.750125
2025-03-26 19:00:00+00:00,221.4,221.89,220.52,3874,221.55,298902,221.235569
2025-03-27 12:00:00+00:00,221.66,221.66,221.66,1,221.66,100,221.66
2025-03-27 13:00:00+00:00,221.565,222.09,220.58,1736,221.66,146156,221.340735
2025-03-27 14:00:00+00:00,222.485,222.51,220.83,2084,221.63,143592,221.583555
2025-03-27 15:00:00+00:00,223.015,223.57,222.39,1557,222.49,119020,222.958139
2025-03-27 16:00:00+00:00,222.92,223.95,222.735,1615,223.01,102364,223.306706
2025-03-27 17:00:00+00:00,223.335,223.68,222.765,1248,222.95,69799,223.331572
2025-03-27 18:00:00+00:00,224.1,224.925,223.295,2122,223.32,138804,224.379503
2025-03-27 19:00:00+00:00,223.74,224.99,223.71,3749,224.08,312141,224.399856
2025-03-28 13:00:00+00:00,223.39,223.8,221.0,1701,221.84,136198,222.43945
2025-03-28 14:00:00+00:00,220.575,223.68,219.645,3119,223.19,225554,220.882528
2025-03-28 15:00:00+00:00,219.53,220.58,219.17,2173,220.58,139730,219.820075
2025-03-28 16:00:00+00:00,218.59,219.83,218.37,1775,219.525,126869,218.886681
2025-03-28 17:00:00+00:00,218.78,219.09,218.18,1486,218.6,103651,218.554978
2025-03-28 18:00:00+00:00,218.53,219.16,218.42,1547,218.735,96493,218.76706
2025-03-28 19:00:00+00:00,217.82,218.745,217.7,3965,218.49,325666,218.1517
2025-03-31 12:00:00+00:00,217.05,217.05,217.05,2,217.05,200,217.05
2025-03-31 13:00:00+00:00,217.03,218.49,216.23,4154,217.14,385004,217.488631
2025-03-31 14:00:00+00:00,219.12,219.69,217.02,4190,217.07,345290,218.545179
2025-03-31 15:00:00+00:00,220.325,220.565,218.93,3019,219.335,232654,219.560941
2025-03-31 16:00:00+00:00,220.2,221.01,219.58,1726,220.38,172362,220.390837
2025-03-31 17:00:00+00:00,219.49,220.735,219.24,1674,220.04,113448,219.869397
2025-03-31 18:00:00+00:00,220.58,221.2,219.49,1772,219.51,110654,220.670219
2025-03-31 19:00:00+00:00,222.065,224.11,220.55,7125,220.55,686964,222.236127
2025-03-31 20:00:00+00:00,222.21,222.21,222.21,1,222.21,150,222.21
2025-04-01 13:00:00+00:00,223.13,223.33,218.91,3025,220.25,255555,220.910728
2025-04-01 14:00:00+00:00,222.55,223.355,220.84,3786,223.07,259397,222.094952
2025-04-01 15:00:00+00:00,222.48,223.365,222.14,3044,222.625,163956,222.726844
2025-04-01 16:00:00+00:00,222.77,223.13,222.32,1678,222.565,100399,222.700264
2025-04-01 17:00:00+00:00,222.2,222.96,222.1,1600,222.73,116016,222.525657
2025-04-01 18:00:00+00:00,221.81,222.22,221.16,1719,222.22,117865,221.559935
2025-04-01 19:00:00+00:00,223.2,223.48,221.48,2947,221.71,222871,222.566058
2025-04-02 13:00:00+00:00,222.855,222.935,221.14,1320,221.51,98955,222.069553
2025-04-02 14:00:00+00:00,224.345,224.455,222.515,2253,222.77,200004,223.449318
2025-04-02 15:00:00+00:00,223.69,224.685,223.1,2398,224.325,191168,223.954935
2025-04-02 16:00:00+00:00,224.71,224.9,223.62,1742,223.69,135072,224.243178
2025-04-02 17:00:00+00:00,224.215,225.17,223.99,2665,224.7,242996,224.820079
2025-04-02 18:00:00+00:00,222.94,224.24,222.88,1700,224.22,101175,223.463156
2025-04-02 19:00:00+00:00,223.8,224.43,223.08,2546,223.08,188728,223.939222
2025-04-02 20:00:00+00:00,216.93,217.72,216.23,14,217.72,1200,216.897551
2025-04-03 13:00:00+00:00,204.28,207.425,202.53,8238,205.575,715480,204.718686
2025-04-03 14:00:00+00:00,204.405,206.45,203.26,7253,204.05,590028,204.678814
2025-04-03 15:00:00+00:00,205.6,206.225,203.515,4932,204.36,385924,204.786106
2025-04-03 16:00:00+00:00,204.845,206.975,204.61,3315,205.56,247929,205.882608
2025-04-03 17:00:00+00:00,203.39,205.34,203.21,2382,204.845,167912,204.377293
2025-04-03 18:00:00+00:00,202.905,203.62,202.425,3092,203.41,250348,202.964689
2025-04-03 19:00:00+00:00,203.01,203.765,201.255,7933,202.88,811141,202.510869
2025-04-04 12:00:00+00:00,192.91,194.15,191.76,13,194.15,790,192.713252
2025-04-04 13:00:00+00:00,199.24,199.87,192.99,10429,193.925,988123,197.159617
2025-04-04 14:00:00+00:00,193.45,199.31,191.09,12076,199.31,1021087,194.668818
2025-04-04 15:00:00+00:00,194.1,197.19,193.43,7333,193.43,560718,195.27073
2025-04-04 16:00:00+00:00,192.96,195.01,192.245,4137,194.19,286536,193.52922
2025-04-04 17:00:00+00:00,191.61,193.49,190.68,4653,192.95,421034,191.541191
2025-04-04 18:00:00+00:00,188.85,192.54,187.37,4706,191.66,339486,189.45527
2025-04-04 19:00:00+00:00,188.5,191.72,188.05,8416,188.86,762051,189.56219
2025-04-07 12:00:00+00:00,183.56,183.56,183.56,8,183.56,397,183.56
2025-04-07 13:00:00+00:00,180.39,181.055,174.64,12745,177.31,1144886,177.557
2025-04-07 14:00:00+00:00,183.85,194.11,179.13,16462,180.455,1497997,184.499428
2025-04-07 15:00:00+00:00,178.815,185.17,176.0,10558,183.93,885804,179.603631
2025-04-07 16:00:00+00:00,177.6,179.78,175.78,6537,178.71,511996,177.764116
2025-04-07 17:00:00+00:00,182.605,182.89,177.1,6352,177.61,489358,180.084757
2025-04-07 18:00:00+00:00,179.925,183.88,179.46,7464,182.61,621768,181.309612
2025-04-07 19:00:00+00:00,181.58,181.93,178.33,10371,179.96,940948,180.18181
2025-04-07 20:00:00+00:00,181.5,181.5,181.5,1,181.5,100,181.5
2025-04-08 12:00:00+00:00,185.3,186.03,184.98,8,185.2,807,185.345411
2025-04-08 13:00:00+00:00,188.015,188.56,185.14,7490,185.9,686000,186.462366
2025-04-08 14:00:00+00:00,186.2,190.31,186.2,8702,187.99,671372,188.98866
2025-04-08 15:00:00+00:00,184.41,186.925,183.06,6675,186.205,462498,185.044054
2025-04-08 16:00:00+00:00,179.15,184.82,178.96,7527,184.43,532842,181.426086
2025-04-08 17:00:00+00:00,178.14,179.6,174.86,8438,179.15,636548,177.132003
2025-04-08 18:00:00+00:00,174.61,178.2,174.59,6522,178.2,460643,176.154363
2025-04-08 19:00:00+00:00,172.8,174.84,169.255,12905,174.68,1112457,171.825245
2025-04-09 12:00:00+00:00,172.88,172.91,169.12,12,169.12,990,171.441111
2025-04-09 13:00:00+00:00,177.35,178.88,171.93,9898,173.34,907767,176.21016
2025-04-09 14:00:00+00:00,177.725,180.39,176.77,11567,177.375,1030111,178.328147
2025-04-09 15:00:00+00:00,178.745,180.5,177.61,7699,177.7,607910,178.975538
2025-04-09 16:00:00+00:00,181.08,181.35,177.89,5371,178.785,413784,179.875809
2025-04-09 17:00:00+00:00,193.03,194.59,179.47,14471,181.1,1266948,189.558726
2025-04-09 18:00:00+00:00,184.88,194.6,184.23,13694,193.44,1104589,189.438899
2025-04-09 19:00:00+00:00,198.46,200.57,183.92,16960,184.9,1678721,195.68284
2025-04-09 20:00:00+00:00,198.49,198.67,198.01,18,198.38,1492,198.475
2025-04-10 12:00:00+00:00,190.44,191.81,190.44,11,191.81,1180,191.225495
2025-04-10 13:00:00+00:00,193.325,194.75,189.03,6796,191.0,574365,192.575066
2025-04-10 14:00:00+00:00,189.925,193.93,189.78,7876,193.29,604611,192.366329
2025-04-10 15:00:00+00:00,186.64,191.1,186.46,6586,189.945,500106,188.824584
2025-04-10 16:00:00+00:00,187.53,188.3,183.06,9456,186.64,688707,186.155305
2025-04-10 17:00:00+00:00,190.415,191.25,184.705,8302,187.46,569178,187.977234
2025-04-10 18:00:00+00:00,190.8,192.095,188.13,7710,190.315,581251,190.610736
2025-04-10 19:00:00+00:00,190.63,192.63,187.835,9589,190.77,838216,190.688246
2025-04-11 13:00:00+00:00,191.51,193.25,186.0,4843,186.0,417769,190.323335
2025-04-11 14:00:00+00:00,192.31,193.67,189.48,7339,190.95,552782,191.637867
2025-04-11 15:00:00+00:00,195.46,195.59,191.595,5638,192.27,417804,193.7403
2025-04-11 16:00:00+00:00,198.46,199.33,195.33,6183,195.705,509900,197.316259
2025-04-11 17:00:00+00:00,198.31,199.49,196.06,5673,198.47,386623,197.787671
2025-04-11 18:00:00+00:00,197.56,198.66,196.985,3037,198.34,197754,197.925702
2025-04-11 19:00:00+00:00,198.15,198.95,197.52,5827,197.52,510701,198.230113
2025-04-14 12:00:00+00:00,211.0,211.17,210.85,3,211.17,300,211.006667
2025-04-14 13:00:00+00:00,206.77,212.87,206.12,8427,210.36,821184,208.358483
2025-04-14 14:00:00+00:00,205.23,207.66,204.45,6898,206.795,559093,205.60171
2025-04-14 15:00:00+00:00,202.51,205.6,201.8,5019,205.2,411590,203.6522
2025-04-14 16:00:00+00:00,202.23,204.335,201.215,5389,202.5,422313,202.645016
2025-04-14 17:00:00+00:00,204.57,204.98,202.14,4534,202.17,323621,203.859734
2025-04-14 18:00:00+00:00,205.885,206.18,204.42,2889,204.68,213724,205.463456
2025-04-14 19:00:00+00:00,202.61,206.65,202.33,5882,205.88,546391,204.551657
2025-04-15 13:00:00+00:00,202.935,203.5,201.18,2937,202.01,267889,202.570054
2025-04-15 14:00:00+00:00,201.805,203.03,199.83,4937,202.95,383944,201.572041
2025-04-15 15:00:00+00:00,202.83,203.29,201.28,2420,201.82,181820,202.303641
2025-04-15 16:00:00+00:00,201.49,203.335,201.35,1838,202.865,120413,202.62024
2025-04-15 17:00:00+00:00,202.37,202.735,201.115,2164,201.475,161372,202.011963
2025-04-15 18:00:00+00:00,202.48,202.67,201.355,1817,202.39,128608,202.050379
2025-04-15 19:00:00+00:00,202.14,203.29,201.92,3821,202.455,334143,202.522282
2025-04-16 12:00:00+00:00,199.5,199.5,199.5,2,199.5,197,199.5
2025-04-16 13:00:00+00:00,196.555,200.54,196.395,3380,199.4,287136,198.228631
2025-04-16 14:00:00+00:00,197.59,198.45,196.04,3944,196.77,298395,197.158107
2025-04-16 15:00:00+00:00,196.75,198.93,196.72,2739,197.705,193532,197.688208
2025-04-16 16:00:00+00:00,197.23,197.36,196.4,1940,196.685,138146,196.8333
2025-04-16 17:00:00+00:00,193.985,197.92,193.94,3478,197.15,231341,196.146087
2025-04-16 18:00:00+00:00,193.33,195.15,193.31,3121,193.98,217134,194.347472
2025-04-16 19:00:00+00:00,194.27,194.85,192.38,5423,193.35,447112,193.594549
2025-04-17 13:00:00+00:00,196.04,197.2,194.67,1982,196.8,156172,195.607438
2025-04-17 14:00:00+00:00,195.8,197.07,194.53,3600,196.05,271756,195.878942
2025-04-17 15:00:00+00:00,196.13,197.05,195.43,2593,195.83,173962,196.277466
2025-04-17 16:00:00+00:00,198.08,198.54,196.09,2700,196.12,212203,197.608659
2025-04-17 17:00:00+00:00,197.78,198.38,196.71,1785,198.16,112912,197.499948
2025-04-17 18:00:00+00:00,197.41,198.82,197.41,1870,197.71,127257,198.248279
2025-04-17 19:00:00+00:00,196.89,197.77,195.89,3324,197.39,259616,196.971122
2025-04-21 13:00:00+00:00,192.485,193.8,192.43,1856,193.11,137643,193.11738
2025-04-21 14:00:00+00:00,191.52,192.62,191.31,2712,192.385,192449,191.918872
2025-04-21 15:00:00+00:00,190.26,191.955,189.86,2662,191.61,175518,190.66451
2025-04-21 16:00:00+00:00,190.765,191.72,190.31,2033,190.34,140320,191.034773
2025-04-21 17:00:00+00:00,190.515,191.01,190.145,1975,190.76,149336,190.525677
2025-04-21 18:00:00+00:00,190.27,191.14,190.22,2103,190.51,154926,190.650298
2025-04-21 19:00:00+00:00,193.25,193.42,190.265,4206,190.265,331523,192.070169
2025-04-22 13:00:00+00:00,197.815,197.855,196.035,2319,196.12,176535,197.019226
2025-04-22 14:00:00+00:00,199.24,199.39,197.69,2611,197.87,182551,198.482124
2025-04-22 15:00:00+00:00,199.38,199.505,197.93,2194,199.315,157805,198.84829
2025-04-22 16:00:00+00:00,200.63,201.55,199.04,3399,199.35,276062,200.410649
2025-04-22 17:00:00+00:00,198.28,201.0,198.12,2652,200.605,172806,199.311571
2025-04-22 18:00:00+00:00,200.19,200.5,198.15,1709,198.25,126267,199.707971
2025-04-22 19:00:00+00:00,199.56,200.42,198.02,3674,200.19,284256,199.267197
2025-04-23 13:00:00+00:00,207.27,207.56,204.64,4705,206.0,374553,206.305031
2025-04-23 14:00:00+00:00,206.9,207.94,205.63,4439,207.8,318831,206.893556
2025-04-23 15:00:00+00:00,204.28,207.42,203.67,4129,206.935,302465,205.290523
2025-04-23 16:00:00+00:00,204.78,204.955,202.83,2208,204.24,161148,203.839506
2025-04-23 17:00:00+00:00,205.37,205.62,203.88,1691,204.75,106109,204.780455
2025-04-23 18:00:00+00:00,204.74,205.45,204.25,1772,205.365,112008,204.827559
2025-04-23 19:00:00+00:00,204.33,205.57,203.66,4229,204.71,332320,204.688014
2025-04-24 13:00:00+00:00,205.595,205.62,202.965,2210,203.99,182133,204.544135
2025-04-24 14:00:00+00:00,205.97,206.61,205.3,3104,205.65,220786,205.746374
2025-04-24 15:00:00+00:00,206.1,206.695,205.49,1743,205.94,108235,206.046993
2025-04-24 16:00:00+00:00,206.54,206.7,205.68,1422,206.14,86653,206.257623
2025-04-24 17:00:00+00:00,207.455,207.48,206.1,1404,206.53,89285,206.77784
2025-04-24 18:00:00+00:00,207.9,208.09,207.07,1681,207.425,135461,207.687523
2025-04-24 19:00:00+00:00,208.2,208.8,207.07,3655,207.86,297511,208.103324
2025-04-25 12:00:00+00:00,205.88,205.89,205.88,8,205.89,530,205.885
2025-04-25 13:00:00+00:00,208.195,209.05,205.57,1729,205.6,143076,207.549331
2025-04-25 14:00:00+00:00,207.3,209.23,206.56,2345,208.33,162295,207.629265
2025-04-25 15:00:00+00:00,207.49,207.62,206.67,1733,207.34,127646,207.160245
2025-04-25 16:00:00+00:00,208.725,208.9,207.47,1472,207.5,99785,208.399497
2025-04-25 17:00:00+00:00,208.13,209.38,207.465,2051,208.675,145626,208.628483
2025-04-25 18:00:00+00:00,208.38,208.83,207.92,1511,208.055,102522,208.492453
2025-04-25 19:00:00+00:00,209.18,209.43,207.88,2408,208.38,181392,208.786446
2025-04-28 13:00:00+00:00,209.4,211.44,208.99,2182,210.0,151888,209.979727
2025-04-28 14:00:00+00:00,209.01,209.79,208.73,1768,209.385,134193,209.160145
2025-04-28 15:00:00+00:00,207.95,209.49,207.62,1618,209.04,105208,208.477271
2025-04-28 16:00:00+00:00,208.445,208.71,207.48,1097,207.95,73842,207.984615
2025-04-28 17:00:00+00:00,209.73,209.84,207.95,1099,208.48,66145,208.760175
2025-04-28 18:00:00+00:00,209.895,210.09,209.51,1229,209.76,82882,209.847625
2025-04-28 19:00:00+00:00,210.08,211.48,209.825,2690,209.84,216169,210.589479
2025-04-29 12:00:00+00:00,210.31,210.31,210.31,1,210.31,100,210.31
2025-04-29 13:00:00+00:00,210.735,211.23,208.39,1400,209.05,87064,210.09375
2025-04-29 14:00:00+00:00,211.615,212.11,210.36,2709,210.63,177624,211.404534
2025-04-29 15:00:00+00:00,210.61,211.78,210.42,1282,211.69,74962,210.992248
2025-04-29 16:00:00+00:00,209.73,211.32,209.35,1404,210.615,88894,210.436011
2025-04-29 17:00:00+00:00,211.58,211.7,209.54,1438,209.74,84415,210.507845
2025-04-29 18:00:00+00:00,211.27,211.96,211.18,1437,211.545,94615,211.492375
2025-04-29 19:00:00+00:00,211.22,211.76,210.95,3104,211.27,211133,211.348609
2025-04-29 20:00:00+00:00,210.89,210.89,210.89,1,210.89,100,210.89
2025-04-30 12:00:00+00:00,207.45,208.03,207.45,2,208.03,300,207.643333
2025-04-30 13:00:00+00:00,207.26,209.625,206.68,1972,207.73,129379,207.96092
2025-04-30 14:00:00+00:00,209.51,209.72,207.17,2211,207.185,149255,208.765997
2025-04-30 15:00:00+00:00,211.02,211.1,209.595,1651,209.595,104303,210.420354
2025-04-30 16:00:00+00:00,210.91,211.3,210.27,1326,211.03,78509,210.822055
2025-04-30 17:00:00+00:00,211.2,211.835,209.815,1413,210.915,78964,211.072551
2025-04-30 18:00:00+00:00,210.63,212.59,210.35,1889,211.155,130461,211.269211
2025-04-30 19:00:00+00:00,212.305,213.51,210.06,3724,210.66,267698,211.912823
2025-05-01 12:00:00+00:00,209.3,209.3,209.3,1,209.3,100,209.3
2025-05-01 13:00:00+00:00,210.68,212.43,208.98,3409,208.98,316530,211.15111
2025-05-01 14:00:00+00:00,212.89,213.07,209.77,3212,211.155,255739,211.410286
2025-05-01 15:00:00+00:00,211.56,214.22,211.47,2651,212.9,209522,212.92938
2025-05-01 16:00:00+00:00,212.11,212.84,211.55,1807,211.59,106225,212.391776
2025-05-01 17:00:00+00:00,212.58,212.865,212.07,1474,212.15,94198,212.54905
2025-05-01 18:00:00+00:00,212.54,213.18,212.52,1660,212.59,100308,212.75869
2025-05-01 19:00:00+00:00,213.03,214.515,212.3,5009,212.57,365356,213.142921
2025-05-01 20:00:00+00:00,208.46,208.74,208.33,25,208.74,1115,208.51
2025-05-02 12:00:00+00:00,206.24,206.24,206.24,1,206.24,100,206.24
2025-05-02 13:00:00+00:00,203.79,206.345,202.19,7200,206.145,694171,203.488636
2025-05-02 14:00:00+00:00,205.175,206.99,203.25,6260,203.87,645549,205.369992
2025-05-02 15:00:00+00:00,205.49,205.7,204.62,3208,205.21,304881,205.147405
2025-05-02 16:00:00+00:00,204.94,206.56,204.89,3615,205.44,319239,205.397994
2025-05-02 17:00:00+00:00,205.4,205.79,204.16,2491,204.93,181620,205.025353
2025-05-02 18:00:00+00:00,204.16,205.57,204.09,2746,205.405,229066,204.940684
2025-05-02 19:00:00+00:00,205.31,205.5,203.685,4934,204.17,463307,204.492884
2025-05-05 13:00:00+00:00,199.735,204.04,199.51,3298,203.09,281026,201.10224
2025-05-05 14:00:00+00:00,198.92,200.32,198.225,5624,199.78,377722,199.25725
2025-05-05 15:00:00+00:00,199.27,199.64,198.5,3810,198.92,307805,198.985882
2025-05-05 16:00:00+00:00,199.875,200.03,199.135,2154,199.28,171811,199.662267
2025-05-05 17:00:00+00:00,200.36,200.63,199.71,2776,199.9,200701,200.277317
2025-05-05 18:00:00+00:00,200.52,201.14,200.2,2661,200.33,156687,200.81981
2025-05-05 19:00:00+00:00,198.86,200.5,198.52,5821,200.49,428318,199.235651
2025-05-06 12:00:00+00:00,197.9,197.9,197.9,1,197.9,200,197.9
2025-05-06 13:00:00+00:00,197.79,199.87,197.15,2703,197.69,270560,198.52722
2025-05-06 14:00:00+00:00,198.3,199.31,197.745,2997,197.745,235074,198.470397
2025-05-06 15:00:00+00:00,198.79,199.43,197.96,1819,198.33,129079,198.748239
2025-05-06 16:00:00+00:00,199.505,200.62,198.74,1658,198.82,112238,199.578168
2025-05-06 17:00:00+00:00,199.04,199.99,198.7,1419,199.555,99773,199.253249
2025-05-06 18:00:00+00:00,199.81,199.81,198.8,1325,199.06,83143,199.2864
2025-05-06 19:00:00+00:00,198.445,200.15,198.4,2276,199.81,154646,199.2644
2025-05-07 13:00:00+00:00,197.76,199.3,197.38,2058,199.205,142015,198.154743
2025-05-07 14:00:00+00:00,197.47,199.4,197.46,2008,197.85,153673,198.529256
2025-05-07 15:00:00+00:00,195.1,197.51,193.26,5370,197.51,476700,194.6528
2025-05-07 16:00:00+00:00,195.52,195.65,194.52,1898,195.1,155857,195.049553
2025-05-07 17:00:00+00:00,194.6,195.735,194.24,1759,195.62,118642,195.055456
2025-05-07 18:00:00+00:00,195.46,195.69,193.3,2256,194.67,135555,194.407161
2025-05-07 19:00:00+00:00,196.25,197.39,194.16,3681,195.425,288495,195.753316
2025-05-08 13:00:00+00:00,196.15,198.12,196.09,2083,197.5,168723,196.89447
2025-05-08 14:00:00+00:00,196.665,197.22,194.69,3232,196.02,266324,195.671054
2025-05-08 15:00:00+00:00,199.33,199.75,196.41,2969,196.515,243426,197.97401
2025-05-08 16:00:00+00:00,199.67,200.05,199.03,1544,199.38,119805,199.780116
2025-05-08 17:00:00+00:00,198.315,199.84,198.315,1476,199.76,101369,199.108737
2025-05-08 18:00:00+00:00,198.68,199.235,198.1,1670,198.33,110225,198.67145
2025-05-08 19:00:00+00:00,197.45,199.68,197.17,4465,198.65,406090,198.066829
2025-05-09 13:00:00+00:00,199.725,200.52,198.4,1550,198.6,100847,199.46039
2025-05-09 14:00:00+00:00,198.36,200.24,197.54,2036,199.75,166685,198.821523
2025-05-09 15:00:00+00:00,198.735,199.16,198.14,1390,198.46,92696,198.665854
2025-05-09 16:00:00+00:00,197.965,198.68,197.76,1039,198.68,66998,198.137962
2025-05-09 17:00:00+00:00,198.68,198.8,197.62,1349,198.0,100151,198.208989
2025-05-09 18:00:00+00:00,198.935,199.125,198.47,1169,198.75,79460,198.905077
2025-05-09 19:00:00+00:00,198.49,199.41,198.355,2198,199.07,159418,198.743167
2025-05-12 13:00:00+00:00,208.4,211.23,206.75,4771,211.15,420319,208.172123
2025-05-12 14:00:00+00:00,209.19,210.23,208.47,3881,208.52,295987,209.446901
2025-05-12 15:00:00+00:00,208.41,209.12,208.12,1793,209.12,107509,208.584554
2025-05-12 16:00:00+00:00,209.165,209.51,208.29,1243,208.365,66965,208.898915
2025-05-12 17:00:00+00:00,210.69,210.84,209.21,1382,209.21,80188,210.017837
2025-05-12 18:00:00+00:00,210.58,211.15,210.49,1462,210.65,89427,210.7995
2025-05-12 19:00:00+00:00,210.8,210.9,209.94,3147,210.61,286583,210.446638
2025-05-13 13:00:00+00:00,209.93,211.59,209.16,2781,210.79,215930,210.061377
2025-05-13 14:00:00+00:00,211.49,211.87,209.82,2981,209.83,233906,211.147114
2025-05-13 15:00:00+00:00,210.91,211.6,210.5,1887,211.5,139625,211.223292
2025-05-13 16:00:00+00:00,211.48,211.615,210.65,1464,210.88,100284,211.119208
2025-05-13 17:00:00+00:00,212.52,212.955,211.35,1517,211.495,131077,212.210368
2025-05-13 18:00:00+00:00,212.53,212.74,212.04,1239,212.57,83581,212.413806
2025-05-13 19:00:00+00:00,212.89,213.38,212.51,2988,212.54,184184,213.00409
2025-05-14 13:00:00+00:00,213.08,213.59,211.86,3000,212.34,216533,212.729936
2025-05-14 14:00:00+00:00,213.015,213.92,212.42,2618,213.15,164109,213.053813
2025-05-14 15:00:00+00:00,212.38,213.08,211.9,1849,212.97,103565,212.488332
2025-05-14 16:00:00+00:00,212.01,212.63,211.99,1600,212.36,94542,212.278714
2025-05-14 17:00:00+00:00,211.705,212.025,210.6,1858,212.0,126587,211.315368
2025-05-14 18:00:00+00:00,211.38,212.02,211.22,1362,211.655,90343,211.536803
2025-05-14 19:00:00+00:00,212.3,212.595,211.01,3067,211.34,224779,211.990251
2025-05-15 13:00:00+00:00,210.42,212.49,210.1,2397,211.05,182689,211.332506
2025-05-15 14:00:00+00:00,211.92,211.93,209.55,2392,210.42,174315,210.772232
2025-05-15 15:00:00+00:00,211.95,212.96,211.29,2273,211.93,160991,212.230376
2025-05-15 16:00:00+00:00,212.02,212.19,211.22,1578,212.0,100878,211.755121
2025-05-15 17:00:00+00:00,211.15,212.27,211.07,1193,212.01,78040,211.810263
2025-05-15 18:00:00+00:00,210.65,211.32,210.28,2033,211.2,137063,210.806126
2025-05-15 19:00:00+00:00,211.33,211.33,210.15,3383,210.66,270011,210.878649
2025-05-16 13:00:00+00:00,211.74,212.42,211.04,1736,211.9,155579,211.792574
2025-05-16 14:00:00+00:00,210.24,211.84,209.79,2185,211.56,147259,210.705201
2025-05-16 15:00:00+00:00,210.67,210.9,209.95,1438,210.26,95392,210.396182
2025-05-16 16:00:00+00:00,210.93,211.165,210.5,1084,210.64,67765,210.886356
2025-05-16 17:00:00+00:00,210.97,211.41,210.73,838,210.9,52131,211.065741
2025-05-16 18:00:00+00:00,211.525,211.89,210.93,1120,210.975,82695,211.57291
2025-05-16 19:00:00+00:00,211.21,211.92,211.13,2204,211.515,142624,211.461307
2025-05-19 13:00:00+00:00,205.73,208.17,204.29,3394,208.0,261164,205.623218
2025-05-19 14:00:00+00:00,207.55,207.58,205.71,3376,205.71,271057,206.886397
2025-05-19 15:00:00+00:00,207.67,208.04,207.0,2427,207.55,160724,207.613455
2025-05-19 16:00:00+00:00,208.57,208.7,207.63,1733,207.64,124489,208.255938
2025-05-19 17:00:00+00:00,208.41,209.47,208.35,1437,208.57,102367,208.948771
2025-05-19 18:00:00+00:00,208.675,208.73,207.79,1584,208.41,101048,208.244935
2025-05-19 19:00:00+00:00,208.75,208.93,207.97,2793,208.68,201946,208.446428
2025-05-20 13:00:00+00:00,207.49,208.215,206.48,2117,207.85,194270,207.214857
2025-05-20 14:00:00+00:00,207.59,208.465,207.13,2180,207.47,187563,207.826276
2025-05-20 15:00:00+00:00,207.87,208.43,207.11,1879,207.55,162959,207.708665
2025-05-20 16:00:00+00:00,207.6,208.05,207.51,1342,207.905,96408,207.818369
2025-05-20 17:00:00+00:00,206.86,207.72,206.71,1437,207.58,99380,207.213098
2025-05-20 18:00:00+00:00,205.33,206.82,205.23,2583,206.805,182843,205.776622
2025-05-20 19:00:00+00:00,206.87,206.93,205.04,3272,205.25,254095,206.184762
2025-05-21 13:00:00+00:00,205.44,205.77,204.07,2095,205.24,160002,204.97256
2025-05-21 14:00:00+00:00,206.185,206.77,205.04,2418,205.495,181614,205.987855
2025-05-21 15:00:00+00:00,206.025,207.03,205.995,1766,206.25,124808,206.53508
2025-05-21 16:00:00+00:00,205.15,206.25,205.0,1322,205.995,101143,205.751124
2025-05-21 17:00:00+00:00,203.07,205.25,201.86,5266,205.25,486494,203.218283
2025-05-21 18:00:00+00:00,201.38,203.27,200.935,3041,203.19,253190,202.18141
2025-05-21 19:00:00+00:00,202.24,202.48,200.75,3868,201.4,331632,201.675537
2025-05-22 13:00:00+00:00,201.21,201.43,199.71,3583,200.715,306081,200.649345
2025-05-22 14:00:00+00:00,200.89,201.635,200.26,3405,201.21,275025,200.898456
2025-05-22 15:00:00+00:00,201.75,202.28,200.72,2126,200.855,150883,201.377696
2025-05-22 16:00:00+00:00,201.62,202.39,201.61,1455,201.77,92476,201.913176
2025-05-22 17:00:00+00:00,201.895,202.17,201.21,1698,201.7,119927,201.739892
2025-05-22 18:00:00+00:00,202.14,202.25,201.64,1825,201.885,146322,201.928129
2025-05-22 19:00:00+00:00,201.37,202.65,201.005,3463,202.17,289917,201.82465
2025-05-23 12:00:00+00:00,195.39,195.39,195.39,3,195.39,180,195.39
2025-05-23 13:00:00+00:00,196.28,197.045,193.49,5411,194.53,502142,196.22751
2025-05-23 14:00:00+00:00,195.94,197.69,195.7,4364,196.375,337867,196.617854
2025-05-23 15:00:00+00:00,196.16,197.125,195.84,2320,195.94,162579,196.384181
2025-05-23 16:00:00+00:00,196.1,196.67,195.67,2416,196.18,179006,196.032251
2025-05-23 17:00:00+00:00,195.97,196.65,195.58,2950,196.1,244720,196.122464
2025-05-23 18:00:00+00:00,195.52,196.52,195.0,2653,195.97,197865,195.774441
2025-05-23 19:00:00+00:00,195.3,195.96,195.04,5339,195.46,505985,195.424189
2025-05-27 13:00:00+00:00,198.085,199.15,197.435,1870,198.46,173833,198.102203
2025-05-27 14:00:00+00:00,198.17,198.865,197.95,2974,198.09,329949,198.40079
2025-05-27 15:00:00+00:00,200.09,200.09,198.125,2195,198.175,176871,199.175032
2025-05-27 16:00:00+00:00,200.035,200.64,199.9,1647,200.045,134279,200.268229
2025-05-27 17:00:00+00:00,200.53,200.535,199.675,1230,200.06,95804,199.985354
2025-05-27 18:00:00+00:00,200.45,200.725,200.245,1290,200.55,105748,200.459285
2025-05-27 19:00:00+00:00,200.28,200.55,199.95,2959,200.455,273490,200.177949
2025-05-28 13:00:00+00:00,200.075,202.72,199.9,2487,200.7,204258,201.101377
2025-05-28 14:00:00+00:00,200.8,201.05,200.03,1546,200.05,106188,200.565017
2025-05-28 15:00:00+00:00,200.905,201.31,200.59,935,200.78,61748,201.075668
2025-05-28 16:00:00+00:00,201.08,201.35,200.84,666,200.91,38759,201.171546
2025-05-28 17:00:00+00:00,200.855,201.49,200.73,505,201.05,29385,201.076309
2025-05-28 18:00:00+00:00,200.91,201.24,200.325,734,200.88,50367,200.941544
2025-05-28 19:00:00+00:00,200.47,201.52,200.2,1960,200.82,125197,200.907833
2025-05-29 12:00:00+00:00,203.68,203.68,203.68,1,203.68,200,203.68
2025-05-29 13:00:00+00:00,201.3,203.89,201.06,2847,203.75,245885,202.559319
2025-05-29 14:00:00+00:00,201.48,201.66,200.77,2107,201.32,173370,201.169486
2025-05-29 15:00:00+00:00,198.84,201.475,198.715,1760,201.46,145109,200.35867
2025-05-29 16:00:00+00:00,200.13,200.205,198.56,1512,198.86,110018,199.495232
2025-05-29 17:00:00+00:00,199.2,200.43,199.07,1669,200.17,131212,199.870666
2025-05-29 18:00:00+00:00,198.96,199.76,198.78,1589,199.22,111520,199.296426
2025-05-29 19:00:00+00:00,199.94,200.2,198.6,2942,198.9,292870,199.477183
2025-05-30 13:00:00+00:00,198.24,199.58,197.99,2645,199.345,205390,198.615785
2025-05-30 14:00:00+00:00,199.035,199.48,198.21,2590,198.285,192477,199.110492
2025-05-30 15:00:00+00:00,198.925,199.44,198.65,1733,199.035,123799,199.049011
2025-05-30 16:00:00+00:00,197.295,198.98,196.82,2526,198.885,191412,197.897737
2025-05-30 17:00:00+00:00,198.26,198.47,197.22,1394,197.27,81455,198.005437
2025-05-30 18:00:00+00:00,199.32,199.36,198.18,1625,198.27,106308,198.941872
2025-05-30 19:00:00+00:00,200.64,201.95,199.31,4535,199.31,339668,200.673049
2025-06-02 13:00:00+00:00,201.14,202.08,200.21,2107,200.21,201465,201.229165
2025-06-02 14:00:00+00:00,201.43,201.485,200.13,2220,200.94,147619,200.782252
2025-06-02 15:00:00+00:00,201.03,201.985,200.32,2430,201.45,158357,201.014153
2025-06-02 16:00:00+00:00,200.89,201.125,200.59,1072,201.03,65125,200.929897
2025-06-02 17:00:00+00:00,200.885,201.11,200.625,1007,200.925,65495,200.91602
2025-06-02 18:00:00+00:00,201.24,201.53,200.64,1168,200.88,71164,201.170007
2025-06-02 19:00:00+00:00,201.685,201.765,201.16,1989,201.27,129332,201.538877
2025-06-03 13:00:00+00:00,202.57,203.055,200.955,1937,201.49,165833,202.173711
2025-06-03 14:00:00+00:00,202.055,203.23,201.56,2223,202.62,181534,202.171796
2025-06-03 15:00:00+00:00,202.93,202.95,202.06,1284,202.06,84346,202.457839
2025-06-03 16:00:00+00:00,203.155,203.745,202.59,1490,202.93,95795,203.192594
2025-06-03 17:00:00+00:00,203.235,203.76,202.75,1836,203.15,118721,203.31862
2025-06-03 18:00:00+00:00,203.39,203.4,202.51,1354,203.22,97505,202.94572
2025-06-03 19:00:00+00:00,203.33,203.46,202.99,2876,203.395,189595,203.226915
2025-06-04 13:00:00+00:00,205.045,205.35,202.44,2788,202.51,222720,204.350286
2025-06-04 14:00:00+00:00,204.28,206.23,204.01,3731,205.06,290205,205.087781
2025-06-04 15:00:00+00:00,203.36,204.7,202.215,3019,204.285,244398,203.672795
2025-06-04 16:00:00+00:00,203.21,203.38,202.64,1451,203.38,95390,203.029352
2025-06-04 17:00:00+00:00,203.29,203.58,202.88,1177,203.23,76533,203.275528
2025-06-04 18:00:00+00:00,202.945,203.44,202.78,1305,203.3,86001,203.104599
2025-06-04 19:00:00+00:00,202.83,203.435,202.79,3205,202.935,228711,203.037308
2025-06-05 13:00:00+00:00,201.59,203.82,201.36,2211,203.49,156429,202.825342
2025-06-05 14:00:00+00:00,203.23,203.315,201.36,3716,201.575,281014,202.203334
2025-06-05 15:00:00+00:00,204.205,204.74,203.08,3014,203.19,229833,204.129463
2025-06-05 16:00:00+00:00,201.835,204.38,201.71,2498,204.17,177608,203.122594
2025-06-05 17:00:00+00:00,202.37,202.895,201.57,3282,201.835,220169,202.343376
2025-06-05 18:00:00+00:00,202.34,202.7,201.18,2888,202.365,194798,202.12259
2025-06-05 19:00:00+00:00,200.68,202.38,200.17,6720,202.34,586898,200.81789
2025-06-06 13:00:00+00:00,204.505,205.67,203.01,3105,203.01,259675,204.740559
2025-06-06 14:00:00+00:00,203.17,204.68,203.145,3098,204.55,222393,203.894384
2025-06-06 15:00:00+00:00,203.01,204.03,202.88,1956,203.14,136573,203.354622
2025-06-06 16:00:00+00:00,202.705,203.18,202.085,1608,203.055,113959,202.700421
2025-06-06 17:00:00+00:00,204.05,204.14,202.65,1236,202.73,65466,203.574395
2025-06-06 18:00:00+00:00,205.265,205.46,204.06,1810,204.06,112684,204.967491
2025-06-06 19:00:00+00:00,203.96,205.29,203.9,3518,205.235,260798,204.749683
2025-06-09 13:00:00+00:00,204.85,205.5,204.01,1742,204.41,150458,204.745284
2025-06-09 14:00:00+00:00,204.715,206.0,204.53,1871,204.865,135666,205.267385
2025-06-09 15:00:00+00:00,204.43,204.92,204.33,881,204.74,54387,204.620845
2025-06-09 16:00:00+00:00,204.7,204.9,203.79,1078,204.44,67279,204.397462
2025-06-09 17:00:00+00:00,202.47,205.27,200.045,5890,204.73,467040,201.720801
2025-06-09 18:00:00+00:00,201.51,202.615,200.65,3382,202.5,255355,201.472619
2025-06-09 19:00:00+00:00,201.425,202.335,200.88,3358,201.44,242862,201.404682
2025-06-10 13:00:00+00:00,202.19,203.14,200.62,2342,200.62,179699,202.046366
2025-06-10 14:00:00+00:00,204.24,204.33,202.2,2358,202.24,165146,203.197913
2025-06-10 15:00:00+00:00,202.92,204.3,202.32,1726,204.28,128349,203.192562
2025-06-10 16:00:00+00:00,202.58,203.085,202.09,862,202.98,58885,202.521792
2025-06-10 17:00:00+00:00,201.755,202.61,201.32,1938,202.6,189468,201.933012
2025-06-10 18:00:00+00:00,202.67,203.04,201.38,1287,201.73,97168,201.912152
2025-06-10 19:00:00+00:00,202.68,203.21,202.41,2695,202.67,196900,202.746695
2025-06-11 13:00:00+00:00,202.8,204.48,202.5,1506,203.31,101691,203.076898
2025-06-11 14:00:00+00:00,202.15,203.015,201.93,2171,202.79,208078,202.548528
2025-06-11 15:00:00+00:00,200.74,202.22,200.63,2145,202.175,199292,201.268501
2025-06-11 16:00:00+00:00,200.66,200.815,199.68,2563,200.72,205191,200.276671
2025-06-11 17:00:00+00:00,199.87,201.22,199.81,1361,200.65,100413,200.508064
2025-06-11 18:00:00+00:00,199.05,199.98,198.73,2467,199.91,213077,199.187675
2025-06-11 19:00:00+00:00,198.82,199.32,198.43,3734,199.04,323701,198.854205
2025-06-12 13:00:00+00:00,197.94,199.365,197.75,2231,198.98,231592,198.395518
2025-06-12 14:00:00+00:00,198.27,198.575,197.37,3402,197.92,396938,198.273655
2025-06-12 15:00:00+00:00,198.28,198.9,197.76,2288,198.3,272302,198.500188
2025-06-12 16:00:00+00:00,198.595,198.96,198.115,2165,198.295,207444,198.560545
2025-06-12 17:00:00+00:00,199.0,199.68,198.475,1632,198.57,139983,199.195035
2025-06-12 18:00:00+00:00,198.985,199.18,198.55,1665,198.94,108875,198.836711
2025-06-12 19:00:00+00:00,199.095,199.12,198.42,2110,199.005,149413,198.857023
2025-06-13 13:00:00+00:00,196.89,200.3,196.775,2484,199.87,226981,198.80021
2025-06-13 14:00:00+00:00,197.11,197.37,195.94,2302,197.145,174068,196.539115
2025-06-13 15:00:00+00:00,197.685,197.86,196.995,1740,197.11,109386,197.427141
2025-06-13 16:00:00+00:00,197.455,198.04,197.1,1424,197.51,106186,197.529955
2025-06-13 17:00:00+00:00,197.54,197.7,196.94,1123,197.41,71915,197.325051
2025-06-13 18:00:00+00:00,196.46,197.65,195.84,1696,197.5,111831,196.418172
2025-06-13 19:00:00+00:00,196.37,196.685,195.78,3433,196.42,271198,196.141049
2025-06-16 12:00:00+00:00,197.65,197.65,197.65,1,197.65,200,197.65
2025-06-16 13:00:00+00:00,198.32,198.33,196.63,2419,197.31,197107,197.284365
2025-06-16 14:00:00+00:00,198.25,198.66,197.675,2760,198.415,230166,198.20957
2025-06-16 15:00:00+00:00,197.38,198.22,196.87,2287,198.22,187924,197.370641
2025-06-16 16:00:00+00:00,197.48,197.615,197.02,1099,197.335,81237,197.305882
2025-06-16 17:00:00+00:00,197.85,198.175,197.34,1258,197.515,87125,197.819542
2025-06-16 18:00:00+00:00,198.32,198.38,197.79,1279,197.84,86351,197.962121
2025-06-16 19:00:00+00:00,198.42,198.47,197.67,2356,198.305,213018,198.154431
2025-06-17 13:00:00+00:00,196.79,197.87,196.27,1481,197.4,106898,196.92458
2025-06-17 14:00:00+00:00,197.36,197.89,196.74,1628,196.89,109977,197.394447
2025-06-17 15:00:00+00:00,197.79,198.37,197.36,1006,197.375,85543,197.815769
2025-06-17 16:00:00+00:00,196.77,198.145,196.71,1204,197.79,103051,197.508725
2025-06-17 17:00:00+00:00,196.14,196.85,195.965,1204,196.765,81389,196.50947
2025-06-17 18:00:00+00:00,195.82,196.03,195.22,1279,196.0,83631,195.682629
2025-06-17 19:00:00+00:00,195.62,195.905,195.45,2825,195.87,228525,195.651792
2025-06-18 13:00:00+00:00,196.37,196.47,195.07,1548,195.875,122850,195.749788
2025-06-18 14:00:00+00:00,197.22,197.535,196.25,1670,196.39,117922,197.104139
2025-06-18 15:00:00+00:00,196.735,197.295,196.51,1294,197.265,90690,196.823297
2025-06-18 16:00:00+00:00,196.445,197.21,196.425,913,196.775,62463,196.862076
2025-06-18 17:00:00+00:00,196.46,196.83,195.81,878,196.46,78943,196.370238
2025-06-18 18:00:00+00:00,195.39,196.91,195.13,1481,196.8,107592,195.905566
2025-06-18 19:00:00+00:00,196.295,197.11,195.15,3097,195.23,336126,196.239123
2025-06-20 12:00:00+00:00,197.44,197.44,197.42,5,197.42,325,197.431304
2025-06-20 13:00:00+00:00,199.78,200.94,197.36,2617,197.4,242410,199.816626
2025-06-20 14:00:00+00:00,197.27,199.93,197.035,2742,199.85,239542,198.790222
2025-06-20 15:00:00+00:00,198.03,198.86,196.86,1544,197.23,135940,197.91127
2025-06-20 16:00:00+00:00,198.83,198.92,197.925,1056,198.07,97222,198.303789
2025-06-20 17:00:00+00:00,199.13,199.345,198.08,1375,198.84,106102,198.651467
2025-06-20 18:00:00+00:00,199.73,200.19,199.145,1694,199.145,129972,199.801166
2025-06-20 19:00:00+00:00,201.03,201.66,199.61,4114,199.7,357085,200.479922
2025-06-23 13:00:00+00:00,201.73,201.9,199.965,2013,201.625,192574,201.112123
2025-06-23 14:00:00+00:00,200.41,202.29,200.4,2445,201.72,216161,201.477347
2025-06-23 15:00:00+00:00,199.88,200.86,199.52,2311,200.37,235830,200.210124
2025-06-23 16:00:00+00:00,199.71,200.53,198.96,1574,199.895,131881,199.896392
2025-06-23 17:00:00+00:00,201.23,201.78,199.66,1582,199.72,130298,201.024333
2025-06-23 18:00:00+00:00,201.45,202.24,201.24,1380,201.27,105726,201.783796
2025-06-23 19:00:00+00:00,201.53,201.84,201.06,2333,201.42,166072,201.469738
2025-06-24 13:00:00+00:00,200.4,202.735,200.22,2197,202.59,178631,201.610272
2025-06-24 14:00:00+00:00,200.975,201.57,200.22,2629,200.37,241288,201.057142
2025-06-24 15:00:00+00:00,201.895,202.08,200.805,2357,200.95,164836,201.432624
2025-06-24 16:00:00+00:00,202.4,203.435,201.81,2945,201.91,314942,202.670395
2025-06-24 17:00:00+00:00,202.21,202.52,201.88,2364,202.42,222205,202.215601
2025-06-24 18:00:00+00:00,201.43,202.265,201.305,1971,202.21,187257,201.640667
2025-06-24 19:00:00+00:00,200.3,202.01,200.285,3925,201.445,388761,201.088696
2025-06-25 13:00:00+00:00,201.74,203.67,201.21,2595,201.425,212346,202.461984
2025-06-25 14:00:00+00:00,202.5,203.175,201.26,2227,201.745,184160,202.130597
2025-06-25 15:00:00+00:00,202.01,202.54,201.83,1595,202.43,148780,202.105108
2025-06-25 16:00:00+00:00,202.06,202.17,201.405,1233,201.99,89842,201.788907
2025-06-25 17:00:00+00:00,200.99,202.075,200.67,1335,202.04,103311,201.181599
2025-06-25 18:00:00+00:00,201.07,201.46,200.89,924,200.965,52632,201.082099
2025-06-25 19:00:00+00:00,201.55,201.59,200.89,2229,201.1,181395,201.18901
2025-06-26 13:00:00+00:00,200.975,202.575,199.69,2514,201.26,227904,200.871061
2025-06-26 14:00:00+00:00,200.185,201.34,199.66,2275,201.025,176031,200.345915
2025-06-26 15:00:00+00:00,200.0,200.51,199.46,2315,200.38,182350,199.978385
2025-06-26 16:00:00+00:00,199.985,200.76,199.82,1896,200.005,134851,200.153115
2025-06-26 17:00:00+00:00,200.625,200.71,199.645,1751,199.985,145470,200.072437
2025-06-26 18:00:00+00:00,200.975,201.355,200.465,1920,200.635,134011,200.956564
2025-06-26 19:00:00+00:00,201.05,201.56,200.78,2897,201.01,248363,201.183763
2025-06-27 13:00:00+00:00,202.82,203.2,201.31,2513,201.905,252468,202.462142
2025-06-27 14:00:00+00:00,201.21,202.985,200.87,3014,202.83,285451,201.871804
2025-06-27 15:00:00+00:00,201.905,202.045,200.955,1535,201.2,139720,201.424694
2025-06-27 16:00:00+00:00,202.58,202.62,201.575,1733,201.835,147487,202.00035
2025-06-27 17:00:00+00:00,201.375,202.67,200.93,1997,202.615,172666,201.839362
2025-06-27 18:00:00+00:00,200.91,201.64,200.8,1936,201.37,156557,201.235752
2025-06-27 19:00:00+00:00,201.05,201.425,200.2,3621,200.88,364709,201.032323
2025-06-30 13:00:00+00:00,200.75,202.17,200.57,1628,202.02,124276,201.097233
2025-06-30 14:00:00+00:00,199.92,201.35,199.595,3188,200.755,273218,200.545035
2025-06-30 15:00:00+00:00,200.01,200.27,199.655,1684,199.945,124349,200.016613
2025-06-30 16:00:00+00:00,200.07,200.48,199.845,1365,200.06,117357,200.166986
2025-06-30 17:00:00+00:00,200.29,200.33,199.92,1364,200.105,120135,200.09892
2025-06-30 18:00:00+00:00,201.89,202.35,199.27,3281,200.28,282627,200.589155
2025-06-30 19:00:00+00:00,205.17,207.36,201.885,9270,201.9,831401,205.712007
2025-07-01 13:00:00+00:00,209.07,209.105,206.2,5224,206.725,485038,207.674757
2025-07-01 14:00:00+00:00,208.95,209.89,207.51,5518,209.06,473990,208.994363
2025-07-01 15:00:00+00:00,207.29,210.18,206.79,4152,208.94,366629,208.61287
2025-07-01 16:00:00+00:00,207.18,208.52,207.16,2857,207.32,254421,207.952533
2025-07-01 17:00:00+00:00,208.14,208.35,207.1,2532,207.27,171460,207.806848
2025-07-01 18:00:00+00:00,208.01,208.415,207.87,2150,208.15,160371,208.109355
2025-07-01 19:00:00+00:00,207.815,208.345,207.38,4079,207.94,307370,207.844371
2025-07-02 13:00:00+00:00,212.46,213.32,208.15,4755,208.995,386029,211.266942
2025-07-02 14:00:00+00:00,211.815,212.95,211.28,4501,212.555,370599,212.151442
2025-07-02 15:00:00+00:00,211.56,212.53,211.245,2392,211.98,150778,211.842241
2025-07-02 16:00:00+00:00,211.11,211.9,210.27,1772,211.57,108153,211.021833
2025-07-02 17:00:00+00:00,211.6,211.705,210.43,1468,211.145,98882,211.067178
2025-07-02 18:00:00+00:00,212.29,212.5,211.17,1596,211.56,102038,211.720706
2025-07-02 19:00:00+00:00,212.4,212.96,211.86,3925,212.23,317960,212.421723
2025-07-03 13:00:00+00:00,213.31,213.77,211.825,2512,212.17,208183,212.793919
2025-07-03 14:00:00+00:00,213.96,214.405,213.05,3690,213.395,375444,213.841258
2025-07-03 15:00:00+00:00,214.335,214.625,213.68,2872,213.97,298597,214.154284
2025-07-03 16:00:00+00:00,213.5,214.485,213.345,3353,214.36,332239,213.973279
2025-07-03 17:00:00+00:00,213.36,213.4,213.32,4,213.4,400,213.3525
2025-07-07 13:00:00+00:00,212.885,216.2,212.5,3308,212.81,284544,213.921489
2025-07-07 14:00:00+00:00,212.09,213.12,211.63,2305,212.895,181465,212.247197
2025-07-07 15:00:00+00:00,211.75,212.57,211.53,2002,212.1,174875,212.043325
2025-07-07 16:00:00+00:00,210.63,212.2,209.91,2528,211.76,218268,210.928816
2025-07-07 17:00:00+00:00,209.99,210.69,209.52,1588,210.635,134015,210.048973
2025-07-07 18:00:00+00:00,209.75,210.2,208.835,1909,210.05,161864,209.454554
2025-07-07 19:00:00+00:00,209.94,210.17,209.22,2619,209.76,198156,209.664451
2025-07-08 13:00:00+00:00,208.635,210.455,208.51,2598,210.01,209501,209.125598
2025-07-08 14:00:00+00:00,210.73,210.82,208.47,2746,208.65,225216,209.766024
2025-07-08 15:00:00+00:00,210.55,211.43,209.79,1983,210.74,150976,210.456379
2025-07-08 16:00:00+00:00,210.33,211.15,210.27,1233,210.61,89986,210.722739
2025-07-08 17:00:00+00:00,209.84,210.42,209.335,1439,210.275,111942,209.838174
2025-07-08 18:00:00+00:00,209.695,210.25,209.57,1084,209.79,67494,209.896679
2025-07-08 19:00:00+00:00,210.095,210.29,209.31,2505,209.625,180727,209.749953
2025-07-09 13:00:00+00:00,209.86,210.88,209.4,1880,209.51,143044,210.010482
2025-07-09 14:00:00+00:00,207.655,210.49,207.46,2589,209.88,208783,209.213492
2025-07-09 15:00:00+00:00,207.735,207.95,207.24,1872,207.63,140866,207.572178
2025-07-09 16:00:00+00:00,208.23,208.405,207.56,1103,207.75,97139,207.951666
2025-07-09 17:00:00+00:00,209.2,209.36,207.97,1215,208.19,82213,208.731477
2025-07-09 18:00:00+00:00,209.93,210.05,209.17,1055,209.22,80506,209.660042
2025-07-09 19:00:00+00:00,211.13,211.3,209.67,2500,210.03,197247,210.573809
2025-07-09 20:00:00+00:00,211.1,211.1,211.1,1,211.1,100,211.1
2025-07-10 13:00:00+00:00,211.275,211.28,210.24,1494,210.51,117812,210.689909
2025-07-10 14:00:00+00:00,212.19,213.475,210.72,3328,211.275,318497,212.30045
2025-07-10 15:00:00+00:00,212.41,213.29,212.255,1780,212.38,167855,212.792287
2025-07-10 16:00:00+00:00,212.01,212.395,211.85,1342,212.38,113397,212.089282
2025-07-10 17:00:00+00:00,212.38,213.15,211.935,1205,212.03,91955,212.536205
2025-07-10 18:00:00+00:00,212.925,213.14,212.32,1290,212.42,117816,212.81348
2025-07-10 19:00:00+00:00,212.36,213.42,212.165,2839,212.905,212288,212.619064
2025-07-11 13:00:00+00:00,211.025,211.095,209.87,1704,210.37,140796,210.387357
2025-07-11 14:00:00+00:00,210.985,212.12,210.8,1601,211.015,117659,211.43372
2025-07-11 15:00:00+00:00,210.65,211.195,210.435,1635,210.99,144943,210.777845
2025-07-11 16:00:00+00:00,211.03,211.06,210.46,1642,210.67,155554,210.729847
2025-07-11 17:00:00+00:00,211.215,211.26,210.9,901,211.0,54788,211.116108
2025-07-11 18:00:00+00:00,211.14,211.64,211.055,944,211.25,72378,211.390733
2025-07-11 19:00:00+00:00,211.08,211.37,210.66,2049,211.12,126526,211.113728
2025-07-14 13:00:00+00:00,207.88,210.85,207.7,1946,209.945,159443,209.069868
2025-07-14 14:00:00+00:00,208.485,208.74,207.57,1910,207.85,155688,208.207778
2025-07-14 15:00:00+00:00,208.84,209.14,208.21,1517,208.535,135233,208.715528
2025-07-14 16:00:00+00:00,208.9,209.245,208.7,1087,208.88,76683,208.981861
2025-07-14 17:00:00+00:00,209.155,209.32,208.77,1087,208.91,71836,209.089718
2025-07-14 18:00:00+00:00,209.3,209.44,208.965,1193,209.195,72570,209.19392
2025-07-14 19:00:00+00:00,208.65,209.355,208.53,2696,209.33,180751,208.949701
2025-07-15 13:00:00+00:00,209.645,211.11,208.965,1939,209.215,130179,210.161305
2025-07-15 14:00:00+00:00,209.39,210.285,209.215,2205,209.655,179632,209.778416
2025-07-15 15:00:00+00:00,210.78,211.89,209.27,2007,209.365,142366,210.84096
2025-07-15 16:00:00+00:00,210.57,210.94,210.38,1172,210.76,73539,210.669451
2025-07-15 17:00:00+00:00,211.28,211.335,210.44,849,210.62,46707,210.919357
2025-07-15 18:00:00+00:00,210.53,211.665,210.45,1230,211.26,79926,211.175592
2025-07-15 19:00:00+00:00,209.025,210.66,209.0,2010,210.49,123718,209.920056
2025-07-16 13:00:00+00:00,211.07,211.19,209.915,2144,210.06,176353,210.682119
2025-07-16 14:00:00+00:00,210.62,212.375,210.53,3104,211.06,252159,211.506878
2025-07-16 15:00:00+00:00,209.86,210.97,208.66,2415,210.81,175298,209.83383
2025-07-16 16:00:00+00:00,210.38,210.43,209.375,935,209.8,69657,209.861633
2025-07-16 17:00:00+00:00,210.275,210.94,210.205,1019,210.37,64282,210.533041
2025-07-16 18:00:00+00:00,210.43,210.45,209.9,588,210.26,33772,210.169952
2025-07-16 19:00:00+00:00,210.16,210.635,209.98,2132,210.41,200961,210.227797
2025-07-17 13:00:00+00:00,210.26,210.98,209.985,1356,210.64,93171,210.450852
2025-07-17 14:00:00+00:00,210.21,210.59,209.61,1619,210.315,106639,210.089825
2025-07-17 15:00:00+00:00,210.65,210.825,210.12,1809,210.19,193633,210.382915
2025-07-17 16:00:00+00:00,211.005,211.51,210.54,1971,210.65,180193,211.106119
2025-07-17 17:00:00+00:00,211.49,211.495,210.81,1362,211.0,107592,211.111589
2025-07-17 18:00:00+00:00,210.93,211.795,210.87,1508,211.485,126893,211.20499
2025-07-17 19:00:00+00:00,210.13,211.055,209.75,2762,210.94,259038,210.53077
2025-07-18 13:00:00+00:00,210.36,211.01,209.92,1411,210.58,123421,210.284549
2025-07-18 14:00:00+00:00,210.57,211.01,209.73,1834,210.44,141711,210.2877
2025-07-18 15:00:00+00:00,211.04,211.1,210.435,1456,210.49,101766,210.849501
2025-07-18 16:00:00+00:00,211.34,211.78,210.7,1244,211.055,86957,211.18775
2025-07-18 17:00:00+00:00,211.09,211.535,210.98,1216,211.31,79768,211.245575
2025-07-18 18:00:00+00:00,210.945,211.245,210.775,1162,211.09,64413,210.964947
2025-07-18 19:00:00+00:00,211.16,211.33,210.85,1943,210.98,132892,211.0138
2025-07-21 13:00:00+00:00,214.01,215.775,211.69,3275,212.12,272054,214.163985
2025-07-21 14:00:00+00:00,213.4,215.165,213.31,2482,214.06,200537,214.246444
2025-07-21 15:00:00+00:00,213.35,213.705,212.88,1316,213.36,101625,213.312689
2025-07-21 16:00:00+00:00,213.545,213.85,213.17,968,213.37,69748,213.422234
2025-07-21 17:00:00+00:00,212.91,213.73,212.9,1038,213.54,74631,213.406852
2025-07-21 18:00:00+00:00,213.09,213.42,212.505,876,212.91,58361,212.990269
2025-07-21 19:00:00+00:00,212.53,213.095,212.095,1926,213.095,167975,212.470464
2025-07-22 13:00:00+00:00,213.58,213.96,212.255,2032,213.24,182142,213.066046
2025-07-22 14:00:00+00:00,213.18,213.725,212.68,2499,213.52,223997,213.140466
2025-07-22 15:00:00+00:00,213.28,213.82,212.79,1773,213.22,129645,213.265635
2025-07-22 16:00:00+00:00,213.425,213.71,212.89,1209,213.2,100054,213.260247
2025-07-22 17:00:00+00:00,213.815,214.42,213.375,1377,213.405,92571,214.018617
2025-07-22 18:00:00+00:00,214.17,214.2,213.45,920,213.875,59940,213.910271
2025-07-22 19:00:00+00:00,214.43,214.635,213.825,2524,214.14,176111,214.260465
2025-07-23 13:00:00+00:00,212.565,215.115,212.46,2083,215.02,168202,213.602661
2025-07-23 14:00:00+00:00,212.67,213.145,212.45,2033,212.555,157995,212.798002
2025-07-23 15:00:00+00:00,213.355,213.77,212.66,1295,212.72,105438,213.019035
2025-07-23 16:00:00+00:00,213.595,213.72,213.22,922,213.26,58229,213.461133
2025-07-23 17:00:00+00:00,214.48,214.615,213.535,1120,213.61,70604,214.198885
2025-07-23 18:00:00+00:00,214.56,214.675,214.26,1305,214.52,81141,214.47303
2025-07-23 19:00:00+00:00,214.23,214.63,213.63,2139,214.59,137079,214.079027
2025-07-24 13:00:00+00:00,213.85,215.68,213.53,2005,213.9,172170,214.532442
2025-07-24 14:00:00+00:00,214.32,214.83,213.615,2153,213.85,200595,214.340976
2025-07-24 15:00:00+00:00,214.95,215.485,214.34,2103,214.34,172024,214.978029
2025-07-24 16:00:00+00:00,214.67,214.79,214.21,1212,214.79,103791,214.477928
2025-07-24 17:00:00+00:00,214.685,215.17,214.56,857,214.66,72716,214.807722
2025-07-24 18:00:00+00:00,214.52,215.19,214.33,851,214.72,62725,214.706352
2025-07-24 19:00:00+00:00,213.765,215.0,213.74,2340,214.51,188884,214.379463
2025-07-25 13:00:00+00:00,214.05,214.825,213.825,1407,214.7,128096,214.320431
2025-07-25 14:00:00+00:00,214.71,215.24,213.75,1384,214.085,107835,214.491401
2025-07-25 15:00:00+00:00,214.23,214.74,214.14,1109,214.72,88958,214.352161
2025-07-25 16:00:00+00:00,214.405,214.615,214.08,921,214.21,84443,214.456944
2025-07-25 17:00:00+00:00,213.965,214.5,213.93,1124,214.37,100950,214.182237
2025-07-25 18:00:00+00:00,213.775,214.15,213.705,831,214.015,70842,213.926806
2025-07-25 19:00:00+00:00,213.96,214.0,213.4,1794,213.8,147337,213.763569
2025-07-28 13:00:00+00:00,213.94,214.6,213.625,1439,214.04,117908,214.013124
2025-07-28 14:00:00+00:00,214.46,214.845,213.87,1948,213.925,152562,214.508644
2025-07-28 15:00:00+00:00,214.45,214.59,214.13,1435,214.415,109562,214.420121
2025-07-28 16:00:00+00:00,214.33,214.73,214.24,967,214.43,68178,214.433993
2025-07-28 17:00:00+00:00,213.725,214.44,213.42,1654,214.34,113372,213.937439
2025-07-28 18:00:00+00:00,213.12,213.97,213.07,2050,213.81,155308,213.602513
2025-07-28 19:00:00+00:00,214.0,214.04,213.075,2792,213.13,202275,213.602008
2025-07-29 13:00:00+00:00,212.52,214.8,211.54,2068,214.175,191855,213.761367
2025-07-29 14:00:00+00:00,212.61,213.345,212.12,2051,212.485,200249,212.730712
2025-07-29 15:00:00+00:00,212.525,212.74,211.7,1806,212.605,164421,212.248718
2025-07-29 16:00:00+00:00,212.195,212.915,211.86,1470,212.525,130513,212.380806
2025-07-29 17:00:00+00:00,212.06,212.37,210.88,1562,212.14,147122,211.953217
2025-07-29 18:00:00+00:00,211.985,212.41,211.83,969,212.05,68986,212.162809
2025-07-29 19:00:00+00:00,211.27,212.03,211.065,2357,211.98,203907,211.539225
2025-07-30 13:00:00+00:00,210.46,212.37,210.03,1419,211.895,101327,211.016136
2025-07-30 14:00:00+00:00,210.46,210.845,210.12,1716,210.37,122121,210.532861
2025-07-30 15:00:00+00:00,210.16,210.58,209.58,1456,210.46,101705,209.927369
2025-07-30 16:00:00+00:00,209.565,210.41,209.525,1282,210.13,85287,210.048502
2025-07-30 17:00:00+00:00,209.92,210.13,209.335,1187,209.585,69766,209.77787
2025-07-30 18:00:00+00:00,208.31,210.14,208.31,2281,209.92,140044,209.51096
2025-07-30 19:00:00+00:00,208.96,209.1,207.73,3129,208.325,206578,208.478175
2025-07-31 12:00:00+00:00,209.45,209.45,209.38,8,209.38,775,209.406296
2025-07-31 13:00:00+00:00,208.455,209.85,207.9,2085,209.56,174117,208.680223
2025-07-31 14:00:00+00:00,208.99,209.65,208.39,3031,208.595,263431,209.065684
2025-07-31 15:00:00+00:00,208.66,209.23,208.085,2561,209.07,176617,208.576767
2025-07-31 16:00:00+00:00,209.07,209.36,208.63,1514,208.65,122584,209.013004
2025-07-31 17:00:00+00:00,208.31,209.84,208.15,2320,209.005,209370,209.055122
2025-07-31 18:00:00+00:00,208.94,209.24,207.58,2749,208.35,225794,208.52621
2025-07-31 19:00:00+00:00,207.85,209.38,207.18,5089,208.995,441219,208.251789
2025-07-31 20:00:00+00:00,210.21,213.99,209.52,303,211.69,17355,212.041153
2025-08-01 12:00:00+00:00,211.24,211.24,211.23,13,211.23,437,211.233333
2025-08-01 13:00:00+00:00,207.11,213.56,206.33,6046,211.15,453799,209.727096
2025-08-01 14:00:00+00:00,204.035,207.47,203.66,6310,207.045,489144,205.391319
2025-08-01 15:00:00+00:00,203.735,204.57,203.11,3018,204.055,215121,203.911785
2025-08-01 16:00:00+00:00,202.095,204.01,201.98,2826,203.75,197048,202.995277
2025-08-01 17:00:00+00:00,202.16,202.54,201.5,2477,202.1,177238,201.9744
2025-08-01 18:00:00+00:00,203.81,204.285,202.19,2985,202.23,177127,203.361881
2025-08-01 19:00:00+00:00,202.3,204.0,202.18,4175,203.795,284106,202.876262
2025-08-04 13:00:00+00:00,206.22,206.29,204.195,2541,204.21,196651,205.505971
2025-08-04 14:00:00+00:00,207.19,207.85,205.965,3648,206.2,346490,206.790892
2025-08-04 15:00:00+00:00,205.29,207.38,205.27,2346,207.195,220901,205.953801
2025-08-04 16:00:00+00:00,204.08,205.5,203.88,2581,205.275,268174,204.417567
2025-08-04 17:00:00+00:00,203.73,204.475,203.58,1723,204.125,168602,204.046168
2025-08-04 18:00:00+00:00,202.58,204.2,202.08,2398,203.7,246217,203.202025
2025-08-04 19:00:00+00:00,203.35,203.445,201.68,4169,202.59,428285,202.540451
2025-08-05 13:00:00+00:00,203.45,204.22,202.165,1854,203.43,161763,203.099616
2025-08-05 14:00:00+00:00,204.23,204.775,202.96,2680,203.36,221616,204.087973
2025-08-05 15:00:00+00:00,203.91,205.32,203.68,2244,204.225,177252,204.451389
2025-08-05 16:00:00+00:00,203.855,203.93,203.08,1410,203.93,94714,203.564381
2025-08-05 17:00:00+00:00,204.02,204.15,203.75,873,203.81,58946,203.969934
2025-08-05 18:00:00+00:00,203.595,204.29,203.23,1110,204.01,93452,203.853026
2025-08-05 19:00:00+00:00,202.93,203.66,202.69,2341,203.6,160441,203.089542
2025-08-06 13:00:00+00:00,209.53,210.32,205.61,3603,205.63,256777,208.847317
2025-08-06 14:00:00+00:00,211.075,212.255,209.5,4092,209.54,382931,210.910458
2025-08-06 15:00:00+00:00,214.65,214.88,210.68,5232,211.08,488943,213.367448
2025-08-06 16:00:00+00:00,214.485,214.99,213.88,2926,214.65,250996,214.628624
2025-08-06 17:00:00+00:00,214.38,215.38,214.055,2512,214.485,221863,214.703315
2025-08-06 18:00:00+00:00,214.42,214.91,214.185,2003,214.295,138441,214.593125
2025-08-06 19:00:00+00:00,213.275,214.55,212.81,4702,214.38,439102,213.742131
2025-08-07 13:00:00+00:00,219.6,220.31,216.62,6134,218.92,519503,218.60548
2025-08-07 14:00:00+00:00,219.1,219.96,217.58,5594,219.63,444299,218.592697
2025-08-07 15:00:00+00:00,219.61,220.19,219.0,5467,219.145,524865,219.420166
2025-08-07 16:00:00+00:00,219.245,220.33,218.84,3472,219.6,345077,219.751067
2025-08-07 17:00:00+00:00,219.27,219.57,218.71,2392,219.25,168620,219.240569
2025-08-07 18:00:00+00:00,220.455,220.84,219.05,2851,219.36,201969,219.928154
2025-08-07 19:00:00+00:00,220.17,220.565,219.24,4269,220.465,302732,219.810563
2025-08-08 13:00:00+00:00,222.17,222.29,219.3,2359,220.89,183388,220.428593
2025-08-08 14:00:00+00:00,222.95,223.55,221.835,4916,222.23,467545,222.740481
2025-08-08 15:00:00+00:00,226.0,226.31,222.9,4462,222.96,439844,224.810276
2025-08-08 16:00:00+00:00,229.82,230.545,225.905,6535,225.94,724124,228.50832
2025-08-08 17:00:00+00:00,230.335,230.88,228.55,4057,229.775,372992,229.753808
2025-08-08 18:00:00+00:00,229.105,230.99,229.07,2768,230.22,202340,229.782453
2025-08-08 19:00:00+00:00,229.365,229.675,228.48,5423,229.15,440251,229.153794
2025-08-11 13:00:00+00:00,226.03,228.64,224.78,2606,227.92,215857,226.224461
2025-08-11 14:00:00+00:00,226.525,227.88,225.85,3390,225.96,238592,226.979313
2025-08-11 15:00:00+00:00,228.64,228.955,226.12,3493,226.59,371415,227.832475
2025-08-11 16:00:00+00:00,228.39,229.53,228.17,2994,228.64,294421,228.800411
2025-08-11 17:00:00+00:00,227.245,228.595,227.025,2276,228.385,228401,227.943623
2025-08-11 18:00:00+00:00,227.535,228.165,227.11,1727,227.27,146878,227.640001
2025-08-11 19:00:00+00:00,227.22,227.91,226.665,2540,227.57,219351,227.328246
2025-08-12 13:00:00+00:00,227.92,229.91,227.155,2286,228.03,200610,228.429488
2025-08-12 14:00:00+00:00,229.525,229.7,227.32,2244,227.885,194877,228.553371
2025-08-12 15:00:00+00:00,229.75,230.565,228.35,2749,229.52,269281,229.696244
2025-08-12 16:00:00+00:00,230.39,230.78,229.49,1422,229.69,134982,230.102022
2025-08-12 17:00:00+00:00,229.96,230.65,229.525,1498,230.415,130098,230.11667
2025-08-12 18:00:00+00:00,229.3,230.1,229.03,1299,229.95,89185,229.49086
2025-08-12 19:00:00+00:00,229.63,229.965,228.955,2645,229.305,230356,229.514325
2025-08-13 13:00:00+00:00,231.73,232.18,230.455,1910,231.05,149128,231.405494
2025-08-13 14:00:00+00:00,233.57,234.54,231.18,3879,231.75,331097,232.58184
2025-08-13 15:00:00+00:00,232.78,233.895,231.72,2338,233.53,183017,232.714884
2025-08-13 16:00:00+00:00,232.12,233.4,232.09,1713,232.65,166594,232.790879
2025-08-13 17:00:00+00:00,233.14,233.19,231.57,1343,232.12,112434,232.181293
2025-08-13 18:00:00+00:00,233.075,234.91,230.87,3454,233.09,304835,233.155565
2025-08-13 19:00:00+00:00,233.22,234.29,233.07,3383,233.095,339201,233.636225
2025-08-14 13:00:00+00:00,233.42,235.1,232.91,1774,234.01,120402,233.882532
2025-08-14 14:00:00+00:00,231.64,233.39,231.555,2396,233.36,207995,232.126511
2025-08-14 15:00:00+00:00,231.305,232.285,230.88,2114,231.65,197459,231.391524
2025-08-14 16:00:00+00:00,232.49,232.52,231.33,979,231.365,74664,231.809581
2025-08-14 17:00:00+00:00,232.75,233.13,232.47,918,232.54,63360,232.839795
2025-08-14 18:00:00+00:00,232.99,233.35,232.35,1210,232.65,107874,232.664255
2025-08-14 19:00:00+00:00,232.78,233.5,232.715,2389,232.97,199661,233.001314
2025-08-15 13:00:00+00:00,232.02,234.19,231.8,1607,233.915,119189,232.869013
2025-08-15 14:00:00+00:00,230.94,232.67,230.76,2405,232.03,214373,231.810448
2025-08-15 15:00:00+00:00,231.05,231.55,230.49,1923,230.87,152664,231.033703
2025-08-15 16:00:00+00:00,230.9,231.35,230.49,1201,231.01,100701,230.895826
2025-08-15 17:00:00+00:00,230.87,231.22,230.25,1354,230.9,94040,230.70251
2025-08-15 18:00:00+00:00,230.83,231.28,229.37,1960,230.87,160884,230.558122
2025-08-15 19:00:00+00:00,231.65,231.75,230.59,2792,230.765,215457,231.340589
2025-08-18 13:00:00+00:00,232.29,232.69,231.37,1941,231.72,184165,232.016969
2025-08-18 14:00:00+00:00,230.52,233.12,230.39,1980,232.295,167508,231.433736
2025-08-18 15:00:00+00:00,230.89,231.22,230.48,1420,230.58,93586,230.869311
2025-08-18 16:00:00+00:00,230.595,231.095,230.11,1282,230.87,102100,230.621498
2025-08-18 17:00:00+00:00,231.08,231.65,230.595,857,230.595,67947,231.061884
2025-08-18 18:00:00+00:00,231.46,231.56,230.96,1042,230.99,93180,231.248566
2025-08-18 19:00:00+00:00,230.895,231.675,230.89,1776,231.47,126790,231.337009
2025-08-19 13:00:00+00:00,232.045,232.26,230.62,1225,231.3,116748,231.483176
2025-08-19 14:00:00+00:00,230.88,232.855,230.8,1738,232.15,138814,231.987055
2025-08-19 15:00:00+00:00,231.395,231.62,230.47,1839,230.9,150554,231.189474
2025-08-19 16:00:00+00:00,230.745,231.53,230.71,891,231.405,76250,231.053046
2025-08-19 17:00:00+00:00,230.82,230.88,230.09,906,230.56,70522,230.553082
2025-08-19 18:00:00+00:00,229.805,230.77,229.59,1102,230.76,90156,230.046522
2025-08-19 19:00:00+00:00,230.56,230.68,229.35,1947,229.78,143849,230.196274
2025-08-20 13:00:00+00:00,227.3,230.36,226.5,2150,230.03,154831,227.834814
2025-08-20 14:00:00+00:00,226.57,227.76,226.24,3494,227.29,268528,226.945254
2025-08-20 15:00:00+00:00,226.54,227.54,226.12,1918,226.57,142301,226.852831
2025-08-20 16:00:00+00:00,226.27,227.13,225.905,1555,226.55,119197,226.651354
2025-08-20 17:00:00+00:00,226.37,226.82,226.17,1349,226.26,93434,226.563831
2025-08-20 18:00:00+00:00,226.09,226.52,225.78,1725,226.37,118344,226.169184
2025-08-20 19:00:00+00:00,225.975,226.93,225.955,3182,226.09,270407,226.455753
2025-08-21 13:00:00+00:00,225.23,226.5,224.7,1249,225.7,90575,225.582554
2025-08-21 14:00:00+00:00,225.27,225.99,225.03,1776,225.185,133784,225.479082
2025-08-21 15:00:00+00:00,225.28,225.83,224.51,1415,225.29,157809,225.273744
2025-08-21 16:00:00+00:00,224.6,225.26,224.55,715,225.26,53013,224.926524
2025-08-21 17:00:00+00:00,224.57,224.8,223.8,1492,224.595,118078,224.350715
2025-08-21 18:00:00+00:00,224.5,224.57,224.11,755,224.5,59809,224.370746
2025-08-21 19:00:00+00:00,224.9,225.22,224.39,1887,224.485,158874,224.800015
2025-08-22 13:00:00+00:00,225.955,226.98,225.435,1620,226.165,118418,226.236472
2025-08-22 14:00:00+00:00,228.19,228.66,226.11,4756,226.21,366003,227.922069
2025-08-22 15:00:00+00:00,227.375,228.7,227.34,1880,228.195,134895,228.166519
2025-08-22 16:00:00+00:00,227.29,227.44,226.95,1485,227.32,101437,227.20065
2025-08-22 17:00:00+00:00,227.9,229.09,227.18,2414,227.24,187629,228.281831
2025-08-22 18:00:00+00:00,228.21,228.51,227.8,1800,227.91,122491,228.221817
2025-08-22 19:00:00+00:00,227.74,228.36,227.49,2975,228.22,241994,227.796965
2025-08-25 13:00:00+00:00,228.54,229.035,226.255,1636,226.77,115091,227.945249
2025-08-25 14:00:00+00:00,228.93,229.22,228.095,2197,228.62,152511,228.645561
2025-08-25 15:00:00+00:00,229.18,229.3,228.48,1239,228.85,88948,228.845423
2025-08-25 16:00:00+00:00,228.51,229.17,228.35,958,229.15,70438,228.647203
2025-08-25 17:00:00+00:00,228.29,228.74,228.29,1071,228.51,75318,228.512181
2025-08-25 18:00:00+00:00,227.55,228.36,227.47,1440,228.33,123711,227.817182
2025-08-25 19:00:00+00:00,227.15,227.83,227.15,1979,227.55,136076,227.521238
2025-08-26 13:00:00+00:00,225.235,227.04,224.7,1834,226.8,132542,225.822328
2025-08-26 14:00:00+00:00,226.615,227.04,224.94,3071,225.33,252735,226.007333
2025-08-26 15:00:00+00:00,226.695,227.27,226.56,1373,226.625,96286,226.916389
2025-08-26 16:00:00+00:00,227.71,227.96,226.72,1296,226.72,92081,227.47837
2025-08-26 17:00:00+00:00,228.005,228.16,227.65,1037,227.695,72945,227.898277
2025-08-26 18:00:00+00:00,227.975,228.52,227.9,1215,227.985,98537,228.166486
2025-08-26 19:00:00+00:00,229.3,229.43,227.73,2442,227.92,177763,228.526887
2025-08-27 13:00:00+00:00,229.75,230.24,228.3,1731,228.7,140302,229.26806
2025-08-27 14:00:00+00:00,230.18,230.71,229.3,2658,229.755,236889,229.953053
2025-08-27 15:00:00+00:00,229.94,230.3,229.32,1548,230.19,105801,229.847315
2025-08-27 16:00:00+00:00,229.78,230.08,229.635,926,229.895,71987,229.848667
2025-08-27 17:00:00+00:00,229.99,230.085,229.67,806,229.76,58291,229.929903
2025-08-27 18:00:00+00:00,230.15,230.675,229.9,1207,229.97,100509,230.355114
2025-08-27 19:00:00+00:00,230.5,230.9,229.73,2652,230.12,237079,230.491523
2025-08-27 20:00:00+00:00,231.28,231.28,231.01,2,231.01,200,231.145
2025-08-28 13:00:00+00:00,230.49,230.88,229.34,1623,230.75,126461,230.187898
2025-08-28 14:00:00+00:00,231.35,231.86,230.01,2219,230.43,167039,230.893069
2025-08-28 15:00:00+00:00,231.54,231.785,230.73,1541,231.36,118530,231.3518
2025-08-28 16:00:00+00:00,232.44,232.58,231.435,2056,231.56,172071,232.137087
2025-08-28 17:00:00+00:00,233.165,233.375,232.4,1834,232.46,155099,232.983676
2025-08-28 18:00:00+00:00,232.85,233.4,232.69,1666,233.15,134035,233.023982
2025-08-28 19:00:00+00:00,232.595,233.3,232.53,3634,232.84,285431,232.899528
2025-08-29 13:00:00+00:00,232.605,233.31,231.86,1610,232.99,119879,232.592937
2025-08-29 14:00:00+00:00,232.85,233.15,231.38,3056,232.63,266016,232.369922
2025-08-29 15:00:00+00:00,231.665,233.07,231.41,2322,232.82,198531,232.328617
2025-08-29 16:00:00+00:00,232.86,232.96,231.75,1691,231.75,157780,232.469931
2025-08-29 17:00:00+00:00,232.325,232.86,231.99,1264,232.83,114848,232.284988
2025-08-29 18:00:00+00:00,232.15,232.47,231.97,1387,232.31,122064,232.23768
2025-08-29 19:00:00+00:00,232.27,232.83,231.57,2926,232.17,228463,232.228622
2025-09-02 12:00:00+00:00,229.66,229.66,229.66,1,229.66,100,229.66
2025-09-02 13:00:00+00:00,230.16,230.42,227.7,2813,229.3,238543,228.999946
2025-09-02 14:00:00+00:00,228.15,230.78,228.02,3710,230.19,293159,229.875808
2025-09-02 15:00:00+00:00,227.36,228.41,227.17,2599,228.03,203782,227.774769
2025-09-02 16:00:00+00:00,228.02,228.15,227.41,1381,227.445,95669,227.845921
2025-09-02 17:00:00+00:00,228.61,229.34,227.85,1221,227.98,83192,228.573104
2025-09-02 18:00:00+00:00,228.57,228.9,228.35,1023,228.585,68342,228.562273
2025-09-02 19:00:00+00:00,229.69,229.87,227.0,3206,228.67,247779,229.15969
2025-09-02 20:00:00+00:00,236.78,239.37,234.07,121,234.07,15193,237.608547
2025-09-03 13:00:00+00:00,235.64,237.96,234.44,4323,237.21,404156,235.85781
2025-09-03 14:00:00+00:00,237.01,237.6,235.13,5521,235.61,505008,236.638486
2025-09-03 15:00:00+00:00,235.615,237.16,235.52,2969,237.04,254740,236.218994
2025-09-03 16:00:00+00:00,237.09,237.35,235.53,1876,235.57,139693,236.572075
2025-09-03 17:00:00+00:00,237.07,237.87,236.645,2167,237.035,185719,237.33781
2025-09-03 18:00:00+00:00,236.94,237.25,236.765,1687,237.05,129909,236.922054
2025-09-03 19:00:00+00:00,238.485,238.655,236.83,4299,236.94,369133,237.717024
2025-09-04 13:00:00+00:00,239.5,239.89,237.075,2735,238.48,242443,238.704708
2025-09-04 14:00:00+00:00,237.46,239.58,237.16,3071,239.54,237869,238.039114
2025-09-04 15:00:00+00:00,237.39,238.09,236.77,2249,237.515,187812,237.355283
2025-09-04 16:00:00+00:00,237.52,237.67,237.01,1221,237.43,84617,237.397617
2025-09-04 17:00:00+00:00,238.13,238.21,237.5,1683,237.5,126520,237.865189
2025-09-04 18:00:00+00:00,238.475,238.7,237.89,1655,238.15,128865,238.255045
2025-09-04 19:00:00+00:00,239.71,239.895,238.34,4539,238.48,414857,239.337342
2025-09-05 13:00:00+00:00,240.09,240.63,239.21,2714,239.995,263272,240.068165
2025-09-05 14:00:00+00:00,239.0,241.32,238.63,5085,240.085,502601,239.818719
2025-09-05 15:00:00+00:00,239.04,240.315,238.82,3170,239.01,306330,239.61106
2025-09-05 16:00:00+00:00,239.315,239.72,238.53,2494,238.99,227683,239.130842
2025-09-05 17:00:00+00:00,238.87,239.725,238.74,1748,239.18,156389,239.31095
2025-09-05 18:00:00+00:00,239.94,239.98,238.86,2119,238.885,189941,239.508276
2025-09-05 19:00:00+00:00,239.67,240.13,239.07,3894,239.96,358411,239.731179
2025-09-08 12:00:00+00:00,239.94,239.94,239.94,1,239.94,100,239.94
2025-09-08 13:00:00+00:00,239.335,240.37,238.77,2379,239.91,224004,239.544651
2025-09-08 14:00:00+00:00,239.15,239.835,238.835,2727,239.34,255761,239.37603
2025-09-08 15:00:00+00:00,238.29,239.565,238.0,2192,239.13,221336,238.673901
2025-09-08 16:00:00+00:00,236.965,238.37,236.86,1736,238.27,173878,237.653536
2025-09-08 17:00:00+00:00,237.76,237.95,236.34,1874,236.995,194131,237.383416
2025-09-08 18:00:00+00:00,236.87,237.84,236.62,1931,237.77,201999,237.308375
2025-09-08 19:00:00+00:00,237.9,237.97,236.75,3263,236.88,281979,237.476461
2025-09-09 13:00:00+00:00,236.82,237.99,236.22,2013,236.93,143892,236.878688
2025-09-09 14:00:00+00:00,236.54,236.91,235.79,2583,236.84,224538,236.367759
2025-09-09 15:00:00+00:00,235.68,236.63,235.58,1630,236.54,130556,236.097353
2025-09-09 16:00:00+00:00,236.64,236.64,235.56,1909,235.68,164218,236.020235
2025-09-09 17:00:00+00:00,236.53,238.77,236.33,5480,236.615,498654,237.473219
2025-09-09 18:00:00+00:00,233.745,236.76,233.38,6139,236.52,581058,234.472666
2025-09-09 19:00:00+00:00,234.35,234.62,233.515,4548,233.73,388849,234.162439
2025-09-09 20:00:00+00:00,233.18,233.18,233.11,44,233.11,1343,233.154059
2025-09-10 12:00:00+00:00,233.12,233.12,233.12,3,233.12,177,233.12
2025-09-10 13:00:00+00:00,229.56,232.45,228.89,5100,232.15,458559,230.266773
2025-09-10 14:00:00+00:00,227.74,229.77,227.36,6753,229.535,592880,228.378977
2025-09-10 15:00:00+00:00,227.285,228.1,226.27,5073,227.745,493489,227.172252
2025-09-10 16:00:00+00:00,227.38,228.045,226.82,3469,227.33,298384,227.376451
2025-09-10 17:00:00+00:00,226.705,227.73,226.59,2693,227.42,241089,227.00493
2025-09-10 18:00:00+00:00,226.89,227.34,226.36,2738,226.64,237002,226.770601
2025-09-10 19:00:00+00:00,226.81,227.06,225.955,4834,226.88,433042,226.539949
2025-09-11 13:00:00+00:00,229.025,229.11,226.66,1986,226.77,146568,228.028342
2025-09-11 14:00:00+00:00,229.04,229.28,228.34,2981,229.045,227333,228.889448
2025-09-11 15:00:00+00:00,228.41,229.31,228.2,2333,229.03,176498,228.646442
2025-09-11 16:00:00+00:00,228.75,228.78,228.035,1189,228.4,78603,228.501553
2025-09-11 17:00:00+00:00,230.06,230.145,228.66,1650,228.755,119859,229.433689
2025-09-11 18:00:00+00:00,229.86,230.135,229.2,2072,230.08,189426,229.780777
2025-09-11 19:00:00+00:00,229.99,230.45,229.45,3863,229.875,394268,230.076567
2025-09-12 12:00:00+00:00,229.36,229.36,228.57,35,229.11,1620,229.045556
2025-09-12 13:00:00+00:00,231.12,231.14,229.03,1619,229.27,132578,230.020028
2025-09-12 14:00:00+00:00,233.91,234.5,230.945,5385,231.105,566878,233.232851
2025-09-12 15:00:00+00:00,234.0,234.49,233.38,3168,233.98,291727,233.983197
2025-09-12 16:00:00+00:00,233.14,234.23,233.135,1732,234.0,153312,233.833879
2025-09-12 17:00:00+00:00,233.68,233.87,233.0,1622,233.125,133849,233.395704
2025-09-12 18:00:00+00:00,234.0,234.22,233.07,2254,233.67,186451,233.655937
2025-09-12 19:00:00+00:00,234.04,234.435,233.54,3512,234.02,300650,234.001507
2025-09-15 13:00:00+00:00,235.3,238.19,235.06,3483,236.74,312536,236.524782
2025-09-15 14:00:00+00:00,236.965,237.0,235.055,3621,235.34,305105,235.909895
2025-09-15 15:00:00+00:00,237.09,237.28,236.425,2610,236.96,198982,236.861379
2025-09-15 16:00:00+00:00,236.23,237.04,236.085,2067,237.04,168908,236.610354
2025-09-15 17:00:00+00:00,236.02,236.37,235.59,1545,236.22,112195,235.957116
2025-09-15 18:00:00+00:00,236.17,236.17,235.27,1621,236.03,124391,235.794718
2025-09-15 19:00:00+00:00,236.745,236.79,235.69,3815,236.21,306427,236.167609
2025-09-16 13:00:00+00:00,240.375,240.52,236.36,3466,236.99,322338,238.499425
2025-09-16 14:00:00+00:00,238.98,241.21,238.74,4345,240.39,398064,240.092252
2025-09-16 15:00:00+00:00,238.71,239.84,238.245,1869,239.0,143716,239.036328
2025-09-16 16:00:00+00:00,239.15,239.38,238.675,1244,238.675,89515,239.099401
2025-09-16 17:00:00+00:00,238.295,239.38,238.13,1705,239.145,116127,238.825115
2025-09-16 18:00:00+00:00,239.06,239.11,238.215,1899,238.31,145250,238.838367
2025-09-16 19:00:00+00:00,238.14,239.595,238.08,2940,239.06,236801,238.937027
2025-09-17 13:00:00+00:00,239.23,240.055,238.81,2177,238.97,179444,239.515664
2025-09-17 14:00:00+00:00,239.55,240.0,239.08,2265,239.295,180923,239.671066
2025-09-17 15:00:00+00:00,239.6,239.77,239.22,1477,239.54,112174,239.484529
2025-09-17 16:00:00+00:00,239.56,239.77,239.3,1350,239.59,106795,239.54761
2025-09-17 17:00:00+00:00,239.44,239.615,238.94,1355,239.57,101511,239.347762
2025-09-17 18:00:00+00:00,238.55,239.81,237.75,2754,239.75,227699,238.807691
2025-09-17 19:00:00+00:00,238.98,239.45,238.49,3750,238.63,301796,238.953946
2025-09-18 13:00:00+00:00,238.445,241.155,237.64,2282,239.25,195292,238.937789
2025-09-18 14:00:00+00:00,238.22,238.41,236.675,3559,238.395,311950,237.63849
2025-09-18 15:00:00+00:00,237.58,238.78,237.36,2006,238.26,156631,238.264298
2025-09-18 16:00:00+00:00,237.95,238.165,237.465,1772,237.58,138093,237.878259
2025-09-18 17:00:00+00:00,237.39,238.21,237.23,1735,237.98,137438,237.815262
2025-09-18 18:00:00+00:00,237.73,238.02,237.33,1669,237.37,131877,237.760643
2025-09-18 19:00:00+00:00,237.87,238.11,237.26,3865,237.69,312433,237.720253
2025-09-19 13:00:00+00:00,240.88,242.67,240.475,2961,241.44,282438,241.321073
2025-09-19 14:00:00+00:00,242.87,243.13,240.25,2978,240.86,287745,241.5433
2025-09-19 15:00:00+00:00,243.27,243.37,241.81,2245,242.95,212937,242.5794
2025-09-19 16:00:00+00:00,245.19,245.915,243.21,3185,243.31,280193,244.661994
2025-09-19 17:00:00+00:00,245.31,245.85,244.91,1982,245.165,146159,245.207875
2025-09-19 18:00:00+00:00,245.52,246.24,244.98,2541,245.41,203158,245.700835
2025-09-19 19:00:00+00:00,245.32,246.12,244.76,4835,245.51,438203,245.412828
2025-09-19 20:00:00+00:00,245.39,245.39,245.38,8,245.38,609,245.387817
2025-09-22 13:00:00+00:00,251.12,251.32,248.16,5574,248.34,483183,250.273012
2025-09-22 14:00:00+00:00,253.605,253.665,250.84,5657,251.12,521740,252.155693
2025-09-22 15:00:00+00:00,256.07,256.63,253.39,7372,253.61,749794,255.063694
2025-09-22 16:00:00+00:00,254.215,256.305,253.17,4674,256.07,448311,254.244165
2025-09-22 17:00:00+00:00,254.11,254.92,253.525,3219,254.205,272117,254.245279
2025-09-22 18:00:00+00:00,255.37,255.75,254.04,2777,254.1,246460,255.091056
2025-09-22 19:00:00+00:00,256.12,256.25,255.32,5257,255.36,469396,255.869508
2025-09-23 13:00:00+00:00,256.185,257.285,255.05,3454,255.05,351921,256.433213
2025-09-23 14:00:00+00:00,255.28,257.0,255.01,3930,256.2,350781,255.904402
2025-09-23 15:00:00+00:00,255.96,256.37,255.235,2879,255.31,223095,255.737919
2025-09-23 16:00:00+00:00,255.09,256.19,254.69,1919,255.96,141123,255.617826
2025-09-23 17:00:00+00:00,254.35,255.23,253.945,3511,255.02,270036,254.602776
2025-09-23 18:00:00+00:00,254.13,254.95,253.985,2251,254.325,172650,254.422308
2025-09-23 19:00:00+00:00,254.45,254.49,253.61,3707,254.165,307760,254.044961
2025-09-24 13:00:00+00:00,253.27,255.68,252.29,2416,254.95,211914,253.264978
2025-09-24 14:00:00+00:00,252.2,253.29,251.73,3247,253.275,377156,252.270017
2025-09-24 15:00:00+00:00,251.405,252.31,251.28,2950,252.22,293243,251.813575
2025-09-24 16:00:00+00:00,251.49,252.25,251.04,2393,251.42,173398,251.602021
2025-09-24 17:00:00+00:00,251.5,252.11,251.32,1553,251.54,102008,251.572037
2025-09-24 18:00:00+00:00,251.74,251.84,251.27,1808,251.49,127811,251.571566
2025-09-24 19:00:00+00:00,252.22,252.46,251.255,2992,251.72,220191,251.851358
2025-09-25 12:00:00+00:00,252.14,252.14,252.14,7,252.14,310,252.14
2025-09-25 13:00:00+00:00,252.28,254.23,251.72,2460,252.89,205647,252.741051
2025-09-25 14:00:00+00:00,253.67,254.11,252.16,1940,252.31,136368,253.475565
2025-09-25 15:00:00+00:00,252.87,254.11,252.83,1514,253.71,117428,253.630443
2025-09-25 16:00:00+00:00,253.245,253.35,252.33,1810,252.845,179240,252.871689
2025-09-25 17:00:00+00:00,253.25,253.87,253.125,1985,253.25,230001,253.506764
2025-09-25 18:00:00+00:00,255.97,256.08,252.855,3479,253.2,401850,254.81685
2025-09-25 19:00:00+00:00,256.91,257.17,255.43,4430,255.93,395651,256.407334
2025-09-26 13:00:00+00:00,256.305,256.325,253.79,2545,254.005,209818,255.223975
2025-09-26 14:00:00+00:00,254.99,256.6,254.38,3010,256.28,240206,255.105843
2025-09-26 15:00:00+00:00,255.08,256.025,254.88,2163,255.0,164166,255.388513
2025-09-26 16:00:00+00:00,256.35,256.37,254.95,1790,255.09,126028,255.52651
2025-09-26 17:00:00+00:00,256.1,257.28,255.89,2125,256.34,155422,256.49122
2025-09-26 18:00:00+00:00,256.21,256.775,255.99,2206,256.12,222409,256.45169
2025-09-26 19:00:00+00:00,255.45,256.2,254.91,3351,256.19,242565,255.385336
2025-09-29 13:00:00+00:00,253.695,254.82,253.02,1724,254.545,134578,253.816651
2025-09-29 14:00:00+00:00,253.93,254.48,253.28,2585,253.8,204142,254.009661
2025-09-29 15:00:00+00:00,253.49,254.16,253.12,2287,253.97,172673,253.619452
2025-09-29 16:00:00+00:00,253.335,254.07,253.26,1167,253.535,79095,253.661331
2025-09-29 17:00:00+00:00,253.35,253.5,253.135,1631,253.37,123752,253.327674
2025-09-29 18:00:00+00:00,254.06,254.61,253.36,1389,253.37,97717,254.062429
2025-09-29 19:00:00+00:00,254.37,254.81,253.63,2313,253.985,164446,254.172477
2025-09-30 13:00:00+00:00,255.53,255.59,253.97,1624,254.855,158522,254.80958
2025-09-30 14:00:00+00:00,255.5,255.915,254.59,2474,255.44,205296,255.24587
2025-09-30 15:00:00+00:00,254.815,255.67,253.85,2103,255.47,138380,254.649514
2025-09-30 16:00:00+00:00,254.07,254.98,254.065,1290,254.69,85424,254.470065
2025-09-30 17:00:00+00:00,253.725,254.22,253.32,1740,254.0,124198,253.715132
2025-09-30 18:00:00+00:00,254.21,254.24,253.13,1879,253.72,125967,253.693247
2025-09-30 19:00:00+00:00,254.56,255.165,253.51,2867,254.17,218915,254.436448
2025-10-01 13:00:00+00:00,256.47,258.78,254.91,2587,254.91,227499,256.75542
2025-10-01 14:00:00+00:00,255.58,257.325,255.42,2895,256.385,261047,256.203765
2025-10-01 15:00:00+00:00,256.11,256.11,255.12,1812,255.545,127152,255.552703
2025-10-01 16:00:00+00:00,256.46,256.89,255.945,1835,256.09,125401,256.370182
2025-10-01 17:00:00+00:00,256.44,256.79,255.86,1304,256.49,71808,256.29107
2025-10-01 18:00:00+00:00,256.74,256.74,256.25,1154,256.44,60817,256.490334
2025-10-01 19:00:00+00:00,255.43,256.94,255.29,2874,256.76,208232,255.757684
2025-10-02 12:00:00+00:00,256.19,256.2,256.19,4,256.19,501,256.194
2025-10-02 13:00:00+00:00,256.04,257.27,254.16,2279,255.95,220767,255.576457
2025-10-02 14:00:00+00:00,256.325,256.76,255.65,2272,256.035,191986,256.208278
2025-10-02 15:00:00+00:00,257.77,257.98,255.98,1660,256.26,124338,256.927548
2025-10-02 16:00:00+00:00,257.515,258.17,257.12,1133,257.78,76542,257.655396
2025-10-02 17:00:00+00:00,257.12,257.81,257.1,928,257.48,55944,257.441479
2025-10-02 18:00:00+00:00,257.91,258.155,257.13,1398,257.16,143420,257.670951
2025-10-02 19:00:00+00:00,257.43,257.95,256.995,2459,257.93,283674,257.439116
2025-10-03 12:00:00+00:00,254.25,254.25,254.16,7,254.18,360,254.196667
2025-10-03 13:00:00+00:00,258.195,259.02,253.96,3578,254.665,438125,257.436992
2025-10-03 14:00:00+00:00,258.16,258.78,257.37,2219,257.905,188720,258.226592
2025-10-03 15:00:00+00:00,258.405,259.22,257.95,2068,258.185,192586,258.583473
2025-10-03 16:00:00+00:00,258.795,258.925,258.2,1718,258.375,141745,258.593719
2025-10-03 17:00:00+00:00,257.45,258.78,257.14,1977,258.78,159956,258.049939
2025-10-03 18:00:00+00:00,258.355,258.585,256.97,1843,257.425,137493,258.042546
2025-10-03 19:00:00+00:00,258.04,258.41,257.425,2495,258.38,224472,257.861372
2025-10-06 12:00:00+00:00,258.22,258.85,258.22,5,258.85,270,258.535
2025-10-06 13:00:00+00:00,256.25,259.06,255.07,2724,258.4,321372,256.552355
2025-10-06 14:00:00+00:00,257.84,258.73,256.19,2589,256.265,221360,257.574806
2025-10-06 15:00:00+00:00,257.22,257.94,256.86,1720,257.845,139880,257.406929
2025-10-06 16:00:00+00:00,257.32,257.57,256.81,1326,257.13,115446,257.104607
2025-10-06 17:00:00+00:00,255.62,257.39,255.52,2148,257.37,156464,256.314897
2025-10-06 18:00:00+00:00,256.205,256.57,255.625,1796,255.63,112446,256.149489
2025-10-06 19:00:00+00:00,256.65,257.235,256.155,2352,256.26,177829,256.73839
2025-10-07 13:00:00+00:00,257.145,257.39,256.3,1323,256.92,102406,256.939363
2025-10-07 14:00:00+00:00,255.925,257.23,255.61,3155,257.11,611824,256.399178
2025-10-07 15:00:00+00:00,256.34,257.08,255.91,2350,255.91,195829,256.367295
2025-10-07 16:00:00+00:00,256.09,256.65,255.895,1652,256.29,161910,256.168879
2025-10-07 17:00:00+00:00,255.85,256.2,255.44,1481,256.06,139928,255.884044
2025-10-07 18:00:00+00:00,256.15,256.2,255.57,1523,255.84,123973,255.95191
2025-10-07 19:00:00+00:00,256.48,256.605,255.91,3098,256.17,326829,256.19455
2025-10-08 13:00:00+00:00,257.185,257.89,256.125,1655,256.53,149919,256.955462
2025-10-08 14:00:00+00:00,257.61,258.15,257.19,1872,257.21,139341,257.594792
2025-10-08 15:00:00+00:00,257.95,258.44,257.57,1339,257.57,86226,258.011462
2025-10-08 16:00:00+00:00,257.8,258.5,257.63,1382,257.93,92706,258.079754
2025-10-08 17:00:00+00:00,257.815,258.19,257.68,1480,257.84,117363,257.883264
2025-10-08 18:00:00+00:00,257.84,258.18,257.66,1127,257.875,72425,257.940298
2025-10-08 19:00:00+00:00,258.02,258.45,257.75,2655,257.815,208294,258.143208
2025-10-09 13:00:00+00:00,255.18,257.96,254.78,1425,257.95,110906,256.245787
2025-10-09 14:00:00+00:00,254.93,255.79,254.58,2026,255.185,150555,255.157123
2025-10-09 15:00:00+00:00,254.09,255.21,253.82,2120,254.97,153855,254.543864
2025-10-09 16:00:00+00:00,253.77,254.72,253.55,1799,254.13,115632,254.133408
2025-10-09 17:00:00+00:00,253.62,253.88,253.14,1483,253.74,85232,253.481358
2025-10-09 18:00:00+00:00,253.81,253.84,253.32,1538,253.63,91719,253.598046
2025-10-09 19:00:00+00:00,254.03,254.29,253.56,2582,253.79,185022,253.919026
2025-10-10 13:00:00+00:00,255.485,256.36,254.54,1264,254.915,102826,255.405818
2025-10-10 14:00:00+00:00,253.07,255.97,252.57,1921,255.625,141286,254.970993
2025-10-10 15:00:00+00:00,248.75,253.11,248.4,6685,253.11,526306,250.095857
2025-10-10 16:00:00+00:00,247.495,249.015,247.33,2464,248.77,187921,248.172021
2025-10-10 17:00:00+00:00,247.96,248.555,247.07,2359,247.435,159555,247.840285
2025-10-10 18:00:00+00:00,246.005,248.05,245.84,2436,248.05,160152,246.893136
2025-10-10 19:00:00+00:00,245.295,246.98,244.66,4160,246.0,308065,245.709047
2025-10-13 13:00:00+00:00,246.64,249.305,245.6,2409,249.305,148736,247.098865
2025-10-13 14:00:00+00:00,246.83,247.6,246.17,2507,246.635,184072,246.977701
2025-10-13 15:00:00+00:00,248.79,248.97,246.74,1807,246.935,118055,248.120943
2025-10-13 16:00:00+00:00,249.5,249.58,248.57,1206,248.78,84574,249.015323
2025-10-13 17:00:00+00:00,249.02,249.67,248.72,1061,249.59,68769,249.092772
2025-10-13 18:00:00+00:00,248.46,249.3,248.35,1383,249.04,83225,248.923756
2025-10-13 19:00:00+00:00,247.54,248.715,247.34,2906,248.5,190859,248.071853
2025-10-14 13:00:00+00:00,246.23,246.99,244.77,1991,246.615,134899,245.883754
2025-10-14 14:00:00+00:00,247.24,247.7,245.875,2165,246.24,154438,246.877598
2025-10-14 15:00:00+00:00,247.37,247.69,246.12,1422,247.28,110346,246.72649
2025-10-14 16:00:00+00:00,247.625,248.02,246.85,914,247.36,55330,247.453758
2025-10-14 17:00:00+00:00,247.59,247.9,247.19,993,247.575,73152,247.594175
2025-10-14 18:00:00+00:00,247.93,247.95,247.16,1007,247.61,69764,247.497352
2025-10-14 19:00:00+00:00,247.96,248.83,246.73,3476,247.95,265443,248.008302
2025-10-15 12:00:00+00:00,248.89,248.89,248.89,6,248.89,265,248.89
2025-10-15 13:00:00+00:00,250.685,250.72,248.72,1777,249.425,151319,249.696937
2025-10-15 14:00:00+00:00,250.52,251.785,250.28,3332,250.77,263095,251.003387
2025-10-15 15:00:00+00:00,248.95,250.83,248.72,2551,250.63,163297,249.824571
2025-10-15 16:00:00+00:00,249.045,250.01,248.7,1754,248.945,118312,249.476393
2025-10-15 17:00:00+00:00,249.61,249.705,247.47,1871,248.99,119802,248.55727
2025-10-15 18:00:00+00:00,249.95,249.99,249.26,1364,249.51,80486,249.658957
2025-10-15 19:00:00+00:00,249.405,250.11,248.18,3102,249.95,216301,249.274113
2025-10-16 13:00:00+00:00,247.56,248.84,246.22,2362,248.73,182668,247.578177
2025-10-16 14:00:00+00:00,248.58,248.89,246.92,2005,247.56,142693,247.803994
2025-10-16 15:00:00+00:00,247.955,248.99,247.54,1713,248.61,114251,248.31771
2025-10-16 16:00:00+00:00,247.59,248.13,246.07,2264,247.91,165224,247.188169
2025-10-16 17:00:00+00:00,246.545,247.705,246.22,1839,247.57,118457,246.883555
2025-10-16 18:00:00+00:00,246.62,246.71,245.16,2195,246.56,166898,245.912334
2025-10-16 19:00:00+00:00,247.45,247.85,246.3,2844,246.62,209528,246.969734
2025-10-17 13:00:00+00:00,248.42,249.06,247.29,2016,248.01,125406,248.110695
2025-10-17 14:00:00+00:00,248.905,250.29,248.26,2650,248.5,164704,249.403519
2025-10-17 15:00:00+00:00,249.56,249.78,248.14,2572,248.905,171990,248.829934
2025-10-17 16:00:00+00:00,251.16,251.34,249.47,3425,249.57,279984,250.485505
2025-10-17 17:00:00+00:00,251.325,251.355,250.27,2316,251.13,160042,250.858702
2025-10-17 18:00:00+00:00,252.28,252.53,251.34,2904,251.34,191030,251.972424
2025-10-17 19:00:00+00:00,252.34,253.38,252.12,5121,252.27,455068,252.726886
2025-10-17 20:00:00+00:00,252.59,252.59,252.59,1,252.59,100,252.59
2025-10-20 12:00:00+00:00,256.73,256.73,256.61,5,256.61,450,256.67
2025-10-20 13:00:00+00:00,258.975,259.78,255.66,3541,255.96,311135,258.336663
2025-10-20 14:00:00+00:00,261.58,261.6,258.08,6041,258.95,501735,259.51366
2025-10-20 15:00:00+00:00,263.27,264.345,261.57,7398,261.57,626442,263.154187
2025-10-20 16:00:00+00:00,263.62,264.22,262.66,4647,263.38,406835,263.338546
2025-10-20 17:00:00+00:00,262.93,264.2,262.83,3317,263.61,279295,263.433287
2025-10-20 18:00:00+00:00,263.3,263.83,262.79,2574,262.95,190153,263.410262
2025-10-20 19:00:00+00:00,262.245,263.85,261.94,5323,263.3,462915,263.162396
2025-10-21 12:00:00+00:00,261.92,261.92,261.92,1,261.92,100,261.92
2025-10-21 13:00:00+00:00,263.805,265.26,262.025,4751,262.04,413317,263.667053
2025-10-21 14:00:00+00:00,263.05,264.62,262.53,4324,263.79,303261,263.531674
2025-10-21 15:00:00+00:00,264.125,264.535,262.5,2940,263.06,203593,263.572086
2025-10-21 16:00:00+00:00,263.11,264.355,262.86,2413,264.11,168245,263.345192
2025-10-21 17:00:00+00:00,263.77,263.88,262.85,2281,263.05,152901,263.441357
2025-10-21 18:00:00+00:00,263.425,264.04,262.25,2468,263.82,168242,263.51592
2025-10-21 19:00:00+00:00,262.73,263.56,262.62,3703,263.43,253703,263.141544
2025-10-22 13:00:00+00:00,260.48,262.81,259.95,2041,262.765,126277,260.814742
2025-10-22 14:00:00+00:00,260.74,261.335,259.75,3342,260.395,225966,260.557653
2025-10-22 15:00:00+00:00,259.305,260.71,257.78,4302,260.71,304973,258.960224
2025-10-22 16:00:00+00:00,257.66,259.4,256.425,3765,259.32,259974,257.994983
2025-10-22 17:00:00+00:00,256.32,257.8,255.445,4010,257.58,274911,256.427991
2025-10-22 18:00:00+00:00,256.97,257.07,256.24,3116,256.34,209118,256.631778
2025-10-22 19:00:00+00:00,258.4,258.79,256.52,4750,256.99,343781,257.788219
2025-10-23 13:00:00+00:00,258.38,260.055,258.02,2119,258.44,155845,258.785762
2025-10-23 14:00:00+00:00,259.62,259.625,258.19,2497,258.71,199993,259.058976
2025-10-23 15:00:00+00:00,260.22,260.55,258.97,3192,259.64,244758,259.556812
2025-10-23 16:00:00+00:00,260.27,260.59,259.92,1887,260.18,122653,260.219299
2025-10-23 17:00:00+00:00,260.2,260.53,259.59,2044,260.32,136811,260.089516
2025-10-23 18:00:00+00:00,259.83,260.41,259.67,1921,260.25,156540,259.957285
2025-10-23 19:00:00+00:00,259.59,260.02,259.1,3409,259.865,284762,259.686677
2025-10-24 13:00:00+00:00,260.22,261.575,259.2,1632,261.18,126344,259.982242
2025-10-24 14:00:00+00:00,261.85,262.335,259.92,3376,260.255,261344,261.161199
2025-10-24 15:00:00+00:00,263.33,263.78,261.84,4219,261.85,263267,263.0267
2025-10-24 16:00:00+00:00,263.1,264.01,262.87,3183,263.4,211368,263.423582
2025-10-24 17:00:00+00:00,263.9,264.06,263.1,2536,263.1,174491,263.616245
2025-10-24 18:00:00+00:00,263.51,264.12,263.43,2596,263.89,170763,263.796052
2025-10-24 19:00:00+00:00,262.78,263.64,262.41,5241,263.53,377608,263.214367
2025-10-27 12:00:00+00:00,265.19,265.19,265.19,2,265.19,102,265.19
2025-10-27 13:00:00+00:00,266.27,266.66,264.68,2313,265.04,224117,265.781294
2025-10-27 14:00:00+00:00,265.4,267.03,265.2,4401,266.24,362018,266.140338
2025-10-27 15:00:00+00:00,265.41,266.1,265.05,2578,265.41,212437,265.516461
2025-10-27 16:00:00+00:00,265.57,266.12,265.25,2797,265.425,253038,265.884747
2025-10-27 17:00:00+00:00,265.865,266.02,265.515,1525,265.6,124662,265.777989
2025-10-27 18:00:00+00:00,266.23,266.32,265.48,1927,265.85,166287,265.836209
2025-10-27 19:00:00+00:00,268.75,269.04,266.03,5862,266.235,487502,267.845892
2025-10-28 13:00:00+00:00,268.975,269.85,268.28,2712,269.21,255026,269.137708
2025-10-28 14:00:00+00:00,268.82,269.1,268.16,2674,268.995,243827,268.616676
2025-10-28 15:00:00+00:00,268.9,269.06,268.31,2277,268.87,226761,268.731275
2025-10-28 16:00:00+00:00,269.58,269.84,268.7,3155,268.93,315548,269.088236
2025-10-28 17:00:00+00:00,268.92,269.74,268.805,2958,269.61,248726,269.289287
2025-10-28 18:00:00+00:00,269.105,269.27,268.78,2303,268.92,232170,269.074234
2025-10-28 19:00:00+00:00,269.01,269.43,268.69,4855,269.11,572109,269.076705
2025-10-29 13:00:00+00:00,270.915,271.24,268.76,1590,269.275,120849,270.193517
2025-10-29 14:00:00+00:00,268.84,271.39,268.615,2776,270.935,294268,269.973825
2025-10-29 15:00:00+00:00,267.77,269.21,267.11,3397,268.88,324520,268.208359
2025-10-29 16:00:00+00:00,268.87,269.11,267.745,2081,267.78,185636,268.665917
2025-10-29 17:00:00+00:00,270.55,270.66,268.88,3057,268.88,341225,269.955829
2025-10-29 18:00:00+00:00,269.6,270.92,268.69,3766,270.535,322173,270.083372
2025-10-29 19:00:00+00:00,269.82,270.36,267.8,4805,269.54,429739,269.01434
2025-10-30 13:00:00+00:00,271.03,274.12,270.65,3034,271.91,247952,271.943634
2025-10-30 14:00:00+00:00,268.9,271.33,268.5,4027,271.08,363290,269.564655
2025-10-30 15:00:00+00:00,271.15,271.73,268.89,4595,268.93,470180,270.670666
2025-10-30 16:00:00+00:00,271.3,272.34,271.17,3902,271.17,387796,271.779448
2025-10-30 17:00:00+00:00,271.99,272.07,271.06,3785,271.315,341908,271.587529
2025-10-30 18:00:00+00:00,271.37,272.3,271.19,5223,272.01,486022,271.719734
2025-10-30 19:00:00+00:00,271.32,271.69,271.0,8212,271.35,845117,271.357089
2025-10-30 20:00:00+00:00,282.55,284.35,265.9,349,273.01,29486,272.400597
2025-10-31 12:00:00+00:00,277.05,278.3,277.05,19,277.44,1215,277.748572
2025-10-31 13:00:00+00:00,270.435,277.27,269.21,7656,277.07,602125,272.568164
2025-10-31 14:00:00+00:00,270.59,271.53,269.19,4446,270.46,271712,270.384056
2025-10-31 15:00:00+00:00,271.47,271.54,270.25,3263,270.64,200377,270.890401
2025-10-31 16:00:00+00:00,271.62,273.15,270.825,3531,271.39,262222,272.316595
2025-10-31 17:00:00+00:00,271.39,271.77,270.12,2267,271.46,120574,270.942211
2025-10-31 18:00:00+00:00,271.7,272.06,271.25,1400,271.48,86991,271.621186
2025-10-31 19:00:00+00:00,270.41,272.64,270.02,6925,271.69,601050,271.676785
2025-11-03 13:00:00+00:00,269.84,269.84,269.84,5,269.84,195,269.84
2025-11-03 14:00:00+00:00,267.35,270.84,266.38,3309,270.47,236520,268.103291
2025-11-03 15:00:00+00:00,267.535,268.665,266.28,3350,267.265,259362,267.779536
2025-11-03 16:00:00+00:00,267.84,268.0,266.54,2243,267.525,150638,267.2558
2025-11-03 17:00:00+00:00,267.43,268.13,267.3,1669,267.79,124189,267.705522
2025-11-03 18:00:00+00:00,268.115,268.61,267.29,1903,267.41,154773,267.897329
2025-11-03 19:00:00+00:00,267.25,268.27,266.92,1813,268.14,138651,267.449945
2025-11-03 20:00:00+00:00,269.08,269.08,266.98,4313,267.22,388243,267.885093
2025-11-03 21:00:00+00:00,268.64,268.64,268.64,1,268.64,100,268.64
2025-11-04 13:00:00+00:00,266.74,266.74,266.74,3,266.74,140,266.74
2025-11-04 14:00:00+00:00,268.39,269.59,267.0,3266,267.0,244555,268.669353
2025-11-04 15:00:00+00:00,268.255,269.035,267.73,2784,268.355,205886,268.398501
2025-11-04 16:00:00+00:00,270.54,271.45,268.29,5466,268.29,758599,270.415083
2025-11-04 17:00:00+00:00,270.765,270.87,268.99,3066,270.57,308680,270.114224
2025-11-04 18:00:00+00:00,270.49,270.845,270.06,3260,270.755,377523,270.494295
2025-11-04 19:00:00+00:00,270.4,270.79,269.9,3566,270.49,343168,270.424131
2025-11-04 20:00:00+00:00,270.21,270.49,269.29,6368,270.42,596169,270.03612
2025-11-04 21:00:00+00:00,270.58,270.58,270.46,3,270.46,207,270.52
2025-11-05 14:00:00+00:00,269.205,269.545,266.97,1951,268.65,124640,268.176043
2025-11-05 15:00:00+00:00,269.4,269.675,268.555,2234,269.06,133346,269.077598
2025-11-05 16:00:00+00:00,269.99,270.44,268.96,1886,269.365,120967,269.93399
2025-11-05 17:00:00+00:00,270.56,270.785,269.51,2167,269.875,141472,270.068735
2025-11-05 18:00:00+00:00,270.065,270.67,269.84,1527,270.54,92012,270.197829
2025-11-05 19:00:00+00:00,269.665,271.62,269.66,3023,270.05,192761,270.533097
2025-11-05 20:00:00+00:00,270.11,270.36,268.995,3468,269.705,335991,269.785671
2025-11-06 13:00:00+00:00,269.48,269.48,269.48,6,269.48,215,269.48
2025-11-06 14:00:00+00:00,269.95,269.985,267.93,1890,268.01,121383,268.900933
2025-11-06 15:00:00+00:00,272.31,273.325,269.15,4360,269.91,283574,271.67422
2025-11-06 16:00:00+00:00,270.59,272.6,270.56,2864,272.28,184942,271.696567
2025-11-06 17:00:00+00:00,272.28,272.505,270.42,1845,270.6,111993,271.459349
2025-11-06 18:00:00+00:00,271.405,272.45,270.94,1575,272.335,93050,271.434274
2025-11-06 19:00:00+00:00,271.22,272.19,270.75,1743,271.37,132811,271.465808
2025-11-06 20:00:00+00:00,269.85,271.65,269.615,4473,271.25,322599,270.493045
2025-11-06 21:00:00+00:00,270.02,270.02,270.02,3,270.02,118,270.02
2025-11-07 13:00:00+00:00,269.45,269.45,269.45,5,269.45,200,269.45
2025-11-07 14:00:00+00:00,269.8,270.5,267.33,2951,269.795,264286,269.099735
2025-11-07 15:00:00+00:00,270.7,272.29,269.87,5130,269.93,391074,271.361927
2025-11-07 16:00:00+00:00,268.9,271.21,268.57,5001,270.655,350427,269.943418
2025-11-07 17:00:00+00:00,268.81,269.46,268.29,4148,268.78,312356,268.800139
2025-11-07 18:00:00+00:00,268.105,269.02,267.65,2821,268.83,206878,268.346855
2025-11-07 19:00:00+00:00,267.645,268.48,267.1,3948,268.13,303969,267.727192
2025-11-07 20:00:00+00:00,268.47,268.58,266.84,7218,267.58,643556,267.949187
2025-11-10 13:00:00+00:00,270.08,270.08,270.08,6,270.08,240,270.08
2025-11-10 14:00:00+00:00,273.14,273.7,268.99,2708,269.13,214459,271.766204
2025-11-10 15:00:00+00:00,270.76,273.13,270.59,3766,273.13,310116,271.676099
2025-11-10 16:00:00+00:00,269.31,270.79,268.495,3864,270.73,323108,269.378547
2025-11-10 17:00:00+00:00,269.56,269.72,269.02,2548,269.26,205451,269.352873
2025-11-10 18:00:00+00:00,270.0,270.21,269.51,2137,269.55,170716,269.900507
2025-11-10 19:00:00+00:00,269.56,270.29,267.46,3736,270.01,334770,269.534239
2025-11-10 20:00:00+00:00,269.4,269.62,268.77,4629,269.53,407995,269.196816
2025-11-11 14:00:00+00:00,273.88,274.37,269.85,2639,269.85,179910,272.755301
2025-11-11 15:00:00+00:00,272.965,274.71,272.56,3385,273.75,274316,273.428416
2025-11-11 16:00:00+00:00,271.905,273.565,271.8,3241,273.04,270066,272.572079
2025-11-11 17:00:00+00:00,273.85,273.89,271.89,2495,271.9,222840,273.091769
2025-11-11 18:00:00+00:00,274.46,274.98,273.71,3211,273.85,299100,274.379717
2025-11-11 19:00:00+00:00,275.545,275.61,274.18,3222,274.44,289686,275.051426
2025-11-11 20:00:00+00:00,275.405,275.85,274.83,5745,275.535,534364,275.371571
2025-11-12 14:00:00+00:00,272.16,275.16,271.91,2327,275.07,190730,272.960842
2025-11-12 15:00:00+00:00,274.15,274.37,272.07,4037,272.07,368794,273.442993
2025-11-12 16:00:00+00:00,274.21,274.855,273.83,2375,274.115,167647,274.261429
2025-11-12 17:00:00+00:00,274.58,274.765,273.74,1472,274.13,109866,274.280939
2025-11-12 18:00:00+00:00,275.4,275.46,274.5,1903,274.59,147072,275.051665
2025-11-12 19:00:00+00:00,274.35,275.71,274.15,2056,275.46,140236,274.731905
2025-11-12 20:00:00+00:00,273.47,274.41,272.98,4469,274.32,374466,273.666686
2025-11-12 21:00:00+00:00,273.53,273.53,273.53,1,273.53,100,273.53
2025-11-13 14:00:00+00:00,275.11,276.675,272.75,2377,272.75,162219,275.163288
2025-11-13 15:00:00+00:00,272.99,275.16,272.21,2961,275.13,190570,273.563305
2025-11-13 16:00:00+00:00,273.745,274.44,272.44,2727,272.86,165870,273.546543
2025-11-13 17:00:00+00:00,272.585,274.005,272.5,1964,273.71,124132,272.85214
2025-11-13 18:00:00+00:00,273.44,273.82,272.12,2399,272.54,154873,272.980208
2025-11-13 19:00:00+00:00,272.97,273.78,272.55,2082,273.46,135870,273.219439
2025-11-13 20:00:00+00:00,273.05,273.58,272.545,3439,272.97,220622,273.026022
2025-11-14 13:00:00+00:00,271.22,271.22,271.03,6,271.03,545,271.125
2025-11-14 14:00:00+00:00,273.01,273.06,269.65,4092,271.58,276578,271.264945
2025-11-14 15:00:00+00:00,274.24,274.5,272.19,3581,273.005,234831,273.402332
2025-11-14 16:00:00+00:00,274.82,274.86,273.57,2768,274.245,193172,274.164976
2025-11-14 17:00:00+00:00,275.115,275.95,274.585,2057,274.8,137562,275.41559
2025-11-14 18:00:00+00:00,274.18,275.09,273.895,1631,275.09,91949,274.417491
2025-11-14 19:00:00+00:00,274.02,274.385,273.8,1388,274.16,79767,274.064903
2025-11-14 20:00:00+00:00,272.48,274.22,272.17,4315,274.015,278696,272.807133
2025-11-14 21:00:00+00:00,272.53,272.53,272.53,4,272.53,123,272.53
2025-11-17 14:00:00+00:00,270.055,270.45,267.01,3043,268.815,328798,268.530843
2025-11-17 15:00:00+00:00,267.95,270.265,267.79,3338,269.98,312413,269.047348
2025-11-17 16:00:00+00:00,269.53,269.54,266.66,3311,267.98,230543,267.946872
2025-11-17 17:00:00+00:00,267.88,269.52,267.88,2358,269.495,156574,268.921059
2025-11-17 18:00:00+00:00,267.28,268.33,267.17,2088,267.92,146763,267.726924
2025-11-17 19:00:00+00:00,265.86,267.5,265.855,2967,267.27,227900,267.008865
2025-11-17 20:00:00+00:00,267.5,267.51,265.75,5707,265.83,409372,266.646147
2025-11-17 21:00:00+00:00,267.99,267.99,267.99,3,267.99,110,267.99
2025-11-18 14:00:00+00:00,266.73,270.69,266.51,3424,269.915,253363,268.285494
2025-11-18 15:00:00+00:00,266.58,268.13,265.35,4028,266.715,273043,266.925291
2025-11-18 16:00:00+00:00,267.79,268.26,266.05,2559,266.5,166889,267.267274
2025-11-18 17:00:00+00:00,268.55,268.74,266.6,1834,267.71,104768,267.743152
2025-11-18 18:00:00+00:00,268.29,269.2,268.02,1865,268.71,108554,268.634861
2025-11-18 19:00:00+00:00,268.795,268.795,267.69,2192,268.25,150788,268.340387
2025-11-18 20:00:00+00:00,267.44,268.915,267.33,3601,268.79,230005,267.938085
2025-11-19 14:00:00+00:00,270.87,270.9,265.52,2470,265.54,159667,268.647239
2025-11-19 15:00:00+00:00,270.36,272.13,270.06,3212,270.96,214810,271.189638
2025-11-19 16:00:00+00:00,270.56,270.59,269.37,2332,270.24,177890,269.885193
2025-11-19 17:00:00+00:00,270.825,270.98,269.62,2356,270.53,184966,270.183992
2025-11-19 18:00:00+00:00,270.785,271.3,269.96,2400,270.845,166069,270.634048
2025-11-19 19:00:00+00:00,269.78,270.92,269.2,2189,270.905,165993,269.96446
2025-11-19 20:00:00+00:00,268.49,270.72,268.14,6047,269.8,543699,269.276579
2025-11-20 14:00:00+00:00,275.0,275.42,270.17,3851,270.17,385190,273.744006
2025-11-20 15:00:00+00:00,273.49,275.09,273.105,2615,274.92,163616,273.975404
2025-11-20 16:00:00+00:00,269.315,273.52,269.13,3768,273.51,236980,271.620227
2025-11-20 17:00:00+00:00,267.48,269.9,267.08,4771,269.13,329078,268.562634
2025-11-20 18:00:00+00:00,267.05,269.21,266.55,2959,267.52,204046,267.72819
2025-11-20 19:00:00+00:00,267.805,268.035,266.39,2888,266.96,190638,267.237266
2025-11-20 20:00:00+00:00,266.395,267.85,265.935,5600,267.81,417485,266.82872
2025-11-21 13:00:00+00:00,266.12,266.12,266.12,1,266.12,100,266.12
2025-11-21 14:00:00+00:00,268.28,269.58,265.74,3528,266.03,247227,268.196916
2025-11-21 15:00:00+00:00,270.89,271.43,267.855,6283,268.34,472847,269.86754
2025-11-21 16:00:00+00:00,270.815,271.13,269.7,4294,270.9,346635,270.462485
2025-11-21 17:00:00+00:00,271.235,271.56,270.4,3472,270.88,268218,270.915006
2025-11-21 18:00:00+00:00,272.48,273.05,270.205,3462,271.245,277955,271.727417
2025-11-21 19:00:00+00:00,272.19,273.29,271.93,3821,272.485,306359,272.71544
2025-11-21 20:00:00+00:00,271.49,272.28,270.615,5364,272.15,415240,271.553509
2025-11-21 21:00:00+00:00,270.86,270.86,270.86,1,270.86,100,270.86
2025-11-24 14:00:00+00:00,273.52,275.85,271.25,2591,271.25,159671,274.122263
2025-11-24 15:00:00+00:00,273.79,274.255,272.44,2913,273.475,197643,273.440223
2025-11-24 16:00:00+00:00,275.02,275.35,273.75,3887,273.87,296520,274.929097
2025-11-24 17:00:00+00:00,275.175,275.35,274.71,2570,275.04,195941,274.964586
2025-11-24 18:00:00+00:00,276.02,276.5,275.15,2997,275.22,220687,276.010778
2025-11-24 19:00:00+00:00,276.09,276.45,275.355,2996,276.02,213540,276.042384
2025-11-24 20:00:00+00:00,275.86,276.98,275.14,5561,276.09,441863,276.182528
2025-11-25 14:00:00+00:00,279.375,280.32,274.47,4056,274.47,317496,278.900065
2025-11-25 15:00:00+00:00,278.82,279.62,277.675,3515,279.32,270241,278.809629
2025-11-25 16:00:00+00:00,278.68,279.04,277.51,3009,278.78,245387,278.236762
2025-11-25 17:00:00+00:00,278.53,279.37,278.4,2561,278.7,218142,278.980645
2025-11-25 18:00:00+00:00,278.28,278.78,278.23,2080,278.52,161610,278.570947
2025-11-25 19:00:00+00:00,277.515,278.37,277.515,2161,278.3,158152,277.954846
2025-11-25 20:00:00+00:00,276.9,278.05,276.87,4161,277.525,315645,277.536815
2025-11-26 14:00:00+00:00,277.12,278.9,276.875,1714,277.37,116345,277.799785
2025-11-26 15:00:00+00:00,278.1,278.235,276.675,1823,276.995,126216,277.305728
2025-11-26 16:00:00+00:00,279.31,279.52,277.88,1955,278.11,162712,278.863856
2025-11-26 17:00:00+00:00,278.89,279.39,278.6,1918,279.3,149097,279.095426
2025-11-26 18:00:00+00:00,278.12,279.06,277.985,1784,278.87,133989,278.410725
2025-11-26 19:00:00+00:00,278.43,278.45,277.94,1549,278.12,119557,278.275175
2025-11-26 20:00:00+00:00,277.595,278.94,277.21,4359,278.46,356439,278.211134
2025-11-28 14:00:00+00:00,276.3,278.205,276.025,1595,277.315,91198,276.732514
2025-11-28 15:00:00+00:00,276.465,276.89,276.13,2120,276.29,131224,276.540906
2025-11-28 16:00:00+00:00,276.65,276.91,275.995,2139,276.45,152195,276.475084
2025-11-28 17:00:00+00:00,278.77,279.0,276.43,3570,276.66,287456,277.642105
2025-12-01 14:00:00+00:00,277.565,278.745,276.14,2305,278.05,189294,277.216745
2025-12-01 15:00:00+00:00,278.12,278.3,276.93,2275,277.605,164036,277.623222
2025-12-01 16:00:00+00:00,278.86,279.26,277.67,1758,278.08,160778,278.549371
2025-12-01 17:00:00+00:00,279.52,279.935,278.75,1766,278.77,163407,279.519202
2025-12-01 18:00:00+00:00,280.89,281.04,279.5,2290,279.6,199441,280.47016
2025-12-01 19:00:00+00:00,281.49,281.72,280.715,2477,280.91,241467,281.185218
2025-12-01 20:00:00+00:00,283.17,283.42,281.46,5424,281.5,528619,282.525113
2025-12-02 14:00:00+00:00,283.35,285.04,282.7,2401,282.91,168825,284.005905
2025-12-02 15:00:00+00:00,286.98,286.98,283.295,4315,283.395,349002,285.31425
2025-12-02 16:00:00+00:00,285.21,287.36,284.84,2987,286.94,227140,286.144902
2025-12-02 17:00:00+00:00,285.175,286.32,284.87,1786,285.18,133317,285.661063
2025-12-02 18:00:00+00:00,285.14,285.46,284.94,1766,285.12,139034,285.229031
2025-12-02 19:00:00+00:00,286.41,286.65,285.16,2559,285.17,206628,285.922034
2025-12-02 20:00:00+00:00,286.09,286.82,285.71,4160,286.4,313872,286.250478
2025-12-03 14:00:00+00:00,287.845,288.61,285.96,2791,286.07,211037,287.437502
2025-12-03 15:00:00+00:00,286.06,288.22,286.06,3887,287.845,324464,287.130104
2025-12-03 16:00:00+00:00,285.82,286.81,285.65,3197,286.03,241940,286.33601
2025-12-03 17:00:00+00:00,285.84,286.44,285.53,1663,285.88,104911,285.9628
2025-12-03 18:00:00+00:00,285.49,286.07,285.35,1435,285.86,99366,285.743229
2025-12-03 19:00:00+00:00,284.76,285.6,284.37,2103,285.45,157366,284.912073
2025-12-03 20:00:00+00:00,284.16,284.83,283.63,4612,284.77,371226,284.340027
2025-12-04 14:00:00+00:00,281.425,284.7,281.19,2632,283.54,204336,282.748988
2025-12-04 15:00:00+00:00,280.77,282.065,280.28,3098,281.315,232694,281.294143
2025-12-04 16:00:00+00:00,280.375,281.02,279.82,2647,280.78,207909,280.427956
2025-12-04 17:00:00+00:00,280.3,280.74,279.84,1895,280.28,146261,280.239697
2025-12-04 18:00:00+00:00,279.45,280.295,279.43,1641,280.295,137758,279.872725
2025-12-04 19:00:00+00:00,280.345,280.345,278.6,2574,279.375,204759,279.470651
2025-12-04 20:00:00+00:00,280.68,280.71,279.58,4499,280.345,511661,280.135711
2025-12-04 21:00:00+00:00,280.4,280.4,280.4,7,280.4,179,280.4
2025-12-05 14:00:00+00:00,280.18,281.05,279.285,2024,280.59,146626,280.135284
2025-12-05 15:00:00+00:00,280.105,281.105,279.71,2477,280.16,196397,280.421216
2025-12-05 16:00:00+00:00,278.78,280.245,278.78,2178,280.22,130059,279.3644
2025-12-05 17:00:00+00:00,279.385,279.44,278.05,1412,278.75,91639,278.517623
2025-12-05 18:00:00+00:00,278.685,279.57,278.6,1455,279.4,86638,279.110988
2025-12-05 19:00:00+00:00,278.89,279.43,278.66,1718,278.73,113252,279.121175
2025-12-05 20:00:00+00:00,278.815,279.025,278.21,3057,278.91,255999,278.647907
2025-12-08 14:00:00+00:00,277.95,279.62,277.45,2366,278.09,198620,278.130591
2025-12-08 15:00:00+00:00,277.335,278.48,277.08,3044,277.955,243173,277.714119
2025-12-08 16:00:00+00:00,277.455,277.86,276.7,3006,277.335,207239,277.293143
2025-12-08 17:00:00+00:00,277.34,277.78,276.88,1995,277.49,154036,277.298782
2025-12-08 18:00:00+00:00,276.37,277.83,276.2,1855,277.325,132510,277.103652
2025-12-08 19:00:00+00:00,276.31,276.725,276.175,1780,276.36,133003,276.376156
2025-12-08 20:00:00+00:00,277.96,277.96,276.32,3428,276.32,267596,277.164053
2025-12-09 14:00:00+00:00,278.54,280.02,278.15,1649,278.16,117789,279.079967
2025-12-09 15:00:00+00:00,277.825,278.415,277.225,2163,278.415,148550,277.72498
2025-12-09 16:00:00+00:00,277.99,278.01,277.09,1377,277.84,88530,277.506037
2025-12-09 17:00:00+00:00,278.35,278.58,277.43,1266,277.97,78708,277.990625
2025-12-09 18:00:00+00:00,278.65,278.74,278.14,1126,278.25,68440,278.442429
2025-12-09 19:00:00+00:00,277.82,278.88,277.76,1328,278.7,80420,278.341125
2025-12-09 20:00:00+00:00,277.24,278.13,276.92,3568,277.81,286895,277.525688
2025-12-10 14:00:00+00:00,277.97,278.79,276.63,1293,277.83,94595,277.813258
2025-12-10 15:00:00+00:00,276.72,277.935,276.62,2124,277.83,146070,277.263342
2025-12-10 16:00:00+00:00,278.73,278.875,276.48,1503,276.675,92168,277.662773
2025-12-10 17:00:00+00:00,278.775,279.26,278.26,940,278.75,55974,278.584275
2025-12-10 18:00:00+00:00,278.4,278.975,278.06,1666,278.64,101972,278.456376
2025-12-10 19:00:00+00:00,279.38,279.57,277.76,2739,278.33,155956,278.691869
2025-12-10 20:00:00+00:00,278.75,279.725,278.595,3407,279.43,219915,279.113128
2025-12-10 21:00:00+00:00,278.71,278.71,278.71,3,278.71,110,278.71
2025-12-11 14:00:00+00:00,274.21,279.59,273.845,2237,279.29,141467,276.117339
2025-12-11 15:00:00+00:00,275.895,276.54,274.02,2651,274.11,207769,275.475046
2025-12-11 16:00:00+00:00,276.69,277.71,275.75,1944,275.94,125019,276.368174
2025-12-11 17:00:00+00:00,277.62,278.33,276.68,1402,276.68,82472,277.678431
2025-12-11 18:00:00+00:00,277.72,278.22,277.44,1107,277.57,70055,277.822882
2025-12-11 19:00:00+00:00,277.6,278.01,277.55,1455,277.72,88020,277.794815
2025-12-11 20:00:00+00:00,278.08,278.22,277.51,3400,277.68,306347,277.854028
2025-12-12 13:00:00+00:00,277.58,277.58,277.58,1,277.58,100,277.58
2025-12-12 14:00:00+00:00,279.08,279.19,277.03,1315,277.92,102833,278.430422
2025-12-12 15:00:00+00:00,277.85,279.135,277.565,2083,278.94,208635,278.426686
2025-12-12 16:00:00+00:00,277.74,278.36,277.3,2438,277.8,162539,277.807073
2025-12-12 17:00:00+00:00,278.83,279.185,277.655,1291,277.655,79830,278.300255
2025-12-12 18:00:00+00:00,278.375,279.12,278.33,1217,278.78,83384,278.78666
2025-12-12 19:00:00+00:00,278.35,278.45,277.755,1385,278.42,86929,278.062849
2025-12-12 20:00:00+00:00,278.315,278.79,276.985,3457,278.42,257540,278.031649
2025-12-15 14:00:00+00:00,274.83,280.15,274.305,3463,280.15,276337,275.91754
2025-12-15 15:00:00+00:00,274.39,275.57,273.65,4170,274.74,307271,274.34167
2025-12-15 16:00:00+00:00,274.955,275.695,274.04,3174,274.33,227119,274.726288
2025-12-15 17:00:00+00:00,274.74,275.16,274.41,2499,274.93,162920,274.773617
2025-12-15 18:00:00+00:00,273.94,274.8,273.48,2587,274.7,181185,274.159829
2025-12-15 19:00:00+00:00,273.58,274.13,272.84,2602,273.92,215818,273.341399
2025-12-15 20:00:00+00:00,274.115,274.715,273.23,5635,273.535,492529,273.893014
2025-12-16 14:00:00+00:00,273.67,273.95,271.815,2340,272.82,175969,272.910032
2025-12-16 15:00:00+00:00,273.43,273.92,272.54,2650,273.78,197351,273.191488
2025-12-16 16:00:00+00:00,273.9,273.92,272.59,2290,273.43,158455,273.196207
2025-12-16 17:00:00+00:00,272.2,274.25,272.155,2047,273.86,137337,273.368929
2025-12-16 18:00:00+00:00,273.68,273.91,271.81,2074,272.15,141312,272.719956
2025-12-16 19:00:00+00:00,274.155,274.41,273.0,1956,273.61,123826,273.598403
2025-12-16 20:00:00+00:00,274.56,275.47,274.09,3242,274.11,225646,274.892659
2025-12-17 14:00:00+00:00,275.325,276.15,274.94,1846,274.95,118170,275.540926
2025-12-17 15:00:00+00:00,274.58,275.85,274.35,2583,275.325,194110,275.273466
2025-12-17 16:00:00+00:00,272.61,275.07,272.33,2845,274.63,197088,273.474879
2025-12-17 17:00:00+00:00,273.38,273.61,272.31,1774,272.56,124538,272.878366
2025-12-17 18:00:00+00:00,273.0,273.67,272.5,1372,273.45,88567,273.001787
2025-12-17 19:00:00+00:00,273.69,274.11,272.85,1660,272.97,118463,273.666353
2025-12-17 20:00:00+00:00,271.85,273.95,271.725,4036,273.775,336989,272.771661
2025-12-18 14:00:00+00:00,268.775,273.615,266.97,4259,273.61,333219,269.278498
2025-12-18 15:00:00+00:00,272.0,272.2,268.38,3369,268.75,290653,270.344573
2025-12-18 16:00:00+00:00,272.87,273.16,271.97,2055,271.98,156077,272.500852
2025-12-18 17:00:00+00:00,272.385,272.84,269.96,1779,272.785,121652,271.289939
2025-12-18 18:00:00+00:00,271.69,272.95,271.625,1724,272.4,124649,272.197884
2025-12-18 19:00:00+00:00,270.865,271.9,270.53,2551,271.76,206759,271.085655
2025-12-18 20:00:00+00:00,272.24,273.19,270.71,3744,270.9,323280,271.99653
2025-12-19 14:00:00+00:00,271.79,272.875,271.41,2730,271.41,222541,272.079689
2025-12-19 15:00:00+00:00,271.19,272.81,270.98,3373,271.695,253659,271.736123
2025-12-19 16:00:00+00:00,271.025,271.945,270.855,2421,271.19,176455,271.307261
2025-12-19 17:00:00+00:00,271.48,271.61,270.27,2360,270.99,155812,270.871937
2025-12-19 18:00:00+00:00,270.85,271.79,270.41,2161,271.4,143596,271.007797
2025-12-19 19:00:00+00:00,271.5,271.74,270.57,1985,270.85,150451,271.240833
2025-12-19 20:00:00+00:00,273.865,273.905,269.91,7266,271.47,639921,271.315394
2025-12-22 13:00:00+00:00,273.32,273.71,273.32,8,273.71,350,273.515
2025-12-22 14:00:00+00:00,272.48,273.815,272.09,1857,272.86,154637,272.881965
2025-12-22 15:00:00+00:00,272.315,272.71,271.52,2327,272.5,165212,272.066539
2025-12-22 16:00:00+00:00,272.18,272.785,271.93,1741,272.32,117628,272.326359
2025-12-22 17:00:00+00:00,271.46,272.27,271.415,1589,272.22,103112,271.890992
2025-12-22 18:00:00+00:00,270.69,271.5,270.52,1480,271.5,102599,270.945075
2025-12-22 19:00:00+00:00,270.92,271.07,270.65,1326,270.77,91905,270.864404
2025-12-22 20:00:00+00:00,270.82,271.13,270.51,3219,270.93,221103,270.818089
2025-12-23 14:00:00+00:00,271.29,271.9,269.61,1825,270.845,131965,270.806778
2025-12-23 15:00:00+00:00,271.45,271.61,270.58,1867,271.2,116560,271.080968
2025-12-23 16:00:00+00:00,272.14,272.31,271.445,1728,271.445,102944,271.848095
2025-12-23 17:00:00+00:00,271.61,272.215,271.14,1110,272.145,70533,271.621261
2025-12-23 18:00:00+00:00,271.7,272.1,271.52,1030,271.575,53160,271.765127
2025-12-23 19:00:00+00:00,272.075,272.435,271.5,1334,271.7,87361,271.817122
2025-12-23 20:00:00+00:00,272.23,272.425,271.85,2817,272.1,194168,272.170079
2025-12-24 14:00:00+00:00,274.18,274.71,272.52,1488,272.55,92978,274.0523
2025-12-24 15:00:00+00:00,274.54,274.54,273.765,1745,274.245,88256,274.159648
2025-12-24 16:00:00+00:00,275.17,275.33,274.52,1481,274.58,79911,274.985553
2025-12-24 17:00:00+00:00,273.9,275.43,273.62,2594,275.14,169881,274.66186
2025-12-26 13:00:00+00:00,274.01,274.01,274.01,4,274.01,200,274.01
2025-12-26 14:00:00+00:00,274.625,275.365,273.52,1225,273.52,74441,274.779438
2025-12-26 15:00:00+00:00,274.725,274.945,274.15,1481,274.46,82497,274.619739
2025-12-26 16:00:00+00:00,274.61,274.98,274.4,937,274.71,55868,274.727829
2025-12-26 17:00:00+00:00,274.46,274.74,274.25,798,274.56,38402,274.519047
2025-12-26 18:00:00+00:00,274.73,274.98,274.43,901,274.49,52511,274.686315
2025-12-26 19:00:00+00:00,274.495,274.83,274.475,1585,274.71,167303,274.632779
2025-12-26 20:00:00+00:00,273.39,274.52,272.92,3836,274.485,379581,273.630755
2025-12-29 14:00:00+00:00,273.92,274.34,272.37,1405,272.96,88019,273.701066
2025-12-29 15:00:00+00:00,273.25,274.005,272.94,1824,273.885,98932,273.564264
2025-12-29 16:00:00+00:00,273.15,273.45,272.85,1438,273.25,76667,273.18424
2025-12-29 17:00:00+00:00,273.185,273.285,272.97,1203,273.15,64752,273.111721
2025-12-29 18:00:00+00:00,273.87,274.0,273.09,1354,273.15,67835,273.655332
2025-12-29 19:00:00+00:00,273.88,274.0,273.455,1101,273.91,52564,273.777226
2025-12-29 20:00:00+00:00,273.79,274.0,273.46,2524,273.93,124775,273.75517
2025-12-30 14:00:00+00:00,273.56,274.0,272.49,1260,272.785,86217,273.188374
2025-12-30 15:00:00+00:00,272.83,273.67,272.42,1616,273.62,97825,272.795938
2025-12-30 16:00:00+00:00,272.39,273.32,272.33,1377,272.84,108820,272.831857
2025-12-30 17:00:00+00:00,272.92,272.97,272.28,641,272.37,37306,272.569744
2025-12-30 18:00:00+00:00,273.28,273.37,272.77,726,272.8,42982,273.151446
2025-12-30 19:00:00+00:00,273.26,273.51,273.09,898,273.23,50439,273.311224
2025-12-30 20:00:00+00:00,273.05,273.45,272.91,2224,273.3,159988,273.149546
2025-12-31 14:00:00+00:00,273.09,273.65,272.235,918,272.895,58998,272.736444
2025-12-31 15:00:00+00:00,271.905,273.11,271.77,1708,273.075,117742,272.39299
2025-12-31 16:00:00+00:00,272.75,272.76,271.92,1404,271.92,95676,272.352267
2025-12-31 17:00:00+00:00,272.76,272.87,272.34,911,272.77,52969,272.677876
2025-12-31 18:00:00+00:00,273.3,273.32,272.57,1265,272.81,92331,272.884461
2025-12-31 19:00:00+00:00,272.68,273.42,272.61,1261,273.31,86361,272.994431
2025-12-31 20:00:00+00:00,272.035,272.74,271.82,2628,272.72,181416,272.329462
2026-01-02 13:00:00+00:00,273.23,273.23,273.23,1,273.23,100,273.23
2026-01-02 14:00:00+00:00,276.89,277.79,271.95,2489,272.255,179484,275.49058
2026-01-02 15:00:00+00:00,270.67,277.73,270.64,3182,276.98,241050,274.096327
2026-01-02 16:00:00+00:00,269.67,270.93,269.645,2130,270.6,151531,270.33677
2026-01-02 17:00:00+00:00,270.07,270.29,269.13,1467,269.64,110813,269.937676
2026-01-02 18:00:00+00:00,269.39,270.46,269.1,1202,270.12,74129,269.830589
2026-01-02 19:00:00+00:00,270.4,270.68,269.33,1611,269.33,111211,270.141089
2026-01-02 20:00:00+00:00,271.01,271.03,270.22,2611,270.35,188922,270.631403
2026-01-05 13:00:00+00:00,270.29,270.29,270.29,8,270.29,240,270.29
2026-01-05 14:00:00+00:00,269.415,271.49,267.89,2230,270.89,203606,269.317706
2026-01-05 15:00:00+00:00,269.02,271.15,268.88,2890,269.5,254815,269.711813
2026-01-05 16:00:00+00:00,268.045,269.35,267.98,2432,269.02,215634,268.716511
2026-01-05 17:00:00+00:00,267.61,268.24,266.79,1795,268.06,136611,267.431371
2026-01-05 18:00:00+00:00,267.015,267.89,267.0,1647,267.54,132697,267.40637
2026-01-05 19:00:00+00:00,266.26,267.335,266.175,2178,267.02,174335,266.655315
2026-01-05 20:00:00+00:00,267.175,267.71,266.24,4013,266.24,329098,267.126208
2026-01-06 13:00:00+00:00,267.41,267.41,267.02,7,267.02,400,267.17
2026-01-06 14:00:00+00:00,264.34,267.52,263.06,3430,266.97,278611,264.463386
2026-01-06 15:00:00+00:00,263.865,265.67,263.81,3330,264.485,280616,264.64206
2026-01-06 16:00:00+00:00,262.72,263.83,262.21,4689,263.83,474738,262.713692
2026-01-06 17:00:00+00:00,262.89,263.8,262.31,1989,262.76,158261,262.837844
2026-01-06 18:00:00+00:00,262.9,263.35,262.5,1935,262.87,145627,262.895082
2026-01-06 19:00:00+00:00,262.655,263.04,262.47,1836,262.94,132189,262.817569
2026-01-06 20:00:00+00:00,262.22,263.0,262.14,4345,262.66,329790,262.566364
2026-01-06 21:00:00+00:00,262.49,262.49,262.49,1,262.49,100,262.49
2026-01-07 14:00:00+00:00,261.49,263.62,261.27,3057,261.83,249993,262.131488
2026-01-07 15:00:00+00:00,261.97,262.4,261.22,3573,261.47,286025,261.823296
2026-01-07 16:00:00+00:00,262.18,262.33,260.9,2768,262.0,218703,261.667934
2026-01-07 17:00:00+00:00,262.32,262.7,262.025,1856,262.19,135855,262.374546
2026-01-07 18:00:00+00:00,262.055,262.32,261.08,2419,262.3,186836,261.626588
2026-01-07 19:00:00+00:00,261.81,262.48,261.32,2026,262.02,142658,261.915293
2026-01-07 20:00:00+00:00,260.35,261.96,259.815,4924,261.8,442472,260.647165
2026-01-08 13:00:00+00:00,257.6,257.6,257.6,3,257.6,245,257.6
2026-01-08 14:00:00+00:00,256.21,257.75,255.87,4055,257.02,363532,256.792841
2026-01-08 15:00:00+00:00,256.71,257.19,255.7,4773,256.23,395528,256.482098
2026-01-08 16:00:00+00:00,257.71,258.595,255.99,3676,256.69,260324,256.870521
2026-01-08 17:00:00+00:00,257.4,257.86,256.61,2846,257.665,210826,257.1457
2026-01-08 18:00:00+00:00,256.935,257.6,256.69,1886,257.37,124117,257.220162
2026-01-08 19:00:00+00:00,257.22,257.32,256.33,2025,256.92,132570,256.788263
2026-01-08 20:00:00+00:00,259.08,259.28,257.205,3980,257.27,260226,258.343488
2026-01-08 21:00:00+00:00,259.73,259.76,259.73,8,259.76,270,259.745
2026-01-09 13:00:00+00:00,258.71,258.71,258.71,6,258.71,190,258.71
2026-01-09 14:00:00+00:00,256.92,259.95,256.4,2351,258.985,171867,257.9151
2026-01-09 15:00:00+00:00,257.84,258.74,256.24,3149,256.935,224984,257.970274
2026-01-09 16:00:00+00:00,257.63,258.6,256.78,2520,257.83,208338,257.44092
2026-01-09 17:00:00+00:00,258.78,259.13,257.6,1729,257.68,111284,258.647493
2026-01-09 18:00:00+00:00,259.5,259.52,258.25,1540,258.76,95483,258.829187
2026-01-09 19:00:00+00:00,259.97,260.2,259.38,2048,259.47,119431,259.832825
2026-01-09 20:00:00+00:00,259.345,260.19,258.96,3008,259.965,168739,259.662474
2026-01-12 14:00:00+00:00,258.375,260.135,256.845,3592,258.74,289942,258.187362
2026-01-12 15:00:00+00:00,259.39,261.27,258.15,4331,258.295,346624,259.554167
2026-01-12 16:00:00+00:00,260.97,261.1,259.16,2699,259.37,206770,260.176069
2026-01-12 17:00:00+00:00,260.64,261.11,260.255,1678,260.94,126870,260.636581
2026-01-12 18:00:00+00:00,260.415,261.245,260.31,1429,260.66,98637,260.768944
2026-01-12 19:00:00+00:00,261.14,261.165,260.24,1729,260.4,129452,260.622576
2026-01-12 20:00:00+00:00,260.27,261.18,260.01,3274,261.1,221334,260.731406
2026-01-12 21:00:00+00:00,260.12,260.12,260.12,2,260.12,163,260.12
2026-01-13 14:00:00+00:00,259.92,261.765,258.575,2777,258.67,217064,260.197606
2026-01-13 15:00:00+00:00,259.96,260.48,259.31,3062,259.9,212160,259.936397
2026-01-13 16:00:00+00:00,260.88,261.01,259.64,2303,259.955,167378,260.393409
2026-01-13 17:00:00+00:00,260.52,261.43,260.21,2078,260.88,148586,260.870333
2026-01-13 18:00:00+00:00,259.97,260.935,259.78,1665,260.47,107206,260.348095
2026-01-13 19:00:00+00:00,259.46,260.07,259.15,2261,259.945,195009,259.573303
2026-01-13 20:00:00+00:00,261.05,261.15,258.795,3392,259.46,229972,260.040306
2026-01-14 14:00:00+00:00,259.11,261.81,259.11,2384,260.09,197738,260.057594
2026-01-14 15:00:00+00:00,258.09,260.94,257.88,3368,258.99,296862,259.460689
2026-01-14 16:00:00+00:00,257.72,258.96,257.295,2735,258.08,217692,258.132057
2026-01-14 17:00:00+00:00,257.27,258.05,256.74,2097,257.72,163587,257.371901
2026-01-14 18:00:00+00:00,258.035,258.11,256.925,1621,257.22,121675,257.483234
2026-01-14 19:00:00+00:00,258.24,258.47,257.525,1978,257.91,160201,257.966923
2026-01-14 20:00:00+00:00,260.1,260.57,258.13,5471,258.28,441077,259.676183
2026-01-15 14:00:00+00:00,260.11,261.01,259.7,1798,260.35,137720,260.332901
2026-01-15 15:00:00+00:00,259.95,260.76,259.205,2681,260.06,197824,260.108044
2026-01-15 16:00:00+00:00,259.97,260.61,259.755,2116,259.94,152585,260.245554
2026-01-15 17:00:00+00:00,258.92,260.285,258.03,2286,259.97,208679,259.268939
2026-01-15 18:00:00+00:00,259.23,259.74,258.91,1409,258.91,85568,259.360096
2026-01-15 19:00:00+00:00,257.65,259.22,257.5,2648,259.22,188784,258.20699
2026-01-15 20:00:00+00:00,258.09,258.16,257.055,4098,257.58,288463,257.65665
2026-01-16 14:00:00+00:00,256.8,258.89,256.795,1999,258.08,158678,257.750795
2026-01-16 15:00:00+00:00,256.56,257.23,256.07,2105,256.88,149449,256.625967
2026-01-16 16:00:00+00:00,256.17,256.86,255.97,1975,256.54,138914,256.486057
2026-01-16 17:00:00+00:00,255.2,256.52,254.93,2238,256.16,191613,255.802819
2026-01-16 18:00:00+00:00,256.55,256.815,255.09,1738,255.165,137810,256.101475
2026-01-16 19:00:00+00:00,256.59,257.14,255.915,1716,256.55,137147,256.532866
2026-01-16 20:00:00+00:00,255.475,256.84,255.16,3775,256.56,312726,255.797256
2026-01-20 13:00:00+00:00,252.35,252.65,252.35,57,252.49,2195,252.488333
2026-01-20 14:00:00+00:00,252.59,254.76,251.69,3034,251.98,231824,253.12246
2026-01-20 15:00:00+00:00,251.52,252.71,250.87,3434,252.44,241682,251.367603
2026-01-20 16:00:00+00:00,251.19,252.12,250.35,2484,251.54,168556,251.187104
2026-01-20 17:00:00+00:00,250.26,251.27,250.09,1859,251.15,129574,250.516636
2026-01-20 18:00:00+00:00,248.54,250.49,248.24,2519,250.26,179586,249.405679
2026-01-20 19:00:00+00:00,246.96,248.65,246.81,3158,248.57,217230,247.622368
2026-01-20 20:00:00+00:00,246.725,247.21,243.45,11159,246.94,1032496,245.415195
2026-01-21 14:00:00+00:00,246.93,248.68,246.03,2463,247.76,223853,247.100996
2026-01-21 15:00:00+00:00,248.15,248.69,246.31,2726,246.925,252347,247.591442
2026-01-21 16:00:00+00:00,245.79,248.26,245.72,2830,248.18,265076,246.708226
2026-01-21 17:00:00+00:00,246.24,246.465,245.19,2004,245.79,147815,245.768791
2026-01-21 18:00:00+00:00,246.18,246.42,245.51,1921,246.23,129867,246.059026
2026-01-21 19:00:00+00:00,250.76,251.0,245.53,4797,246.12,381407,248.439383
2026-01-21 20:00:00+00:00,247.59,251.54,246.865,6457,250.81,456545,248.923674
2026-01-21 21:00:00+00:00,247.97,247.97,247.97,1,247.97,100,247.97
2026-01-22 13:00:00+00:00,249.29,249.29,249.29,1,249.29,150,249.29
2026-01-22 14:00:00+00:00,249.93,250.75,248.39,3137,249.53,343825,249.491575
2026-01-22 15:00:00+00:00,249.075,250.3,249.0,2336,249.94,217780,249.760629
2026-01-22 16:00:00+00:00,249.6,250.0,249.08,2013,249.08,162063,249.605539
2026-01-22 17:00:00+00:00,250.17,250.51,249.44,1283,249.58,97453,249.942216
2026-01-22 18:00:00+00:00,250.22,250.79,249.74,1243,250.11,97685,250.252729
2026-01-22 19:00:00+00:00,248.87,250.99,248.785,1625,250.22,125453,250.01764
2026-01-22 20:00:00+00:00,248.355,249.21,248.18,3217,248.85,281375,248.525656
2026-01-23 13:00:00+00:00,248.22,248.22,248.22,5,248.22,305,248.22
2026-01-23 14:00:00+00:00,245.91,248.23,244.69,2703,247.83,250543,245.818671
2026-01-23 15:00:00+00:00,248.995,249.28,245.75,2577,245.97,202663,247.471691
2026-01-23 16:00:00+00:00,248.24,249.38,247.875,1836,249.12,135432,248.539907
2026-01-23 17:00:00+00:00,247.8,248.79,247.61,1566,248.23,115839,248.190765
2026-01-23 18:00:00+00:00,247.52,248.15,246.98,1536,247.785,99069,247.677875
2026-01-23 19:00:00+00:00,248.17,248.24,247.24,2057,247.53,160323,247.652499
2026-01-23 20:00:00+00:00,247.99,248.82,247.8,3143,248.19,207758,248.225019
2026-01-26 13:00:00+00:00,251.27,251.84,251.27,4,251.84,355,251.636429
2026-01-26 14:00:00+00:00,252.76,253.77,249.885,4129,251.45,279695,252.065513
2026-01-26 15:00:00+00:00,254.78,255.485,252.635,4753,252.76,363569,254.278321
2026-01-26 16:00:00+00:00,254.78,255.29,254.24,3402,254.81,252799,254.904647
2026-01-26 17:00:00+00:00,254.33,255.4,254.1,1981,254.91,132574,254.625091
2026-01-26 18:00:00+00:00,255.1,255.325,254.115,2152,254.29,144033,254.696577
2026-01-26 19:00:00+00:00,256.115,256.56,255.1,2461,255.1,174269,255.79263
2026-01-26 20:00:00+00:00,255.39,256.36,254.9,4122,256.12,272068,255.528249
2026-01-26 21:00:00+00:00,255.41,255.41,255.38,8,255.38,358,255.395
2026-01-27 13:00:00+00:00,259.31,259.57,259.31,12,259.46,750,259.441228
2026-01-27 14:00:00+00:00,261.5,261.945,258.72,4400,258.72,412646,260.551957
2026-01-27 15:00:00+00:00,260.34,261.56,259.53,3124,261.45,266912,260.413741
2026-01-27 16:00:00+00:00,260.745,261.37,260.36,2073,260.36,139070,260.911376
2026-01-27 17:00:00+00:00,260.72,261.36,260.64,1375,260.805,84298,260.980875
2026-01-27 18:00:00+00:00,259.82,261.1,259.52,1492,260.715,127806,260.261687
2026-01-27 19:00:00+00:00,259.74,260.025,259.2,1733,259.91,125258,259.6704
2026-01-27 20:00:00+00:00,258.28,259.965,258.23,3238,259.7,215082,259.049713
2026-01-27 21:00:00+00:00,257.6,257.6,257.45,11,257.45,385,257.53
2026-01-28 13:00:00+00:00,257.51,257.51,257.51,4,257.51,145,257.51
2026-01-28 14:00:00+00:00,256.15,258.83,255.74,3508,257.5,292862,256.979083
2026-01-28 15:00:00+00:00,255.82,257.03,255.215,3359,256.13,224646,256.129566
2026-01-28 16:00:00+00:00,255.365,256.21,254.76,2406,255.765,156713,255.338446
2026-01-28 17:00:00+00:00,254.82,255.4,254.51,1614,255.33,97407,254.966251
2026-01-28 18:00:00+00:00,255.67,255.88,254.53,1100,254.805,61113,255.233068
2026-01-28 19:00:00+00:00,256.3,256.37,254.81,2105,255.66,124610,255.510439
2026-01-28 20:00:00+00:00,256.45,256.885,255.99,3598,256.23,224832,256.447429
2026-01-28 21:00:00+00:00,256.45,256.6,256.45,10,256.6,862,256.46875
2026-01-29 13:00:00+00:00,257.89,257.89,257.89,2,257.89,140,257.89
2026-01-29 14:00:00+00:00,256.82,259.59,256.14,2345,257.51,208377,257.331688
2026-01-29 15:00:00+00:00,255.44,257.68,254.41,4262,256.75,373141,255.868358
2026-01-29 16:00:00+00:00,255.39,256.4,254.935,3951,255.42,312754,255.723523
2026-01-29 17:00:00+00:00,256.89,257.63,255.39,4070,255.41,336153,256.811689
2026-01-29 18:00:00+00:00,257.35,257.99,256.67,2579,256.96,180896,257.274515
2026-01-29 19:00:00+00:00,257.92,258.38,257.22,2930,257.4,209129,257.925789
2026-01-29 20:00:00+00:00,258.175,259.34,257.85,6842,257.925,482908,258.409353
2026-01-29 21:00:00+00:00,260.73,265.74,259.09,153,264.94,9846,263.754564
2026-01-30 13:00:00+00:00,258.59,258.59,256.73,49,256.73,1452,257.627931
2026-01-30 14:00:00+00:00,256.295,256.92,252.25,6319,255.79,506538,254.165101
2026-01-30 15:00:00+00:00,254.88,258.69,253.75,7538,256.305,564213,256.418394
2026-01-30 16:00:00+00:00,256.08,257.13,254.77,4560,254.91,333152,256.080741
2026-01-30 17:00:00+00:00,254.81,256.09,254.3,3172,256.09,246158,254.894132
2026-01-30 18:00:00+00:00,257.36,257.58,254.59,3338,254.84,233955,255.833849
2026-01-30 19:00:00+00:00,258.24,258.94,257.35,3286,257.45,219502,257.978961
2026-01-30 20:00:00+00:00,259.06,261.88,257.58,8205,258.31,542019,259.828742
2026-01-30 21:00:00+00:00,259.91,259.91,259.91,2,259.91,200,259.91
2026-02-02 13:00:00+00:00,256.88,257.26,256.69,13,256.69,630,256.995
2026-02-02 14:00:00+00:00,263.38,263.95,257.39,4081,257.39,259690,261.862904
2026-02-02 15:00:00+00:00,262.77,265.36,262.305,5340,263.48,305624,264.214044
2026-02-02 16:00:00+00:00,264.47,264.71,262.525,2461,262.67,151493,263.833776
2026-02-02 17:00:00+00:00,264.19,264.79,263.8,1869,264.44,126418,264.302648
2026-02-02 18:00:00+00:00,266.69,266.735,264.31,2313,264.31,159254,265.57127
2026-02-02 19:00:00+00:00,268.0,268.26,266.58,3266,266.7,282278,267.151718
2026-02-02 20:00:00+00:00,269.95,270.45,267.86,7330,268.03,530645,269.497088
2026-02-02 21:00:00+00:00,269.93,269.93,269.93,4,269.93,159,269.93
2026-02-03 13:00:00+00:00,268.79,268.79,268.79,3,268.79,290,268.79
2026-02-03 14:00:00+00:00,270.49,271.58,267.72,3355,268.49,337390,269.723331
2026-02-03 15:00:00+00:00,271.07,271.095,267.74,3913,270.34,342713,269.295793
2026-02-03 16:00:00+00:00,268.93,271.265,268.57,2776,271.06,264997,269.966895
2026-02-03 17:00:00+00:00,269.62,269.935,268.3,3069,268.95,290138,269.203017
2026-02-03 18:00:00+00:00,270.24,270.555,268.87,3343,269.7,344833,269.713556
2026-02-03 19:00:00+00:00,270.0,271.85,269.92,3735,270.24,331712,270.760724
2026-02-03 20:00:00+00:00,269.46,270.2,268.675,4569,269.96,332390,269.330839
2026-02-03 21:00:00+00:00,269.72,270.08,269.72,4,270.08,210,269.9
2026-02-04 13:00:00+00:00,270.48,270.48,270.48,11,270.48,340,270.48
2026-02-04 14:00:00+00:00,277.535,278.81,270.59,5433,270.59,462584,276.215199
2026-02-04 15:00:00+00:00,277.09,277.56,274.56,4498,277.39,360238,276.097545
2026-02-04 16:00:00+00:00,274.95,277.285,273.96,3764,277.065,311796,275.867757
2026-02-04 17:00:00+00:00,274.065,276.6,273.71,4361,274.95,350632,275.098885
2026-02-04 18:00:00+00:00,275.38,275.755,273.16,3397,274.09,254420,274.978214
2026-02-04 19:00:00+00:00,275.14,275.74,274.38,2782,275.37,214909,275.154557
2026-02-04 20:00:00+00:00,276.41,278.94,274.87,6188,275.17,533634,277.128978
2026-02-05 13:00:00+00:00,275.83,275.83,275.83,3,275.83,140,275.83
2026-02-05 14:00:00+00:00,274.43,279.45,273.31,3249,277.97,280662,275.563792
2026-02-05 15:00:00+00:00,274.44,277.4,273.65,4585,274.365,435265,275.464621
2026-02-05 16:00:00+00:00,275.2,276.205,273.32,3366,274.45,299396,274.755794
2026-02-05 17:00:00+00:00,274.54,275.21,273.53,1844,275.21,136716,274.416245
2026-02-05 18:00:00+00:00,274.99,275.0,273.935,2274,274.59,196035,274.441472
2026-02-05 19:00:00+00:00,276.72,277.53,274.93,2862,274.99,244521,276.532656
2026-02-05 20:00:00+00:00,275.93,277.68,275.38,5046,276.7,443787,276.365008
2026-02-05 21:00:00+00:00,277.09,277.1,277.09,18,277.1,549,277.094831
2026-02-06 13:00:00+00:00,275.26,275.26,275.17,3,275.17,276,275.215
2026-02-06 14:00:00+00:00,280.63,280.72,276.59,3089,276.59,240564,279.277222
2026-02-06 15:00:00+00:00,278.81,280.88,278.35,3212,280.59,261800,279.435163
2026-02-06 16:00:00+00:00,279.205,279.73,278.49,3466,278.83,302425,279.281799
2026-02-06 17:00:00+00:00,278.28,279.44,277.92,2004,279.07,162311,278.615002
2026-02-06 18:00:00+00:00,277.495,278.685,276.94,2548,278.295,219566,277.75292
2026-02-06 19:00:00+00:00,278.59,278.645,277.015,2474,277.48,215723,277.78862
2026-02-06 20:00:00+00:00,278.11,279.01,277.56,3891,278.58,282891,278.24886
2026-02-06 21:00:00+00:00,277.5,277.79,277.5,7,277.79,369,277.596667
2026-02-09 14:00:00+00:00,274.005,278.02,273.185,3142,277.61,263750,274.477386
2026-02-09 15:00:00+00:00,273.26,274.26,272.8,2775,273.88,200828,273.487475
2026-02-09 16:00:00+00:00,272.8,273.79,272.77,2076,273.26,129883,273.281961
2026-02-09 17:00:00+00:00,272.025,273.1,271.71,2634,272.8,186325,272.172449
2026-02-09 18:00:00+00:00,272.91,273.205,271.81,1342,271.885,77156,272.462293
2026-02-09 19:00:00+00:00,272.965,273.725,272.85,1529,272.935,92234,273.289045
2026-02-09 20:00:00+00:00,274.5,275.12,272.96,4815,272.96,323043,274.177715
2026-02-10 14:00:00+00:00,274.76,275.31,273.25,2117,274.0,157437,274.085296
2026-02-10 15:00:00+00:00,274.2,275.36,273.89,2035,274.68,144246,274.553314
2026-02-10 16:00:00+00:00,273.285,274.51,273.1,1248,274.17,69107,273.830581
2026-02-10 17:00:00+00:00,274.1,274.11,272.96,1781,273.32,106731,273.420519
2026-02-10 18:00:00+00:00,273.93,274.26,273.43,1487,274.105,106123,273.90133
2026-02-10 19:00:00+00:00,273.94,274.09,273.57,1043,274.0,63268,273.879656
2026-02-10 20:00:00+00:00,273.585,274.49,273.35,3128,274.04,221740,273.921593
2026-02-10 21:00:00+00:00,274.31,274.31,274.31,4,274.31,118,274.31
2026-02-11 13:00:00+00:00,274.31,274.31,274.31,2,274.31,140,274.31
2026-02-11 14:00:00+00:00,276.39,277.32,274.09,2426,274.09,203413,275.943099
2026-02-11 15:00:00+00:00,279.75,279.86,275.76,4341,276.37,375527,277.746392
2026-02-11 16:00:00+00:00,278.37,279.96,278.18,2369,279.73,148998,279.194619
2026-02-11 17:00:00+00:00,279.415,280.14,278.2,2603,278.295,161933,279.434462
2026-02-11 18:00:00+00:00,278.92,279.69,278.505,1748,279.385,98836,278.961105
2026-02-11 19:00:00+00:00,276.57,279.66,275.09,3471,278.85,221793,277.444804
2026-02-11 20:00:00+00:00,275.465,277.24,275.02,4062,276.545,266771,276.0436
2026-02-11 21:00:00+00:00,276.05,276.05,276.05,1,276.05,100,276.05
2026-02-12 13:00:00+00:00,273.74,273.74,273.74,1,273.74,100,273.74
2026-02-12 14:00:00+00:00,272.01,275.65,271.585,2636,274.4,239460,273.292509
2026-02-12 15:00:00+00:00,268.24,272.16,268.16,4173,272.13,315011,270.570968
2026-02-12 16:00:00+00:00,265.485,268.21,264.635,5324,268.15,373670,266.700856
2026-02-12 17:00:00+00:00,261.77,265.85,261.55,3393,265.37,237059,263.568992
2026-02-12 18:00:00+00:00,261.6,262.93,260.19,4221,261.8,266273,261.678884
2026-02-12 19:00:00+00:00,262.085,262.61,261.3,2977,261.69,155486,261.862482
2026-02-12 20:00:00+00:00,261.65,262.47,260.295,6483,262.06,345658,261.503254
2026-02-12 21:00:00+00:00,261.68,261.68,261.29,37,261.29,760,261.486
2026-02-13 13:00:00+00:00,261.6,261.6,261.13,22,261.22,1325,261.316667
2026-02-13 14:00:00+00:00,259.35,262.15,258.82,3055,262.15,229075,260.022274
2026-02-13 15:00:00+00:00,259.42,261.445,258.4,3457,259.3,250950,259.842223
2026-02-13 16:00:00+00:00,259.155,259.78,258.62,2923,259.5,200008,259.336056
2026-02-13 17:00:00+00:00,259.045,260.25,258.905,2247,259.13,165218,259.64006
2026-02-13 18:00:00+00:00,258.69,259.42,258.615,1712,259.065,109201,259.034474
2026-02-13 19:00:00+00:00,258.065,259.02,257.97,1944,258.725,106366,258.5534
2026-02-13 20:00:00+00:00,255.755,258.52,255.48,6489,258.22,599486,256.172028
2026-02-17 13:00:00+00:00,256.6,256.6,256.6,4,256.6,170,256.6
2026-02-17 14:00:00+00:00,258.67,259.65,255.55,3432,258.055,215065,258.563255
2026-02-17 15:00:00+00:00,259.1,261.37,258.51,3943,258.59,258600,259.711136
2026-02-17 16:00:00+00:00,261.45,261.71,258.76,3062,259.145,197233,260.225103
2026-02-17 17:00:00+00:00,262.31,262.66,260.96,3637,261.42,215989,261.732541
2026-02-17 18:00:00+00:00,265.78,266.11,262.07,3080,262.37,192248,263.82338
2026-02-17 19:00:00+00:00,265.195,266.25,265.0,2713,265.825,152381,265.644184
2026-02-17 20:00:00+00:00,263.93,265.51,262.84,4408,265.21,268164,264.004389
2026-02-18 13:00:00+00:00,264.14,264.14,264.14,2,264.14,110,264.14
2026-02-18 14:00:00+00:00,264.32,264.89,262.5,2766,263.56,202641,263.551148
2026-02-18 15:00:00+00:00,265.16,265.93,263.79,3157,264.26,262004,265.138521
2026-02-18 16:00:00+00:00,265.16,266.81,265.12,2167,265.17,161681,265.774706
2026-02-18 17:00:00+00:00,265.25,266.0,265.01,1251,265.19,87866,265.404413
2026-02-18 18:00:00+00:00,265.06,265.95,264.75,1480,265.255,96904,265.456595
2026-02-18 19:00:00+00:00,263.79,265.08,263.595,1418,264.92,87050,264.377155
2026-02-18 20:00:00+00:00,264.235,265.455,263.2,3376,263.82,218471,264.437685
2026-02-19 13:00:00+00:00,262.47,262.47,262.47,1,262.47,100,262.47
2026-02-19 14:00:00+00:00,263.71,264.31,262.395,1413,262.395,92572,263.448294
2026-02-19 15:00:00+00:00,263.82,264.135,262.86,1727,263.73,113060,263.534413
2026-02-19 16:00:00+00:00,263.145,264.435,262.985,1660,263.81,140589,263.554113
2026-02-19 17:00:00+00:00,262.07,263.515,262.0,1105,263.095,86032,262.897269
2026-02-19 18:00:00+00:00,262.28,262.32,261.435,1422,262.07,98608,261.862283
2026-02-19 19:00:00+00:00,260.435,262.32,260.275,1473,262.32,90453,261.22438
2026-02-19 20:00:00+00:00,260.52,261.19,260.06,4173,260.4,292285,260.609172
2026-02-20 14:00:00+00:00,259.75,260.21,258.21,1516,258.91,113272,259.326036
2026-02-20 15:00:00+00:00,262.55,263.09,259.57,2800,259.69,181879,261.345642
2026-02-20 16:00:00+00:00,264.27,264.72,261.23,2018,262.57,156689,262.710717
2026-02-20 17:00:00+00:00,262.98,264.53,261.555,1995,264.36,127686,262.510213
2026-02-20 18:00:00+00:00,264.22,264.68,263.05,1856,263.18,111787,263.831398
2026-02-20 19:00:00+00:00,264.21,264.7,263.61,1283,264.29,81447,264.110682
2026-02-20 20:00:00+00:00,264.72,264.75,263.11,3280,264.17,213026,264.202416
2026-02-20 21:00:00+00:00,264.69,264.69,264.69,1,264.69,100,264.69
2026-02-23 14:00:00+00:00,264.815,266.8,262.49,1730,262.49,115464,265.4014
2026-02-23 15:00:00+00:00,266.81,267.715,264.58,3849,264.9,284111,266.444726
2026-02-23 16:00:00+00:00,266.08,266.84,264.79,2417,266.84,171466,265.986942
2026-02-23 17:00:00+00:00,268.11,268.235,265.995,1742,266.08,123809,267.416117
2026-02-23 18:00:00+00:00,268.09,269.43,268.04,1519,268.13,91856,268.817155
2026-02-23 19:00:00+00:00,266.57,268.12,266.45,1614,268.08,120651,267.407949
2026-02-23 20:00:00+00:00,266.4,267.055,266.0,2953,266.615,193887,266.511521
2026-02-23 21:00:00+00:00,266.93,266.93,266.69,8,266.69,291,266.81
2026-02-24 13:00:00+00:00,267.53,267.53,267.53,1,267.53,100,267.53
2026-02-24 14:00:00+00:00,274.02,274.845,267.56,2676,267.56,249659,272.690022
2026-02-24 15:00:00+00:00,273.94,274.58,272.4,2988,274.16,212929,273.666294
2026-02-24 16:00:00+00:00,272.46,274.805,272.45,2084,273.94,134520,273.568153
2026-02-24 17:00:00+00:00,272.28,272.84,271.82,1575,272.46,103589,272.360308
2026-02-24 18:00:00+00:00,271.965,272.69,271.42,1322,272.285,86667,272.182673
2026-02-24 19:00:00+00:00,272.65,272.71,271.77,1463,271.955,96606,272.321517
2026-02-24 20:00:00+00:00,272.19,272.65,271.39,3433,272.65,241134,272.080464
2026-02-25 14:00:00+00:00,273.92,273.97,270.99,1776,270.99,146270,272.303755
2026-02-25 15:00:00+00:00,273.54,273.96,272.38,1852,273.92,114931,273.267925
2026-02-25 16:00:00+00:00,273.43,274.59,272.985,2003,273.54,110336,273.838784
2026-02-25 17:00:00+00:00,274.19,274.4,273.28,1415,273.43,90733,273.834738
2026-02-25 18:00:00+00:00,274.63,274.725,274.0,1548,274.25,114915,274.41011
2026-02-25 19:00:00+00:00,273.275,274.93,273.265,1312,274.6,89323,274.385678
2026-02-25 20:00:00+00:00,274.16,274.72,273.245,3574,273.245,249012,274.16292
2026-02-26 14:00:00+00:00,273.87,276.07,273.24,2192,274.945,129809,274.255466
2026-02-26 15:00:00+00:00,270.995,274.145,270.87,2865,273.865,178769,272.034026
2026-02-26 16:00:00+00:00,271.88,272.745,270.8,1772,271.09,106429,271.967835
2026-02-26 17:00:00+00:00,271.19,272.2,270.95,1227,271.92,71295,271.66478
2026-02-26 18:00:00+00:00,272.18,272.19,270.86,1512,271.19,87056,271.519376
2026-02-26 19:00:00+00:00,273.01,273.49,271.27,1912,272.1,125823,272.622841
2026-02-26 20:00:00+00:00,273.0,273.405,272.21,2558,272.95,137083,272.796582
2026-02-27 14:00:00+00:00,270.69,272.765,268.79,4195,272.66,366070,269.980156
2026-02-27 15:00:00+00:00,268.91,271.35,268.2,5227,270.72,448020,269.177495
2026-02-27 16:00:00+00:00,268.605,269.625,268.245,3554,268.9,366046,268.915595
2026-02-27 17:00:00+00:00,267.085,269.185,266.865,3003,268.63,203057,267.946111
2026-02-27 18:00:00+00:00,266.11,267.37,265.86,2625,267.075,148435,266.386075
2026-02-27 19:00:00+00:00,265.4,266.44,265.285,3005,266.17,227452,265.730884
2026-02-27 20:00:00+00:00,264.07,266.885,262.98,9984,265.355,1125788,264.806531
2026-03-02 14:00:00+00:00,263.16,263.39,260.3,2218,262.19,143736,262.387482
2026-03-02 15:00:00+00:00,262.71,264.54,262.0,2970,263.155,189508,263.794924
2026-03-02 16:00:00+00:00,265.9,265.9,262.62,1882,262.65,106400,264.797043
2026-03-02 17:00:00+00:00,266.09,266.19,265.455,1560,265.845,101640,265.819862
2026-03-02 18:00:00+00:00,264.61,266.28,264.37,1321,266.19,75570,265.338249
2026-03-02 19:00:00+00:00,265.75,266.505,264.45,1228,264.62,65163,265.78856
2026-03-02 20:00:00+00:00,264.705,265.89,263.7,3860,265.81,250870,264.498077
2026-03-03 13:00:00+00:00,262.46,262.46,262.46,1,262.46,100,262.46
2026-03-03 14:00:00+00:00,262.23,265.54,261.21,2896,262.97,212771,263.198269
2026-03-03 15:00:00+00:00,262.41,264.75,261.92,3992,262.29,225916,263.049147
2026-03-03 16:00:00+00:00,262.59,263.75,262.12,2724,262.37,181456,262.723046
2026-03-03 17:00:00+00:00,260.75,262.925,260.24,2673,262.57,174923,261.717975
2026-03-03 18:00:00+00:00,262.36,263.05,260.51,1825,260.78,104446,261.654647
2026-03-03 19:00:00+00:00,263.29,264.64,262.23,2394,262.44,149050,263.578515
2026-03-03 20:00:00+00:00,263.75,263.93,262.37,3747,263.22,276747,263.230881
2026-03-04 14:00:00+00:00,262.42,266.0,261.485,2078,264.69,155128,263.582651
2026-03-04 15:00:00+00:00,264.075,264.57,261.83,1976,262.66,106516,263.438815
2026-03-04 16:00:00+00:00,264.89,265.495,263.39,2043,264.06,111813,264.326478
2026-03-04 17:00:00+00:00,264.62,265.39,264.18,1439,264.77,104241,265.050972
2026-03-04 18:00:00+00:00,263.28,264.74,263.1,1664,264.625,86984,263.91891
2026-03-04 19:00:00+00:00,263.21,263.65,263.05,1677,263.325,89923,263.331329
2026-03-04 20:00:00+00:00,262.5,263.44,262.065,3510,263.25,214945,262.672389
2026-03-05 14:00:00+00:00,259.93,261.86,258.88,2017,261.86,159664,259.985854
2026-03-05 15:00:00+00:00,261.0,261.22,258.075,3062,259.95,222328,259.404853
2026-03-05 16:00:00+00:00,260.69,261.49,259.51,2173,261.005,136796,260.553863
2026-03-05 17:00:00+00:00,258.705,261.52,258.52,2269,260.73,133885,259.477777
2026-03-05 18:00:00+00:00,258.11,259.42,257.935,1551,258.72,84401,258.874394
2026-03-05 19:00:00+00:00,257.8,258.555,257.25,1338,258.19,76502,258.05092
2026-03-05 20:00:00+00:00,260.25,260.56,257.425,4675,257.77,344908,259.546282
2026-03-05 21:00:00+00:00,259.33,259.37,259.33,7,259.37,260,259.35
2026-03-06 14:00:00+00:00,255.935,258.77,254.46,2236,258.76,161376,255.881658
2026-03-06 15:00:00+00:00,257.46,257.55,255.225,2549,255.86,179272,256.603667
2026-03-06 16:00:00+00:00,256.795,257.94,256.47,2943,257.52,215722,257.113763
2026-03-06 17:00:00+00:00,256.365,257.235,256.08,2671,256.71,183659,256.691768
2026-03-06 18:00:00+00:00,256.335,257.57,255.91,1966,256.33,122407,256.650742
2026-03-06 19:00:00+00:00,257.59,257.67,256.35,2049,256.38,126713,256.97153
2026-03-06 20:00:00+00:00,257.42,258.01,256.475,4528,257.6,331197,257.219185
2026-03-09 13:00:00+00:00,255.765,256.945,253.72,2084,254.74,163856,255.274741
2026-03-09 14:00:00+00:00,257.32,257.85,255.51,2777,255.65,192635,256.335844
2026-03-09 15:00:00+00:00,257.46,258.17,256.98,2303,257.32,173649,257.512197
2026-03-09 16:00:00+00:00,257.7,258.27,257.175,1740,257.37,115528,257.723888
2026-03-09 17:00:00+00:00,256.13,257.735,255.99,1692,257.7,129118,256.638183
2026-03-09 18:00:00+00:00,257.41,257.78,256.13,1469,256.13,94675,257.147812
2026-03-09 19:00:00+00:00,259.89,261.14,257.04,3995,257.36,277240,259.513304
2026-03-09 20:00:00+00:00,260.03,260.03,260.03,5,260.03,160,260.03
2026-03-10 13:00:00+00:00,258.025,259.815,256.975,1499,257.695,110649,258.607179
2026-03-10 14:00:00+00:00,261.295,261.52,257.55,2100,257.82,140859,259.895048
2026-03-10 15:00:00+00:00,261.53,261.765,261.0,1407,261.29,84624,261.328452
2026-03-10 16:00:00+00:00,261.155,261.95,260.82,2123,261.49,147475,261.395548
2026-03-10 17:00:00+00:00,262.33,262.475,261.12,2185,261.12,144591,261.904347
2026-03-10 18:00:00+00:00,261.32,262.36,260.49,2019,262.25,118445,261.472465
2026-03-10 19:00:00+00:00,260.75,261.59,260.37,3398,261.36,216941,260.894116
2026-03-11 13:00:00+00:00,261.17,262.0,260.235,987,261.09,61363,261.255302
2026-03-11 14:00:00+00:00,260.69,262.12,259.57,1758,261.28,105758,260.606281
2026-03-11 15:00:00+00:00,260.725,260.94,259.94,1504,260.77,80457,260.465937
2026-03-11 16:00:00+00:00,260.75,261.14,260.17,917,260.53,49418,260.579427
2026-03-11 17:00:00+00:00,260.52,261.105,259.7,1412,260.72,79496,260.495475
2026-03-11 18:00:00+00:00,260.18,260.55,259.785,1194,260.52,65484,260.138911
2026-03-11 19:00:00+00:00,260.81,261.035,259.84,2394,260.2,146661,260.494419
2026-03-12 13:00:00+00:00,255.565,258.94,255.36,1828,258.52,135828,256.905575
2026-03-12 14:00:00+00:00,254.95,256.37,254.36,2269,255.54,153896,255.308508
2026-03-12 15:00:00+00:00,255.12,255.65,254.19,2143,254.82,152674,255.038444
2026-03-12 16:00:00+00:00,255.245,256.21,254.84,2325,255.145,175206,255.573498
2026-03-12 17:00:00+00:00,255.33,255.66,254.78,1531,255.25,92817,255.202787
2026-03-12 18:00:00+00:00,255.17,255.67,254.89,1536,255.35,108580,255.333619
2026-03-12 19:00:00+00:00,255.71,256.24,254.98,3087,255.15,194551,255.647581
2026-03-13 13:00:00+00:00,255.72,256.28,254.88,1580,255.44,131424,255.614225
2026-03-13 14:00:00+00:00,253.81,255.925,253.73,2105,255.83,154521,254.939159
2026-03-13 15:00:00+00:00,252.11,254.34,251.885,2360,253.805,184256,253.128445
2026-03-13 16:00:00+00:00,251.41,252.94,251.385,1981,252.15,125255,252.266956
2026-03-13 17:00:00+00:00,251.28,251.915,250.96,2728,251.46,196764,251.30001
2026-03-13 18:00:00+00:00,251.12,251.795,250.805,1736,251.27,112293,251.198158
2026-03-13 19:00:00+00:00,250.035,251.17,249.86,4310,251.01,316423,250.358282
2026-03-13 20:00:00+00:00,249.86,249.86,249.62,9,249.74,369,249.74
2026-03-16 12:00:00+00:00,251.51,251.51,251.51,3,251.51,276,251.51
2026-03-16 13:00:00+00:00,253.03,253.195,249.91,2571,251.58,153786,251.951508
2026-03-16 14:00:00+00:00,253.555,253.74,252.51,2410,253.06,154717,253.092608
2026-03-16 15:00:00+00:00,253.02,253.87,252.94,1740,253.62,112117,253.402292
2026-03-16 16:00:00+00:00,252.55,253.25,252.205,1638,252.94,107056,252.747729
2026-03-16 17:00:00+00:00,252.2,253.33,252.18,1117,252.59,72263,252.787111
2026-03-16 18:00:00+00:00,252.73,253.1,252.145,1533,252.18,109219,252.602901
2026-03-16 19:00:00+00:00,252.82,253.42,252.19,4067,252.72,311716,252.653018
2026-03-17 13:00:00+00:00,254.71,255.04,252.2,1500,253.07,106810,253.805917
2026-03-17 14:00:00+00:00,254.41,254.89,253.79,1324,254.63,82188,254.441835
2026-03-17 15:00:00+00:00,254.435,254.6,253.68,1109,254.445,63021,254.209905
2026-03-17 16:00:00+00:00,254.13,255.12,254.13,1183,254.4,73381,254.718593
2026-03-17 17:00:00+00:00,254.5,254.61,253.565,1031,254.1,66949,254.04799
2026-03-17 18:00:00+00:00,253.86,254.62,253.81,632,254.53,36789,254.182448
2026-03-17 19:00:00+00:00,254.23,254.54,253.145,2456,253.82,139642,253.856547
2026-03-18 13:00:00+00:00,253.365,254.91,251.385,1320,252.61,93440,253.790143
2026-03-18 14:00:00+00:00,252.48,253.79,252.095,2298,253.385,133724,252.76657
2026-03-18 15:00:00+00:00,251.76,253.06,251.52,2363,252.52,129390,252.224306
2026-03-18 16:00:00+00:00,251.005,251.99,250.7,2101,251.675,136123,251.3473
2026-03-18 17:00:00+00:00,251.35,251.4,250.4,1928,250.96,125848,251.052451
2026-03-18 18:00:00+00:00,249.88,251.65,249.87,2479,251.335,151978,250.843071
2026-03-18 19:00:00+00:00,249.93,250.53,249.01,3050,249.87,208654,249.742839
2026-03-19 12:00:00+00:00,250.23,250.23,250.02,13,250.02,760,250.143913
2026-03-19 13:00:00+00:00,250.715,251.81,247.36,3171,249.93,235475,249.659528
2026-03-19 14:00:00+00:00,249.9,251.175,249.39,3160,250.8,221888,250.307401
2026-03-19 15:00:00+00:00,249.59,250.265,249.05,2091,249.86,129457,249.488271
2026-03-19 16:00:00+00:00,248.06,249.92,247.88,1610,249.55,113189,248.86447
2026-03-19 17:00:00+00:00,247.97,248.53,247.72,1396,248.03,83416,248.060386
2026-03-19 18:00:00+00:00,248.43,248.57,247.68,1481,247.94,89201,248.080112
2026-03-19 19:00:00+00:00,248.9,249.575,248.19,4516,248.46,346373,248.831027
2026-03-19 20:00:00+00:00,249.02,249.02,249.02,1,249.02,100,249.02
2026-03-20 12:00:00+00:00,247.5,247.62,247.5,7,247.62,375,247.566667
2026-03-20 13:00:00+00:00,247.73,248.68,246.67,2340,247.68,186792,247.548875
2026-03-20 14:00:00+00:00,248.205,248.835,246.83,2564,247.66,185729,247.80772
2026-03-20 15:00:00+00:00,248.84,248.9,247.85,1795,248.23,125686,248.249336
2026-03-20 16:00:00+00:00,248.42,249.01,248.125,1571,248.87,121157,248.542987
2026-03-20 17:00:00+00:00,248.17,248.75,247.54,1242,248.5,71821,248.21116
2026-03-20 18:00:00+00:00,248.385,248.74,247.61,1592,248.215,101486,248.166843
2026-03-20 19:00:00+00:00,248.18,249.185,246.06,4517,248.51,305865,247.833881
2026-03-20 20:00:00+00:00,248.98,248.98,248.98,1,248.98,100,248.98
2026-03-23 12:00:00+00:00,252.88,252.88,250.67,11,250.67,1657,251.832165
2026-03-23 13:00:00+00:00,251.94,254.49,251.36,2837,253.46,207988,252.972947
2026-03-23 14:00:00+00:00,252.11,252.99,251.08,2985,252.04,173532,252.1154
2026-03-23 15:00:00+00:00,251.66,252.895,251.56,2708,252.12,142649,252.449828
2026-03-23 16:00:00+00:00,251.08,252.37,250.68,2509,251.58,157274,251.607874
2026-03-23 17:00:00+00:00,251.95,251.95,250.3,1847,251.045,103012,251.079983
2026-03-23 18:00:00+00:00,252.32,252.39,251.19,2118,251.9,119979,251.706979
2026-03-23 19:00:00+00:00,251.46,252.52,250.98,2856,252.3,183595,251.849059
2026-03-24 13:00:00+00:00,251.61,252.15,249.665,1491,250.06,99121,251.390437
2026-03-24 14:00:00+00:00,252.105,253.3,251.59,2508,251.64,154352,252.589099
2026-03-24 15:00:00+00:00,253.88,254.67,252.07,1639,252.1,93647,253.720984
2026-03-24 16:00:00+00:00,253.61,254.82,253.395,1744,253.91,116020,253.857783
2026-03-24 17:00:00+00:00,253.2,253.835,252.295,1649,253.685,93049,252.966589
2026-03-24 18:00:00+00:00,252.435,253.5,252.24,1589,253.205,86454,252.683752
2026-03-24 19:00:00+00:00,251.76,253.13,251.275,2686,252.55,151968,251.840626
2026-03-25 12:00:00+00:00,254.8,254.8,254.8,4,254.8,250,254.8
2026-03-25 13:00:00+00:00,251.89,254.845,251.86,1343,254.49,79229,253.492611
2026-03-25 14:00:00+00:00,253.4,253.655,251.6,1953,251.9,111960,252.785199
2026-03-25 15:00:00+00:00,253.54,254.45,253.1,1895,253.43,114417,253.807876
2026-03-25 16:00:00+00:00,254.25,254.65,253.15,1524,253.4,83666,253.945779
2026-03-25 17:00:00+00:00,253.985,254.51,253.75,1162,254.24,60083,254.098423
2026-03-25 18:00:00+00:00,252.805,254.215,252.725,1306,253.97,96149,253.500762
2026-03-25 19:00:00+00:00,252.61,253.05,252.01,2333,252.74,225464,252.393527
2026-03-26 12:00:00+00:00,251.94,251.94,251.94,2,251.94,140,251.94
2026-03-26 13:00:00+00:00,253.785,253.815,250.88,1668,251.97,125492,252.10815
2026-03-26 14:00:00+00:00,256.44,256.85,253.46,4243,253.52,255217,255.50053
2026-03-26 15:00:00+00:00,256.51,256.99,255.58,2760,256.545,151107,256.318607
2026-03-26 16:00:00+00:00,256.28,256.68,255.57,2398,256.5,146652,256.068118
2026-03-26 17:00:00+00:00,253.82,256.44,253.675,2828,256.27,166120,254.833039
2026-03-26 18:00:00+00:00,254.26,255.115,253.43,2703,253.79,178108,254.137345
2026-03-26 19:00:00+00:00,252.87,254.48,252.1,4355,254.34,270592,253.123376
2026-03-26 20:00:00+00:00,254.43,254.44,254.43,12,254.44,540,254.435
2026-03-27 13:00:00+00:00,254.995,255.275,252.85,2822,253.9,210010,254.420623
2026-03-27 14:00:00+00:00,253.28,255.46,251.8,3912,254.84,275152,254.197743
2026-03-27 15:00:00+00:00,252.73,253.43,251.99,1756,253.23,110464,252.666693
2026-03-27 16:00:00+00:00,252.41,252.88,251.69,1433,252.74,96981,252.380812
2026-03-27 17:00:00+00:00,249.81,252.61,249.35,1933,252.48,129392,250.660964
2026-03-27 18:00:00+00:00,248.67,249.94,248.62,1931,249.755,117114,249.102481
2026-03-27 19:00:00+00:00,248.7,249.35,248.1,3743,248.67,246228,248.728381
2026-03-30 13:00:00+00:00,247.61,250.73,247.02,2099,250.04,132954,247.941511
2026-03-30 14:00:00+00:00,246.48,248.26,246.045,1812,247.66,111615,247.136647
2026-03-30 15:00:00+00:00,246.86,247.19,246.18,2429,246.52,146894,246.689377
2026-03-30 16:00:00+00:00,247.35,247.41,245.96,1708,246.86,101155,246.648283
2026-03-30 17:00:00+00:00,246.995,247.45,245.98,1743,247.31,99869,246.641135
2026-03-30 18:00:00+00:00,246.72,247.15,246.19,1732,246.93,108634,246.607934
2026-03-30 19:00:00+00:00,246.72,247.03,245.55,3323,246.73,196130,246.356735
2026-03-31 13:00:00+00:00,248.82,249.23,247.675,1611,248.18,106582,248.416742
2026-03-31 14:00:00+00:00,247.26,249.1,247.125,2067,248.825,127650,248.240374
2026-03-31 15:00:00+00:00,248.61,249.03,247.28,1363,247.28,83242,248.336768
2026-03-31 16:00:00+00:00,253.21,253.25,248.555,2570,248.555,160965,251.003514
2026-03-31 17:00:00+00:00,252.55,253.96,252.43,1918,253.23,102902,253.186707
2026-03-31 18:00:00+00:00,253.74,253.94,252.55,2069,252.55,133355,253.188543
2026-03-31 19:00:00+00:00,253.73,255.41,253.29,4430,253.78,302136,254.009837
2026-04-01 12:00:00+00:00,254.87,254.87,254.87,1,254.87,100,254.87
2026-04-01 13:00:00+00:00,254.62,255.98,253.865,2242,254.04,139288,255.003749
2026-04-01 14:00:00+00:00,254.04,255.14,253.36,2767,254.45,185949,254.29277
2026-04-01 15:00:00+00:00,254.64,254.79,253.83,1823,254.09,111567,254.218495
2026-04-01 16:00:00+00:00,254.61,254.95,254.095,1657,254.655,102279,254.595332
2026-04-01 17:00:00+00:00,254.81,255.395,254.515,1683,254.585,108109,255.092028
2026-04-01 18:00:00+00:00,254.335,254.91,253.985,1875,254.8,120627,254.522806
2026-04-01 19:00:00+00:00,255.43,256.125,254.415,3800,254.42,344505,255.525146
2026-04-02 12:00:00+00:00,252.83,252.83,252.83,2,252.83,200,252.83
2026-04-02 13:00:00+00:00,252.53,254.72,250.67,2029,253.4,143538,251.749149
2026-04-02 14:00:00+00:00,255.36,255.36,251.2,2929,252.49,191922,252.93002
2026-04-02 15:00:00+00:00,254.61,255.69,254.395,1577,255.37,102814,254.997628
2026-04-02 16:00:00+00:00,254.455,254.87,254.05,1229,254.56,88119,254.34509
2026-04-02 17:00:00+00:00,254.59,255.475,254.18,1074,254.45,54926,254.854981
2026-04-02 18:00:00+00:00,255.29,255.425,254.66,1319,254.71,90109,255.085886
2026-04-02 19:00:00+00:00,255.89,256.125,254.83,2510,255.295,168758,255.573187
2026-04-06 13:00:00+00:00,259.91,260.0,256.53,1100,256.565,70471,258.05288
2026-04-06 14:00:00+00:00,259.92,262.15,258.98,1826,259.66,105031,260.459307
2026-04-06 15:00:00+00:00,259.46,260.11,258.98,1122,259.94,59806,259.512417
2026-04-06 16:00:00+00:00,259.01,259.6,258.74,679,259.53,35370,259.229886
2026-04-06 17:00:00+00:00,258.185,259.04,257.92,845,259.03,44518,258.511994
2026-04-06 18:00:00+00:00,259.23,259.38,257.88,853,258.18,52851,258.781618
2026-04-06 19:00:00+00:00,258.87,259.23,258.05,2103,259.2,112098,258.663238
2026-04-07 13:00:00+00:00,249.345,256.49,249.04,2366,256.49,152342,250.822393
2026-04-07 14:00:00+00:00,246.13,249.66,246.03,3999,249.21,266869,248.354086
2026-04-07 15:00:00+00:00,248.43,248.51,245.7,3468,246.18,203793,247.311355
2026-04-07 16:00:00+00:00,249.99,250.34,248.51,2644,248.54,151235,249.697122
2026-04-07 17:00:00+00:00,251.7,253.33,249.73,3223,249.94,200966,251.825474
2026-04-07 18:00:00+00:00,250.36,251.97,250.14,2077,251.74,127136,251.235161
2026-04-07 19:00:00+00:00,253.59,253.595,250.21,3650,250.37,223494,252.385564
2026-04-07 20:00:00+00:00,253.13,253.19,253.01,7,253.19,417,253.11
2026-04-08 12:00:00+00:00,258.89,258.89,258.89,4,258.89,195,258.89
2026-04-08 13:00:00+00:00,258.54,258.95,256.55,2705,258.95,185892,257.766251
2026-04-08 14:00:00+00:00,258.85,259.63,257.64,3637,258.5,224516,258.575034
2026-04-08 15:00:00+00:00,257.565,259.49,257.38,3299,258.98,178618,258.198904
2026-04-08 16:00:00+00:00,258.43,258.68,257.12,2894,257.64,141848,257.861964
2026-04-08 17:00:00+00:00,257.695,258.62,257.43,2750,258.4,144254,257.904918
2026-04-08 18:00:00+00:00,257.395,257.92,256.9,2501,257.69,132147,257.447374
2026-04-08 19:00:00+00:00,258.97,258.97,257.11,3727,257.375,230143,258.059868
2026-04-08 20:00:00+00:00,258.87,258.87,258.45,8,258.45,353,258.66
2026-04-09 12:00:00+00:00,257.54,257.54,257.54,1,257.54,100,257.54
2026-04-09 13:00:00+00:00,256.19,259.99,256.13,1952,259.37,140547,257.875559
2026-04-09 14:00:00+00:00,257.61,258.23,256.1,1981,256.14,123520,257.442473
2026-04-09 15:00:00+00:00,258.685,258.705,257.37,2163,257.655,128737,257.893292
2026-04-09 16:00:00+00:00,259.43,259.62,258.66,1330,258.67,79706,259.119476
2026-04-09 17:00:00+00:00,259.93,260.52,259.535,1198,259.535,75153,260.065527
2026-04-09 18:00:00+00:00,259.895,260.05,259.36,966,259.89,60104,259.733494
2026-04-09 19:00:00+00:00,260.44,261.03,259.87,2987,259.88,158305,260.39874
2026-04-10 13:00:00+00:00,260.3,260.66,259.12,1588,259.98,104078,259.955536
2026-04-10 14:00:00+00:00,261.7,262.18,260.21,2026,260.265,115728,261.540067
2026-04-10 15:00:00+00:00,260.875,261.81,260.785,1879,261.74,132535,261.421388
2026-04-10 16:00:00+00:00,260.25,261.0,259.81,1330,260.91,95979,260.486731
2026-04-10 17:00:00+00:00,259.69,260.265,259.03,1205,260.265,86257,259.4658
2026-04-10 18:00:00+00:00,259.74,260.18,259.42,1101,259.615,76665,259.905855
2026-04-10 19:00:00+00:00,260.43,260.52,259.32,2905,259.74,196050,259.893202
2026-04-13 13:00:00+00:00,257.505,260.125,257.215,1829,259.73,202812,258.400452
2026-04-13 14:00:00+00:00,257.78,258.0,256.7,1834,257.565,149334,257.24918
2026-04-13 15:00:00+00:00,257.03,257.86,256.89,2086,257.8,161153,257.413495
2026-04-13 16:00:00+00:00,257.865,258.32,256.81,2283,257.02,170501,257.612785
2026-04-13 17:00:00+00:00,257.58,258.2,257.53,1408,257.86,103332,257.795409
2026-04-13 18:00:00+00:00,258.37,258.46,257.6,1713,257.605,129114,258.050782
2026-04-13 19:00:00+00:00,259.13,259.57,257.595,3792,258.345,237887,258.599583
2026-04-13 20:00:00+00:00,259.22,259.22,259.22,4,259.22,130,259.22
2026-04-14 13:00:00+00:00,259.46,261.895,259.23,2418,259.58,168671,260.861809
2026-04-14 14:00:00+00:00,257.835,260.355,257.68,2958,259.42,199665,259.074335
2026-04-14 15:00:00+00:00,257.74,258.365,257.62,2266,257.82,141875,257.927249
2026-04-14 16:00:00+00:00,259.275,259.71,257.205,1643,257.74,98405,258.363166
2026-04-14 17:00:00+00:00,258.36,259.75,257.75,1600,259.375,103446,258.576934
2026-04-14 18:00:00+00:00,258.015,258.97,257.94,1395,258.435,81721,258.382095
2026-04-14 19:00:00+00:00,258.775,258.8,257.77,3163,257.97,242389,258.409746
2026-04-14 20:00:00+00:00,258.71,258.71,258.71,1,258.71,100,258.71
2026-04-15 13:00:00+00:00,258.6,260.275,257.83,2464,258.09,193450,259.333992
2026-04-15 14:00:00+00:00,262.96,263.28,258.65,3659,258.65,264567,260.957561
2026-04-15 15:00:00+00:00,264.4,264.735,262.47,4824,263.065,362594,263.492286
2026-04-15 16:00:00+00:00,265.37,265.5,264.24,4486,264.325,365028,264.916445
2026-04-15 17:00:00+00:00,264.44,265.76,264.41,1999,265.465,143769,265.15786
2026-04-15 18:00:00+00:00,265.675,265.86,264.3,1818,264.39,131570,265.308659
2026-04-15 19:00:00+00:00,266.31,266.55,265.25,4827,265.6,351363,265.899842
2026-04-16 13:00:00+00:00,262.36,267.09,262.1,2384,266.7,154034,263.630677
2026-04-16 14:00:00+00:00,261.87,262.57,261.27,2934,262.34,185455,261.948731
2026-04-16 15:00:00+00:00,263.52,263.635,261.89,2452,261.91,178928,262.625093
2026-04-16 16:00:00+00:00,263.185,264.39,263.185,1865,263.52,136154,263.86507
2026-04-16 17:00:00+00:00,263.815,263.815,263.13,1318,263.22,86423,263.457374
2026-04-16 18:00:00+00:00,264.37,264.37,263.33,1973,263.84,138918,263.913375
2026-04-16 19:00:00+00:00,263.325,264.545,263.32,3840,264.37,297345,263.769848
2026-04-17 13:00:00+00:00,268.985,269.77,266.78,3128,267.59,210244,268.226329
2026-04-17 14:00:00+00:00,270.24,270.43,268.495,3326,268.98,222070,269.347669
2026-04-17 15:00:00+00:00,270.95,272.28,270.23,3364,270.265,239490,271.54101
2026-04-17 16:00:00+00:00,270.98,271.73,270.78,2224,270.9,167712,271.356583
2026-04-17 17:00:00+00:00,270.27,271.45,270.16,1893,270.96,119580,270.664514
2026-04-17 18:00:00+00:00,270.12,270.795,269.8,1973,270.285,135753,270.281975
2026-04-17 19:00:00+00:00,270.205,270.51,269.55,3980,270.12,294789,270.074376
2026-04-20 12:00:00+00:00,270.23,270.23,270.23,5,270.23,175,270.23
2026-04-20 13:00:00+00:00,273.94,274.09,269.96,4322,269.96,271252,272.485596
2026-04-20 14:00:00+00:00,272.4,274.275,272.12,5166,273.94,269452,273.428413
2026-04-20 15:00:00+00:00,272.795,272.95,271.76,2337,272.38,156087,272.355513
2026-04-20 16:00:00+00:00,272.36,273.12,272.17,1623,272.74,105435,272.582775
2026-04-20 17:00:00+00:00,272.93,272.95,271.85,1570,272.38,108452,272.388906
2026-04-20 18:00:00+00:00,272.99,273.65,272.82,1804,272.97,120103,273.303717
2026-04-20 19:00:00+00:00,273.06,273.26,272.28,3079,273.0,196327,272.773201
2026-04-20 20:00:00+00:00,271.23,272.57,271.23,9,272.57,291,271.9
2026-04-21 13:00:00+00:00,271.775,272.8,270.63,2016,271.61,168798,271.453367
2026-04-21 14:00:00+00:00,268.825,272.05,268.76,2522,271.89,152061,270.102682
2026-04-21 15:00:00+00:00,266.68,269.06,266.575,2295,268.87,153422,267.908537
2026-04-21 16:00:00+00:00,266.34,267.18,265.42,2646,266.81,225431,266.16234
2026-04-21 17:00:00+00:00,266.36,266.975,265.815,2009,266.35,154498,266.374271
2026-04-21 18:00:00+00:00,267.86,267.86,266.26,1654,266.43,106003,266.939906
2026-04-21 19:00:00+00:00,266.16,268.185,265.875,3709,267.87,307060,267.049581
2026-04-22 13:00:00+00:00,268.5,269.08,266.88,2243,267.2,169317,268.126389
2026-04-22 14:00:00+00:00,271.29,272.55,268.44,4166,268.52,326746,270.966618
2026-04-22 15:00:00+00:00,273.01,273.22,271.23,2872,271.31,209120,272.444769
2026-04-22 16:00:00+00:00,272.51,273.49,272.4,2548,273.02,180710,272.884036
2026-04-22 17:00:00+00:00,273.46,273.7,272.48,2176,272.49,171917,273.215417
2026-04-22 18:00:00+00:00,272.4,273.73,272.115,2118,273.47,153165,272.784168
2026-04-22 19:00:00+00:00,273.14,273.24,272.27,3880,272.39,265561,272.787116
2026-04-22 20:00:00+00:00,273.06,273.06,273.06,7,273.06,130,273.06
2026-04-23 13:00:00+00:00,273.7,275.71,273.15,1755,275.05,93349,274.382576
2026-04-23 14:00:00+00:00,273.965,274.56,273.36,1759,273.685,116609,274.073409
2026-04-23 15:00:00+00:00,273.3,274.34,273.055,1249,273.99,82735,273.635609
2026-04-23 16:00:00+00:00,273.05,273.65,272.975,1401,273.435,109883,273.293169
2026-04-23 17:00:00+00:00,272.96,273.03,271.7,2003,272.96,117063,272.354264
2026-04-23 18:00:00+00:00,273.915,274.22,272.935,1692,273.0,129251,273.683237
2026-04-23 19:00:00+00:00,273.49,274.54,273.12,2201,273.89,116673,273.83253
2026-04-24 13:00:00+00:00,271.62,272.995,270.13,2051,272.48,151016,271.491335
2026-04-24 14:00:00+00:00,271.46,272.52,270.91,2746,271.67,207761,271.822813
2026-04-24 15:00:00+00:00,271.07,271.625,269.85,2777,271.48,198667,270.674091
2026-04-24 16:00:00+00:00,270.45,271.65,270.075,1683,270.95,113814,270.895443
2026-04-24 17:00:00+00:00,269.79,270.55,269.66,2038,270.49,157804,270.016777
2026-04-24 18:00:00+00:00,270.085,270.37,269.735,1712,269.81,117862,270.036758
2026-04-24 19:00:00+00:00,271.04,271.335,269.92,2985,270.12,210852,270.796677
2026-04-24 20:00:00+00:00,270.83,271.04,270.83,12,271.01,535,270.938
2026-04-27 13:00:00+00:00,268.14,268.35,265.1,3066,266.24,273462,267.169709
2026-04-27 14:00:00+00:00,267.195,268.2,266.69,2293,268.115,152416,267.387174
2026-04-27 15:00:00+00:00,266.81,267.64,266.67,1633,267.195,115914,267.111533
2026-04-27 16:00:00+00:00,266.42,267.01,266.27,1504,266.82,119702,266.587549
2026-04-27 17:00:00+00:00,266.5,267.05,266.38,1387,266.39,100094,266.670941
2026-04-27 18:00:00+00:00,266.42,266.63,266.1,1281,266.48,106692,266.294981
2026-04-27 19:00:00+00:00,267.55,267.955,266.33,3616,266.44,260357,267.426752
2026-04-28 13:00:00+00:00,269.92,273.07,268.7,2731,270.47,246320,270.238178
2026-04-28 14:00:00+00:00,271.07,271.69,269.69,3428,269.875,245989,270.928694
2026-04-28 15:00:00+00:00,269.62,271.83,269.49,2380,271.15,179855,271.017812
2026-04-28 16:00:00+00:00,269.9,270.17,269.36,1067,269.68,63345,269.785044
2026-04-28 17:00:00+00:00,270.56,270.61,269.54,893,269.98,49437,269.985445
2026-04-28 18:00:00+00:00,270.05,270.93,269.89,1259,270.57,79583,270.434969
2026-04-28 19:00:00+00:00,270.78,270.925,270.0,2572,270.08,184059,270.494176
2026-04-29 12:00:00+00:00,267.98,268.34,267.98,6,268.34,300,268.16
2026-04-29 13:00:00+00:00,269.24,269.53,267.05,1498,267.575,100990,268.362195
2026-04-29 14:00:00+00:00,269.32,270.275,269.07,1310,269.33,79227,269.493321
2026-04-29 15:00:00+00:00,268.63,269.36,268.225,2053,269.3,151610,268.881989
2026-04-29 16:00:00+00:00,270.94,271.03,268.65,1657,268.65,104638,269.841563
2026-04-29 17:00:00+00:00,270.14,270.87,269.96,1337,270.87,66231,270.284809
2026-04-29 18:00:00+00:00,270.085,270.25,269.43,1102,270.23,59025,269.867317
2026-04-29 19:00:00+00:00,270.15,270.45,269.65,2253,270.1,137327,269.960207
2026-04-29 20:00:00+00:00,269.63,270.53,269.63,8,270.53,242,270.08
2026-04-30 13:00:00+00:00,270.59,271.52,268.16,2446,271.52,178645,269.514773
2026-04-30 14:00:00+00:00,270.87,272.21,270.58,3657,270.58,277458,271.425899
2026-04-30 15:00:00+00:00,271.96,271.96,270.78,2262,270.905,190379,271.371071
2026-04-30 16:00:00+00:00,271.96,273.73,271.71,2540,271.87,191174,272.804273
2026-04-30 17:00:00+00:00,273.655,273.82,271.69,2679,271.9,168310,272.957033
2026-04-30 18:00:00+00:00,273.11,274.19,273.04,2138,273.59,141235,273.726296
2026-04-30 19:00:00+00:00,271.145,275.91,270.36,8610,273.03,756203,273.286959
2026-04-30 20:00:00+00:00,268.3,271.97,268.3,22,271.68,825,270.635
2026-05-01 13:00:00+00:00,283.95,284.73,278.39,10348,278.79,675669,281.831121
2026-05-01 14:00:00+00:00,282.64,287.21,282.02,10913,283.95,601164,284.858988
2026-05-01 15:00:00+00:00,284.675,285.44,281.5,6462,282.65,359217,283.907145
2026-05-01 16:00:00+00:00,283.115,284.99,282.415,5930,284.7,303759,283.825754
2026-05-01 17:00:00+00:00,281.49,283.47,281.43,4380,283.125,241931,282.410707
2026-05-01 18:00:00+00:00,280.46,281.525,280.17,5066,281.485,261840,280.848322
2026-05-01 19:00:00+00:00,280.11,280.875,279.7,8226,280.465,473473,280.188179
2026-05-04 12:00:00+00:00,279.47,279.47,278.49,25,278.96,866,279.103684
2026-05-04 13:00:00+00:00,275.47,280.6,275.435,4461,279.14,279980,277.427284
2026-05-04 14:00:00+00:00,277.33,277.965,274.88,4784,275.425,317110,276.360124
2026-05-04 15:00:00+00:00,276.85,277.85,276.47,3046,277.35,158495,277.123007
2026-05-04 16:00:00+00:00,276.83,277.05,275.54,2240,276.83,110112,276.37363
2026-05-04 17:00:00+00:00,277.1,277.33,276.72,1889,276.86,98075,277.022184
2026-05-04 18:00:00+00:00,276.66,277.4,276.27,2140,277.09,143858,276.902911
2026-05-04 19:00:00+00:00,276.87,277.66,276.5,5469,276.675,280827,276.943276
2026-05-04 20:00:00+00:00,276.69,276.69,276.69,1,276.69,120,276.69
2026-05-05 13:00:00+00:00,279.62,279.945,276.28,2993,276.28,174717,278.841564
2026-05-05 14:00:00+00:00,280.52,283.18,278.92,5338,279.59,325665,281.112213
2026-05-05 15:00:00+00:00,280.19,281.0,279.73,2869,280.515,156521,280.211422
2026-05-05 16:00:00+00:00,282.57,282.69,280.02,3393,280.105,203041,281.732354
2026-05-05 17:00:00+00:00,283.28,284.555,281.7,3799,282.54,233001,282.848044
2026-05-05 18:00:00+00:00,283.715,284.27,283.255,2718,283.37,138819,283.780586
2026-05-05 19:00:00+00:00,284.18,284.445,283.48,6023,283.73,293043,284.026745
2026-05-06 12:00:00+00:00,281.99,282.11,281.75,72,282.11,2608,281.928992
2026-05-06 13:00:00+00:00,286.12,286.205,281.09,4397,281.78,235688,283.266199
2026-05-06 14:00:00+00:00,284.875,286.695,284.62,5143,286.18,289339,285.682708
2026-05-06 15:00:00+00:00,285.59,285.93,283.89,4094,284.88,241952,284.768363
2026-05-06 16:00:00+00:00,286.24,287.13,285.21,2163,285.625,104868,285.891493
2026-05-06 17:00:00+00:00,287.65,287.745,285.78,2309,286.245,116210,286.705863
2026-05-06 18:00:00+00:00,287.29,287.85,286.68,2803,287.7,132674,287.099763
2026-05-06 19:00:00+00:00,287.46,288.0,287.055,5523,287.28,255247,287.533382
2026-05-07 12:00:00+00:00,288.71,288.75,288.3,22,288.4,688,288.587143
2026-05-07 13:00:00+00:00,290.95,291.03,288.22,3154,289.19,176481,289.547362
2026-05-07 14:00:00+00:00,290.895,292.12,289.91,3911,290.96,242619,290.814392
2026-05-07 15:00:00+00:00,289.305,291.38,289.14,2887,290.95,138179,290.395864
2026-05-07 16:00:00+00:00,288.59,289.68,288.28,2309,289.29,114587,289.2019
2026-05-07 17:00:00+00:00,289.1,289.58,287.99,2148,288.64,93600,288.784878
2026-05-07 18:00:00+00:00,287.49,289.735,286.87,2482,289.16,137239,288.130747
2026-05-07 19:00:00+00:00,287.4,287.565,285.81,6352,287.36,319015,286.820823
2026-05-07 20:00:00+00:00,287.66,287.66,287.66,2,287.66,120,287.66
2026-05-08 12:00:00+00:00,290.81,290.81,290.81,1,290.81,125,290.81
2026-05-08 13:00:00+00:00,293.94,294.53,290.065,4306,290.53,285676,293.083779
2026-05-08 14:00:00+00:00,293.57,294.76,292.54,6248,293.92,368120,293.822891
2026-05-08 15:00:00+00:00,292.305,294.2,292.2,3221,293.49,191194,293.044164
2026-05-08 16:00:00+00:00,292.16,292.91,291.9,2094,292.3,123367,292.460693
2026-05-08 17:00:00+00:00,292.15,292.625,291.78,2257,292.1,135043,292.230057
2026-05-08 18:00:00+00:00,292.89,292.96,292.09,1929,292.09,126094,292.636285
2026-05-08 19:00:00+00:00,293.15,294.22,292.63,5837,292.94,361487,293.431848
2026-05-08 20:00:00+00:00,292.85,292.85,292.85,3,292.85,117,292.85
2026-05-11 12:00:00+00:00,293.03,293.06,293.03,4,293.06,195,293.040645
2026-05-11 13:00:00+00:00,291.62,292.8,290.25,3272,292.19,219941,290.948629
2026-05-11 14:00:00+00:00,292.57,293.13,291.3,3363,291.62,164159,292.336965
2026-05-11 15:00:00+00:00,292.575,293.87,292.27,3532,292.55,208357,293.135137
2026-05-11 16:00:00+00:00,290.79,292.69,290.63,2520,292.4,134620,291.68014
2026-05-11 17:00:00+00:00,292.06,292.15,290.73,1888,290.78,90939,291.662622
2026-05-11 18:00:00+00:00,291.44,292.96,291.19,2136,292.085,108751,292.050094
2026-05-11 19:00:00+00:00,292.66,292.74,290.87,4637,291.44,207470,291.962556
2026-05-12 13:00:00+00:00,294.04,294.16,292.13,1869,292.13,107102,293.252956
2026-05-12 14:00:00+00:00,294.82,294.82,293.16,3626,294.11,191792,294.116259
2026-05-12 15:00:00+00:00,294.4,294.87,293.46,2884,294.82,141179,294.156187
2026-05-12 16:00:00+00:00,293.89,294.76,293.54,2362,294.5,121085,294.053931
2026-05-12 17:00:00+00:00,294.29,294.54,293.37,2521,293.89,157940,293.964922
2026-05-12 18:00:00+00:00,294.45,294.65,293.87,2175,294.27,104442,294.262586
2026-05-12 19:00:00+00:00,294.72,295.26,294.22,4254,294.42,239634,294.614896
2026-05-13 12:00:00+00:00,294.28,294.33,294.0,87,294.24,3149,294.138333
2026-05-13 13:00:00+00:00,295.43,297.47,293.5,3884,294.42,179985,296.144613
2026-05-13 14:00:00+00:00,296.49,296.69,295.14,4449,295.41,215849,295.680643
2026-05-13 15:00:00+00:00,296.955,298.005,296.29,2614,296.555,123371,297.001028
2026-05-13 16:00:00+00:00,299.13,299.405,296.79,2754,296.92,135822,298.582061
2026-05-13 17:00:00+00:00,300.17,300.91,299.12,3348,299.17,170690,300.079628
2026-05-13 18:00:00+00:00,299.4,300.495,299.225,2777,300.13,165430,299.762048
2026-05-13 19:00:00+00:00,298.95,299.515,298.615,4849,299.425,268784,299.138842
2026-05-14 12:00:00+00:00,299.25,300.11,299.17,50,300.05,1788,299.600683
2026-05-14 13:00:00+00:00,297.39,300.45,297.2,2550,299.15,133913,298.186974
2026-05-14 14:00:00+00:00,298.61,298.87,297.08,3521,297.32,208529,298.185501
2026-05-14 15:00:00+00:00,299.14,299.48,297.91,2436,298.66,126356,298.837815
2026-05-14 16:00:00+00:00,297.61,299.19,295.43,3216,299.19,158321,297.361528
2026-05-14 17:00:00+00:00,298.19,298.63,297.37,2197,297.64,96767,297.941138
2026-05-14 18:00:00+00:00,298.585,298.76,297.55,1520,298.17,57067,298.292921
2026-05-14 19:00:00+00:00,298.25,299.19,297.885,3500,298.59,168196,298.561363
2026-05-14 20:00:00+00:00,298.23,298.23,298.22,4,298.22,206,298.225025
2026-05-15 12:00:00+00:00,295.15,295.16,294.22,20,294.64,865,294.806115
2026-05-15 13:00:00+00:00,298.11,298.66,295.1,3518,295.1,239816,297.501325
2026-05-15 14:00:00+00:00,300.96,301.235,297.575,3372,298.09,189960,299.944434
2026-05-15 15:00:00+00:00,301.015,302.77,300.7,3420,300.99,178164,301.783307
2026-05-15 16:00:00+00:00,302.0,302.6,300.83,3405,301.19,145874,301.692748
2026-05-15 17:00:00+00:00,302.23,303.19,301.77,3134,301.93,128542,302.641872
2026-05-15 18:00:00+00:00,301.67,302.47,300.52,2267,302.245,107733,301.579503
2026-05-15 19:00:00+00:00,300.19,301.76,299.64,4887,301.73,248244,300.267399
2026-05-15 20:00:00+00:00,300.0,300.0,299.68,32,299.68,1585,299.957084
2026-05-18 12:00:00+00:00,300.4,300.4,298.8,36,298.83,1531,299.821212
2026-05-18 13:00:00+00:00,298.09,300.625,297.38,2934,300.19,127446,298.491209
2026-05-18 14:00:00+00:00,298.38,298.55,296.73,3834,298.07,184413,297.81707
2026-05-18 15:00:00+00:00,295.84,298.25,295.29,3058,298.235,153766,296.134643
2026-05-18 16:00:00+00:00,295.9,296.78,294.92,2750,295.81,132068,295.716109
2026-05-18 17:00:00+00:00,296.345,296.62,295.46,2301,295.885,95641,296.013278
2026-05-18 18:00:00+00:00,295.98,296.68,295.45,3136,296.335,164235,295.872544
2026-05-18 19:00:00+00:00,297.85,297.9,295.84,4926,296.03,223576,297.094099
2026-05-18 20:00:00+00:00,297.44,297.44,297.44,2,297.44,106,297.44
2026-05-19 13:00:00+00:00,299.1,300.51,296.36,3354,297.145,185994,299.347776
2026-05-19 14:00:00+00:00,297.51,299.08,296.53,4751,299.07,220006,297.545731
2026-05-19 15:00:00+00:00,297.255,297.75,296.89,2756,297.5,141498,297.295488
2026-05-19 16:00:00+00:00,298.57,298.71,296.39,1886,297.29,87775,297.445981
2026-05-19 17:00:00+00:00,298.37,298.73,297.86,2091,298.555,110400,298.348158
2026-05-19 18:00:00+00:00,297.65,298.42,297.51,1982,298.41,86424,298.047154
2026-05-19 19:00:00+00:00,299.14,299.22,297.53,4476,297.67,214462,298.45223
2026-05-20 12:00:00+00:00,299.15,299.15,298.55,13,298.55,407,298.933019
2026-05-20 13:00:00+00:00,300.22,302.34,298.09,3578,298.09,191065,300.704263
2026-05-20 14:00:00+00:00,299.93,300.46,299.1,4765,300.3,260423,299.720829
2026-05-20 15:00:00+00:00,299.125,300.53,298.67,3451,299.935,160086,299.383009
2026-05-20 16:00:00+00:00,300.69,300.81,298.94,3503,299.215,187305,299.864895
2026-05-20 17:00:00+00:00,301.515,301.655,300.08,3298,300.7,180837,301.040895
2026-05-20 18:00:00+00:00,302.21,302.295,301.15,4013,301.515,260433,301.777842
2026-05-20 19:00:00+00:00,302.2,302.8,301.5,5862,302.22,369631,302.096234
2026-05-20 20:00:00+00:00,301.79,302.24,301.65,8,302.24,419,301.964377
2026-05-21 12:00:00+00:00,301.4,301.75,301.3,26,301.3,962,301.532353
2026-05-21 13:00:00+00:00,302.75,303.07,300.41,2236,301.43,102733,301.857789
2026-05-21 14:00:00+00:00,302.15,302.835,301.32,2880,302.725,153598,301.936526
2026-05-21 15:00:00+00:00,303.83,304.23,301.65,2759,302.19,137508,303.128538
2026-05-21 16:00:00+00:00,303.42,304.16,303.05,2231,303.81,100076,303.570968
2026-05-21 17:00:00+00:00,304.95,305.05,303.415,3266,303.415,192000,304.453195
2026-05-21 18:00:00+00:00,304.23,305.075,303.92,2948,304.93,179061,304.546274
2026-05-21 19:00:00+00:00,305.07,305.53,304.22,4966,304.25,324616,304.894464
2026-05-21 20:00:00+00:00,304.7,304.7,304.7,2,304.7,90,304.7
2026-05-22 12:00:00+00:00,306.08,306.2,305.37,21,305.4,777,305.835882
2026-05-22 13:00:00+00:00,308.7,308.945,305.83,3264,306.07,196567,308.006796
2026-05-22 14:00:00+00:00,310.33,310.41,308.07,5073,308.67,303163,309.092825
2026-05-22 15:00:00+00:00,309.975,311.39,309.86,3938,310.335,162061,310.721623
2026-05-22 16:00:00+00:00,309.02,310.52,308.83,3220,309.92,159686,309.67976
2026-05-22 17:00:00+00:00,309.45,310.145,309.0,2885,309.04,128596,309.537689
2026-05-22 18:00:00+00:00,309.36,309.57,308.95,2075,309.44,87148,309.293668
2026-05-22 19:00:00+00:00,308.81,309.4,307.98,4686,309.3,236915,308.816337
2026-05-26 12:00:00+00:00,310.97,310.97,310.77,7,310.77,300,310.867333
2026-05-26 13:00:00+00:00,310.93,311.47,309.375,4213,310.49,215909,310.367863
2026-05-26 14:00:00+00:00,311.55,311.82,309.88,4725,310.87,234893,311.10254
2026-05-26 15:00:00+00:00,310.16,311.8,310.005,3026,311.57,140522,311.210585
2026-05-26 16:00:00+00:00,310.07,310.76,309.75,2808,310.19,149541,310.149843
2026-05-26 17:00:00+00:00,309.8,310.29,309.08,3213,310.09,154741,309.478425
2026-05-26 18:00:00+00:00,309.21,310.18,309.17,2389,309.81,115990,309.664603
2026-05-26 19:00:00+00:00,308.33,309.2,307.67,6722,309.2,354286,308.395777
2026-05-27 12:00:00+00:00,308.7,308.7,308.7,7,308.7,168,308.7
2026-05-27 13:00:00+00:00,311.885,312.3,307.79,5033,308.29,315965,310.676453
2026-05-27 14:00:00+00:00,313.06,313.2,310.83,5494,311.895,373848,312.048911
2026-05-27 15:00:00+00:00,311.72,313.22,310.705,4293,313.08,267848,311.882932
2026-05-27 16:00:00+00:00,310.59,311.82,310.41,3167,311.72,172572,311.262016
2026-05-27 17:00:00+00:00,310.895,310.99,310.34,2109,310.66,106119,310.668029
2026-05-27 18:00:00+00:00,310.575,310.99,310.43,1945,310.93,90773,310.709532
2026-05-27 19:00:00+00:00,310.93,311.09,309.52,5665,310.485,353237,310.250643
2026-05-27 20:00:00+00:00,310.68,310.99,310.46,9,310.99,463,310.671219
2026-05-28 12:00:00+00:00,309.98,310.35,309.98,3,310.35,143,310.244286
2026-05-28 13:00:00+00:00,311.07,312.105,309.635,3499,309.96,170704,310.64162
2026-05-28 14:00:00+00:00,311.835,312.72,310.685,3925,311.01,214172,311.538207
2026-05-28 15:00:00+00:00,310.725,311.95,310.41,3192,311.835,190909,311.483472
2026-05-28 16:00:00+00:00,310.555,310.94,309.57,3486,310.645,191048,310.379588
2026-05-28 17:00:00+00:00,310.385,311.61,310.125,4612,310.58,211159,310.774728
2026-05-28 18:00:00+00:00,310.88,311.345,310.23,3766,310.4,178511,310.823991
2026-05-28 19:00:00+00:00,312.45,312.55,310.26,6244,310.87,357136,311.569019
2026-05-28 20:00:00+00:00,312.33,312.33,312.33,1,312.33,50,312.33
2026-05-29 12:00:00+00:00,311.55,311.55,311.4,6,311.4,199,311.49434
2026-05-29 13:00:00+00:00,313.48,315.0,311.88,4179,311.915,225650,313.941365
2026-05-29 14:00:00+00:00,311.42,314.04,311.15,5944,313.5,335778,313.054873
2026-05-29 15:00:00+00:00,310.59,312.0,310.43,4588,311.36,252633,311.11422
2026-05-29 16:00:00+00:00,311.09,311.68,310.45,2900,310.61,133569,311.163897
2026-05-29 17:00:00+00:00,309.58,311.1,309.54,2640,311.09,118278,310.20079
2026-05-29 18:00:00+00:00,310.57,310.77,309.54,3750,309.56,194772,310.25353
2026-05-29 19:00:00+00:00,312.01,313.02,310.585,6474,310.605,358101,311.954139
2026-05-29 20:00:00+00:00,311.48,311.96,311.48,11,311.85,410,311.772245
2026-06-01 12:00:00+00:00,310.86,310.86,310.13,11,310.13,351,310.551429
2026-06-01 13:00:00+00:00,310.045,310.94,308.55,4517,310.39,238939,309.857358
2026-06-01 14:00:00+00:00,306.84,310.24,306.56,6249,310.05,352635,308.293048
2026-06-01 15:00:00+00:00,306.83,307.53,306.36,3666,307.0,204884,306.866284
2026-06-01 16:00:00+00:00,306.19,306.945,305.5,2788,306.85,175234,306.237307
2026-06-01 17:00:00+00:00,307.75,308.37,305.03,3624,306.18,192439,306.682374
2026-06-01 18:00:00+00:00,307.56,308.31,307.29,3928,307.76,200251,307.763273
2026-06-01 19:00:00+00:00,306.265,308.05,305.91,7290,307.53,424231,307.14476
2026-06-01 20:00:00+00:00,306.35,306.35,306.17,4,306.21,140,306.237692
2026-06-02 12:00:00+00:00,306.08,306.09,306.08,5,306.09,260,306.085263
2026-06-02 13:00:00+00:00,309.1,309.8,306.73,2762,307.36,174650,308.767038
2026-06-02 14:00:00+00:00,310.55,310.73,308.54,3341,309.11,203725,309.703816
2026-06-02 15:00:00+00:00,312.425,313.145,310.465,3311,310.53,175196,312.409027
2026-06-02 16:00:00+00:00,314.295,314.455,311.915,2606,312.47,140090,312.647115
2026-06-02 17:00:00+00:00,314.705,315.44,314.095,3624,314.285,232616,314.778941
2026-06-02 18:00:00+00:00,314.67,314.93,313.76,2402,314.715,115404,314.397563
2026-06-02 19:00:00+00:00,315.195,315.43,314.03,4645,314.66,249246,314.918238
2026-06-03 12:00:00+00:00,313.94,314.19,313.94,7,314.19,490,314.029286
2026-06-03 13:00:00+00:00,314.875,316.92,314.17,4477,314.38,246553,316.023072
2026-06-03 14:00:00+00:00,311.5,315.935,311.17,5516,314.825,370773,313.426193
2026-06-03 15:00:00+00:00,311.42,312.16,310.4,5120,311.46,313266,311.292378
2026-06-03 16:00:00+00:00,310.26,311.815,309.335,5146,311.54,249116,310.273347
2026-06-03 17:00:00+00:00,309.335,310.3,308.865,3056,310.3,157872,309.476379
2026-06-03 18:00:00+00:00,309.82,309.97,309.025,3001,309.31,159341,309.571379
2026-06-03 19:00:00+00:00,310.22,311.09,309.5,7401,309.83,468112,310.366094
2026-06-03 20:00:00+00:00,310.7,310.94,310.17,11,310.17,402,310.538529
2026-06-04 12:00:00+00:00,312.99,312.99,312.61,19,312.77,645,312.817931
2026-06-04 13:00:00+00:00,312.37,313.38,310.445,4757,312.99,232045,311.765699
2026-06-04 14:00:00+00:00,310.445,312.37,309.81,5047,312.255,235657,310.769851
2026-06-04 15:00:00+00:00,310.385,311.345,309.675,2591,310.42,113774,310.455347
2026-06-04 16:00:00+00:00,311.425,311.77,310.26,3440,310.405,180925,311.127785
2026-06-04 17:00:00+00:00,311.22,311.975,310.965,2186,311.385,115185,311.34245
2026-06-04 18:00:00+00:00,311.73,311.99,310.99,1865,311.22,79817,311.566007
2026-06-04 19:00:00+00:00,311.21,312.07,311.05,4882,311.71,270970,311.486946
2026-06-04 20:00:00+00:00,311.28,311.28,311.28,1,311.28,40,311.28
2026-06-05 12:00:00+00:00,312.51,313.2,311.52,77,311.7,3259,312.316875
2026-06-05 13:00:00+00:00,313.62,314.47,312.2,4261,312.57,258540,313.650075
2026-06-05 14:00:00+00:00,312.98,315.14,312.265,5325,313.64,316484,313.640913
2026-06-05 15:00:00+00:00,313.44,314.115,312.65,3768,313.025,217672,313.449208
2026-06-05 16:00:00+00:00,310.89,313.54,310.7,4572,313.41,264230,311.761956
2026-06-05 17:00:00+00:00,312.52,312.64,309.61,4191,310.87,206356,311.140599
2026-06-05 18:00:00+00:00,309.5,312.8,309.5,6385,312.54,350801,311.215334
2026-06-05 19:00:00+00:00,307.59,309.68,307.16,10473,309.415,570455,308.307364
2026-06-05 20:00:00+00:00,307.23,307.51,307.2,7,307.51,176,307.327353
2026-06-08 12:00:00+00:00,308.46,308.62,308.33,18,308.5,825,308.486541
2026-06-08 13:00:00+00:00,310.92,315.115,307.86,4891,308.62,276200,312.272912
2026-06-08 14:00:00+00:00,315.275,315.34,309.92,5590,310.935,318748,312.160179
2026-06-08 15:00:00+00:00,313.605,315.36,313.33,4233,315.26,225457,314.187045
2026-06-08 16:00:00+00:00,313.5,314.98,312.9,4186,313.64,238012,313.722665
2026-06-08 17:00:00+00:00,308.455,317.38,307.66,10086,313.48,582464,312.353361
2026-06-08 18:00:00+00:00,303.9,308.98,302.725,10733,308.52,531538,304.732636
2026-06-08 19:00:00+00:00,301.57,304.87,301.18,10500,303.87,588671,302.476026
2026-06-08 20:00:00+00:00,300.72,300.72,300.72,1,300.72,40,300.72
2026-06-09 12:00:00+00:00,300.05,300.2,298.78,73,299.61,2807,299.408607
2026-06-09 13:00:00+00:00,296.22,301.49,295.96,5204,300.47,259129,298.02735
2026-06-09 14:00:00+00:00,293.09,296.17,291.8,8952,296.17,522420,293.39687
2026-06-09 15:00:00+00:00,291.175,293.72,290.91,6449,293.255,387161,292.082513
2026-06-09 16:00:00+00:00,289.25,291.49,287.79,7878,291.17,448410,289.794603
2026-06-09 17:00:00+00:00,289.665,291.12,289.2,5103,289.23,254153,290.122817
2026-06-09 18:00:00+00:00,291.36,291.795,289.36,3976,289.695,194676,290.487373
2026-06-09 19:00:00+00:00,290.36,291.92,288.85,8129,291.33,421873,290.669989
2026-06-09 20:00:00+00:00,290.73,290.94,290.73,8,290.94,170,290.814
2026-06-10 12:00:00+00:00,290.9,290.97,289.85,26,289.9,943,290.320462
2026-06-10 13:00:00+00:00,289.42,290.99,287.38,4983,290.89,277692,289.292484
2026-06-10 14:00:00+00:00,289.675,291.13,288.46,5658,289.47,325475,289.820874
2026-06-10 15:00:00+00:00,291.295,291.525,289.13,4599,289.74,261843,290.328599
2026-06-10 16:00:00+00:00,292.3,292.97,290.545,3422,291.32,209795,291.851626
2026-06-10 17:00:00+00:00,294.02,294.06,291.73,3494,292.31,214280,292.760614
2026-06-10 18:00:00+00:00,292.88,294.74,292.74,3533,294.02,198956,293.967798
2026-06-10 19:00:00+00:00,291.48,293.36,291.48,6329,292.88,354245,292.278754
2026-06-10 20:00:00+00:00,292.02,292.02,290.92,4,291.24,315,291.366032
2026-06-11 12:00:00+00:00,292.46,292.46,292.2,5,292.2,169,292.365
2026-06-11 13:00:00+00:00,291.63,294.06,290.43,3004,292.36,160120,292.34357
2026-06-11 14:00:00+00:00,289.9,291.76,289.62,4638,291.59,251537,290.494551
2026-06-11 15:00:00+00:00,293.45,293.54,289.83,3221,289.915,166274,291.73324
2026-06-11 16:00:00+00:00,293.755,294.49,292.56,2775,293.445,129435,293.612432
2026-06-11 17:00:00+00:00,295.79,296.995,293.065,4082,293.62,228172,295.418988
2026-06-11 18:00:00+00:00,295.19,296.415,295.14,2454,295.86,106955,295.706391
2026-06-11 19:00:00+00:00,295.48,296.17,294.7,5784,295.185,329707,295.406355
2026-06-11 20:00:00+00:00,295.56,295.56,295.56,1,295.56,40,295.56
2026-06-12 12:00:00+00:00,295.95,296.65,295.93,28,296.65,1218,296.307726
2026-06-12 13:00:00+00:00,291.1,297.11,291.04,4221,296.0,234671,293.981258
2026-06-12 14:00:00+00:00,291.72,293.21,290.03,4666,291.12,260305,291.531941
2026-06-12 15:00:00+00:00,291.33,292.98,291.02,3638,291.765,222593,292.078281
2026-06-12 16:00:00+00:00,291.18,292.15,290.75,3689,291.265,157809,291.281182
2026-06-12 17:00:00+00:00,289.88,292.23,289.815,3670,291.125,165004,291.086494
2026-06-12 18:00:00+00:00,290.47,290.725,289.635,3259,289.935,154634,290.263301
2026-06-12 19:00:00+00:00,291.085,291.64,290.205,5273,290.44,260212,290.856787
2026-06-15 12:00:00+00:00,293.0,293.0,292.17,55,293.0,1986,292.752821
2026-06-15 13:00:00+00:00,295.38,295.895,291.75,4817,293.0,246193,294.33195
2026-06-15 14:00:00+00:00,296.47,296.7,295.1,5392,295.265,253878,295.886043
2026-06-15 15:00:00+00:00,297.49,297.78,296.17,3756,296.57,203540,296.745903
2026-06-15 16:00:00+00:00,296.945,297.765,296.56,3021,297.475,159943,297.123718
2026-06-15 17:00:00+00:00,295.745,297.18,295.63,3667,296.91,216746,296.578566
2026-06-15 18:00:00+00:00,296.375,296.395,294.985,3212,295.78,163822,295.616344
2026-06-15 19:00:00+00:00,296.53,296.66,295.61,6045,296.375,326929,296.139338
2026-06-16 12:00:00+00:00,295.98,295.98,295.19,53,295.8,1978,295.653986
2026-06-16 13:00:00+00:00,297.11,297.93,293.99,2999,295.66,155430,295.677024
2026-06-16 14:00:00+00:00,297.51,298.0,296.755,3637,297.115,280234,297.478781
2026-06-16 15:00:00+00:00,298.18,298.555,297.22,3174,297.5,191277,297.981415
2026-06-16 16:00:00+00:00,299.49,299.77,298.07,1908,298.265,91970,298.938301
2026-06-16 17:00:00+00:00,299.57,300.445,299.14,2690,299.47,144687,299.898447
2026-06-16 18:00:00+00:00,299.18,299.73,298.59,2366,299.58,110706,299.196876
2026-06-16 19:00:00+00:00,299.26,299.47,298.24,4807,299.16,252893,298.928822
2026-06-17 13:00:00+00:00,300.31,301.95,299.245,3072,300.845,184676,300.682459
2026-06-17 14:00:00+00:00,298.54,300.965,298.35,3098,300.22,170452,299.70509
2026-06-17 15:00:00+00:00,298.54,298.74,296.655,3629,298.575,221419,297.474793
2026-06-17 16:00:00+00:00,298.165,299.16,298.095,1666,298.56,83223,298.531797
2026-06-17 17:00:00+00:00,297.48,298.21,296.46,2285,298.21,121017,296.984963
2026-06-17 18:00:00+00:00,294.65,297.49,294.405,3244,297.49,154517,295.83239
2026-06-17 19:00:00+00:00,296.07,296.21,294.39,5222,294.59,259881,295.293543
2026-06-18 12:00:00+00:00,296.49,296.91,296.49,62,296.87,2042,296.709723
2026-06-18 13:00:00+00:00,298.34,300.4,295.635,3812,296.75,216393,297.810464
2026-06-18 14:00:00+00:00,299.21,300.56,298.035,5657,298.335,333821,299.144176
2026-06-18 15:00:00+00:00,297.39,299.2,295.98,3760,299.2,182709,297.261723
2026-06-18 16:00:00+00:00,297.135,297.72,296.71,2154,297.425,96148,297.169868
2026-06-18 17:00:00+00:00,297.56,298.345,297.04,1897,297.19,92182,297.798339
2026-06-18 18:00:00+00:00,297.73,298.065,297.02,2076,297.575,93463,297.458815
2026-06-18 19:00:00+00:00,297.86,299.22,297.04,5029,297.69,261497,298.059056
2026-06-22 12:00:00+00:00,296.33,296.41,296.0,18,296.0,568,296.28625
2026-06-22 13:00:00+00:00,301.72,302.05,296.0,3371,296.74,193786,300.575755
2026-06-22 14:00:00+00:00,299.825,302.415,299.4,4626,301.8,235803,300.871771
2026-06-22 15:00:00+00:00,300.89,301.42,299.05,3430,299.81,180500,300.032365
2026-06-22 16:00:00+00:00,299.97,300.95,299.925,3352,300.91,179059,300.470116
2026-06-22 17:00:00+00:00,299.31,300.125,299.29,3029,299.93,164114,299.671375
2026-06-22 18:00:00+00:00,299.05,299.33,298.6,2652,299.31,124941,298.911372
2026-06-22 19:00:00+00:00,296.85,299.34,296.82,7601,299.08,539901,297.59605
2026-06-22 20:00:00+00:00,296.64,296.64,296.64,3,296.64,120,296.64
2026-06-23 12:00:00+00:00,295.04,295.04,294.28,5,294.28,165,294.635
2026-06-23 13:00:00+00:00,299.0,301.635,295.03,3749,295.04,219496,298.555987
2026-06-23 14:00:00+00:00,300.04,300.85,298.81,5191,299.05,320902,299.80529
2026-06-23 15:00:00+00:00,298.06,300.31,297.37,4034,300.16,188893,298.503478
2026-06-23 16:00:00+00:00,299.005,299.275,297.96,3225,298.07,166102,298.613745
2026-06-23 17:00:00+00:00,298.975,300.085,297.895,3945,298.945,213254,299.198118
2026-06-23 18:00:00+00:00,297.53,299.35,297.48,3097,299.0,149073,298.292528
2026-06-23 19:00:00+00:00,294.28,297.87,294.27,8910,297.52,522633,295.833949
2026-06-24 12:00:00+00:00,295.12,296.0,295.12,24,295.8,868,295.622532
2026-06-24 13:00:00+00:00,294.79,296.41,293.24,2677,295.35,153007,295.219844
2026-06-24 14:00:00+00:00,297.08,297.25,294.25,3362,294.775,182667,295.65479
2026-06-24 15:00:00+00:00,299.455,299.675,296.7,3369,297.115,175458,298.296589
2026-06-24 16:00:00+00:00,297.34,299.475,296.885,3388,299.44,180884,298.093649
2026-06-24 17:00:00+00:00,295.59,297.37,295.59,4112,297.3,215302,296.328945
2026-06-24 18:00:00+00:00,295.15,296.49,294.17,6896,295.62,472462,295.472094
2026-06-24 19:00:00+00:00,293.32,295.41,292.94,13466,295.18,858447,294.664455
2026-06-24 20:00:00+00:00,293.22,293.22,293.22,2,293.22,85,293.22
2026-06-25 12:00:00+00:00,290.92,293.94,290.83,92,291.21,2643,291.485186
2026-06-25 13:00:00+00:00,278.9,291.02,277.71,9789,291.02,706555,280.984833
2026-06-25 14:00:00+00:00,277.595,280.17,277.49,11819,278.95,826194,279.084224
2026-06-25 15:00:00+00:00,277.87,279.63,276.44,9422,277.665,585814,277.704321
2026-06-25 16:00:00+00:00,275.13,278.18,273.79,9566,277.9,639911,275.3662
2026-06-25 17:00:00+00:00,276.79,278.39,275.13,9140,275.14,628209,277.039257
2026-06-25 18:00:00+00:00,279.425,280.18,276.225,8917,276.78,639864,278.937166
2026-06-25 19:00:00+00:00,275.21,279.405,273.9,23564,279.405,1828439,276.343291
2026-06-26 12:00:00+00:00,277.42,277.68,276.22,71,276.22,2186,277.421406
2026-06-26 13:00:00+00:00,275.74,278.17,274.25,7314,276.6,489918,276.478672
2026-06-26 14:00:00+00:00,279.825,280.22,275.545,10521,275.71,638600,278.366568
2026-06-26 15:00:00+00:00,277.17,280.455,277.025,10843,279.86,613547,278.530334
2026-06-26 16:00:00+00:00,278.925,279.36,275.25,10989,277.18,627442,276.889742
2026-06-26 17:00:00+00:00,279.19,279.86,278.445,6313,278.895,373303,279.055715
2026-06-26 18:00:00+00:00,280.715,281.8,278.905,11135,279.22,774530,280.765525
2026-06-26 19:00:00+00:00,281.31,285.95,279.435,18950,280.72,1597024,282.455397
2026-06-26 20:00:00+00:00,282.12,283.15,281.28,15,281.28,508,282.202705
2026-06-29 13:00:00+00:00,283.96,288.35,283.535,4582,286.69,310054,285.25541
2026-06-29 14:00:00+00:00,281.81,283.99,280.345,6844,283.975,520694,281.840663
2026-06-29 15:00:00+00:00,281.485,283.0,280.72,4218,281.83,278589,282.004532
2026-06-29 16:00:00+00:00,280.29,281.61,279.875,5092,281.55,351691,280.577804
2026-06-29 17:00:00+00:00,282.02,282.295,279.85,4327,280.36,276065,281.302462
2026-06-29 18:00:00+00:00,282.055,282.335,280.96,4226,282.045,225890,281.719651
2026-06-29 19:00:00+00:00,281.69,283.05,281.495,7672,282.075,422467,282.177148
2026-06-29 20:00:00+00:00,281.4,281.4,281.4,4,281.4,121,281.4
2026-06-30 12:00:00+00:00,282.0,282.0,281.44,17,281.45,599,281.86717
2026-06-30 13:00:00+00:00,285.28,285.28,280.7,2843,282.15,171546,283.437222
2026-06-30 14:00:00+00:00,286.97,287.06,284.75,4242,285.3,250150,285.855135
2026-06-30 15:00:00+00:00,288.735,289.37,286.63,4094,286.98,255603,288.255141
2026-06-30 16:00:00+00:00,289.185,289.21,287.81,3032,288.84,166342,288.626952
2026-06-30 17:00:00+00:00,288.39,289.655,288.21,2844,289.2,147529,288.796109
2026-06-30 18:00:00+00:00,286.98,289.19,286.69,2900,288.39,173039,288.100521
2026-06-30 19:00:00+00:00,289.24,289.9,286.98,6852,286.98,411387,288.367519
2026-06-30 20:00:00+00:00,288.87,288.87,288.87,3,288.87,64,288.87
2026-07-01 12:00:00+00:00,293.25,293.25,288.58,93,288.88,3243,290.98845
2026-07-01 13:00:00+00:00,292.41,294.0,289.195,4783,293.45,268481,291.385514
2026-07-01 14:00:00+00:00,294.68,295.05,291.68,6104,292.62,361081,293.554202
2026-07-01 15:00:00+00:00,295.245,296.57,294.27,4829,294.53,315137,295.234609
2026-07-01 16:00:00+00:00,294.19,295.7,294.12,3125,295.25,185896,294.899089
2026-07-01 17:00:00+00:00,293.74,294.99,293.18,4157,294.255,268130,294.120216
2026-07-01 18:00:00+00:00,294.735,295.515,292.79,5395,293.74,359793,294.702785
2026-07-01 19:00:00+00:00,294.42,295.23,293.77,9750,294.73,665844,294.320232
2026-07-01 20:00:00+00:00,294.18,294.34,293.88,12,293.88,369,294.133333
2026-07-02 12:00:00+00:00,294.65,295.29,294.25,62,294.75,2599,294.777369
2026-07-02 13:00:00+00:00,302.75,302.75,293.89,4514,294.6,337414,300.460702
2026-07-02 14:00:00+00:00,306.9,307.025,302.645,12045,302.92,895065,305.055192
2026-07-02 15:00:00+00:00,305.625,307.8,305.29,9440,306.88,636354,306.51738
2026-07-02 16:00:00+00:00,308.33,308.51,305.63,8019,305.675,597387,307.589099
2026-07-02 17:00:00+00:00,307.32,308.42,306.31,6576,308.31,476446,307.893409
2026-07-02 18:00:00+00:00,307.645,308.09,306.86,6183,307.275,394141,307.536749
2026-07-02 19:00:00+00:00,308.235,309.415,307.2,8403,307.66,473082,308.220878
2026-07-02 20:00:00+00:00,308.43,308.43,308.43,3,308.43,114,308.43
2026-07-06 12:00:00+00:00,307.46,307.97,306.8,25,306.99,1196,307.274404
2026-07-06 13:00:00+00:00,309.585,309.95,306.83,4666,306.83,206373,308.94726
2026-07-06 14:00:00+00:00,312.515,312.57,308.875,7507,309.585,346211,310.797879
2026-07-06 15:00:00+00:00,313.65,314.19,312.47,4784,312.55,218923,313.332937
2026-07-06 16:00:00+00:00,312.53,313.78,311.9,2645,313.64,134417,312.727487
2026-07-06 17:00:00+00:00,312.695,312.89,312.13,2730,312.49,117096,312.574057
2026-07-06 18:00:00+00:00,313.28,313.47,312.42,2285,312.76,95776,313.05018
2026-07-06 19:00:00+00:00,312.73,313.735,312.37,5859,313.29,314707,313.085631
2026-07-07 13:00:00+00:00,311.58,315.47,310.18,3301,315.06,193311,312.595415
2026-07-07 14:00:00+00:00,312.81,313.415,311.07,5898,311.455,369735,312.353141
2026-07-07 15:00:00+00:00,314.3,314.72,312.675,3884,312.77,249848,313.87625
2026-07-07 16:00:00+00:00,313.61,314.36,312.7,2841,314.27,170110,313.563495
2026-07-07 17:00:00+00:00,311.91,313.615,311.91,2004,313.615,119811,312.817448
2026-07-07 18:00:00+00:00,312.0,313.17,311.86,2780,311.87,171978,312.399629
2026-07-07 19:00:00+00:00,310.69,312.49,310.35,5758,312.035,298461,311.626243
2026-07-08 12:00:00+00:00,309.9,310.53,309.72,30,309.84,1112,310.085459
2026-07-08 13:00:00+00:00,309.07,311.92,307.11,2667,309.9,130148,309.164485
2026-07-08 14:00:00+00:00,308.9,310.66,308.44,3161,309.16,157920,309.633933
2026-07-08 15:00:00+00:00,310.22,310.835,308.76,2967,308.91,182577,309.927151
2026-07-08 16:00:00+00:00,313.15,313.33,310.08,3449,310.25,213315,311.392874
2026-07-08 17:00:00+00:00,314.36,314.63,313.04,4567,313.09,313626,314.044137
2026-07-08 18:00:00+00:00,313.9,314.805,313.75,3533,314.38,207138,314.3209
2026-07-08 19:00:00+00:00,313.33,314.2,312.755,6711,313.93,343213,313.678719
2026-07-09 13:00:00+00:00,310.98,312.04,308.19,3546,310.45,198183,310.760596
2026-07-09 14:00:00+00:00,311.555,312.4,310.195,4058,311.0,210311,311.349049
2026-07-09 15:00:00+00:00,314.79,315.005,311.57,3648,311.59,192535,313.534255
2026-07-09 16:00:00+00:00,314.71,315.5,314.1,3442,314.83,183895,314.850407
2026-07-09 17:00:00+00:00,314.98,315.17,314.32,2517,314.685,130347,314.810541
2026-07-09 18:00:00+00:00,314.47,315.305,314.24,3536,314.97,239424,314.667016
2026-07-09 19:00:00+00:00,316.16,316.53,314.41,5431,314.415,285989,315.828196
2026-07-10 12:00:00+00:00,313.98,314.15,313.98,3,314.15,214,314.04385
2026-07-10 13:00:00+00:00,314.37,316.38,313.23,3737,314.72,242724,314.843743
2026-07-10 14:00:00+00:00,313.77,314.75,312.17,4953,314.3,261829,313.319748
2026-07-10 15:00:00+00:00,313.24,314.11,312.34,4069,313.78,214769,313.341452
2026-07-10 16:00:00+00:00,314.72,314.775,313.1,2314,313.26,107132,314.066842
2026-07-10 17:00:00+00:00,314.13,314.73,313.925,1852,314.73,72198,314.344513
2026-07-10 18:00:00+00:00,315.25,315.4,314.025,2457,314.13,109845,314.696685
2026-07-10 19:00:00+00:00,315.32,316.91,314.78,5298,315.27,317427,316.042106
2026-07-13 12:00:00+00:00,316.35,316.35,315.93,4,315.93,320,316.073333
2026-07-13 13:00:00+00:00,321.14,323.395,316.51,3379,317.19,192772,320.928106
2026-07-13 14:00:00+00:00,319.04,321.745,318.37,3528,321.22,174000,320.047546
2026-07-13 15:00:00+00:00,317.115,319.22,316.1,3405,319.11,173328,317.247363
2026-07-13 16:00:00+00:00,316.605,317.865,315.95,3067,317.09,151338,317.057654
2026-07-13 17:00:00+00:00,316.16,316.71,315.79,2882,316.6,149105,316.344927
2026-07-13 18:00:00+00:00,317.16,317.48,316.0,2700,316.14,130187,316.71753
2026-07-13 19:00:00+00:00,317.47,317.75,316.08,6142,317.21,403271,317.093356
2026-07-13 20:00:00+00:00,317.34,317.44,317.34,4,317.44,214,317.39
2026-07-14 12:00:00+00:00,314.28,314.8,314.28,8,314.79,340,314.623612
2026-07-14 13:00:00+00:00,314.49,315.63,311.955,2598,313.76,138765,313.829916
2026-07-14 14:00:00+00:00,314.98,316.145,313.15,3246,314.455,169981,314.575011
2026-07-14 15:00:00+00:00,313.29,316.045,313.21,3793,315.0,214363,314.569793
2026-07-14 16:00:00+00:00,314.06,314.23,312.87,2953,313.23,158393,313.504674
2026-07-14 17:00:00+00:00,315.19,315.23,313.9,3109,314.115,176732,314.674397
2026-07-14 18:00:00+00:00,315.48,315.58,314.855,2355,315.24,102111,315.175735
2026-07-14 19:00:00+00:00,314.93,315.86,314.61,5434,315.445,252368,315.258888
2026-07-14 20:00:00+00:00,314.84,314.84,314.76,8,314.76,139,314.804045
2026-07-15 13:00:00+00:00,320.69,321.77,316.9,2625,316.9,146036,320.200636
2026-07-15 14:00:00+00:00,323.91,325.665,320.79,5792,320.79,301862,324.336529
2026-07-15 15:00:00+00:00,326.28,327.11,323.545,4380,323.89,215052,325.73294
2026-07-15 16:00:00+00:00,327.96,328.52,326.31,5338,326.33,328127,327.698311
2026-07-15 17:00:00+00:00,327.59,328.05,326.0,4307,327.975,227147,327.155098
2026-07-15 18:00:00+00:00,327.51,327.855,327.095,3573,327.61,142466,327.479317
2026-07-15 19:00:00+00:00,327.58,328.705,325.73,7074,327.49,360173,327.158568
2026-07-15 20:00:00+00:00,327.45,327.45,327.45,1,327.45,80,327.45
2026-07-16 12:00:00+00:00,328.44,328.83,328.44,11,328.83,345,328.592
2026-07-16 13:00:00+00:00,331.015,331.015,326.885,3884,328.52,249795,328.616372
2026-07-16 14:00:00+00:00,330.165,331.37,327.91,4843,331.105,276408,329.740762
2026-07-16 15:00:00+00:00,331.83,332.25,329.375,3940,330.17,226886,330.777952
2026-07-16 16:00:00+00:00,332.075,332.075,329.87,3894,331.86,200130,331.189067
2026-07-16 17:00:00+00:00,331.61,333.54,330.845,6674,332.085,282701,332.406861
2026-07-16 18:00:00+00:00,333.205,333.51,329.39,6877,331.73,369406,331.637188
2026-07-16 19:00:00+00:00,333.23,334.65,330.805,12220,333.18,759090,333.217779
2026-07-16 20:00:00+00:00,332.85,332.85,332.76,4,332.76,174,332.81625
2026-07-17 12:00:00+00:00,333.06,333.06,333.06,3,333.06,140,333.06
2026-07-17 13:00:00+00:00,330.94,334.98,330.905,4733,333.48,287488,333.050638
2026-07-17 14:00:00+00:00,333.16,333.95,329.025,6287,330.94,331584,331.239962
2026-07-17 15:00:00+00:00,332.415,334.86,332.03,4742,333.18,277565,333.557274
2026-07-17 16:00:00+00:00,330.53,333.35,330.04,4666,332.365,276736,331.347233
2026-07-17 17:00:00+00:00,331.82,331.885,329.17,3980,330.5,203933,330.367142
2026-07-17 18:00:00+00:00,333.925,334.66,331.55,3856,331.74,220809,333.389816
2026-07-17 19:00:00+00:00,333.75,334.59,332.27,9754,333.92,650360,333.614701
2026-07-20 12:00:00+00:00,332.59,332.59,331.35,37,331.35,1009,332.080118
2026-07-20 13:00:00+00:00,328.91,333.63,328.42,3369,332.15,191681,330.842687
2026-07-20 14:00:00+00:00,326.46,328.98,326.04,7597,328.94,380801,327.26797
2026-07-20 15:00:00+00:00,325.99,326.995,324.44,4903,326.46,294295,325.549927
2026-07-20 16:00:00+00:00,324.25,326.03,323.73,5510,325.975,310747,324.861698
2026-07-20 17:00:00+00:00,324.78,325.14,323.94,3248,324.275,178758,324.639492
2026-07-20 18:00:00+00:00,326.76,327.355,324.755,5475,324.8,426121,326.231418
2026-07-20 19:00:00+00:00,326.65,329.745,326.33,8728,326.77,530432,328.006321
2026-07-21 12:00:00+00:00,325.4,325.4,324.61,13,325.13,592,324.946398
2026-07-21 13:00:00+00:00,324.035,325.59,322.24,4698,325.3,331153,323.759129
2026-07-21 14:00:00+00:00,327.105,327.45,323.99,4062,324.035,212522,325.982605
2026-07-21 15:00:00+00:00,328.71,328.97,326.1,3064,327.135,148952,327.819334
2026-07-21 16:00:00+00:00,328.44,329.565,327.43,2876,328.71,162323,328.390261
2026-07-21 17:00:00+00:00,327.76,328.76,326.76,3021,328.45,180584,327.702761
2026-07-21 18:00:00+00:00,328.17,328.38,326.94,1940,327.66,92418,327.639558
2026-07-21 19:00:00+00:00,327.66,328.48,327.405,5050,328.14,280250,327.81636
