timestamp,close,high,low,n,open,volume,vw
2023-07-24 13:00:00+00:00,453.1,454.4,452.75,1111,453.38,94253,453.578549
2023-07-24 14:00:00+00:00,454.19,454.295,452.93,1230,453.195,121693,453.849078
2023-07-24 15:00:00+00:00,454.47,454.57,453.77,933,454.29,82895,454.277645
2023-07-24 16:00:00+00:00,454.29,454.705,454.01,796,454.44,51592,454.355898
2023-07-24 17:00:00+00:00,454.77,454.82,454.04,944,454.3,107931,454.447435
2023-07-24 18:00:00+00:00,454.295,455.01,453.86,1140,454.785,84100,454.509563
2023-07-24 19:00:00+00:00,454.19,454.43,453.43,1693,454.305,190146,453.918076
2023-07-24 20:00:00+00:00,454.47,454.47,454.2,45,454.27,12442,454.296859
2023-07-25 13:00:00+00:00,454.78,455.1,453.915,1006,453.94,90560,454.452146
2023-07-25 14:00:00+00:00,454.625,455.05,454.47,1416,454.85,104610,454.768882
2023-07-25 15:00:00+00:00,455.38,455.6,454.56,1147,454.6,83116,455.174284
2023-07-25 16:00:00+00:00,455.89,455.89,455.225,1206,455.36,84943,455.466293
2023-07-25 17:00:00+00:00,455.815,456.11,455.57,913,455.88,68870,455.89592
2023-07-25 18:00:00+00:00,455.82,456.71,455.715,1269,455.79,105541,456.266605
2023-07-25 19:00:00+00:00,455.36,456.245,455.36,2714,455.86,251298,455.773617
2023-07-25 20:00:00+00:00,455.12,455.3,455.1,7,455.3,1100,455.199091
2023-07-26 13:00:00+00:00,454.79,455.115,454.445,672,454.5,62863,454.780614
2023-07-26 14:00:00+00:00,454.16,454.96,454.065,1322,454.81,104085,454.567568
2023-07-26 15:00:00+00:00,454.94,454.975,453.995,1254,454.15,108774,454.432591
2023-07-26 16:00:00+00:00,454.19,455.125,454.07,814,454.935,59888,454.723638
2023-07-26 17:00:00+00:00,454.29,454.47,454.08,1059,454.25,84676,454.275174
2023-07-26 18:00:00+00:00,455.99,456.9,453.9,1428,454.16,163854,455.637015
2023-07-26 19:00:00+00:00,455.505,456.2,453.41,2476,456.05,330083,454.761187
2023-07-26 20:00:00+00:00,455.62,455.72,455.44,5,455.44,1460,455.575172
2023-07-27 13:00:00+00:00,458.95,459.44,458.7,1091,459.08,138538,459.097888
2023-07-27 14:00:00+00:00,457.38,459.04,457.28,1924,459.015,190671,458.214431
2023-07-27 15:00:00+00:00,457.425,457.99,457.065,1396,457.48,125981,457.54735
2023-07-27 16:00:00+00:00,458.23,458.58,457.405,1110,457.445,107259,458.095402
2023-07-27 17:00:00+00:00,455.955,458.57,455.74,1551,458.4,168112,456.58952
2023-07-27 18:00:00+00:00,452.77,456.185,452.765,2798,455.955,368581,454.022108
2023-07-27 19:00:00+00:00,452.5,453.86,451.58,2742,452.685,337099,452.585454
2023-07-27 20:00:00+00:00,452.94,452.94,452.94,1,452.94,500,452.94
2023-07-28 13:00:00+00:00,456.08,456.57,455.205,1298,455.775,132602,456.05827
2023-07-28 14:00:00+00:00,456.735,456.87,456.0,2092,456.23,227730,456.549147
2023-07-28 15:00:00+00:00,457.65,457.78,456.59,1606,456.84,153992,457.365895
2023-07-28 16:00:00+00:00,457.07,457.68,456.95,1087,457.675,104651,457.285122
2023-07-28 17:00:00+00:00,456.24,456.97,455.12,1556,456.97,147286,455.978096
2023-07-28 18:00:00+00:00,456.94,457.34,456.155,1774,456.25,146613,456.707039
2023-07-28 19:00:00+00:00,456.91,457.3,456.395,2961,457.07,353413,456.863725
2023-07-28 20:00:00+00:00,456.85,456.93,456.74,24,456.74,13191,456.846733
2023-07-31 13:00:00+00:00,457.0,458.11,456.54,958,457.41,107571,457.568951
2023-07-31 14:00:00+00:00,457.475,457.82,456.695,1671,457.01,118446,457.379032
2023-07-31 15:00:00+00:00,456.945,457.83,456.685,1293,457.575,84240,457.178584
2023-07-31 16:00:00+00:00,456.635,457.23,456.505,1050,456.945,59774,456.972019
2023-07-31 17:00:00+00:00,456.855,457.155,456.29,1090,456.61,80582,456.730534
2023-07-31 18:00:00+00:00,457.05,457.18,456.48,915,456.89,66018,456.838517
2023-07-31 19:00:00+00:00,457.81,457.83,456.07,2258,457.065,278465,456.797436
2023-07-31 20:00:00+00:00,457.91,458.09,457.67,34,457.71,22428,457.819704
2023-08-01 13:00:00+00:00,456.77,456.915,456.08,1505,456.32,157546,456.594794
2023-08-01 14:00:00+00:00,456.285,457.19,455.53,2351,456.8,242315,456.210175
2023-08-01 15:00:00+00:00,456.145,456.46,455.8,1034,456.39,85718,456.069628
2023-08-01 16:00:00+00:00,456.33,456.33,455.505,1223,456.17,97335,455.928123
2023-08-01 17:00:00+00:00,456.43,456.5,455.98,1178,456.4,74946,456.270173
2023-08-01 18:00:00+00:00,456.71,456.97,456.415,1462,456.44,122365,456.664174
2023-08-01 19:00:00+00:00,456.44,456.99,456.195,2357,456.71,243660,456.64653
2023-08-01 20:00:00+00:00,456.46,456.49,456.16,67,456.31,9574,456.330788
2023-08-02 13:00:00+00:00,452.975,453.495,452.35,1926,453.25,200062,452.942487
2023-08-02 14:00:00+00:00,450.62,453.055,450.46,2368,452.975,286745,451.844973
2023-08-02 15:00:00+00:00,450.31,451.67,450.3,2008,450.59,210615,450.991299
2023-08-02 16:00:00+00:00,450.835,451.075,449.98,1472,450.3,143586,450.415465
2023-08-02 17:00:00+00:00,450.6,451.43,450.48,1273,450.815,94361,450.974099
2023-08-02 18:00:00+00:00,450.59,451.05,450.28,1212,450.595,106465,450.684444
2023-08-02 19:00:00+00:00,450.16,450.9,449.36,3122,450.595,387314,450.20325
2023-08-02 20:00:00+00:00,449.74,450.41,449.74,12,450.26,6657,450.056201
2023-08-03 13:00:00+00:00,448.685,448.975,447.65,1030,448.115,121732,448.310626
2023-08-03 14:00:00+00:00,448.495,449.27,447.395,2125,448.53,200999,448.193013
2023-08-03 15:00:00+00:00,449.3,449.86,448.425,1281,448.485,109250,449.245253
2023-08-03 16:00:00+00:00,450.555,450.74,449.14,1175,449.2,95535,449.986514
2023-08-03 17:00:00+00:00,449.525,450.79,449.47,1379,450.58,121302,450.325897
2023-08-03 18:00:00+00:00,449.96,450.11,449.29,1415,449.495,118618,449.666727
2023-08-03 19:00:00+00:00,448.88,450.025,448.81,2097,449.99,214099,449.28636
2023-08-03 20:00:00+00:00,450.23,450.23,448.9,3,448.9,1200,449.175
2023-08-04 13:00:00+00:00,450.38,451.86,450.2,866,450.705,106362,451.130517
2023-08-04 14:00:00+00:00,451.18,451.42,448.82,1574,450.34,204507,450.204389
2023-08-04 15:00:00+00:00,451.845,451.925,451.14,1941,451.3,178460,451.614257
2023-08-04 16:00:00+00:00,452.735,452.885,451.54,1835,451.835,191328,452.271932
2023-08-04 17:00:00+00:00,450.775,452.785,450.63,1883,452.745,205852,451.777272
2023-08-04 18:00:00+00:00,447.14,450.715,446.79,2671,450.715,293045,448.383437
2023-08-04 19:00:00+00:00,446.79,447.7,446.285,3222,447.07,456294,446.699222
2023-08-04 20:00:00+00:00,446.77,447.05,446.77,62,446.8,17087,446.873006
2023-08-07 13:00:00+00:00,448.46,449.625,448.3,813,448.69,102254,449.045974
2023-08-07 14:00:00+00:00,449.12,449.9,448.01,1629,448.48,165833,449.227444
2023-08-07 15:00:00+00:00,449.47,449.605,448.305,1217,449.055,109212,448.860055
2023-08-07 16:00:00+00:00,449.6,449.81,448.985,1183,449.53,92029,449.391786
2023-08-07 17:00:00+00:00,450.2,450.2,449.53,1464,449.695,128392,449.745378
2023-08-07 18:00:00+00:00,449.995,450.485,449.49,1028,450.295,74601,450.042562
2023-08-07 19:00:00+00:00,450.68,450.86,449.63,2159,450.185,245743,450.261845
2023-08-07 20:00:00+00:00,450.96,450.96,450.67,19,450.67,13629,450.857465
2023-08-08 13:00:00+00:00,446.54,448.14,446.085,1553,448.03,177097,446.966378
2023-08-08 14:00:00+00:00,445.52,446.835,445.43,1505,446.28,132334,445.98907
2023-08-08 15:00:00+00:00,445.7,446.27,445.3,1215,445.57,132398,445.837448
2023-08-08 16:00:00+00:00,446.57,446.94,445.645,1254,445.645,123393,446.359024
2023-08-08 17:00:00+00:00,447.23,447.38,446.56,1199,446.59,99088,447.039183
2023-08-08 18:00:00+00:00,448.36,448.545,447.005,1166,447.245,91452,447.677666
2023-08-08 19:00:00+00:00,448.86,449.225,448.165,2293,448.295,217675,448.777207
2023-08-08 20:00:00+00:00,448.64,448.82,448.64,5,448.82,3100,448.727742
2023-08-09 13:00:00+00:00,448.42,449.16,448.05,688,449.03,59705,448.520537
2023-08-09 14:00:00+00:00,447.45,448.805,447.27,1144,448.33,113610,448.169163
2023-08-09 15:00:00+00:00,445.405,447.68,444.96,1643,447.31,143720,446.192358
2023-08-09 16:00:00+00:00,446.24,446.64,445.255,1452,445.275,110019,446.144958
2023-08-09 17:00:00+00:00,447.48,447.835,446.05,1510,446.23,155110,447.356816
2023-08-09 18:00:00+00:00,448.18,448.88,447.38,1366,447.495,121002,448.341874
2023-08-09 19:00:00+00:00,445.74,448.255,445.445,3083,448.225,387133,446.555187
2023-08-09 20:00:00+00:00,446.35,446.38,446.1,23,446.1,3695,446.281111
2023-08-10 13:00:00+00:00,451.16,451.23,448.01,1435,448.195,142352,449.941706
2023-08-10 14:00:00+00:00,449.57,451.67,448.8,2191,451.31,251921,450.556108
2023-08-10 15:00:00+00:00,447.58,449.565,446.95,1325,449.565,138532,448.247116
2023-08-10 16:00:00+00:00,446.3,447.945,445.965,1354,447.66,235108,447.078247
2023-08-10 17:00:00+00:00,444.87,446.82,444.73,1343,446.265,129413,445.917566
2023-08-10 18:00:00+00:00,447.39,447.46,444.84,1433,444.99,136188,446.422467
2023-08-10 19:00:00+00:00,445.88,447.47,445.05,2404,447.46,282132,445.994658
2023-08-11 13:00:00+00:00,444.22,444.83,443.455,708,444.83,76248,444.000916
2023-08-11 14:00:00+00:00,445.235,446.67,444.48,1674,444.52,158754,445.712085
2023-08-11 15:00:00+00:00,445.305,445.6,444.34,1343,445.315,124679,444.700023
2023-08-11 16:00:00+00:00,444.7,445.905,444.49,1153,445.345,99566,445.21265
2023-08-11 17:00:00+00:00,444.995,445.545,444.45,1200,444.69,103855,444.89696
2023-08-11 18:00:00+00:00,446.07,446.24,444.905,1335,444.92,119327,445.638226
2023-08-11 19:00:00+00:00,445.36,446.13,445.0,2342,446.02,247872,445.492748
2023-08-11 20:00:00+00:00,445.78,445.78,445.67,16,445.68,5839,445.738756
2023-08-14 13:00:00+00:00,445.19,445.25,444.385,900,444.8,95265,444.957141
2023-08-14 14:00:00+00:00,447.195,447.59,445.015,1513,445.175,150102,446.412354
2023-08-14 15:00:00+00:00,447.085,447.7,446.595,980,447.28,75428,447.099024
2023-08-14 16:00:00+00:00,447.195,447.4,446.38,736,447.155,65138,446.930196
2023-08-14 17:00:00+00:00,446.975,447.645,446.805,831,447.185,61602,447.260088
2023-08-14 18:00:00+00:00,446.73,447.15,446.355,962,447.14,86824,446.73357
2023-08-14 19:00:00+00:00,448.1,448.1,446.51,1852,446.74,222427,447.303227
2023-08-14 20:00:00+00:00,448.02,448.11,448.02,81,448.09,32992,448.05848
2023-08-15 13:00:00+00:00,445.275,446.605,445.0,1073,446.29,97135,445.844154
2023-08-15 14:00:00+00:00,443.945,445.19,443.47,2286,445.17,280578,444.115307
2023-08-15 15:00:00+00:00,445.1,445.17,443.94,1099,443.94,89624,444.818006
2023-08-15 16:00:00+00:00,444.18,445.35,443.82,959,445.135,76395,444.408155
2023-08-15 17:00:00+00:00,444.03,444.65,443.69,946,443.96,79474,444.069838
2023-08-15 18:00:00+00:00,444.25,444.58,443.73,997,444.07,67575,444.121828
2023-08-15 19:00:00+00:00,442.93,444.36,442.32,3028,444.28,391046,442.949634
2023-08-15 20:00:00+00:00,442.76,443.06,442.76,3,443.06,1329,443.02012
2023-08-16 13:00:00+00:00,443.49,444.17,442.38,715,442.47,93590,443.211143
2023-08-16 14:00:00+00:00,443.925,444.125,443.005,1167,443.515,97436,443.510299
2023-08-16 15:00:00+00:00,442.53,444.135,442.29,859,443.98,64184,443.328804
2023-08-16 16:00:00+00:00,441.765,442.75,441.71,1106,442.49,92105,442.081753
2023-08-16 17:00:00+00:00,442.3,442.615,441.0,1453,441.765,139017,441.610864
2023-08-16 18:00:00+00:00,441.82,443.085,440.98,1602,442.31,146244,442.147666
2023-08-16 19:00:00+00:00,439.62,441.795,439.54,3303,441.795,405597,440.178192
2023-08-16 20:00:00+00:00,439.61,439.9,439.56,57,439.64,5900,439.633793
2023-08-17 13:00:00+00:00,440.4,441.375,439.875,1002,441.1,107720,440.633559
2023-08-17 14:00:00+00:00,439.99,440.74,439.395,1380,440.37,128908,440.15658
2023-08-17 15:00:00+00:00,439.55,440.03,439.0,1590,439.965,134165,439.481606
2023-08-17 16:00:00+00:00,440.42,440.6,439.07,1116,439.575,84614,440.042223
2023-08-17 17:00:00+00:00,438.82,440.59,438.51,1279,440.53,117341,439.343026
2023-08-17 18:00:00+00:00,437.25,438.88,437.07,1551,438.815,148615,438.046061
2023-08-17 19:00:00+00:00,436.26,437.41,435.75,3197,437.115,417260,436.60164
2023-08-18 13:00:00+00:00,434.21,435.2,433.07,1080,433.41,156954,434.360034
2023-08-18 14:00:00+00:00,435.0,435.07,433.5,1767,434.21,199187,434.265663
2023-08-18 15:00:00+00:00,436.43,436.48,434.74,1559,435.13,148810,435.623723
2023-08-18 16:00:00+00:00,435.86,436.54,435.635,1336,436.35,102348,436.170075
2023-08-18 17:00:00+00:00,435.79,436.14,434.77,1376,435.885,117166,435.549742
2023-08-18 18:00:00+00:00,435.96,436.74,435.51,1277,435.905,126925,436.237383
2023-08-18 19:00:00+00:00,436.39,437.55,435.375,2138,435.9,334997,436.443272
2023-08-18 20:00:00+00:00,436.03,436.41,436.0,31,436.41,3199,436.166
2023-08-21 13:00:00+00:00,438.71,438.71,437.36,811,437.51,100516,438.03342
2023-08-21 14:00:00+00:00,436.77,438.885,436.42,1431,438.765,183034,437.44486
2023-08-21 15:00:00+00:00,435.625,437.04,435.33,1250,436.77,131516,436.189359
2023-08-21 16:00:00+00:00,437.32,437.355,435.53,1250,435.6,120080,436.667214
2023-08-21 17:00:00+00:00,438.05,438.42,436.985,1349,437.335,145823,437.810066
2023-08-21 18:00:00+00:00,438.99,439.23,437.96,1223,438.08,130404,438.633615
2023-08-21 19:00:00+00:00,439.32,440.105,439.05,2781,439.05,366953,439.564387
2023-08-22 13:00:00+00:00,439.65,441.12,439.625,835,441.115,93290,440.403052
2023-08-22 14:00:00+00:00,439.785,440.41,438.71,1470,439.64,136238,439.601776
2023-08-22 15:00:00+00:00,438.7,439.815,438.58,797,439.815,71582,439.24592
2023-08-22 16:00:00+00:00,438.73,439.33,437.77,869,438.68,67086,438.580604
2023-08-22 17:00:00+00:00,438.17,438.745,437.665,657,438.65,56967,438.028194
2023-08-22 18:00:00+00:00,438.38,438.89,437.75,700,438.13,59950,438.319175
2023-08-22 19:00:00+00:00,438.11,439.48,437.6,1659,438.515,214569,438.164879
2023-08-23 12:00:00+00:00,438.39,438.39,438.39,2,438.39,600,438.39
2023-08-23 13:00:00+00:00,440.36,440.61,439.11,704,439.25,64270,439.923394
2023-08-23 14:00:00+00:00,441.93,441.99,440.24,1600,440.455,191778,441.118973
2023-08-23 15:00:00+00:00,442.345,442.38,441.54,1168,442.01,126148,442.016285
2023-08-23 16:00:00+00:00,442.18,442.64,441.94,849,442.275,75384,442.228326
2023-08-23 17:00:00+00:00,443.54,443.63,442.17,1275,442.19,127374,443.273792
2023-08-23 18:00:00+00:00,442.73,443.565,442.47,1055,443.495,106791,442.959489
2023-08-23 19:00:00+00:00,442.98,443.41,442.4,2061,442.675,238484,442.930826
2023-08-23 20:00:00+00:00,444.13,444.13,443.03,5,443.03,700,443.52
2023-08-24 13:00:00+00:00,444.92,445.02,443.485,1336,444.85,151652,444.151507
2023-08-24 14:00:00+00:00,441.125,445.2,441.09,1610,445.045,172542,442.448836
2023-08-24 15:00:00+00:00,439.215,441.125,439.19,1428,441.125,153832,440.305549
2023-08-24 16:00:00+00:00,439.885,440.79,439.12,811,439.12,97541,440.132073
2023-08-24 17:00:00+00:00,439.335,440.08,439.03,948,440.05,111855,439.468217
2023-08-24 18:00:00+00:00,439.08,439.9,438.53,1023,439.345,99107,439.071664
2023-08-24 19:00:00+00:00,436.92,439.33,436.855,4136,439.085,661071,438.088902
2023-08-24 20:00:00+00:00,436.55,436.55,436.5,4,436.5,1001,436.505
2023-08-25 13:00:00+00:00,439.04,439.47,438.53,896,438.6,86846,439.039152
2023-08-25 14:00:00+00:00,435.28,441.06,435.165,1849,439.08,223598,437.104633
2023-08-25 15:00:00+00:00,437.04,438.745,435.01,1542,435.28,185336,436.869521
2023-08-25 16:00:00+00:00,438.64,439.09,437.02,1080,437.02,108399,438.441392
2023-08-25 17:00:00+00:00,438.51,439.02,437.37,1119,438.64,112592,438.1057
2023-08-25 18:00:00+00:00,440.77,440.82,438.45,2020,438.57,220471,439.951254
2023-08-25 19:00:00+00:00,439.98,441.26,439.55,2053,440.855,244844,440.464028
2023-08-25 20:00:00+00:00,440.15,440.15,440.15,3,440.15,300,440.15
2023-08-28 13:00:00+00:00,442.545,443.2,441.8,670,442.19,74917,442.477634
2023-08-28 14:00:00+00:00,442.05,443.22,441.425,1383,442.655,145625,442.601326
2023-08-28 15:00:00+00:00,441.5,442.04,440.91,991,442.04,117100,441.360292
2023-08-28 16:00:00+00:00,442.58,442.61,440.98,925,441.43,72638,441.703045
2023-08-28 17:00:00+00:00,441.16,443.24,440.875,1530,442.675,131298,442.477238
2023-08-28 18:00:00+00:00,441.82,441.95,440.89,1167,441.08,116972,441.272604
2023-08-28 19:00:00+00:00,442.78,443.375,441.39,1676,441.88,190323,442.398302
2023-08-29 13:00:00+00:00,443.8,444.19,442.485,775,442.705,78023,443.519386
2023-08-29 14:00:00+00:00,445.795,446.75,444.08,2731,444.09,309989,445.759404
2023-08-29 15:00:00+00:00,447.61,447.93,445.73,1740,445.795,195977,447.237991
2023-08-29 16:00:00+00:00,448.025,448.43,447.52,1405,447.63,150734,447.933346
2023-08-29 17:00:00+00:00,448.06,448.72,447.69,1038,448.03,113859,448.326175
2023-08-29 18:00:00+00:00,448.48,448.83,447.96,1098,448.07,116247,448.400971
2023-08-29 19:00:00+00:00,449.19,449.43,448.125,3159,448.51,522950,448.990273
2023-08-29 20:00:00+00:00,449.24,449.24,449.24,2,449.24,600,449.24
2023-08-30 13:00:00+00:00,451.19,451.3,449.47,1133,449.51,120501,450.412471
2023-08-30 14:00:00+00:00,450.56,451.61,448.81,1815,451.19,215469,450.361748
2023-08-30 15:00:00+00:00,451.06,451.16,449.815,1246,450.625,131869,450.605038
2023-08-30 16:00:00+00:00,451.415,451.66,450.8,1069,451.035,123380,451.21471
2023-08-30 17:00:00+00:00,450.79,451.445,450.34,1160,451.39,128835,451.017696
2023-08-30 18:00:00+00:00,451.13,451.235,450.045,1327,450.725,131847,450.604563
2023-08-30 19:00:00+00:00,450.96,451.4,450.55,2393,451.21,274301,450.911109
2023-08-30 20:00:00+00:00,451.11,451.16,450.91,7,450.99,10500,451.061428
2023-08-31 13:00:00+00:00,452.43,452.52,451.405,879,451.65,73495,451.969044
2023-08-31 14:00:00+00:00,452.37,452.82,451.82,1904,452.39,150675,452.407768
2023-08-31 15:00:00+00:00,451.9,452.33,451.49,1465,452.29,100021,451.906266
2023-08-31 16:00:00+00:00,450.965,452.245,450.37,1657,451.88,132195,451.221748
2023-08-31 17:00:00+00:00,451.475,451.87,450.8,1631,450.96,143962,451.414125
2023-08-31 18:00:00+00:00,450.88,452.19,450.795,2255,451.465,244354,451.299646
2023-08-31 19:00:00+00:00,450.2,451.67,450.18,3733,450.86,376819,451.100253
2023-08-31 20:00:00+00:00,450.7,450.74,450.38,47,450.68,10634,450.598366
2023-09-01 12:00:00+00:00,453.45,453.45,452.82,4,452.82,400,453.24
2023-09-01 13:00:00+00:00,452.325,453.66,451.19,698,453.17,82569,452.320514
2023-09-01 14:00:00+00:00,450.975,453.02,450.69,1405,452.3,149318,452.115222
2023-09-01 15:00:00+00:00,449.87,451.23,449.69,978,450.96,103131,450.533334
2023-09-01 16:00:00+00:00,450.76,450.975,449.72,869,449.85,78681,450.467705
2023-09-01 17:00:00+00:00,450.68,450.875,450.22,693,450.79,56741,450.551821
2023-09-01 18:00:00+00:00,450.55,450.78,449.89,970,450.68,92912,450.327657
2023-09-01 19:00:00+00:00,451.18,451.295,450.4,1753,450.565,220911,450.904467
2023-09-01 20:00:00+00:00,451.03,451.06,450.96,29,451.06,17184,451.023642
2023-09-05 13:00:00+00:00,449.61,450.89,449.38,1251,450.68,116982,450.077533
2023-09-05 14:00:00+00:00,450.105,450.38,449.2,2380,449.44,280603,449.757397
2023-09-05 15:00:00+00:00,450.21,451.045,449.87,1548,450.185,175995,450.617901
2023-09-05 16:00:00+00:00,450.3,450.73,450.18,1210,450.185,126317,450.465591
2023-09-05 17:00:00+00:00,449.86,450.34,449.5,1476,450.325,160109,449.805951
2023-09-05 18:00:00+00:00,450.62,450.62,449.7,1324,450.04,89616,450.212827
2023-09-05 19:00:00+00:00,449.26,450.605,449.185,2593,450.605,282584,449.770728
2023-09-05 20:00:00+00:00,449.1,449.27,449.03,17,449.27,9996,449.160818
2023-09-06 13:00:00+00:00,447.93,448.49,447.435,822,448.43,79397,447.947322
2023-09-06 14:00:00+00:00,445.68,447.64,445.6,2065,447.56,250075,446.458415
2023-09-06 15:00:00+00:00,445.55,445.99,445.18,2055,445.68,249822,445.667122
2023-09-06 16:00:00+00:00,444.25,445.73,444.03,1994,445.5,230329,444.925251
2023-09-06 17:00:00+00:00,445.305,445.54,443.825,1434,444.23,167160,444.747936
2023-09-06 18:00:00+00:00,445.9,446.17,445.19,2206,445.25,247692,445.758603
2023-09-06 19:00:00+00:00,446.24,446.385,445.335,2902,445.96,361851,445.979514
2023-09-06 20:00:00+00:00,446.05,446.18,445.93,33,446.16,22990,446.067657
2023-09-07 13:00:00+00:00,443.44,444.37,442.805,1076,443.06,128717,443.567373
2023-09-07 14:00:00+00:00,444.03,444.65,442.76,1994,443.39,208198,443.64265
2023-09-07 15:00:00+00:00,443.98,445.0,443.89,1567,444.09,140483,444.424251
2023-09-07 16:00:00+00:00,444.46,445.23,443.91,1202,443.95,107663,444.808746
2023-09-07 17:00:00+00:00,445.06,445.215,444.31,1091,444.46,85420,444.86273
2023-09-07 18:00:00+00:00,444.99,445.34,444.11,1804,445.105,189259,444.706092
2023-09-07 19:00:00+00:00,444.88,445.52,444.295,2798,444.975,399020,444.895326
2023-09-07 20:00:00+00:00,444.83,444.84,444.76,7,444.76,10400,444.801346
2023-09-08 13:00:00+00:00,445.81,446.08,444.81,822,444.89,91118,445.762686
2023-09-08 14:00:00+00:00,445.905,447.1,445.76,1831,445.88,206762,446.542712
2023-09-08 15:00:00+00:00,446.15,446.89,445.795,1198,445.875,116160,446.430661
2023-09-08 16:00:00+00:00,446.095,446.77,445.615,1028,446.185,92841,446.181834
2023-09-08 17:00:00+00:00,445.89,446.19,445.53,1115,446.09,101462,445.814253
2023-09-08 18:00:00+00:00,444.94,446.22,444.88,1627,445.91,174464,445.265833
2023-09-08 19:00:00+00:00,445.58,445.6,444.53,2693,444.87,278884,445.006222
2023-09-08 20:00:00+00:00,445.87,445.99,445.43,16,445.5,17514,445.773305
2023-09-11 13:00:00+00:00,447.04,448.77,446.935,1080,448.21,109804,447.94271
2023-09-11 14:00:00+00:00,446.95,447.84,446.76,1669,446.985,175470,447.229717
2023-09-11 15:00:00+00:00,446.9,447.475,446.5,1363,446.96,121411,446.903589
2023-09-11 16:00:00+00:00,447.69,447.77,446.91,1028,446.91,97669,447.387325
2023-09-11 17:00:00+00:00,448.38,448.47,447.52,1582,447.72,158113,448.151154
2023-09-11 18:00:00+00:00,448.4,448.555,448.055,1284,448.395,106824,448.346803
2023-09-11 19:00:00+00:00,448.54,448.69,448.03,2987,448.405,276875,448.390668
2023-09-11 20:00:00+00:00,448.31,448.58,448.31,26,448.51,16601,448.42241
2023-09-12 13:00:00+00:00,447.65,447.81,446.8,826,446.8,100590,447.261516
2023-09-12 14:00:00+00:00,446.31,447.63,446.275,1714,447.615,161574,446.894258
2023-09-12 15:00:00+00:00,447.06,447.2,446.12,1318,446.225,121208,446.68064
2023-09-12 16:00:00+00:00,447.28,447.535,446.99,1098,447.12,108488,447.28814
2023-09-12 17:00:00+00:00,447.09,448.46,446.915,1407,447.3,179838,447.812616
2023-09-12 18:00:00+00:00,446.09,447.1,445.97,1517,447.015,184310,446.627245
2023-09-12 19:00:00+00:00,446.01,446.2,445.39,3448,446.02,414655,445.831375
2023-09-12 20:00:00+00:00,446.2,446.2,445.96,11,446.09,11500,446.058087
2023-09-13 12:00:00+00:00,444.88,444.88,444.38,4,444.38,300,444.63
2023-09-13 13:00:00+00:00,446.965,447.25,446.005,652,446.1,71387,446.62074
2023-09-13 14:00:00+00:00,447.09,447.2,445.08,1432,446.96,177141,446.25814
2023-09-13 15:00:00+00:00,447.23,447.595,446.53,1102,447.19,132192,447.19964
2023-09-13 16:00:00+00:00,447.27,447.53,446.72,1015,447.27,70604,447.176278
2023-09-13 17:00:00+00:00,447.38,447.68,447.135,722,447.32,75391,447.459251
2023-09-13 18:00:00+00:00,446.2,447.47,445.56,1540,447.425,163070,446.646415
2023-09-13 19:00:00+00:00,446.46,446.775,445.325,2715,446.17,331096,446.160384
2023-09-14 12:00:00+00:00,448.24,448.24,448.24,2,448.24,223,448.24
2023-09-14 13:00:00+00:00,448.88,449.31,448.09,887,448.79,101639,448.642225
2023-09-14 14:00:00+00:00,449.475,449.6,447.72,1443,448.97,190010,448.777996
2023-09-14 15:00:00+00:00,449.89,449.94,449.04,1621,449.505,183382,449.60802
2023-09-14 16:00:00+00:00,450.62,450.67,449.77,1983,449.89,213887,450.238037
2023-09-14 17:00:00+00:00,450.21,450.65,450.16,1603,450.555,140257,450.440308
2023-09-14 18:00:00+00:00,450.58,450.62,449.945,1231,450.11,109804,450.267133
2023-09-14 19:00:00+00:00,450.4,451.06,450.135,2983,450.6,348882,450.510087
2023-09-14 20:00:00+00:00,450.8,450.8,450.31,13,450.31,5888,450.399307
2023-09-15 13:00:00+00:00,446.32,447.42,446.0,1284,447.245,170113,446.668806
2023-09-15 14:00:00+00:00,444.54,446.92,444.54,2833,446.57,366046,445.983606
2023-09-15 15:00:00+00:00,445.09,445.3,444.28,2273,444.54,261335,444.765324
2023-09-15 16:00:00+00:00,445.12,445.36,444.88,1367,445.13,110634,445.144635
2023-09-15 17:00:00+00:00,443.95,445.135,443.02,2333,445.135,273439,443.792829
2023-09-15 18:00:00+00:00,443.9,443.975,443.18,2308,443.975,292974,443.546647
2023-09-15 19:00:00+00:00,443.305,443.99,443.025,4187,443.825,635951,443.404526
2023-09-15 20:00:00+00:00,443.73,443.73,443.23,15,443.29,17375,443.401881
2023-09-18 13:00:00+00:00,443.065,443.74,442.57,506,443.04,60291,443.023559
2023-09-18 14:00:00+00:00,443.655,443.855,442.755,1493,443.045,141247,443.448478
2023-09-18 15:00:00+00:00,444.62,444.79,443.28,1348,443.685,138546,444.190336
2023-09-18 16:00:00+00:00,444.46,444.965,444.29,1139,444.66,116042,444.638073
2023-09-18 17:00:00+00:00,444.32,444.78,444.165,799,444.485,64389,444.477717
2023-09-18 18:00:00+00:00,443.54,444.5,443.18,1308,444.32,112783,443.954891
2023-09-18 19:00:00+00:00,443.63,443.73,443.175,2579,443.535,295040,443.438852
2023-09-18 20:00:00+00:00,443.74,443.74,443.63,10,443.73,6133,443.670108
2023-09-19 13:00:00+00:00,442.19,443.09,442.15,632,442.78,65924,442.662674
2023-09-19 14:00:00+00:00,440.6,442.2,440.51,1984,442.2,240250,441.213294
2023-09-19 15:00:00+00:00,440.82,441.01,440.46,1323,440.52,116877,440.748177
2023-09-19 16:00:00+00:00,440.61,440.83,439.97,1138,440.83,102520,440.428074
2023-09-19 17:00:00+00:00,442.15,442.26,440.535,1150,440.615,141053,441.518611
2023-09-19 18:00:00+00:00,442.175,443.22,441.98,1462,442.155,180932,442.520017
2023-09-19 19:00:00+00:00,442.62,443.18,441.89,1977,442.105,219638,442.618172
2023-09-19 20:00:00+00:00,442.83,442.9,442.8,3,442.9,3200,442.820313
2023-09-20 13:00:00+00:00,444.07,444.4,443.46,711,443.98,71157,443.995279
2023-09-20 14:00:00+00:00,443.62,444.435,443.42,1118,444.13,88224,443.80715
2023-09-20 15:00:00+00:00,443.735,443.93,443.17,978,443.6,96097,443.515544
2023-09-20 16:00:00+00:00,443.975,444.01,443.49,928,443.72,85865,443.808151
2023-09-20 17:00:00+00:00,443.57,444.005,443.075,1063,443.98,80256,443.538242
2023-09-20 18:00:00+00:00,441.81,443.73,441.48,1876,442.74,237959,442.303909
2023-09-20 19:00:00+00:00,438.52,442.2,438.43,2952,441.64,429157,439.785962
2023-09-20 20:00:00+00:00,438.43,438.47,438.43,3,438.47,1200,438.449167
2023-09-21 13:00:00+00:00,434.24,435.94,434.15,1267,435.71,148254,435.0271
2023-09-21 14:00:00+00:00,434.135,435.55,434.01,2319,434.265,282569,434.733208
2023-09-21 15:00:00+00:00,433.92,434.55,433.66,2045,434.1,198862,434.048011
2023-09-21 16:00:00+00:00,433.57,434.165,433.45,2151,433.94,195725,433.75522
2023-09-21 17:00:00+00:00,434.42,434.86,433.5,1913,433.555,170772,434.440625
2023-09-21 18:00:00+00:00,433.095,434.465,433.07,2064,434.45,256927,433.607387
2023-09-21 19:00:00+00:00,431.3,433.38,431.25,4277,433.085,502786,432.170947
2023-09-22 13:00:00+00:00,432.42,432.635,431.68,1102,432.48,136227,432.183985
2023-09-22 14:00:00+00:00,433.655,433.8,431.97,2046,432.47,234633,432.938747
2023-09-22 15:00:00+00:00,432.91,434.06,432.9,1168,433.72,111735,433.424771
2023-09-22 16:00:00+00:00,433.4,433.74,432.69,1148,432.88,78757,433.240975
2023-09-22 17:00:00+00:00,431.69,433.45,431.21,1334,433.44,149436,431.982992
2023-09-22 18:00:00+00:00,431.005,431.72,430.565,1188,431.65,122677,431.040827
2023-09-22 19:00:00+00:00,430.28,433.125,430.01,2791,430.985,358590,431.129798
2023-09-22 20:00:00+00:00,430.85,430.85,430.85,2,430.85,835,430.85
2023-09-25 13:00:00+00:00,430.57,430.735,428.745,891,429.13,92107,429.491562
2023-09-25 14:00:00+00:00,429.23,430.71,429.23,1517,430.59,119660,429.888544
2023-09-25 15:00:00+00:00,431.255,431.69,429.14,1227,429.27,112684,430.960611
2023-09-25 16:00:00+00:00,431.04,432.0,430.61,1026,431.255,85526,431.459854
2023-09-25 17:00:00+00:00,431.47,431.82,430.62,733,431.015,65282,431.241724
2023-09-25 18:00:00+00:00,430.875,431.705,430.81,1104,431.455,96847,431.272167
2023-09-25 19:00:00+00:00,432.23,432.25,430.02,2045,430.75,258046,431.134077
2023-09-25 20:00:00+00:00,432.3,432.31,432.23,7,432.31,8200,432.280487
2023-09-26 13:00:00+00:00,428.7,429.81,428.54,1119,429.1,122924,429.080917
2023-09-26 14:00:00+00:00,428.01,428.91,427.03,2324,428.65,283642,427.931436
2023-09-26 15:00:00+00:00,427.08,428.235,426.63,1540,428.02,156179,427.26459
2023-09-26 16:00:00+00:00,427.56,427.96,426.87,1320,427.125,128645,427.481603
2023-09-26 17:00:00+00:00,426.71,427.98,426.02,1531,427.58,158952,426.768338
2023-09-26 18:00:00+00:00,425.83,426.71,425.48,1820,426.69,183557,425.955805
2023-09-26 19:00:00+00:00,425.84,426.04,425.035,3907,425.815,496266,425.603819
2023-09-26 20:00:00+00:00,426.62,426.62,425.93,4,425.94,3700,426.139189
2023-09-27 13:00:00+00:00,426.88,427.615,426.69,878,427.08,105500,427.122195
2023-09-27 14:00:00+00:00,425.16,427.095,425.01,1442,426.92,151349,426.231434
2023-09-27 15:00:00+00:00,424.895,426.11,424.59,1385,425.19,148851,425.429277
2023-09-27 16:00:00+00:00,424.06,424.88,423.77,1653,424.88,220298,424.274729
2023-09-27 17:00:00+00:00,423.33,424.66,422.31,1307,424.21,171385,423.254169
2023-09-27 18:00:00+00:00,425.88,426.29,422.61,2777,423.28,449425,424.862808
2023-09-27 19:00:00+00:00,425.925,427.53,424.865,3302,425.87,380040,426.151311
2023-09-27 20:00:00+00:00,426.22,426.22,425.99,4,425.99,589,426.037097
2023-09-28 12:00:00+00:00,427.43,427.43,427.43,2,427.43,200,427.43
2023-09-28 13:00:00+00:00,426.7,426.72,424.87,1046,425.56,118175,425.655168
2023-09-28 14:00:00+00:00,427.305,427.53,425.335,1705,426.89,158433,426.746142
2023-09-28 15:00:00+00:00,429.45,429.605,426.98,2507,427.34,206882,428.572213
2023-09-28 16:00:00+00:00,428.875,430.24,428.58,1583,429.45,173528,429.464335
2023-09-28 17:00:00+00:00,428.08,429.25,427.72,1379,428.91,148259,428.423834
2023-09-28 18:00:00+00:00,428.31,429.08,427.48,1512,428.19,157722,428.216902
2023-09-28 19:00:00+00:00,428.51,429.755,427.985,2389,428.415,249375,428.690745
2023-09-28 20:00:00+00:00,428.52,428.52,428.33,10,428.33,5967,428.358453
2023-09-29 13:00:00+00:00,431.36,431.82,430.59,1136,431.69,132325,431.136512
2023-09-29 14:00:00+00:00,430.535,431.74,430.04,1723,431.41,184614,430.794724
2023-09-29 15:00:00+00:00,429.23,431.35,428.645,1661,430.56,162368,429.813576
2023-09-29 16:00:00+00:00,428.2,429.73,427.94,1312,429.23,122633,429.072687
2023-09-29 17:00:00+00:00,426.195,428.24,426.195,2037,428.24,187058,427.033344
2023-09-29 18:00:00+00:00,428.22,428.22,425.94,2770,426.3,572608,426.74441
2023-09-29 19:00:00+00:00,427.3,428.87,426.76,2745,428.215,491313,427.676487
2023-09-29 20:00:00+00:00,427.63,427.63,427.63,3,427.63,550,427.63
2023-10-02 13:00:00+00:00,426.77,427.69,426.195,1385,426.6,150106,426.902006
2023-10-02 14:00:00+00:00,426.415,428.075,425.94,1798,426.58,203594,427.050431
2023-10-02 15:00:00+00:00,425.82,428.58,425.53,1900,426.46,163954,426.932556
2023-10-02 16:00:00+00:00,424.865,426.05,424.49,1476,425.8,148656,425.412376
2023-10-02 17:00:00+00:00,425.48,425.99,424.61,1191,424.785,92926,425.428954
2023-10-02 18:00:00+00:00,425.145,426.71,424.55,1478,425.47,119828,425.472443
2023-10-02 19:00:00+00:00,427.36,427.36,424.56,2479,425.08,256716,426.178942
2023-10-02 20:00:00+00:00,427.4,427.4,427.4,6,427.4,1074,427.4
2023-10-03 13:00:00+00:00,426.26,426.635,425.02,785,425.2,85928,425.644287
2023-10-03 14:00:00+00:00,421.78,426.29,421.47,2342,426.29,338067,423.003944
2023-10-03 15:00:00+00:00,421.14,422.11,420.765,1628,421.735,179033,421.401786
2023-10-03 16:00:00+00:00,422.235,422.55,421.17,1564,421.21,159105,422.036195
2023-10-03 17:00:00+00:00,420.89,422.81,420.745,1191,422.26,132897,421.534954
2023-10-03 18:00:00+00:00,421.14,421.5,420.2,1692,420.88,179788,420.702598
2023-10-03 19:00:00+00:00,421.68,421.68,420.305,2712,421.105,344220,421.066374
2023-10-04 13:00:00+00:00,422.52,423.37,421.99,1066,422.12,117572,422.581982
2023-10-04 14:00:00+00:00,421.045,422.81,420.57,1806,422.36,262114,421.53711
2023-10-04 15:00:00+00:00,423.92,423.92,420.7,1479,420.915,161115,422.514308
2023-10-04 16:00:00+00:00,423.53,424.36,423.25,1341,423.935,151911,423.72937
2023-10-04 17:00:00+00:00,422.18,423.69,422.04,1528,423.615,165051,422.747569
2023-10-04 18:00:00+00:00,423.16,423.3,421.72,1533,422.13,157857,422.486912
2023-10-04 19:00:00+00:00,424.705,425.405,423.05,2757,423.23,370338,424.659979
2023-10-04 20:00:00+00:00,424.47,424.5,424.47,3,424.5,546,424.483516
2023-10-05 13:00:00+00:00,424.09,425.205,423.365,740,424.42,107605,424.382817
2023-10-05 14:00:00+00:00,421.955,424.13,421.655,1492,424.13,177983,422.748058
2023-10-05 15:00:00+00:00,422.0,422.58,421.21,1125,421.88,148258,421.941896
2023-10-05 16:00:00+00:00,422.615,423.375,421.895,1096,422.035,108651,422.754247
2023-10-05 17:00:00+00:00,424.07,424.19,421.88,970,422.59,118820,423.403049
2023-10-05 18:00:00+00:00,425.08,425.37,423.93,1243,424.13,180691,424.609199
2023-10-05 19:00:00+00:00,424.31,425.16,424.2,1640,425.05,188138,424.621448
2023-10-06 12:00:00+00:00,421.5,421.5,421.5,1,421.5,300,421.5
2023-10-06 13:00:00+00:00,421.91,422.97,421.01,713,422.165,103786,421.939832
2023-10-06 14:00:00+00:00,423.83,424.31,420.6,2177,421.84,275362,422.436614
2023-10-06 15:00:00+00:00,428.81,428.89,423.805,2148,423.84,304105,426.284495
2023-10-06 16:00:00+00:00,428.21,429.27,427.725,1543,428.945,232356,428.415553
2023-10-06 17:00:00+00:00,429.73,429.845,428.125,1275,428.265,147228,429.303466
2023-10-06 18:00:00+00:00,430.69,431.11,429.4,1746,429.75,181330,430.388789
2023-10-06 19:00:00+00:00,429.44,430.93,429.39,2642,430.675,410952,430.130772
2023-10-06 20:00:00+00:00,429.85,429.85,429.51,6,429.51,3801,429.636053
2023-10-09 13:00:00+00:00,428.82,428.98,427.37,895,427.49,92724,428.071887
2023-10-09 14:00:00+00:00,427.365,429.09,427.04,1143,428.905,112443,428.045153
2023-10-09 15:00:00+00:00,429.04,429.065,427.305,1069,427.345,105788,428.285399
2023-10-09 16:00:00+00:00,428.94,429.94,428.55,975,429.04,96909,429.236628
2023-10-09 17:00:00+00:00,432.11,432.11,428.865,1104,429.0,125195,430.731997
2023-10-09 18:00:00+00:00,432.58,432.86,431.705,1345,432.14,154115,432.329638
2023-10-09 19:00:00+00:00,432.24,432.665,431.57,1672,432.58,208163,431.997568
2023-10-09 20:00:00+00:00,432.34,432.34,432.29,4,432.29,4538,432.306527
2023-10-10 13:00:00+00:00,433.51,433.53,432.53,747,433.02,101403,433.034226
2023-10-10 14:00:00+00:00,435.335,435.69,433.77,1956,433.77,227129,434.840133
2023-10-10 15:00:00+00:00,437.01,437.095,435.14,1724,435.295,196839,436.343982
2023-10-10 16:00:00+00:00,436.725,437.205,436.58,1631,436.98,135210,436.886587
2023-10-10 17:00:00+00:00,435.43,436.835,434.685,1553,436.835,169491,435.367731
2023-10-10 18:00:00+00:00,434.6,435.72,434.315,1372,435.39,129467,434.985745
2023-10-10 19:00:00+00:00,434.47,435.085,434.33,2517,434.63,510595,434.659348
2023-10-10 20:00:00+00:00,434.62,434.64,434.37,12,434.49,14125,434.524508
2023-10-11 13:00:00+00:00,435.48,436.41,435.3,641,435.68,84515,435.874527
2023-10-11 14:00:00+00:00,435.52,435.615,434.59,1397,435.45,123064,435.082465
2023-10-11 15:00:00+00:00,434.47,435.82,434.235,1120,435.52,96610,434.777956
2023-10-11 16:00:00+00:00,434.185,434.48,433.595,905,434.48,89002,434.066503
2023-10-11 17:00:00+00:00,433.85,434.33,433.18,1050,434.11,96758,433.644294
2023-10-11 18:00:00+00:00,435.03,435.31,433.8,921,433.8,113390,434.737014
2023-10-11 19:00:00+00:00,436.33,436.57,434.93,2245,435.03,264433,435.95447
2023-10-11 20:00:00+00:00,436.89,436.92,436.38,10,436.38,3712,436.708006
2023-10-12 12:00:00+00:00,437.6,437.6,437.6,1,437.6,100,437.6
2023-10-12 13:00:00+00:00,435.46,436.96,435.08,710,436.86,75301,436.118306
2023-10-12 14:00:00+00:00,436.14,436.695,435.0,1139,435.41,115316,435.846194
2023-10-12 15:00:00+00:00,436.525,436.88,435.645,919,436.13,74982,436.256582
2023-10-12 16:00:00+00:00,436.47,437.32,436.38,857,436.565,84275,436.896229
2023-10-12 17:00:00+00:00,432.43,436.49,432.36,1574,436.48,224341,433.658866
2023-10-12 18:00:00+00:00,432.94,433.34,431.24,2275,432.42,430758,432.32866
2023-10-12 19:00:00+00:00,433.68,434.25,432.925,2394,433.0,360341,433.637373
2023-10-12 20:00:00+00:00,433.76,433.78,433.71,5,433.78,3136,433.747097
2023-10-13 13:00:00+00:00,436.04,436.39,435.135,716,435.26,100365,435.777168
2023-10-13 14:00:00+00:00,432.795,435.84,432.59,1406,435.705,180295,434.10373
2023-10-13 15:00:00+00:00,431.325,432.87,431.05,1456,432.77,184750,432.116257
2023-10-13 16:00:00+00:00,432.04,433.33,431.215,1023,431.26,106430,432.437318
2023-10-13 17:00:00+00:00,431.375,432.21,429.9,1652,432.05,196474,430.853403
2023-10-13 18:00:00+00:00,431.56,432.1,430.77,1701,431.385,258847,431.409823
2023-10-13 19:00:00+00:00,431.625,432.4,430.33,3106,431.65,577527,431.338625
2023-10-13 20:00:00+00:00,431.28,431.37,431.28,3,431.37,3204,431.301998
2023-10-16 13:00:00+00:00,434.32,434.74,433.57,1267,433.81,123150,434.20217
2023-10-16 14:00:00+00:00,436.77,436.81,433.825,2170,434.34,343249,435.714452
2023-10-16 15:00:00+00:00,435.95,437.115,435.49,1662,436.855,169638,436.303822
2023-10-16 16:00:00+00:00,435.97,436.23,435.48,1307,435.96,135833,435.929673
2023-10-16 17:00:00+00:00,436.47,436.85,434.33,1443,436.12,165988,435.978632
2023-10-16 18:00:00+00:00,436.53,436.72,435.62,1064,436.455,100208,436.19795
2023-10-16 19:00:00+00:00,436.04,436.95,435.78,2247,436.5,286093,436.40503
2023-10-16 20:00:00+00:00,436.32,436.33,436.04,6,436.04,4500,436.257555
2023-10-17 13:00:00+00:00,432.795,433.705,432.48,870,432.77,129885,433.157487
2023-10-17 14:00:00+00:00,435.1,435.69,432.66,1579,432.66,180326,434.500402
2023-10-17 15:00:00+00:00,437.265,437.5,434.95,1252,435.17,140381,436.326001
2023-10-17 16:00:00+00:00,436.815,438.13,436.68,1312,437.205,172197,437.534271
2023-10-17 17:00:00+00:00,434.89,437.01,434.62,1174,436.84,170129,436.025357
2023-10-17 18:00:00+00:00,434.63,435.685,434.225,1189,434.86,133108,435.045587
2023-10-17 19:00:00+00:00,436.11,436.11,434.32,2087,434.58,269081,435.315568
2023-10-17 20:00:00+00:00,435.69,435.98,435.68,9,435.98,8498,435.790814
2023-10-18 13:00:00+00:00,434.005,434.73,433.56,680,434.05,82660,433.971911
2023-10-18 14:00:00+00:00,432.56,435.115,432.23,1755,433.83,230832,433.367229
2023-10-18 15:00:00+00:00,432.51,433.535,432.245,1127,432.53,134128,432.812614
2023-10-18 16:00:00+00:00,431.58,433.415,431.4,1208,432.475,121078,432.173186
2023-10-18 17:00:00+00:00,432.49,433.76,431.1,1254,431.41,174307,432.476291
2023-10-18 18:00:00+00:00,431.2,433.19,430.88,1145,432.54,111121,431.958723
2023-10-18 19:00:00+00:00,430.24,431.13,429.09,3330,431.13,503177,430.199752
2023-10-19 12:00:00+00:00,430.84,430.84,430.84,1,430.84,100,430.84
2023-10-19 13:00:00+00:00,430.65,431.35,430.185,499,430.89,59255,430.659271
2023-10-19 14:00:00+00:00,428.95,431.08,428.725,1428,430.72,154831,429.600044
2023-10-19 15:00:00+00:00,430.01,430.705,428.47,1192,428.95,113377,429.53837
2023-10-19 16:00:00+00:00,431.06,432.82,427.74,2248,430.005,397651,430.181452
2023-10-19 17:00:00+00:00,429.49,432.3,429.02,1460,431.215,183579,430.552334
2023-10-19 18:00:00+00:00,426.95,429.995,426.67,1789,429.45,224024,428.004401
2023-10-19 19:00:00+00:00,426.43,427.535,425.74,2553,426.935,426004,426.741749
2023-10-19 20:00:00+00:00,425.95,426.07,425.95,5,426.05,777,426.044286
2023-10-20 13:00:00+00:00,425.14,426.48,425.14,789,425.89,83534,425.896523
2023-10-20 14:00:00+00:00,422.41,425.4,422.35,2027,425.02,267251,423.582844
2023-10-20 15:00:00+00:00,423.37,423.74,421.93,1770,422.38,204057,422.647946
2023-10-20 16:00:00+00:00,424.26,424.43,422.35,1410,423.405,139120,423.261732
2023-10-20 17:00:00+00:00,424.205,424.73,423.09,1232,424.275,110289,423.958797
2023-10-20 18:00:00+00:00,422.62,424.26,422.24,2320,424.205,467826,422.847921
2023-10-20 19:00:00+00:00,421.25,423.09,421.08,3682,422.65,658071,421.927001
2023-10-20 20:00:00+00:00,420.87,421.1,420.87,9,420.88,9800,420.882449
2023-10-23 13:00:00+00:00,420.61,420.67,417.82,1340,419.54,172241,419.269903
2023-10-23 14:00:00+00:00,421.26,421.61,420.07,1895,420.6,195141,420.855349
2023-10-23 15:00:00+00:00,422.85,423.01,421.22,1596,421.365,155453,422.219313
2023-10-23 16:00:00+00:00,424.34,424.34,421.9,1564,422.84,153601,422.943788
2023-10-23 17:00:00+00:00,422.95,424.45,422.64,1513,424.45,144706,423.360941
2023-10-23 18:00:00+00:00,422.71,423.29,422.075,1401,422.825,110465,422.665166
2023-10-23 19:00:00+00:00,420.52,423.05,420.245,3069,422.8,394107,421.075522
2023-10-23 20:00:00+00:00,421.32,421.32,421.32,1,421.32,117,421.32
2023-10-24 13:00:00+00:00,423.78,423.89,422.49,835,422.69,123225,423.12534
2023-10-24 14:00:00+00:00,424.22,424.81,422.61,1316,423.85,118792,423.932071
2023-10-24 15:00:00+00:00,423.22,424.195,422.58,1027,424.13,110407,423.294184
2023-10-24 16:00:00+00:00,421.27,423.53,420.74,1310,423.38,159509,421.849972
2023-10-24 17:00:00+00:00,422.18,422.545,421.075,1202,421.25,114707,421.889848
2023-10-24 18:00:00+00:00,423.53,423.75,421.99,1245,422.14,100021,422.944626
2023-10-24 19:00:00+00:00,423.56,424.18,423.26,2621,423.52,384650,423.900849
2023-10-24 20:00:00+00:00,423.63,424.91,423.63,11,424.68,3201,424.747173
2023-10-25 13:00:00+00:00,420.15,421.91,419.54,1653,421.91,144921,420.417384
2023-10-25 14:00:00+00:00,420.15,421.105,419.02,1770,419.84,243467,419.638324
2023-10-25 15:00:00+00:00,419.51,421.42,419.51,1712,420.13,168171,420.602845
2023-10-25 16:00:00+00:00,418.53,419.75,418.36,1722,419.47,137118,419.031975
2023-10-25 17:00:00+00:00,417.73,418.8,417.03,1834,418.55,160690,417.739504
2023-10-25 18:00:00+00:00,417.68,418.225,417.13,1559,417.785,113434,417.728161
2023-10-25 19:00:00+00:00,417.62,418.43,417.24,3005,417.71,338301,417.724016
2023-10-25 20:00:00+00:00,417.55,418.01,417.55,6,417.75,725,417.710787
2023-10-26 13:00:00+00:00,415.33,417.29,415.26,1063,416.46,135551,416.366816
2023-10-26 14:00:00+00:00,416.34,416.86,414.37,2019,415.21,245109,415.286758
2023-10-26 15:00:00+00:00,414.53,416.53,413.89,1449,416.37,155303,414.787559
2023-10-26 16:00:00+00:00,412.15,414.495,412.15,2039,414.495,198818,412.78401
2023-10-26 17:00:00+00:00,413.625,413.68,411.71,1631,412.185,220714,412.673343
2023-10-26 18:00:00+00:00,415.545,415.545,413.37,2675,413.63,476008,414.413364
2023-10-26 19:00:00+00:00,412.6,415.925,412.3,3796,415.53,827500,413.825404
2023-10-26 20:00:00+00:00,413.55,413.55,412.52,5,412.52,1800,413.052778
2023-10-27 13:00:00+00:00,413.11,414.45,412.66,1118,414.385,103630,413.429795
2023-10-27 14:00:00+00:00,413.515,414.11,411.88,1830,413.26,158374,413.043472
2023-10-27 15:00:00+00:00,413.43,414.57,412.81,1529,413.565,118350,413.7496
2023-10-27 16:00:00+00:00,411.76,413.55,411.67,1415,413.405,143408,412.608906
2023-10-27 17:00:00+00:00,410.35,412.03,410.12,1782,411.735,177962,410.791532
2023-10-27 18:00:00+00:00,409.53,411.18,409.27,2553,410.38,361677,410.21538
2023-10-27 19:00:00+00:00,410.76,410.91,409.24,4125,409.52,743779,410.006676
2023-10-27 20:00:00+00:00,410.68,410.98,410.67,5,410.95,3169,410.904424
2023-10-30 13:00:00+00:00,414.88,415.34,413.56,1188,413.56,152544,414.62758
2023-10-30 14:00:00+00:00,412.95,415.02,412.27,1669,414.89,195764,413.466865
2023-10-30 15:00:00+00:00,413.99,414.05,412.44,1141,413.36,100235,413.42646
2023-10-30 16:00:00+00:00,413.21,414.245,412.65,1092,413.97,85585,413.553243
2023-10-30 17:00:00+00:00,415.66,415.72,412.97,1740,413.26,144442,414.847281
2023-10-30 18:00:00+00:00,415.83,416.28,415.04,2001,415.67,203027,415.556531
2023-10-30 19:00:00+00:00,415.64,416.67,415.48,3735,415.845,557396,416.019803
2023-10-30 20:00:00+00:00,415.6,415.63,415.4,8,415.63,11200,415.486408
2023-10-31 13:00:00+00:00,414.79,416.29,414.32,751,416.17,79580,415.130447
2023-10-31 14:00:00+00:00,416.275,416.56,414.21,1342,414.75,180789,415.627642
2023-10-31 15:00:00+00:00,416.42,416.57,415.45,1151,416.38,97445,415.908531
2023-10-31 16:00:00+00:00,416.72,416.83,415.22,1050,416.44,86030,416.147928
2023-10-31 17:00:00+00:00,417.86,417.935,416.34,1560,416.73,135784,417.25559
2023-10-31 18:00:00+00:00,418.11,418.2,417.09,2094,417.85,241673,417.614132
2023-10-31 19:00:00+00:00,418.18,418.5,417.585,3891,418.16,575678,418.139738
2023-10-31 20:00:00+00:00,417.73,418.2,417.73,8,418.2,6199,417.944844
2023-11-01 13:00:00+00:00,419.56,419.85,418.68,946,419.285,97909,419.234753
2023-11-01 14:00:00+00:00,421.28,421.89,419.23,2169,419.8,212172,420.88583
2023-11-01 15:00:00+00:00,420.73,421.59,420.23,1542,421.22,159054,420.77329
2023-11-01 16:00:00+00:00,419.74,420.7,419.32,1370,420.7,168591,420.119653
2023-11-01 17:00:00+00:00,420.09,420.39,419.39,1432,419.765,145292,419.875453
2023-11-01 18:00:00+00:00,421.41,421.72,419.09,1925,420.37,251088,420.246914
2023-11-01 19:00:00+00:00,422.66,423.485,421.48,3466,421.53,487786,422.789169
2023-11-01 20:00:00+00:00,422.66,422.66,422.66,1,422.66,100,422.66
2023-11-02 13:00:00+00:00,427.51,428.03,426.6,1022,426.6,122515,427.439937
2023-11-02 14:00:00+00:00,429.31,429.31,426.78,2151,427.51,207684,428.136479
2023-11-02 15:00:00+00:00,428.77,429.335,428.23,1598,429.32,127057,428.956142
2023-11-02 16:00:00+00:00,429.13,429.555,428.45,1544,428.75,143831,428.993109
2023-11-02 17:00:00+00:00,430.275,430.41,428.94,1933,429.09,176916,429.786799
2023-11-02 18:00:00+00:00,430.25,430.47,429.77,1864,430.295,140505,430.171372
2023-11-02 19:00:00+00:00,430.69,430.91,430.09,3815,430.26,449151,430.591868
2023-11-02 20:00:00+00:00,430.46,430.7,430.46,4,430.7,2667,430.601065
2023-11-03 13:00:00+00:00,434.8,434.96,433.07,896,433.07,113786,434.290936
2023-11-03 14:00:00+00:00,434.17,435.38,433.21,1804,434.9,192722,434.147633
2023-11-03 15:00:00+00:00,434.975,435.185,433.57,1293,434.195,135173,434.502749
2023-11-03 16:00:00+00:00,435.76,435.84,434.865,1831,435.015,168468,435.48764
2023-11-03 17:00:00+00:00,435.64,435.89,434.85,1409,435.735,114822,435.385703
2023-11-03 18:00:00+00:00,436.1,436.17,435.015,1492,435.635,114273,435.720336
2023-11-03 19:00:00+00:00,434.72,436.29,434.66,4167,436.095,602744,435.15466
2023-11-03 20:00:00+00:00,435.09,435.12,434.9,15,434.9,10573,435.075957
2023-11-06 14:00:00+00:00,435.44,436.14,435.07,752,435.48,85505,435.559014
2023-11-06 15:00:00+00:00,435.42,435.85,434.765,1448,435.54,155888,435.253824
2023-11-06 16:00:00+00:00,435.55,435.8,435.045,1323,435.44,104044,435.441839
2023-11-06 17:00:00+00:00,434.99,435.625,434.48,1329,435.57,104674,435.030614
2023-11-06 18:00:00+00:00,434.295,434.995,433.71,1555,434.98,136068,434.250423
2023-11-06 19:00:00+00:00,435.08,435.17,433.73,1608,434.295,135233,434.44741
2023-11-06 20:00:00+00:00,435.69,435.74,434.715,3231,435.08,520629,435.261643
2023-11-06 21:00:00+00:00,435.36,435.72,435.36,22,435.72,18458,435.539913
2023-11-07 14:00:00+00:00,435.545,435.71,434.51,863,435.66,99632,435.022425
2023-11-07 15:00:00+00:00,437.14,437.44,435.395,2013,435.57,194722,436.473725
2023-11-07 16:00:00+00:00,436.865,437.49,436.68,1642,437.145,131295,437.067628
2023-11-07 17:00:00+00:00,436.675,436.885,435.9,1401,436.885,105347,436.399667
2023-11-07 18:00:00+00:00,437.2,437.45,436.59,1931,436.695,142336,437.155079
2023-11-07 19:00:00+00:00,436.89,437.46,436.83,1472,437.25,97497,437.203879
2023-11-07 20:00:00+00:00,436.89,437.58,436.22,2671,436.88,359254,436.953079
2023-11-07 21:00:00+00:00,436.85,436.94,436.8,15,436.87,9190,436.868472
2023-11-08 14:00:00+00:00,437.72,438.09,437.41,675,437.5,71180,437.776062
2023-11-08 15:00:00+00:00,436.585,437.74,436.585,1121,437.74,116356,436.956152
2023-11-08 16:00:00+00:00,436.11,437.14,436.03,939,436.57,88084,436.582116
2023-11-08 17:00:00+00:00,435.78,436.1,434.895,1769,436.09,106683,435.565732
2023-11-08 18:00:00+00:00,436.535,436.69,435.61,1119,435.76,104956,436.393508
2023-11-08 19:00:00+00:00,436.495,437.18,436.46,1040,436.47,82370,436.850608
2023-11-08 20:00:00+00:00,437.43,437.76,436.495,2234,436.495,360317,437.308971
2023-11-08 21:00:00+00:00,436.93,437.06,436.83,6,437.06,7600,436.912237
2023-11-09 14:00:00+00:00,437.87,438.47,437.0,547,438.38,70358,437.566412
2023-11-09 15:00:00+00:00,437.01,438.15,436.1,1144,437.96,110339,436.69347
2023-11-09 16:00:00+00:00,437.805,438.08,436.99,1543,436.99,132580,437.600408
2023-11-09 17:00:00+00:00,437.595,437.87,437.095,1090,437.79,100855,437.458909
2023-11-09 18:00:00+00:00,435.47,437.58,435.155,1565,437.575,161809,435.896753
2023-11-09 19:00:00+00:00,433.81,435.33,433.665,1691,435.33,192493,434.372756
2023-11-09 20:00:00+00:00,433.88,434.31,433.41,2648,433.735,328201,433.751779
2023-11-09 21:00:00+00:00,434.02,434.02,433.87,5,433.89,7200,433.940833
2023-11-10 14:00:00+00:00,435.66,436.155,434.92,738,435.99,79749,435.684409
2023-11-10 15:00:00+00:00,435.4,435.81,434.45,1294,435.43,155877,435.066377
2023-11-10 16:00:00+00:00,436.77,436.89,435.38,1844,435.38,219554,436.560208
2023-11-10 17:00:00+00:00,438.785,439.03,436.71,1727,436.795,196779,438.022915
2023-11-10 18:00:00+00:00,439.53,439.77,438.215,2010,438.765,253034,439.033973
2023-11-10 19:00:00+00:00,439.66,439.95,439.42,1725,439.505,165880,439.708809
2023-11-10 20:00:00+00:00,440.72,440.92,439.62,3712,439.65,717213,440.553389
2023-11-10 21:00:00+00:00,440.63,440.81,440.63,23,440.81,8456,440.745381
2023-11-13 14:00:00+00:00,438.87,439.58,438.445,879,439.21,114832,438.886471
2023-11-13 15:00:00+00:00,439.755,439.93,438.55,1498,438.81,162525,439.18082
2023-11-13 16:00:00+00:00,441.07,441.325,439.56,1691,439.72,174731,440.385742
2023-11-13 17:00:00+00:00,440.475,441.1,440.22,1272,441.02,111679,440.664095
2023-11-13 18:00:00+00:00,440.54,441.02,439.905,1316,440.53,128119,440.454185
2023-11-13 19:00:00+00:00,440.6,441.1,440.4,1500,440.53,124963,440.743306
2023-11-13 20:00:00+00:00,440.17,440.92,440.1,2779,440.57,290605,440.46788
2023-11-13 21:00:00+00:00,440.29,440.4,440.29,9,440.35,12000,440.356583
2023-11-14 14:00:00+00:00,448.02,448.03,446.13,1389,446.35,177784,447.09027
2023-11-14 15:00:00+00:00,448.97,449.37,447.63,2615,447.98,307681,448.596674
2023-11-14 16:00:00+00:00,448.47,449.73,448.405,2261,448.98,218083,449.232558
2023-11-14 17:00:00+00:00,448.73,448.81,447.89,1972,448.39,221113,448.311146
2023-11-14 18:00:00+00:00,448.25,449.13,448.24,1711,448.7,170029,448.703318
2023-11-14 19:00:00+00:00,449.46,449.5,447.705,2435,448.24,336265,448.749545
2023-11-14 20:00:00+00:00,448.66,450.05,448.29,4335,449.43,651753,449.383692
2023-11-14 21:00:00+00:00,449.03,449.04,448.96,9,449.02,8254,449.008985
2023-11-15 14:00:00+00:00,449.91,450.735,449.4,753,450.28,96690,450.080025
2023-11-15 15:00:00+00:00,451.1,451.36,449.78,2094,449.94,284431,450.780583
2023-11-15 16:00:00+00:00,449.815,451.38,449.6,1864,451.105,202362,450.463205
2023-11-15 17:00:00+00:00,449.75,450.33,449.54,1557,449.825,172517,449.966594
2023-11-15 18:00:00+00:00,450.225,450.285,448.82,1537,449.71,173620,449.570927
2023-11-15 19:00:00+00:00,450.24,450.66,449.61,1864,450.25,187564,450.241535
2023-11-15 20:00:00+00:00,449.69,450.36,449.23,2787,450.24,473836,449.770085
2023-11-15 21:00:00+00:00,449.0,449.0,449.0,6,449.0,2200,449.0
2023-11-16 13:00:00+00:00,449.5,449.5,449.5,1,449.5,200,449.5
2023-11-16 14:00:00+00:00,450.355,450.465,449.15,671,449.18,59104,449.756021
2023-11-16 15:00:00+00:00,449.03,450.51,448.765,1511,450.435,172582,449.560916
2023-11-16 16:00:00+00:00,448.68,449.26,448.18,1696,449.015,160539,448.661445
2023-11-16 17:00:00+00:00,449.48,449.915,448.68,1410,448.73,126979,449.275749
2023-11-16 18:00:00+00:00,448.945,449.57,448.6,1497,449.49,127560,449.182786
2023-11-16 19:00:00+00:00,449.57,449.84,448.85,1244,448.94,128599,449.286816
2023-11-16 20:00:00+00:00,450.25,450.32,449.36,3247,449.56,571779,449.999069
2023-11-16 21:00:00+00:00,450.35,450.35,450.17,25,450.2,13409,450.23743
2023-11-17 14:00:00+00:00,450.13,450.59,449.48,795,450.23,88261,449.936826
2023-11-17 15:00:00+00:00,450.07,450.36,449.51,1467,450.14,138179,450.003687
2023-11-17 16:00:00+00:00,450.21,450.23,449.31,1048,450.07,78502,449.848778
2023-11-17 17:00:00+00:00,450.46,450.69,450.015,1643,450.19,100985,450.397551
2023-11-17 18:00:00+00:00,451.04,451.1,450.295,1917,450.45,124383,450.802456
2023-11-17 19:00:00+00:00,450.94,451.395,450.65,1901,451.05,176945,450.987906
2023-11-17 20:00:00+00:00,450.74,451.375,450.2,2937,450.99,357141,450.68577
2023-11-17 21:00:00+00:00,450.6,450.75,450.5,14,450.7,16553,450.623579
2023-11-20 14:00:00+00:00,452.145,452.145,450.57,802,450.63,103407,451.530148
2023-11-20 15:00:00+00:00,452.61,452.61,451.46,2052,452.17,257220,452.088153
2023-11-20 16:00:00+00:00,452.77,452.89,452.54,1773,452.62,161057,452.701677
2023-11-20 17:00:00+00:00,452.665,453.075,452.48,1244,452.76,109800,452.809042
2023-11-20 18:00:00+00:00,454.005,454.09,452.63,1940,452.63,188557,453.671984
2023-11-20 19:00:00+00:00,454.58,454.685,453.79,1905,453.98,228009,454.199414
2023-11-20 20:00:00+00:00,454.26,455.1,453.925,3439,454.55,557788,454.532482
2023-11-20 21:00:00+00:00,453.91,454.04,453.89,8,454.04,2351,454.01087
2023-11-21 13:00:00+00:00,453.42,453.42,453.42,1,453.42,100,453.42
2023-11-21 14:00:00+00:00,452.83,453.315,452.71,812,453.235,96051,452.983664
2023-11-21 15:00:00+00:00,452.7,453.15,451.97,1734,452.87,182402,452.542117
2023-11-21 16:00:00+00:00,452.88,452.9,452.24,1218,452.67,149397,452.555807
2023-11-21 17:00:00+00:00,453.52,453.57,452.765,1484,452.88,125756,453.159554
2023-11-21 18:00:00+00:00,453.275,453.565,452.66,1369,453.49,109373,453.118464
2023-11-21 19:00:00+00:00,453.32,453.51,452.83,1275,453.26,128205,453.137209
2023-11-21 20:00:00+00:00,453.28,453.62,452.93,2482,453.3,312764,453.261742
2023-11-21 21:00:00+00:00,452.77,453.08,452.77,3,453.08,1700,452.788235
2023-11-22 14:00:00+00:00,454.97,456.33,454.36,1098,454.995,134069,455.61393
2023-11-22 15:00:00+00:00,454.51,455.51,453.93,1686,454.93,260445,454.749486
2023-11-22 16:00:00+00:00,455.51,455.57,454.48,1355,454.53,111282,455.027212
2023-11-22 17:00:00+00:00,455.1,455.895,454.645,1249,455.53,114394,455.275813
2023-11-22 18:00:00+00:00,455.26,455.59,455.03,940,455.12,77198,455.353632
2023-11-22 19:00:00+00:00,454.86,455.61,453.93,1503,455.39,141025,454.972425
2023-11-22 20:00:00+00:00,455.0,455.37,454.765,2616,454.85,305556,455.136051
2023-11-22 21:00:00+00:00,454.94,454.96,454.89,4,454.96,2162,454.921332
2023-11-24 14:00:00+00:00,455.21,455.365,454.75,649,455.08,74041,455.02312
2023-11-24 15:00:00+00:00,455.11,455.42,454.765,1385,455.27,108008,455.068907
2023-11-24 16:00:00+00:00,454.93,455.225,454.88,904,455.13,67026,455.047281
2023-11-24 17:00:00+00:00,455.26,455.325,454.835,1702,454.955,175606,455.07177
2023-11-24 18:00:00+00:00,455.37,455.37,455.29,3,455.29,300,455.33
2023-11-27 14:00:00+00:00,454.485,455.235,454.09,908,454.69,98193,454.441009
2023-11-27 15:00:00+00:00,454.82,455.19,454.26,1547,454.57,142919,454.789545
2023-11-27 16:00:00+00:00,455.05,455.38,454.25,1241,454.76,91603,454.705455
2023-11-27 17:00:00+00:00,455.17,455.25,454.795,1300,455.04,107133,455.072337
2023-11-27 18:00:00+00:00,455.11,455.49,454.97,1443,455.175,118887,455.221225
2023-11-27 19:00:00+00:00,454.65,455.26,454.125,1414,455.18,111841,454.783192
2023-11-27 20:00:00+00:00,454.515,455.28,454.37,2420,454.69,330978,454.728537
2023-11-27 21:00:00+00:00,454.54,454.54,454.45,5,454.45,7500,454.492
2023-11-28 14:00:00+00:00,453.6,454.2,453.51,741,454.02,74415,453.750439
2023-11-28 15:00:00+00:00,455.11,455.4,453.63,1794,453.67,190190,454.345384
2023-11-28 16:00:00+00:00,456.01,456.26,454.93,2050,455.185,214873,455.760767
2023-11-28 17:00:00+00:00,454.85,456.05,454.69,1516,456.0,135870,455.35216
2023-11-28 18:00:00+00:00,454.37,454.9,453.79,1465,454.9,136111,454.360501
2023-11-28 19:00:00+00:00,454.68,454.94,453.99,1160,454.41,93610,454.426919
2023-11-28 20:00:00+00:00,454.87,455.08,454.04,1918,454.795,213553,454.683948
2023-11-28 21:00:00+00:00,455.08,455.08,454.93,6,454.94,6600,455.002879
2023-11-29 14:00:00+00:00,458.115,458.31,457.03,974,457.08,124787,457.822916
2023-11-29 15:00:00+00:00,456.58,458.24,456.12,2074,458.16,288443,456.803109
2023-11-29 16:00:00+00:00,455.76,456.74,454.97,1472,456.54,168602,455.630358
2023-11-29 17:00:00+00:00,456.275,456.38,455.55,1165,455.76,114121,456.070505
2023-11-29 18:00:00+00:00,456.1,456.42,455.7,1133,456.31,137130,456.077367
2023-11-29 19:00:00+00:00,455.53,456.33,455.09,1446,456.1,150677,455.65585
2023-11-29 20:00:00+00:00,454.66,455.57,454.21,3654,455.53,600200,454.587162
2023-11-30 14:00:00+00:00,455.195,455.7,454.15,897,455.45,94204,454.865247
2023-11-30 15:00:00+00:00,454.82,455.545,454.05,1409,455.24,139903,454.792459
2023-11-30 16:00:00+00:00,453.82,455.15,453.78,1543,454.91,151764,454.375732
2023-11-30 17:00:00+00:00,454.115,454.38,453.48,1627,453.82,118002,453.922866
2023-11-30 18:00:00+00:00,453.93,454.135,453.385,1202,454.11,102099,453.791539
2023-11-30 19:00:00+00:00,455.08,455.11,453.9,1585,453.9,174124,454.547959
2023-11-30 20:00:00+00:00,456.28,456.75,453.845,3802,455.135,781176,455.827782
2023-11-30 21:00:00+00:00,456.29,456.43,456.18,34,456.33,40700,456.291572
2023-12-01 14:00:00+00:00,456.1,456.19,455.22,892,455.68,116205,455.786224
2023-12-01 15:00:00+00:00,456.3,457.06,455.36,1906,456.6,220605,456.160948
2023-12-01 16:00:00+00:00,458.31,458.75,455.16,1899,456.315,223492,457.310606
2023-12-01 17:00:00+00:00,459.41,459.63,458.18,2480,458.345,241088,458.931614
2023-12-01 18:00:00+00:00,458.31,459.47,458.26,2241,459.47,212632,458.746315
2023-12-01 19:00:00+00:00,459.08,459.08,458.2,2268,458.34,208141,458.612647
2023-12-01 20:00:00+00:00,458.99,459.32,458.41,3352,459.03,493270,458.93211
2023-12-01 21:00:00+00:00,459.2,459.2,458.94,15,458.94,13027,459.133283
2023-12-04 14:00:00+00:00,456.0,456.825,455.54,1173,455.54,156520,456.321616
2023-12-04 15:00:00+00:00,454.595,456.31,454.395,2832,456.07,318980,455.081188
2023-12-04 16:00:00+00:00,455.94,456.03,454.44,1976,454.555,212628,455.048692
2023-12-04 17:00:00+00:00,456.68,456.74,455.775,1874,455.98,222286,456.254019
2023-12-04 18:00:00+00:00,455.87,456.68,455.77,1725,456.675,189605,456.231069
2023-12-04 19:00:00+00:00,455.96,456.18,455.5,1622,455.89,161992,455.911843
2023-12-04 20:00:00+00:00,456.59,456.93,455.69,2829,456.0,345653,456.414591
2023-12-04 21:00:00+00:00,456.26,456.49,456.26,6,456.49,5500,456.337273
2023-12-05 14:00:00+00:00,455.44,455.78,454.88,1197,455.22,134538,455.304556
2023-12-05 15:00:00+00:00,457.4,457.4,455.4,2041,455.4,226235,456.537374
2023-12-05 16:00:00+00:00,456.045,457.57,455.385,1841,457.4,223093,456.444665
2023-12-05 17:00:00+00:00,456.255,456.435,455.27,1438,456.055,160659,455.990905
2023-12-05 18:00:00+00:00,456.185,456.57,455.97,1565,456.23,138898,456.236766
2023-12-05 19:00:00+00:00,456.66,456.7,455.925,1355,456.22,134452,456.330044
2023-12-05 20:00:00+00:00,456.58,456.775,456.105,2783,456.625,500109,456.42324
2023-12-05 21:00:00+00:00,456.49,456.76,456.49,28,456.61,15297,456.598676
2023-12-06 14:00:00+00:00,458.01,458.82,457.825,919,458.76,125200,458.127781
2023-12-06 15:00:00+00:00,457.16,458.39,456.78,1806,458.04,203824,457.516378
2023-12-06 16:00:00+00:00,456.77,457.43,456.02,1769,457.19,206705,456.742568
2023-12-06 17:00:00+00:00,455.86,456.85,455.82,1547,456.76,133022,456.422338
2023-12-06 18:00:00+00:00,456.545,456.58,455.68,1382,455.84,101382,456.191447
2023-12-06 19:00:00+00:00,455.83,456.53,455.83,1163,456.47,149117,456.179647
2023-12-06 20:00:00+00:00,454.74,455.87,454.365,3392,455.8,541358,454.952352
2023-12-06 21:00:00+00:00,454.71,454.86,454.65,36,454.75,32010,454.72682
2023-12-07 13:00:00+00:00,456.29,456.29,456.29,4,456.29,387,456.29
2023-12-07 14:00:00+00:00,456.58,457.2,456.315,974,456.59,123820,456.821123
2023-12-07 15:00:00+00:00,457.82,458.13,456.42,2015,456.52,259456,457.511959
2023-12-07 16:00:00+00:00,458.09,458.115,456.585,1843,457.89,220202,457.604664
2023-12-07 17:00:00+00:00,458.13,458.43,457.66,1916,458.13,205993,458.130646
2023-12-07 18:00:00+00:00,458.315,458.55,457.95,1480,458.14,158393,458.280174
2023-12-07 19:00:00+00:00,458.01,458.88,458.01,1643,458.27,199405,458.417969
2023-12-07 20:00:00+00:00,458.21,458.49,457.965,2899,457.99,404768,458.203233
2023-12-07 21:00:00+00:00,458.09,458.09,457.98,3,457.98,1500,458.040667
2023-12-08 14:00:00+00:00,458.22,458.73,457.23,874,457.47,114901,458.149573
2023-12-08 15:00:00+00:00,460.02,460.39,458.47,1737,458.47,253873,459.61732
2023-12-08 16:00:00+00:00,458.2,460.11,457.845,1560,460.08,170923,458.565526
2023-12-08 17:00:00+00:00,459.03,459.14,457.545,1127,458.26,110888,458.587839
2023-12-08 18:00:00+00:00,459.48,459.58,458.9,1267,459.05,147727,459.318318
2023-12-08 19:00:00+00:00,460.35,460.47,459.44,2384,459.52,333723,459.92801
2023-12-08 20:00:00+00:00,460.15,460.72,459.91,2872,460.36,491616,460.32016
2023-12-08 21:00:00+00:00,460.2,460.2,459.9,18,460.08,21515,460.079721
2023-12-11 14:00:00+00:00,460.41,460.415,459.47,1106,459.69,112330,460.016099
2023-12-11 15:00:00+00:00,460.825,461.16,459.98,2881,460.4,315582,460.492871
2023-12-11 16:00:00+00:00,460.535,461.04,459.94,2307,460.805,192231,460.402266
2023-12-11 17:00:00+00:00,460.96,461.01,460.31,2340,460.52,212707,460.718201
2023-12-11 18:00:00+00:00,461.63,461.74,460.67,2050,460.95,191339,461.451853
2023-12-11 19:00:00+00:00,461.52,461.84,461.44,2087,461.63,200055,461.616972
2023-12-11 20:00:00+00:00,461.96,462.16,461.345,3528,461.55,487764,461.749883
2023-12-11 21:00:00+00:00,462.05,462.07,461.83,26,462.05,14676,461.950052
2023-12-12 13:00:00+00:00,462.5,463.48,462.5,2,463.48,300,462.826667
2023-12-12 14:00:00+00:00,461.51,461.69,460.61,1150,461.57,107197,461.102477
2023-12-12 15:00:00+00:00,462.665,462.68,461.36,1896,461.49,197234,462.110134
2023-12-12 16:00:00+00:00,462.59,462.825,462.395,2123,462.67,202291,462.602026
2023-12-12 17:00:00+00:00,462.63,463.1,462.26,2032,462.59,188818,462.713545
2023-12-12 18:00:00+00:00,463.19,463.27,462.51,1736,462.58,168757,462.982716
2023-12-12 19:00:00+00:00,463.56,463.605,463.06,2331,463.2,227404,463.292174
2023-12-12 20:00:00+00:00,464.2,464.2,463.51,3967,463.575,439299,463.910807
2023-12-12 21:00:00+00:00,464.44,464.44,464.04,28,464.04,17792,464.309661
2023-12-13 13:00:00+00:00,465.23,465.23,465.23,1,465.23,100,465.23
2023-12-13 14:00:00+00:00,464.4,464.845,464.305,1025,464.45,131520,464.513774
2023-12-13 15:00:00+00:00,465.13,465.3,464.3,2229,464.415,226178,464.834827
2023-12-13 16:00:00+00:00,464.64,465.325,464.63,2097,465.18,202731,464.95171
2023-12-13 17:00:00+00:00,464.49,464.695,464.345,1929,464.65,201170,464.535248
2023-12-13 18:00:00+00:00,464.36,464.61,464.12,2191,464.495,209400,464.296128
2023-12-13 19:00:00+00:00,469.78,470.08,464.44,3026,464.44,418151,467.556776
2023-12-13 20:00:00+00:00,470.54,470.72,468.155,5054,469.79,718915,469.690147
2023-12-13 21:00:00+00:00,470.53,470.69,470.35,12,470.68,11823,470.550339
2023-12-14 14:00:00+00:00,473.09,473.72,472.27,1407,472.555,186802,473.066953
2023-12-14 15:00:00+00:00,472.57,473.155,471.72,2081,473.13,295085,472.412524
2023-12-14 16:00:00+00:00,472.54,472.665,471.47,1650,472.6,204349,472.169192
2023-12-14 17:00:00+00:00,472.015,473.36,472.015,2163,472.59,212103,472.979352
2023-12-14 18:00:00+00:00,470.175,472.01,469.28,2627,472.01,395739,470.817912
2023-12-14 19:00:00+00:00,471.54,471.54,470.165,2983,470.165,369397,471.040252
2023-12-14 20:00:00+00:00,472.03,472.06,471.11,5486,471.53,963421,471.588465
2023-12-14 21:00:00+00:00,471.64,471.75,471.61,7,471.73,3069,471.647169
2023-12-15 14:00:00+00:00,469.08,469.81,468.815,1759,469.41,269665,469.307978
2023-12-15 15:00:00+00:00,470.31,470.53,469.15,1975,469.32,201255,469.899675
2023-12-15 16:00:00+00:00,470.08,470.48,469.74,1671,470.365,166594,470.105608
2023-12-15 17:00:00+00:00,469.36,470.4,469.3,1575,470.12,146693,469.929988
2023-12-15 18:00:00+00:00,468.705,469.93,468.44,2004,469.305,195896,469.303342
2023-12-15 19:00:00+00:00,468.98,469.285,468.465,3595,468.64,578527,468.936503
2023-12-15 20:00:00+00:00,469.35,470.66,468.83,5866,468.99,1108610,469.548485
2023-12-15 21:00:00+00:00,469.65,469.65,469.33,24,469.33,11045,469.504921
2023-12-18 14:00:00+00:00,471.33,471.41,470.8,1281,470.95,180085,471.186225
2023-12-18 15:00:00+00:00,471.28,471.855,471.085,2586,471.375,249496,471.55005
2023-12-18 16:00:00+00:00,471.99,472.17,471.11,2245,471.26,245675,471.855731
2023-12-18 17:00:00+00:00,472.425,472.63,472.0,2036,472.0,217144,472.363995
2023-12-18 18:00:00+00:00,472.48,472.605,472.11,1829,472.425,183828,472.395768
2023-12-18 19:00:00+00:00,472.55,472.94,472.21,1895,472.49,212311,472.523368
2023-12-18 20:00:00+00:00,472.01,472.795,471.99,3073,472.52,333019,472.379272
2023-12-18 21:00:00+00:00,471.69,471.73,471.6,12,471.72,4836,471.667279
2023-12-19 14:00:00+00:00,473.47,473.65,472.475,1063,472.5,145337,473.088914
2023-12-19 15:00:00+00:00,474.05,474.08,473.085,2256,473.5,210506,473.778763
2023-12-19 16:00:00+00:00,473.905,474.475,473.88,1747,474.09,157674,474.217414
2023-12-19 17:00:00+00:00,474.05,474.205,473.65,1280,473.83,145971,473.925024
2023-12-19 18:00:00+00:00,474.17,474.325,473.66,1507,474.08,137536,473.986287
2023-12-19 19:00:00+00:00,474.17,474.41,474.0,1803,474.19,162332,474.232643
2023-12-19 20:00:00+00:00,474.78,474.91,473.83,2740,474.15,286296,474.324788
2023-12-19 21:00:00+00:00,474.54,474.89,474.4,20,474.77,17318,474.535413
2023-12-20 14:00:00+00:00,474.63,474.64,473.78,902,473.89,98633,474.403419
2023-12-20 15:00:00+00:00,475.34,475.58,474.61,1946,474.61,189390,475.218306
2023-12-20 16:00:00+00:00,475.165,475.45,475.06,1601,475.35,156847,475.239842
2023-12-20 17:00:00+00:00,475.79,475.89,475.1,1645,475.18,156255,475.463198
2023-12-20 18:00:00+00:00,475.06,475.8,474.98,1578,475.8,177852,475.45451
2023-12-20 19:00:00+00:00,470.495,475.09,470.335,2643,475.0,412902,473.051214
2023-12-20 20:00:00+00:00,468.06,471.14,467.84,5805,470.485,864810,469.464029
2023-12-20 21:00:00+00:00,467.86,467.86,467.86,1,467.86,100,467.86
2023-12-21 14:00:00+00:00,471.42,472.21,471.21,1359,471.32,171393,471.736664
2023-12-21 15:00:00+00:00,471.17,472.44,470.56,2168,471.44,252784,471.321204
2023-12-21 16:00:00+00:00,470.5,471.68,470.5,1443,471.26,135701,471.167812
2023-12-21 17:00:00+00:00,469.43,470.52,469.28,1798,470.52,201355,469.695118
2023-12-21 18:00:00+00:00,470.55,470.56,468.86,1474,469.485,150591,469.861063
2023-12-21 19:00:00+00:00,470.55,471.05,470.17,2031,470.54,185385,470.632608
2023-12-21 20:00:00+00:00,472.68,472.97,470.27,3546,470.56,653791,472.415061
2023-12-21 21:00:00+00:00,472.87,472.87,472.7,8,472.7,8662,472.791171
2023-12-22 13:00:00+00:00,473.74,473.74,473.74,3,473.74,400,473.74
2023-12-22 14:00:00+00:00,474.88,475.37,473.845,1415,473.9,193183,474.917841
2023-12-22 15:00:00+00:00,474.16,475.29,474.16,2276,475.06,211899,474.87719
2023-12-22 16:00:00+00:00,474.07,474.695,473.61,1702,474.12,161523,474.203813
2023-12-22 17:00:00+00:00,474.555,474.56,473.69,1481,474.07,137640,474.141402
2023-12-22 18:00:00+00:00,474.24,474.75,474.24,1647,474.55,157599,474.531259
2023-12-22 19:00:00+00:00,473.865,474.26,471.73,2006,474.16,214878,472.935154
2023-12-22 20:00:00+00:00,473.67,474.01,473.03,2920,473.91,363754,473.570171
2023-12-22 21:00:00+00:00,473.11,473.11,473.11,2,473.11,200,473.11
2023-12-26 14:00:00+00:00,474.675,474.78,474.0,707,474.08,103384,474.437322
2023-12-26 15:00:00+00:00,474.89,475.15,474.6,1235,474.685,162164,474.894966
2023-12-26 16:00:00+00:00,475.08,475.13,474.59,908,474.91,83452,474.898499
2023-12-26 17:00:00+00:00,475.05,475.39,474.87,1149,475.05,101299,475.106747
2023-12-26 18:00:00+00:00,475.21,475.46,475.035,1083,475.035,71960,475.269639
2023-12-26 19:00:00+00:00,475.74,475.77,475.17,1313,475.19,116171,475.566178
2023-12-26 20:00:00+00:00,475.63,476.52,475.3,2878,475.76,406140,475.868593
2023-12-26 21:00:00+00:00,475.71,475.71,475.52,11,475.52,5551,475.670545
2023-12-27 14:00:00+00:00,476.035,476.12,475.3,822,475.49,81502,475.888544
2023-12-27 15:00:00+00:00,475.44,476.14,475.11,1445,476.03,158108,475.646623
2023-12-27 16:00:00+00:00,475.77,475.93,475.195,1164,475.39,106492,475.54106
2023-12-27 17:00:00+00:00,475.55,476.06,475.3,1413,475.76,123683,475.735975
2023-12-27 18:00:00+00:00,476.04,476.65,475.54,1002,475.54,97796,476.292356
2023-12-27 19:00:00+00:00,475.5,476.01,474.95,1425,476.01,191829,475.398957
2023-12-27 20:00:00+00:00,476.56,476.56,475.18,2454,475.51,279578,475.800834
2023-12-27 21:00:00+00:00,476.45,476.67,476.45,7,476.46,6000,476.619
2023-12-28 14:00:00+00:00,477.16,477.37,476.65,514,476.67,60416,477.131496
2023-12-28 15:00:00+00:00,477.07,477.495,476.81,1104,477.19,75625,477.155502
2023-12-28 16:00:00+00:00,476.865,477.12,476.62,1057,477.06,75568,476.894187
2023-12-28 17:00:00+00:00,477.24,477.4,476.815,863,476.835,74013,477.096147
2023-12-28 18:00:00+00:00,477.02,477.515,476.47,865,477.28,65995,477.053627
2023-12-28 19:00:00+00:00,477.195,477.49,477.005,1344,477.005,104240,477.281101
2023-12-28 20:00:00+00:00,476.71,477.34,476.26,2620,477.2,645359,476.619154
2023-12-28 21:00:00+00:00,476.7,476.79,476.69,6,476.74,3733,476.739639
2023-12-29 14:00:00+00:00,476.76,476.92,476.41,1440,476.43,352255,476.790245
2023-12-29 15:00:00+00:00,475.44,477.01,475.08,3046,476.77,616710,476.301369
2023-12-29 16:00:00+00:00,474.2,475.66,473.78,3121,475.46,502872,474.493985
2023-12-29 17:00:00+00:00,474.49,474.57,473.35,3009,474.195,423362,473.98499
2023-12-29 18:00:00+00:00,475.05,475.32,474.32,2987,474.49,444760,474.824358
2023-12-29 19:00:00+00:00,475.575,475.66,474.905,3948,475.05,760556,475.265221
2023-12-29 20:00:00+00:00,475.36,475.875,474.52,6698,475.57,1689377,475.437746
2023-12-29 21:00:00+00:00,474.94,475.15,474.94,4,474.98,2000,475.1
2024-01-02 14:00:00+00:00,472.205,472.78,471.37,1110,472.15,138795,471.9286
2024-01-02 15:00:00+00:00,471.72,472.68,471.33,1758,472.275,179119,471.950396
2024-01-02 16:00:00+00:00,473.11,473.26,471.64,1590,471.69,196195,472.622703
2024-01-02 17:00:00+00:00,472.68,473.64,472.61,1271,473.22,110213,473.143428
2024-01-02 18:00:00+00:00,472.18,472.96,472.035,1558,472.59,134785,472.585477
2024-01-02 19:00:00+00:00,471.005,472.225,471.0,1740,472.105,201302,471.545023
2024-01-02 20:00:00+00:00,472.66,472.66,470.49,4782,470.94,1012584,471.647999
2024-01-02 21:00:00+00:00,472.58,472.7,472.58,11,472.65,9943,472.673735
2024-01-03 14:00:00+00:00,469.94,470.51,469.68,1082,470.43,133184,470.209005
2024-01-03 15:00:00+00:00,469.41,470.84,468.75,1707,469.93,299728,469.414626
2024-01-03 16:00:00+00:00,469.31,469.91,469.13,1065,469.445,114057,469.530792
2024-01-03 17:00:00+00:00,470.335,470.39,468.98,1374,469.26,110385,469.524725
2024-01-03 18:00:00+00:00,470.07,470.765,469.875,1868,470.305,169741,470.247195
2024-01-03 19:00:00+00:00,470.225,471.175,469.045,1746,470.08,198545,470.585295
2024-01-03 20:00:00+00:00,468.76,470.25,468.17,3973,470.25,561289,469.21031
2024-01-03 21:00:00+00:00,468.72,468.74,468.58,7,468.74,3414,468.655208
2024-01-04 14:00:00+00:00,468.895,469.26,468.14,713,468.21,86748,468.881817
2024-01-04 15:00:00+00:00,469.85,470.19,468.73,1896,468.78,225224,469.815742
2024-01-04 16:00:00+00:00,469.69,470.95,469.5,1310,469.87,111154,470.421662
2024-01-04 17:00:00+00:00,469.11,469.785,468.675,1431,469.71,138748,469.322377
2024-01-04 18:00:00+00:00,469.165,469.455,468.99,913,469.1,80068,469.253871
2024-01-04 19:00:00+00:00,468.685,469.32,468.22,2112,469.09,260421,468.786567
2024-01-04 20:00:00+00:00,467.34,469.04,467.05,4326,468.7,897534,467.733086
2024-01-04 21:00:00+00:00,467.26,467.26,467.26,1,467.26,900,467.26
2024-01-05 14:00:00+00:00,468.15,468.58,467.145,1007,467.26,168946,468.140791
2024-01-05 15:00:00+00:00,470.14,470.39,468.18,1709,468.18,254886,469.761242
2024-01-05 16:00:00+00:00,468.79,470.41,468.6,1075,470.19,126958,469.480812
2024-01-05 17:00:00+00:00,467.59,468.785,467.16,1291,468.77,149463,467.728975
2024-01-05 18:00:00+00:00,468.3,468.64,466.71,1166,467.525,131663,467.603391
2024-01-05 19:00:00+00:00,466.81,468.95,466.7,1214,468.44,148097,467.924435
2024-01-05 20:00:00+00:00,467.86,468.27,466.46,2966,466.7,422834,467.365004
2024-01-05 21:00:00+00:00,467.92,468.04,467.91,46,467.96,10109,467.940524
2024-01-08 14:00:00+00:00,469.765,469.765,467.9,936,467.9,121038,469.004282
2024-01-08 15:00:00+00:00,470.315,470.74,469.36,1986,469.79,275179,470.046357
2024-01-08 16:00:00+00:00,470.87,470.9,470.025,1277,470.4,150632,470.422951
2024-01-08 17:00:00+00:00,471.47,471.575,470.595,1421,471.045,130973,471.119339
2024-01-08 18:00:00+00:00,472.02,472.07,471.26,1598,471.47,133583,471.531385
2024-01-08 19:00:00+00:00,473.74,474.0,471.92,2256,472.08,329140,473.025008
2024-01-08 20:00:00+00:00,474.53,474.74,473.39,3856,473.75,642851,474.13983
2024-01-08 21:00:00+00:00,474.39,474.54,474.39,24,474.43,20412,474.463768
2024-01-09 14:00:00+00:00,472.16,472.17,471.38,1070,471.94,124553,471.830625
2024-01-09 15:00:00+00:00,472.205,472.95,471.6,1674,472.16,141645,472.500115
2024-01-09 16:00:00+00:00,474.22,474.22,472.24,1731,472.24,147833,473.316296
2024-01-09 17:00:00+00:00,474.335,474.465,473.86,1292,474.225,122505,474.209113
2024-01-09 18:00:00+00:00,474.3,474.895,473.17,960,474.38,101988,474.015443
2024-01-09 19:00:00+00:00,473.72,474.54,473.39,968,474.35,91404,473.880683
2024-01-09 20:00:00+00:00,473.85,474.22,473.02,1818,473.81,289002,473.710743
2024-01-09 21:00:00+00:00,473.81,473.94,473.64,17,473.93,8075,473.825618
2024-01-10 14:00:00+00:00,474.685,475.34,474.16,938,474.17,143762,474.80384
2024-01-10 15:00:00+00:00,475.22,475.25,473.87,1615,474.71,112677,474.68948
2024-01-10 16:00:00+00:00,474.9,475.27,474.435,1362,475.26,102095,474.893382
2024-01-10 17:00:00+00:00,475.43,475.475,474.605,1447,474.87,103034,475.121483
2024-01-10 18:00:00+00:00,475.775,475.875,474.855,1179,475.39,89020,475.452515
2024-01-10 19:00:00+00:00,477.275,477.28,475.685,1640,475.775,150000,476.596923
2024-01-10 20:00:00+00:00,476.52,477.44,475.31,2989,477.25,367434,476.407543
2024-01-10 21:00:00+00:00,476.56,476.56,476.46,10,476.48,4000,476.5295
2024-01-11 14:00:00+00:00,476.33,478.08,475.75,616,477.55,76624,477.235506
2024-01-11 15:00:00+00:00,474.05,476.32,473.58,1144,476.32,134431,474.564845
2024-01-11 16:00:00+00:00,472.64,474.235,472.27,1230,474.15,128368,473.027871
2024-01-11 17:00:00+00:00,473.95,474.345,472.585,1203,472.645,109720,473.552107
2024-01-11 18:00:00+00:00,475.75,475.81,473.94,1062,473.96,114123,474.904357
2024-01-11 19:00:00+00:00,476.8,476.965,475.37,1407,475.94,141485,476.091591
2024-01-11 20:00:00+00:00,476.37,476.88,475.47,2846,476.88,498705,476.13407
2024-01-11 21:00:00+00:00,476.33,476.33,476.33,1,476.33,100,476.33
2024-01-12 14:00:00+00:00,477.08,478.58,477.08,964,477.8,94679,478.078584
2024-01-12 15:00:00+00:00,475.81,477.46,475.24,1773,476.845,179478,476.290857
2024-01-12 16:00:00+00:00,475.625,476.79,475.42,1303,475.76,91110,476.155372
2024-01-12 17:00:00+00:00,476.14,476.485,475.4,1404,475.685,108530,475.948355
2024-01-12 18:00:00+00:00,476.985,477.01,476.17,1546,476.17,112496,476.611545
2024-01-12 19:00:00+00:00,476.25,477.32,476.17,1379,476.93,109068,476.819126
2024-01-12 20:00:00+00:00,476.65,476.895,475.8,2604,476.245,339975,476.516484
2024-01-12 21:00:00+00:00,476.56,476.56,476.56,1,476.56,300,476.56
2024-01-16 14:00:00+00:00,474.52,475.58,473.48,855,475.28,143246,474.304964
2024-01-16 15:00:00+00:00,476.2,476.57,474.16,1775,474.52,223788,475.667287
2024-01-16 16:00:00+00:00,475.25,476.6,474.63,1155,476.27,136889,475.687448
2024-01-16 17:00:00+00:00,473.97,475.36,473.97,1130,475.13,133825,474.543406
2024-01-16 18:00:00+00:00,474.07,475.195,473.83,993,473.95,114382,474.484238
2024-01-16 19:00:00+00:00,474.285,474.365,473.075,2682,474.06,497660,473.738546
2024-01-16 20:00:00+00:00,474.85,475.06,473.79,3402,474.3,615674,474.22906
2024-01-16 21:00:00+00:00,474.92,475.11,474.89,29,475.11,14711,474.985442
2024-01-17 13:00:00+00:00,471.9,471.9,471.9,1,471.9,100,471.9
2024-01-17 14:00:00+00:00,471.34,471.935,471.1,1317,471.81,138928,471.395965
2024-01-17 15:00:00+00:00,472.02,472.355,471.08,1674,471.12,175607,471.833438
2024-01-17 16:00:00+00:00,472.205,472.78,472.04,1554,472.04,141936,472.551475
2024-01-17 17:00:00+00:00,471.685,472.295,471.14,1547,472.175,136338,471.652221
2024-01-17 18:00:00+00:00,470.665,471.965,469.875,1419,471.76,125558,470.578174
2024-01-17 19:00:00+00:00,471.47,471.75,470.53,1797,470.66,172533,471.213346
2024-01-17 20:00:00+00:00,472.28,472.59,470.67,2674,471.48,332182,471.744589
2024-01-17 21:00:00+00:00,472.09,472.35,472.09,12,472.31,5133,472.275932
2024-01-18 14:00:00+00:00,473.785,474.45,473.4,954,474.11,107645,473.888061
2024-01-18 15:00:00+00:00,474.2,474.865,473.445,1427,473.885,151605,474.195569
2024-01-18 16:00:00+00:00,474.47,475.02,473.71,1208,474.295,109104,474.528217
2024-01-18 17:00:00+00:00,473.08,474.55,473.0,1624,474.47,181664,473.459794
2024-01-18 18:00:00+00:00,474.01,474.11,472.43,1335,473.115,130782,473.242266
2024-01-18 19:00:00+00:00,475.78,475.94,473.99,1895,474.01,200200,475.095126
2024-01-18 20:00:00+00:00,476.5,477.02,475.615,3184,475.81,368437,476.354341
2024-01-18 21:00:00+00:00,476.2,476.2,476.15,6,476.16,4323,476.16309
2024-01-19 14:00:00+00:00,477.84,477.875,476.96,781,477.63,98869,477.424077
2024-01-19 15:00:00+00:00,478.29,478.54,477.0,1328,478.16,140564,477.764634
2024-01-19 16:00:00+00:00,478.87,479.23,478.015,1403,478.295,149873,478.7267
2024-01-19 17:00:00+00:00,480.18,480.18,478.33,1313,478.905,126459,479.402573
2024-01-19 18:00:00+00:00,481.66,481.69,479.74,1838,480.23,178862,480.957355
2024-01-19 19:00:00+00:00,482.22,482.69,481.335,2010,481.67,223002,481.97093
2024-01-19 20:00:00+00:00,482.48,482.52,481.84,2969,482.22,340993,482.171439
2024-01-19 21:00:00+00:00,482.47,482.47,482.47,4,482.47,1100,482.47
2024-01-22 14:00:00+00:00,484.99,485.2,483.91,1149,484.005,135701,484.633814
2024-01-22 15:00:00+00:00,483.61,485.22,483.32,2101,485.02,217614,484.395399
2024-01-22 16:00:00+00:00,484.08,484.16,483.1,1440,483.52,113887,483.809697
2024-01-22 17:00:00+00:00,483.71,484.155,483.27,1238,484.1,108227,483.795767
2024-01-22 18:00:00+00:00,483.83,483.97,482.825,1161,483.74,82035,483.458765
2024-01-22 19:00:00+00:00,483.64,484.01,483.03,1151,483.91,99240,483.520893
2024-01-22 20:00:00+00:00,483.45,484.2,483.33,2511,483.67,245541,483.726437
2024-01-22 21:00:00+00:00,483.42,483.42,483.37,10,483.41,7461,483.397622
2024-01-23 14:00:00+00:00,483.97,484.325,483.555,442,484.02,65145,483.914243
2024-01-23 15:00:00+00:00,483.26,484.21,483.08,1493,483.99,191936,483.667975
2024-01-23 16:00:00+00:00,483.53,483.66,482.905,1073,483.305,89969,483.259458
2024-01-23 17:00:00+00:00,483.865,483.87,483.085,779,483.54,62327,483.429575
2024-01-23 18:00:00+00:00,483.95,484.02,483.57,983,483.95,89017,483.808926
2024-01-23 19:00:00+00:00,484.335,484.47,483.635,1339,484.025,98108,484.032277
2024-01-23 20:00:00+00:00,484.82,485.1,484.195,2650,484.335,316046,484.744424
2024-01-24 14:00:00+00:00,487.11,487.82,486.97,809,487.81,110138,487.293526
2024-01-24 15:00:00+00:00,487.96,488.58,486.41,1696,487.065,169094,487.516208
2024-01-24 16:00:00+00:00,488.315,488.38,487.54,1208,488.1,109752,488.002072
2024-01-24 17:00:00+00:00,488.69,488.77,487.86,1342,488.32,107738,488.394229
2024-01-24 18:00:00+00:00,487.325,488.72,486.93,1355,488.72,166434,487.590577
2024-01-24 19:00:00+00:00,486.54,487.38,486.0,1578,487.355,129547,486.569252
2024-01-24 20:00:00+00:00,485.42,486.84,485.02,2677,486.52,305741,485.751722
2024-01-24 21:00:00+00:00,485.03,485.03,485.03,4,485.03,1100,485.03
2024-01-25 14:00:00+00:00,487.26,487.65,486.79,805,487.48,101960,487.251195
2024-01-25 15:00:00+00:00,487.16,488.295,486.89,1770,487.375,199672,487.611961
2024-01-25 16:00:00+00:00,487.61,488.1,486.83,1307,487.17,128856,487.566289
2024-01-25 17:00:00+00:00,486.56,487.735,486.18,1361,487.71,147247,486.627715
2024-01-25 18:00:00+00:00,485.95,487.29,485.8,1074,486.6,92411,486.488969
2024-01-25 19:00:00+00:00,486.66,486.66,485.39,1161,485.875,113678,485.912728
2024-01-25 20:00:00+00:00,488.02,488.04,486.315,2814,486.61,549976,487.459621
2024-01-25 21:00:00+00:00,488.03,488.03,487.78,10,487.85,2536,487.814167
2024-01-26 14:00:00+00:00,487.705,488.25,487.25,613,487.535,66057,487.729528
2024-01-26 15:00:00+00:00,489.03,489.03,487.05,1336,487.68,130886,488.248226
2024-01-26 16:00:00+00:00,488.74,489.11,488.1,1541,489.02,127557,488.580614
2024-01-26 17:00:00+00:00,487.07,488.865,486.71,1552,488.76,146984,487.817182
2024-01-26 18:00:00+00:00,486.98,487.505,486.61,1383,487.0,126754,487.071916
2024-01-26 19:00:00+00:00,487.975,488.14,486.955,1434,486.99,125133,487.534935
2024-01-26 20:00:00+00:00,487.47,488.03,487.05,2267,487.995,238578,487.447213
2024-01-26 21:00:00+00:00,487.21,487.34,487.19,8,487.19,4348,487.237066
2024-01-29 14:00:00+00:00,488.03,488.14,487.46,823,487.7,113097,487.855883
2024-01-29 15:00:00+00:00,487.365,488.26,487.18,1261,488.03,101323,487.713288
2024-01-29 16:00:00+00:00,488.11,488.18,487.17,1236,487.32,93714,487.733636
2024-01-29 17:00:00+00:00,488.2,488.59,487.905,1435,488.135,122051,488.185665
2024-01-29 18:00:00+00:00,488.215,488.53,487.855,833,488.16,52287,488.248447
2024-01-29 19:00:00+00:00,488.89,489.1,488.13,1812,488.17,127653,488.745149
2024-01-29 20:00:00+00:00,491.25,491.41,488.9,3213,488.9,322513,490.699721
2024-01-29 21:00:00+00:00,490.78,490.78,490.78,1,490.78,500,490.78
2024-01-30 14:00:00+00:00,491.23,491.27,490.65,933,490.67,112145,491.0394
2024-01-30 15:00:00+00:00,490.635,491.06,490.35,1308,490.97,112458,490.717068
2024-01-30 16:00:00+00:00,491.28,491.46,490.47,1520,490.72,109930,491.033051
2024-01-30 17:00:00+00:00,490.4,491.45,490.17,1535,491.32,125614,490.773495
2024-01-30 18:00:00+00:00,490.72,491.04,490.14,1206,490.35,77212,490.622323
2024-01-30 19:00:00+00:00,491.39,491.485,490.49,1424,490.745,90851,491.136795
2024-01-30 20:00:00+00:00,490.9,491.59,490.73,2774,491.41,226219,491.071784
2024-01-30 21:00:00+00:00,489.92,490.76,489.92,7,490.53,1700,490.556471
2024-01-31 14:00:00+00:00,487.805,489.08,487.54,1027,488.44,156421,488.186781
2024-01-31 15:00:00+00:00,486.76,487.83,486.39,1598,487.695,182103,487.154005
2024-01-31 16:00:00+00:00,486.83,487.475,486.355,1094,486.785,119112,487.022609
2024-01-31 17:00:00+00:00,487.33,487.395,486.595,1027,486.89,85167,487.077289
2024-01-31 18:00:00+00:00,487.395,487.7,487.03,1139,487.37,113438,487.355806
2024-01-31 19:00:00+00:00,486.55,488.97,485.65,2434,487.44,373926,486.791543
2024-01-31 20:00:00+00:00,482.955,486.52,482.955,5285,486.52,881937,484.104128
2024-02-01 14:00:00+00:00,485.045,485.7,484.63,1269,484.73,147324,485.161523
2024-02-01 15:00:00+00:00,484.08,486.205,484.08,2218,484.58,236564,485.512238
2024-02-01 16:00:00+00:00,485.64,485.775,483.8,1518,484.08,158353,484.824381
2024-02-01 17:00:00+00:00,487.41,488.235,485.67,1613,485.72,160423,486.976993
2024-02-01 18:00:00+00:00,487.21,487.595,486.27,890,487.395,91056,487.068138
2024-02-01 19:00:00+00:00,488.495,488.56,487.14,1347,487.35,202037,487.937804
2024-02-01 20:00:00+00:00,489.22,489.22,488.105,3877,488.58,647577,488.683484
2024-02-01 21:00:00+00:00,491.75,491.75,489.2,30,489.2,4800,489.570666
2024-02-02 14:00:00+00:00,490.53,490.94,489.34,1242,489.66,133337,490.126369
2024-02-02 15:00:00+00:00,492.14,492.41,490.02,2013,490.625,281039,491.118708
2024-02-02 16:00:00+00:00,493.57,494.03,491.675,1887,492.19,184209,492.999632
2024-02-02 17:00:00+00:00,493.69,494.64,492.34,1594,493.65,148412,493.559202
2024-02-02 18:00:00+00:00,494.29,494.54,493.33,931,493.715,86078,494.030334
2024-02-02 19:00:00+00:00,495.73,495.74,494.3,1367,494.3,126686,495.212628
2024-02-02 20:00:00+00:00,494.29,496.04,494.29,2851,495.715,307188,495.194017
2024-02-05 14:00:00+00:00,493.44,493.69,492.885,1026,493.69,105141,493.26135
2024-02-05 15:00:00+00:00,490.855,493.21,490.32,2116,493.08,229282,491.348411
2024-02-05 16:00:00+00:00,492.115,492.15,490.74,1742,490.86,113004,491.586391
2024-02-05 17:00:00+00:00,493.05,493.37,492.075,1607,492.11,148161,492.759326
2024-02-05 18:00:00+00:00,493.12,493.5,492.585,1071,492.955,91021,493.0392
2024-02-05 19:00:00+00:00,494.005,494.12,492.89,1274,493.12,106084,493.64675
2024-02-05 20:00:00+00:00,492.555,494.02,492.555,2189,494.02,204958,493.22027
2024-02-05 21:00:00+00:00,492.47,492.47,492.33,4,492.43,5200,492.412692
2024-02-06 14:00:00+00:00,493.0,494.315,493.0,613,493.52,63925,493.729551
2024-02-06 15:00:00+00:00,492.9,493.16,492.08,1120,493.01,127319,492.659467
2024-02-06 16:00:00+00:00,492.38,493.42,492.26,1004,492.79,99011,492.826031
2024-02-06 17:00:00+00:00,492.585,492.94,492.115,873,492.39,75792,492.524807
2024-02-06 18:00:00+00:00,493.52,493.54,492.47,997,492.575,93335,493.121909
2024-02-06 19:00:00+00:00,493.13,493.54,492.12,1093,493.535,96679,492.705382
2024-02-06 20:00:00+00:00,493.99,494.035,492.64,2246,493.17,222206,493.331395
2024-02-06 21:00:00+00:00,493.39,493.8,493.39,3,493.8,1000,493.452
2024-02-07 14:00:00+00:00,495.815,496.43,495.38,887,496.275,116652,495.965647
2024-02-07 15:00:00+00:00,497.265,498.0,495.53,2364,495.88,260699,497.12927
2024-02-07 16:00:00+00:00,497.63,497.845,496.86,1229,497.305,139047,497.274584
2024-02-07 17:00:00+00:00,497.565,497.85,496.805,1130,497.63,115347,497.38196
2024-02-07 18:00:00+00:00,498.06,498.4,497.12,911,497.565,82413,497.917284
2024-02-07 19:00:00+00:00,498.31,498.35,497.79,1174,498.115,101997,498.105932
2024-02-07 20:00:00+00:00,498.03,498.53,497.61,3335,498.33,409874,498.028348
2024-02-07 21:00:00+00:00,498.0,498.0,497.79,13,497.95,7345,497.917268
2024-02-08 14:00:00+00:00,498.0,498.315,497.675,739,498.16,79065,497.968913
2024-02-08 15:00:00+00:00,498.2,498.22,497.335,1392,498.06,137055,497.898976
2024-02-08 16:00:00+00:00,497.82,498.195,497.31,1298,498.195,116432,497.706205
2024-02-08 17:00:00+00:00,497.57,498.12,497.45,973,497.83,71777,497.804975
2024-02-08 18:00:00+00:00,498.14,498.34,497.555,1038,497.555,89477,498.049307
2024-02-08 19:00:00+00:00,498.225,498.315,497.59,1017,498.17,75062,497.961328
2024-02-08 20:00:00+00:00,498.47,498.69,497.875,2870,498.28,288438,498.305577
2024-02-08 21:00:00+00:00,498.32,498.32,498.13,22,498.14,2304,498.26374
2024-02-09 14:00:00+00:00,499.53,499.56,498.53,794,498.85,86680,499.077
2024-02-09 15:00:00+00:00,499.985,500.02,499.15,1714,499.56,212234,499.705074
2024-02-09 16:00:00+00:00,499.595,500.21,499.345,1445,499.97,115066,499.838519
2024-02-09 17:00:00+00:00,500.47,500.48,499.41,1344,499.59,117728,499.9771
2024-02-09 18:00:00+00:00,500.73,500.94,500.32,1604,500.5,135736,500.596147
2024-02-09 19:00:00+00:00,501.25,501.65,500.68,1680,500.71,150221,501.162849
2024-02-09 20:00:00+00:00,501.09,501.33,500.71,3165,501.28,292087,501.022247
2024-02-09 21:00:00+00:00,501.07,501.14,501.02,6,501.07,4200,501.078572
2024-02-12 14:00:00+00:00,501.42,501.44,501.2,604,501.23,58471,501.326087
2024-02-12 15:00:00+00:00,502.07,502.12,501.03,1376,501.44,130504,501.496735
2024-02-12 16:00:00+00:00,503.28,503.49,501.87,1521,502.095,132396,502.811883
2024-02-12 17:00:00+00:00,503.22,503.435,502.65,1250,503.305,93785,503.072312
2024-02-12 18:00:00+00:00,502.145,503.44,501.68,1530,503.18,139820,502.478345
2024-02-12 19:00:00+00:00,500.435,502.165,500.24,1597,502.06,139216,501.114931
2024-02-12 20:00:00+00:00,500.99,501.235,500.57,2283,500.75,271305,500.896539
2024-02-12 21:00:00+00:00,500.24,500.24,500.24,1,500.24,146,500.24
2024-02-13 14:00:00+00:00,493.77,495.19,493.64,1980,494.13,228956,494.307258
2024-02-13 15:00:00+00:00,494.55,495.31,493.23,2259,493.81,259382,494.449326
2024-02-13 16:00:00+00:00,495.08,495.85,494.61,1696,494.61,139022,495.3851
2024-02-13 17:00:00+00:00,494.355,495.285,494.17,1715,495.0,129359,494.817691
2024-02-13 18:00:00+00:00,493.495,494.475,493.365,1570,494.295,155420,493.958457
2024-02-13 19:00:00+00:00,491.385,493.525,491.09,3741,493.48,568181,492.159467
2024-02-13 20:00:00+00:00,494.16,494.21,490.715,5612,491.345,829909,492.137784
2024-02-13 21:00:00+00:00,493.86,494.09,493.86,19,494.08,8960,494.080426
2024-02-14 14:00:00+00:00,496.87,497.25,495.83,1053,496.78,157346,496.60972
2024-02-14 15:00:00+00:00,496.0,497.99,496.0,2063,497.02,257323,497.190985
2024-02-14 16:00:00+00:00,495.39,496.33,495.15,1536,495.85,189306,495.823623
2024-02-14 17:00:00+00:00,496.2,496.33,494.425,1401,495.32,146395,495.673497
2024-02-14 18:00:00+00:00,496.49,497.13,495.425,1110,496.205,123357,496.3782
2024-02-14 19:00:00+00:00,496.93,497.1,495.24,1332,496.53,148994,496.420614
2024-02-14 20:00:00+00:00,498.62,499.065,496.695,3344,496.98,520637,498.116827
2024-02-14 21:00:00+00:00,498.84,498.84,498.84,2,498.84,281,498.84
2024-02-15 14:00:00+00:00,499.59,500.34,499.3,773,499.3,60143,499.877847
2024-02-15 15:00:00+00:00,499.77,500.56,499.37,1536,499.74,143840,499.907905
2024-02-15 16:00:00+00:00,499.81,500.12,498.8,1507,499.93,120042,499.422852
2024-02-15 17:00:00+00:00,500.05,500.59,499.67,1677,499.805,121484,500.262623
2024-02-15 18:00:00+00:00,501.365,501.66,499.96,1522,500.03,119109,501.13787
2024-02-15 19:00:00+00:00,501.845,502.19,501.03,1751,501.48,144104,501.631558
2024-02-15 20:00:00+00:00,501.97,502.04,501.15,2919,501.905,294341,501.623525
2024-02-16 13:00:00+00:00,500.9,500.9,500.9,3,500.9,300,500.9
2024-02-16 14:00:00+00:00,499.66,501.88,499.36,995,501.715,97918,500.69297
2024-02-16 15:00:00+00:00,500.82,501.08,498.98,1636,499.52,166826,500.137246
2024-02-16 16:00:00+00:00,502.22,502.45,500.925,1428,500.965,122540,501.789182
2024-02-16 17:00:00+00:00,501.84,502.345,501.68,967,502.2,79204,502.002033
2024-02-16 18:00:00+00:00,502.37,502.37,500.78,1023,501.82,84436,501.584458
2024-02-16 19:00:00+00:00,500.575,502.85,499.965,1849,502.4,233143,502.041946
2024-02-16 20:00:00+00:00,499.57,500.73,499.015,2455,500.53,293367,499.937447
2024-02-20 14:00:00+00:00,496.68,498.36,496.19,1307,497.735,171137,497.148151
2024-02-20 15:00:00+00:00,497.0,497.03,495.76,2373,496.63,285735,496.294169
2024-02-20 16:00:00+00:00,495.76,497.3,495.72,1335,497.05,116947,496.625252
2024-02-20 17:00:00+00:00,495.5,495.7,494.5,1801,495.62,170545,495.168568
2024-02-20 18:00:00+00:00,495.89,495.97,494.77,1207,495.53,116922,495.455257
2024-02-20 19:00:00+00:00,496.71,496.74,495.28,1342,495.9,120749,496.011104
2024-02-20 20:00:00+00:00,496.745,496.86,495.115,2914,496.735,372693,496.124644
2024-02-21 14:00:00+00:00,495.22,495.67,494.925,788,495.355,75247,495.280752
2024-02-21 15:00:00+00:00,495.28,496.06,495.06,1003,495.27,89569,495.558539
2024-02-21 16:00:00+00:00,495.99,496.295,495.275,799,495.32,57786,495.8442
2024-02-21 17:00:00+00:00,495.55,496.045,494.65,953,496.045,80633,495.1883
2024-02-21 18:00:00+00:00,495.34,495.72,494.46,755,495.52,58282,495.211236
2024-02-21 19:00:00+00:00,494.63,496.06,493.92,1307,495.06,125642,494.827894
2024-02-21 20:00:00+00:00,497.24,497.37,493.57,3061,494.585,378820,495.405922
2024-02-21 21:00:00+00:00,499.2,499.2,499.2,12,499.2,13400,499.2
2024-02-22 14:00:00+00:00,504.99,505.38,503.02,1649,504.02,183960,504.025502
2024-02-22 15:00:00+00:00,504.74,505.67,504.52,1776,505.2,167929,504.988791
2024-02-22 16:00:00+00:00,505.24,505.87,504.56,1677,504.77,139710,505.350894
2024-02-22 17:00:00+00:00,506.44,506.505,504.95,1582,505.23,127471,505.832428
2024-02-22 18:00:00+00:00,507.26,507.26,506.08,1666,506.45,146863,506.74122
2024-02-22 19:00:00+00:00,507.2,508.485,506.9,3290,507.19,479348,507.821176
2024-02-22 20:00:00+00:00,507.48,508.3,507.075,3674,507.075,456088,507.740159
2024-02-22 21:00:00+00:00,507.26,507.38,507.26,7,507.34,5801,507.331181
2024-02-23 14:00:00+00:00,509.75,510.1,509.12,1202,509.26,144213,509.771292
2024-02-23 15:00:00+00:00,508.69,509.9,508.45,1494,509.76,115175,509.356331
2024-02-23 16:00:00+00:00,508.54,508.78,507.1,1745,508.77,167502,507.923418
2024-02-23 17:00:00+00:00,508.625,508.99,507.825,1437,508.5,105672,508.491129
2024-02-23 18:00:00+00:00,508.52,509.05,508.39,1185,508.615,78926,508.720349
2024-02-23 19:00:00+00:00,508.34,508.59,507.66,1486,508.54,152256,508.153108
2024-02-23 20:00:00+00:00,507.82,508.76,507.77,3260,508.35,387820,508.330665
2024-02-23 21:00:00+00:00,507.62,507.74,507.57,21,507.57,10325,507.679029
2024-02-26 14:00:00+00:00,508.2,508.73,507.75,894,508.29,61061,508.327734
2024-02-26 15:00:00+00:00,507.51,508.48,507.44,1465,508.25,142837,507.966119
2024-02-26 16:00:00+00:00,507.72,507.87,507.04,1259,507.53,78289,507.466233
2024-02-26 17:00:00+00:00,507.275,507.9,507.16,1050,507.345,84962,507.525494
2024-02-26 18:00:00+00:00,506.89,507.585,506.02,1264,507.235,115594,506.721718
2024-02-26 19:00:00+00:00,506.73,507.37,506.52,1372,506.9,117298,507.013709
2024-02-26 20:00:00+00:00,505.86,507.305,505.86,2417,506.78,266370,506.484298
2024-02-26 21:00:00+00:00,505.98,505.98,505.86,5,505.93,4100,505.886097
2024-02-27 14:00:00+00:00,506.01,506.715,505.56,684,506.7,54813,506.003939
2024-02-27 15:00:00+00:00,506.105,506.55,505.63,1225,506.09,85706,506.051058
2024-02-27 16:00:00+00:00,505.9,506.165,505.48,1012,506.165,52360,505.839294
2024-02-27 17:00:00+00:00,505.05,505.99,505.0,1221,505.93,85470,505.444888
2024-02-27 18:00:00+00:00,505.735,505.86,504.86,1620,504.97,95251,505.398269
2024-02-27 19:00:00+00:00,506.645,506.69,505.75,1591,505.84,104448,506.244088
2024-02-27 20:00:00+00:00,506.95,507.15,506.24,2206,506.685,180374,506.789537
2024-02-27 21:00:00+00:00,506.93,506.93,506.91,3,506.91,400,506.915
2024-02-28 14:00:00+00:00,505.26,505.79,504.98,795,505.355,86985,505.438212
2024-02-28 15:00:00+00:00,506.48,506.495,505.24,1365,505.33,175529,505.942424
2024-02-28 16:00:00+00:00,506.535,506.855,506.2,1085,506.505,114219,506.520892
2024-02-28 17:00:00+00:00,505.87,506.63,505.455,1115,506.56,100662,506.001243
2024-02-28 18:00:00+00:00,506.595,506.74,505.5,1180,505.79,84860,506.311162
2024-02-28 19:00:00+00:00,505.82,506.69,505.21,1605,506.65,160487,505.715809
2024-02-28 20:00:00+00:00,506.13,506.27,505.35,3078,505.86,344552,505.886444
2024-02-28 21:00:00+00:00,505.23,505.37,505.23,4,505.37,2400,505.335
2024-02-29 14:00:00+00:00,508.475,508.835,508.065,967,508.065,92614,508.528883
2024-02-29 15:00:00+00:00,507.4,508.73,506.84,1451,508.61,143100,507.54435
2024-02-29 16:00:00+00:00,506.71,507.715,505.405,1270,507.47,99803,506.695607
2024-02-29 17:00:00+00:00,507.39,507.43,506.555,875,506.59,71104,506.970548
2024-02-29 18:00:00+00:00,507.8,507.89,507.375,969,507.41,83185,507.704062
2024-02-29 19:00:00+00:00,507.74,508.28,507.175,1151,507.8,122703,507.706633
2024-02-29 20:00:00+00:00,508.15,509.74,507.65,3771,507.795,500683,508.538891
2024-02-29 21:00:00+00:00,508.08,508.46,508.08,7,508.46,2129,508.11619
2024-03-01 14:00:00+00:00,508.99,509.52,508.6,1115,508.975,107486,509.090248
2024-03-01 15:00:00+00:00,510.635,510.815,508.68,2062,509.49,182628,509.984545
2024-03-01 16:00:00+00:00,511.16,511.38,510.21,1692,510.675,160384,510.946704
2024-03-01 17:00:00+00:00,511.82,512.055,510.755,1383,511.055,102427,511.545875
2024-03-01 18:00:00+00:00,512.615,512.63,511.7,1621,511.82,105871,512.164217
2024-03-01 19:00:00+00:00,513.095,513.27,512.56,2251,512.64,233627,512.917964
2024-03-01 20:00:00+00:00,512.93,513.14,512.345,3810,513.01,344182,512.816211
2024-03-01 21:00:00+00:00,512.71,512.76,512.71,5,512.76,2684,512.726766
2024-03-04 14:00:00+00:00,512.505,512.58,512.0,1172,512.19,117937,512.322632
2024-03-04 15:00:00+00:00,512.68,512.87,512.07,1613,512.515,184075,512.515006
2024-03-04 16:00:00+00:00,512.79,512.8,512.16,1485,512.71,150007,512.513739
2024-03-04 17:00:00+00:00,513.02,513.175,512.49,1170,512.7,108268,512.896498
2024-03-04 18:00:00+00:00,512.76,513.065,512.37,1197,512.96,106756,512.768948
2024-03-04 19:00:00+00:00,513.82,514.13,512.62,1236,512.73,158929,513.32367
2024-03-04 20:00:00+00:00,512.34,514.17,512.2,2703,513.835,356068,512.780643
2024-03-04 21:00:00+00:00,511.84,512.27,511.84,18,512.27,14399,512.025046
2024-03-05 14:00:00+00:00,509.65,510.31,509.335,1119,510.225,133503,509.762942
2024-03-05 15:00:00+00:00,508.12,510.7,507.57,1549,509.75,172427,508.497402
2024-03-05 16:00:00+00:00,507.69,508.385,506.97,1404,508.075,122802,507.793644
2024-03-05 17:00:00+00:00,508.09,508.46,507.585,887,507.81,84907,508.036831
2024-03-05 18:00:00+00:00,506.78,508.14,506.7,918,508.055,92319,507.43406
2024-03-05 19:00:00+00:00,505.72,507.365,505.585,1502,506.72,233237,506.188891
2024-03-05 20:00:00+00:00,507.12,507.37,504.92,4402,505.695,729290,505.831976
2024-03-05 21:00:00+00:00,507.46,507.46,507.44,4,507.44,800,507.4525
2024-03-06 14:00:00+00:00,509.94,510.83,509.65,911,510.64,83111,510.163483
2024-03-06 15:00:00+00:00,510.47,510.565,508.47,1542,509.76,112929,509.706194
2024-03-06 16:00:00+00:00,511.4,511.62,510.515,1275,510.515,133161,511.047291
2024-03-06 17:00:00+00:00,511.32,512.05,511.07,1388,511.39,88133,511.621154
2024-03-06 18:00:00+00:00,510.21,511.915,509.19,1309,511.285,95948,510.67523
2024-03-06 19:00:00+00:00,509.26,510.39,508.65,1125,510.0,134633,509.597364
2024-03-06 20:00:00+00:00,509.73,510.26,508.6,1827,509.24,166125,509.54419
2024-03-06 21:00:00+00:00,509.96,509.96,509.81,4,509.81,500,509.85268
2024-03-07 14:00:00+00:00,513.37,513.62,512.27,736,512.71,63743,513.033747
2024-03-07 15:00:00+00:00,514.3,514.87,513.06,1402,513.37,110883,514.065184
2024-03-07 16:00:00+00:00,514.63,514.7,513.81,1356,514.355,113559,514.209692
2024-03-07 17:00:00+00:00,514.5,514.95,514.06,1021,514.66,76191,514.536464
2024-03-07 18:00:00+00:00,515.68,515.86,514.33,1148,514.53,91909,515.230305
2024-03-07 19:00:00+00:00,514.93,515.855,514.8,1138,515.72,102607,515.390759
2024-03-07 20:00:00+00:00,515.12,515.63,514.155,2119,514.75,198726,514.991886
2024-03-08 14:00:00+00:00,517.785,517.785,515.49,599,515.51,53730,516.51304
2024-03-08 15:00:00+00:00,517.505,518.18,516.99,1109,517.78,105281,517.634768
2024-03-08 16:00:00+00:00,514.11,517.375,513.94,1585,517.375,227073,515.301231
2024-03-08 17:00:00+00:00,512.56,514.87,512.46,1238,514.0,117716,513.729084
2024-03-08 18:00:00+00:00,511.71,513.19,511.135,1307,512.42,131616,511.944584
2024-03-08 19:00:00+00:00,513.86,514.415,511.69,1330,511.69,122071,513.332463
2024-03-08 20:00:00+00:00,511.72,514.375,511.72,1967,513.855,248771,512.331044
2024-03-11 13:00:00+00:00,509.46,510.935,509.46,640,510.395,85558,510.320902
2024-03-11 14:00:00+00:00,510.62,510.705,508.53,1434,509.435,132624,509.389208
2024-03-11 15:00:00+00:00,510.84,510.875,509.24,930,510.55,68049,510.034057
2024-03-11 16:00:00+00:00,511.0,511.15,510.04,1071,510.82,109740,510.875606
2024-03-11 17:00:00+00:00,511.04,511.53,510.26,965,511.005,61950,510.827425
2024-03-11 18:00:00+00:00,511.61,511.83,510.74,1000,511.1,71646,511.199981
2024-03-11 19:00:00+00:00,511.26,511.61,510.6,2093,511.6,169866,511.078629
2024-03-11 20:00:00+00:00,511.46,511.46,511.46,1,511.46,100,511.46
2024-03-12 12:00:00+00:00,510.78,510.78,510.78,1,510.78,100,510.78
2024-03-12 13:00:00+00:00,513.45,513.715,510.865,888,513.43,131114,511.821411
2024-03-12 14:00:00+00:00,515.75,516.48,513.04,1994,513.49,186431,514.655407
2024-03-12 15:00:00+00:00,515.77,516.505,515.215,1126,516.02,79468,515.961908
2024-03-12 16:00:00+00:00,514.41,515.89,513.625,1233,515.89,97057,514.791629
2024-03-12 17:00:00+00:00,515.625,515.78,513.675,875,514.4,81725,514.778444
2024-03-12 18:00:00+00:00,516.76,517.0,515.53,1527,515.69,203889,516.35967
2024-03-12 19:00:00+00:00,516.77,517.37,516.43,2477,516.79,311195,516.877546
2024-03-12 20:00:00+00:00,516.78,516.78,516.78,5,516.78,2400,516.78
2024-03-13 13:00:00+00:00,516.08,517.055,515.99,651,517.04,48015,516.344366
2024-03-13 14:00:00+00:00,516.21,516.745,515.71,1508,516.02,153958,516.310432
2024-03-13 15:00:00+00:00,516.38,516.68,515.84,1062,516.17,47632,516.267753
2024-03-13 16:00:00+00:00,516.465,516.68,516.09,868,516.37,46039,516.423163
2024-03-13 17:00:00+00:00,517.21,517.26,516.39,938,516.44,67772,516.938245
2024-03-13 18:00:00+00:00,516.48,517.155,516.475,932,517.05,60686,516.849454
2024-03-13 19:00:00+00:00,515.97,516.63,514.52,2804,516.5,277673,515.877247
2024-03-13 20:00:00+00:00,515.95,515.95,515.92,15,515.92,1450,515.945385
2024-03-14 12:00:00+00:00,517.18,517.18,517.08,3,517.11,700,517.127143
2024-03-14 13:00:00+00:00,514.005,517.12,513.99,782,516.96,83953,515.60048
2024-03-14 14:00:00+00:00,514.59,515.59,513.41,1885,513.825,145868,514.513299
2024-03-14 15:00:00+00:00,514.955,515.405,514.07,1495,514.69,129549,514.6299
2024-03-14 16:00:00+00:00,513.91,515.145,513.87,1237,515.04,90723,514.261926
2024-03-14 17:00:00+00:00,514.52,514.57,512.77,1199,513.95,87388,513.684765
2024-03-14 18:00:00+00:00,513.89,515.145,513.87,1674,514.58,180953,514.559037
2024-03-14 19:00:00+00:00,514.86,514.87,511.82,3882,513.81,573632,513.136007
2024-03-14 20:00:00+00:00,514.78,515.14,514.78,8,515.14,1600,514.865517
2024-03-15 13:00:00+00:00,509.83,511.57,509.64,1127,511.55,127513,510.257157
2024-03-15 14:00:00+00:00,511.05,511.665,508.89,1539,509.59,142374,510.133088
2024-03-15 15:00:00+00:00,509.71,511.15,509.57,1148,511.115,67410,510.364307
2024-03-15 16:00:00+00:00,508.49,509.88,508.37,1502,509.67,107243,509.09852
2024-03-15 17:00:00+00:00,509.9,509.905,508.46,1563,508.48,97481,509.249358
2024-03-15 18:00:00+00:00,510.17,510.5,509.21,1652,509.91,113986,509.772878
2024-03-15 19:00:00+00:00,509.83,510.5,509.22,3067,510.185,264819,509.697934
2024-03-15 20:00:00+00:00,509.84,509.88,509.83,48,509.88,23118,509.830997
2024-03-18 13:00:00+00:00,513.835,514.82,513.26,955,513.26,83499,514.350688
2024-03-18 14:00:00+00:00,515.115,515.43,513.88,1522,513.97,107354,514.828113
2024-03-18 15:00:00+00:00,514.26,515.195,513.92,1319,515.195,109672,514.560207
2024-03-18 16:00:00+00:00,513.56,514.5,513.49,1082,514.19,76243,513.999115
2024-03-18 17:00:00+00:00,513.81,514.23,513.31,934,513.465,87236,513.649011
2024-03-18 18:00:00+00:00,513.82,514.4,513.37,1162,513.82,102520,513.891265
2024-03-18 19:00:00+00:00,512.9,514.13,512.45,2873,513.79,366115,513.23011
2024-03-18 20:00:00+00:00,513.05,513.05,513.05,1,513.05,500,513.05
2024-03-19 13:00:00+00:00,511.69,512.155,511.16,850,512.155,79842,511.571311
2024-03-19 14:00:00+00:00,512.24,512.605,511.235,1235,511.615,97315,511.862179
2024-03-19 15:00:00+00:00,513.19,513.425,512.165,1006,512.17,58070,512.747119
2024-03-19 16:00:00+00:00,514.66,515.13,513.02,1328,513.18,87025,514.287527
2024-03-19 17:00:00+00:00,514.99,515.33,514.37,1095,514.72,67560,514.902265
2024-03-19 18:00:00+00:00,514.975,515.34,514.51,1160,514.93,79015,514.961623
2024-03-19 19:00:00+00:00,515.79,515.98,514.255,2542,514.845,223823,515.312728
2024-03-19 20:00:00+00:00,515.67,515.92,515.67,7,515.87,4930,515.847688
2024-03-20 13:00:00+00:00,515.53,515.92,515.225,479,515.765,35003,515.470006
2024-03-20 14:00:00+00:00,515.815,516.44,515.36,1383,515.435,85254,515.867703
2024-03-20 15:00:00+00:00,515.92,516.295,515.595,1497,515.86,111079,515.982268
2024-03-20 16:00:00+00:00,516.14,516.14,515.42,1046,515.915,64642,515.809189
2024-03-20 17:00:00+00:00,515.48,516.065,515.13,1192,516.05,79541,515.526831
2024-03-20 18:00:00+00:00,518.94,519.51,515.83,1871,515.83,233706,517.563906
2024-03-20 19:00:00+00:00,520.52,520.565,518.895,3589,519.11,375329,519.898104
2024-03-20 20:00:00+00:00,521.15,521.15,521.04,5,521.04,1050,521.139524
2024-03-21 13:00:00+00:00,523.44,524.0,522.775,1176,523.49,101275,523.230209
2024-03-21 14:00:00+00:00,523.55,523.96,523.19,2199,523.35,124060,523.579001
2024-03-21 15:00:00+00:00,523.79,523.92,523.05,1594,523.59,98659,523.567638
2024-03-21 16:00:00+00:00,523.75,524.1,523.43,1723,523.72,94848,523.771566
2024-03-21 17:00:00+00:00,522.785,523.75,522.76,1409,523.75,58354,523.302784
2024-03-21 18:00:00+00:00,522.28,523.1,522.06,1612,522.74,106623,522.700967
2024-03-21 19:00:00+00:00,522.08,523.15,521.94,2751,522.33,231924,522.580027
2024-03-22 13:00:00+00:00,521.735,522.435,521.51,681,522.14,51330,521.928711
2024-03-22 14:00:00+00:00,521.08,522.275,521.03,1613,521.8,87324,521.596322
2024-03-22 15:00:00+00:00,521.67,521.835,521.04,1637,521.05,84173,521.588795
2024-03-22 16:00:00+00:00,521.84,521.845,520.98,1769,521.695,118294,521.501681
2024-03-22 17:00:00+00:00,522.54,522.58,521.78,1284,521.87,76511,522.072814
2024-03-22 18:00:00+00:00,522.18,522.59,521.96,1622,522.505,89080,522.283564
2024-03-22 19:00:00+00:00,521.4,522.35,521.135,2589,522.15,228943,521.901436
2024-03-22 20:00:00+00:00,521.12,521.12,521.12,1,521.12,500,521.12
2024-03-25 13:00:00+00:00,520.31,520.39,519.63,716,519.785,61505,520.071241
2024-03-25 14:00:00+00:00,520.65,520.85,520.08,1030,520.24,74008,520.381348
2024-03-25 15:00:00+00:00,520.585,520.845,520.4,914,520.66,47846,520.66342
2024-03-25 16:00:00+00:00,520.41,520.675,520.255,1342,520.605,124040,520.456629
2024-03-25 17:00:00+00:00,520.67,520.705,520.19,1306,520.445,75808,520.469413
2024-03-25 18:00:00+00:00,520.83,520.93,520.595,1446,520.67,102826,520.785618
2024-03-25 19:00:00+00:00,519.88,520.83,519.67,2652,520.83,221556,520.178144
2024-03-25 20:00:00+00:00,519.82,520.01,519.8,12,519.81,10676,519.847956
2024-03-26 13:00:00+00:00,521.24,521.41,520.84,770,521.14,75130,521.081701
2024-03-26 14:00:00+00:00,521.28,521.56,520.74,1360,521.28,127284,521.161253
2024-03-26 15:00:00+00:00,521.4,521.455,521.095,741,521.33,32425,521.270231
2024-03-26 16:00:00+00:00,520.9,521.45,520.805,944,521.4,58122,521.050594
2024-03-26 17:00:00+00:00,520.64,521.0,520.53,1037,520.87,67730,520.798498
2024-03-26 18:00:00+00:00,520.88,521.03,520.65,1168,520.65,71577,520.846462
2024-03-26 19:00:00+00:00,518.72,520.9,518.45,3150,520.77,422621,519.613657
2024-03-27 13:00:00+00:00,520.915,521.75,520.755,771,521.72,67236,521.42229
2024-03-27 14:00:00+00:00,519.84,520.95,519.64,1568,520.88,178969,520.043466
2024-03-27 15:00:00+00:00,519.575,520.155,519.545,1227,519.815,85614,519.864569
2024-03-27 16:00:00+00:00,520.3,520.47,519.485,795,519.49,52657,520.03225
2024-03-27 17:00:00+00:00,520.18,520.47,519.75,870,520.34,55630,520.216744
2024-03-27 18:00:00+00:00,520.305,520.97,520.03,1349,520.165,100622,520.445104
2024-03-27 19:00:00+00:00,523.08,523.11,519.87,2869,520.31,326355,522.077001
2024-03-27 20:00:00+00:00,523.27,523.39,523.07,4,523.07,4600,523.241304
2024-03-28 13:00:00+00:00,523.13,523.665,522.78,748,523.25,61901,523.235909
2024-03-28 14:00:00+00:00,523.44,523.71,522.935,1776,523.32,195672,523.240129
2024-03-28 15:00:00+00:00,523.585,523.725,523.16,1549,523.425,99632,523.466821
2024-03-28 16:00:00+00:00,523.36,523.595,523.1,1118,523.59,83819,523.275872
2024-03-28 17:00:00+00:00,523.35,523.47,522.94,1111,523.33,70735,523.207648
2024-03-28 18:00:00+00:00,524.13,524.27,523.04,1389,523.34,135845,523.459427
2024-03-28 19:00:00+00:00,523.135,524.6,522.95,2242,524.2,363981,524.111433
2024-03-28 20:00:00+00:00,523.07,523.07,522.94,24,522.94,5110,523.067431
2024-04-01 13:00:00+00:00,524.08,524.37,523.45,1022,523.71,76731,524.046792
2024-04-01 14:00:00+00:00,522.33,524.18,522.14,1796,523.74,173077,523.034755
2024-04-01 15:00:00+00:00,521.1,522.4,521.09,1331,522.32,134619,521.81797
2024-04-01 16:00:00+00:00,521.9,522.22,521.005,907,521.06,50985,521.851271
2024-04-01 17:00:00+00:00,521.635,521.9,521.08,824,521.825,41195,521.565013
2024-04-01 18:00:00+00:00,521.83,522.14,521.55,911,521.77,53335,521.863656
2024-04-01 19:00:00+00:00,522.21,522.78,521.67,1893,521.81,176223,522.181737
2024-04-01 20:00:00+00:00,522.17,522.28,522.14,17,522.21,6254,522.189682
2024-04-02 13:00:00+00:00,517.47,518.445,516.88,1130,518.01,121145,517.545707
2024-04-02 14:00:00+00:00,516.95,518.0,516.51,1439,517.62,114674,517.177395
2024-04-02 15:00:00+00:00,517.11,517.865,516.94,1229,516.94,81278,517.405682
2024-04-02 16:00:00+00:00,517.965,518.0,516.91,1111,517.115,72258,517.37537
2024-04-02 17:00:00+00:00,517.74,518.12,517.35,1067,518.0,78470,517.766302
2024-04-02 18:00:00+00:00,517.775,518.12,517.665,1098,517.76,60939,517.905362
2024-04-02 19:00:00+00:00,518.9,518.965,517.745,2505,517.765,270956,518.641903
2024-04-02 20:00:00+00:00,519.02,519.02,518.82,17,518.82,15149,518.950308
2024-04-03 13:00:00+00:00,518.38,518.64,517.67,607,517.705,56438,518.354749
2024-04-03 14:00:00+00:00,520.695,520.84,518.74,1456,518.74,118632,520.196294
2024-04-03 15:00:00+00:00,520.22,520.935,520.12,1019,520.74,56298,520.701189
2024-04-03 16:00:00+00:00,520.345,520.83,519.48,1030,520.165,85940,520.249623
2024-04-03 17:00:00+00:00,520.56,520.755,520.32,793,520.34,44930,520.558388
2024-04-03 18:00:00+00:00,519.975,520.795,519.88,1208,520.555,75941,520.305079
2024-04-03 19:00:00+00:00,519.54,520.02,517.83,2218,519.75,194422,519.188127
2024-04-03 20:00:00+00:00,519.79,519.79,519.71,2,519.71,1200,519.763333
2024-04-04 13:00:00+00:00,522.83,523.65,522.61,783,523.63,77547,523.249062
2024-04-04 14:00:00+00:00,522.725,523.035,522.48,1103,522.88,73821,522.845248
2024-04-04 15:00:00+00:00,523.26,523.29,522.425,1335,522.785,75752,522.842383
2024-04-04 16:00:00+00:00,523.34,523.85,523.22,1057,523.26,61426,523.56285
2024-04-04 17:00:00+00:00,521.825,523.42,521.76,1114,523.385,63717,522.893649
2024-04-04 18:00:00+00:00,515.865,521.83,515.52,2352,521.83,250778,517.950002
2024-04-04 19:00:00+00:00,513.12,516.03,512.76,3387,515.51,434733,513.961255
2024-04-05 13:00:00+00:00,515.92,516.35,514.05,627,514.07,62431,515.156721
2024-04-05 14:00:00+00:00,518.05,518.05,514.93,954,515.95,94531,516.154865
2024-04-05 15:00:00+00:00,519.42,519.71,516.515,1127,518.05,117060,517.931493
2024-04-05 16:00:00+00:00,520.345,520.41,519.14,968,519.485,93752,519.673891
2024-04-05 17:00:00+00:00,517.745,520.37,517.465,874,520.37,62545,518.94984
2024-04-05 18:00:00+00:00,517.89,519.25,516.99,1063,517.795,181153,518.132039
2024-04-05 19:00:00+00:00,518.54,519.265,517.74,1892,517.85,242827,518.444017
2024-04-08 13:00:00+00:00,518.785,519.345,518.085,564,519.24,41531,518.75262
2024-04-08 14:00:00+00:00,519.96,520.14,518.22,1045,518.77,70099,519.37435
2024-04-08 15:00:00+00:00,518.74,520.07,518.41,928,520.03,64961,519.295922
2024-04-08 16:00:00+00:00,519.37,519.4,517.95,897,518.7,57722,518.666886
2024-04-08 17:00:00+00:00,519.28,519.455,518.68,767,519.44,62405,519.043658
2024-04-08 18:00:00+00:00,519.17,519.45,518.7,708,519.37,40383,519.140313
2024-04-08 19:00:00+00:00,518.65,519.69,518.26,1590,519.31,129398,518.70555
2024-04-08 20:00:00+00:00,518.91,518.96,518.87,8,518.88,8552,518.914865
2024-04-09 13:00:00+00:00,518.995,520.675,518.795,468,520.555,55492,520.034784
2024-04-09 14:00:00+00:00,515.55,519.245,514.355,1359,518.93,209284,515.832888
2024-04-09 15:00:00+00:00,516.89,517.125,515.25,802,515.415,67696,516.191313
2024-04-09 16:00:00+00:00,516.795,517.695,516.575,699,516.98,55503,517.186163
2024-04-09 17:00:00+00:00,516.795,517.63,516.68,834,516.74,75960,517.110444
2024-04-09 18:00:00+00:00,516.52,517.24,516.29,921,516.465,65764,516.709461
2024-04-09 19:00:00+00:00,519.34,519.44,515.72,1892,516.43,159293,518.051797
2024-04-10 12:00:00+00:00,512.98,512.98,512.98,1,512.98,100,512.98
2024-04-10 13:00:00+00:00,513.9,514.42,512.68,903,513.43,85681,513.593873
2024-04-10 14:00:00+00:00,514.4,516.135,513.455,1461,513.775,161945,514.651479
2024-04-10 15:00:00+00:00,513.325,514.505,513.0,1222,514.505,104372,513.795735
2024-04-10 16:00:00+00:00,514.18,514.3,512.98,1490,513.37,113998,513.724389
2024-04-10 17:00:00+00:00,513.835,515.025,512.09,1656,514.23,134184,513.308065
2024-04-10 18:00:00+00:00,512.67,514.55,512.59,1235,513.89,73462,513.789448
2024-04-10 19:00:00+00:00,514.195,515.045,512.465,2320,512.605,226565,514.266904
2024-04-10 20:00:00+00:00,513.74,513.74,513.74,1,513.74,100,513.74
2024-04-11 13:00:00+00:00,514.54,515.825,514.12,476,515.68,56015,514.834213
2024-04-11 14:00:00+00:00,513.2,514.65,512.13,1074,514.65,102164,513.186311
2024-04-11 15:00:00+00:00,515.28,515.36,513.21,962,513.215,85439,514.023637
2024-04-11 16:00:00+00:00,515.29,515.62,514.785,967,515.4,74286,515.157648
2024-04-11 17:00:00+00:00,517.99,518.11,514.92,1185,515.33,92402,517.119267
2024-04-11 18:00:00+00:00,518.715,519.48,517.945,1609,517.945,145293,518.97539
2024-04-11 19:00:00+00:00,518.05,519.35,517.98,2033,518.75,213560,518.676658
2024-04-11 20:00:00+00:00,518.1,518.1,518.1,1,518.1,100,518.1
2024-04-12 13:00:00+00:00,515.24,515.75,513.78,882,513.78,91297,515.008642
2024-04-12 14:00:00+00:00,512.29,515.39,512.095,1441,515.39,137117,513.764928
2024-04-12 15:00:00+00:00,513.53,513.99,512.215,1142,512.215,76891,513.213111
2024-04-12 16:00:00+00:00,510.63,513.47,510.49,1544,513.29,137084,511.319453
2024-04-12 17:00:00+00:00,510.525,511.23,509.335,1896,510.59,175297,510.204208
2024-04-12 18:00:00+00:00,509.665,511.4,509.66,1404,510.445,118387,510.496915
2024-04-12 19:00:00+00:00,510.88,510.88,509.16,3133,509.5,315458,510.12496
2024-04-12 20:00:00+00:00,510.85,511.06,510.85,7,511.06,2291,510.933854
2024-04-15 12:00:00+00:00,515.06,515.06,515.06,1,515.06,100,515.06
2024-04-15 13:00:00+00:00,514.85,515.3,514.3,1073,515.21,118056,514.835925
2024-04-15 14:00:00+00:00,511.09,514.995,511.09,1602,514.89,141710,512.845114
2024-04-15 15:00:00+00:00,512.315,512.59,510.81,1490,511.18,128040,511.603822
2024-04-15 16:00:00+00:00,510.1,512.61,509.52,1427,512.25,114149,510.56975
2024-04-15 17:00:00+00:00,506.25,510.55,505.04,2162,510.06,228383,507.129083
2024-04-15 18:00:00+00:00,505.185,506.44,504.455,1546,506.27,126580,505.398574
2024-04-15 19:00:00+00:00,504.52,505.235,503.595,2663,505.05,270013,504.699089
2024-04-15 20:00:00+00:00,504.19,504.4,504.19,3,504.4,284,504.295
2024-04-16 13:00:00+00:00,504.415,505.2,502.96,929,504.82,127115,504.287628
2024-04-16 14:00:00+00:00,503.085,505.21,502.495,1545,504.445,108253,503.684001
2024-04-16 15:00:00+00:00,504.2,505.325,503.015,1705,503.175,83516,504.045565
2024-04-16 16:00:00+00:00,504.685,505.03,503.58,1008,503.915,53303,504.229963
2024-04-16 17:00:00+00:00,504.02,504.985,502.26,1239,504.615,131522,503.946041
2024-04-16 18:00:00+00:00,505.8,506.49,502.625,2091,503.87,179320,504.689139
2024-04-16 19:00:00+00:00,503.41,505.83,503.32,2376,505.535,196058,504.4325
2024-04-16 20:00:00+00:00,503.53,503.53,503.53,2,503.53,800,503.53
2024-04-17 13:00:00+00:00,505.29,506.2,505.04,904,506.08,84358,505.692095
2024-04-17 14:00:00+00:00,502.905,505.345,502.22,1507,505.345,120230,503.715726
2024-04-17 15:00:00+00:00,501.74,503.98,501.03,1161,502.9,95075,501.976431
2024-04-17 16:00:00+00:00,499.9,501.705,499.12,1847,501.705,170696,500.195517
2024-04-17 17:00:00+00:00,502.355,502.5,499.74,1292,499.92,120732,501.443518
2024-04-17 18:00:00+00:00,501.6,504.01,501.32,1126,502.355,71871,502.381242
2024-04-17 19:00:00+00:00,500.52,501.81,500.46,2136,501.48,170141,501.060268
2024-04-17 20:00:00+00:00,500.59,500.59,500.55,3,500.55,273,500.57
2024-04-18 13:00:00+00:00,501.165,502.015,499.76,841,501.85,118557,500.911095
2024-04-18 14:00:00+00:00,503.385,503.81,500.45,1234,501.31,114257,502.447646
2024-04-18 15:00:00+00:00,502.88,504.1,502.63,1030,503.415,70279,503.331489
2024-04-18 16:00:00+00:00,500.71,503.295,500.63,1179,503.025,61307,501.884158
2024-04-18 17:00:00+00:00,499.61,501.105,498.91,1211,500.76,126868,499.837226
2024-04-18 18:00:00+00:00,498.98,500.29,498.57,1027,499.545,80780,499.445638
2024-04-18 19:00:00+00:00,499.42,500.83,498.985,1928,499.03,167301,499.829134
2024-04-18 20:00:00+00:00,499.54,499.97,499.54,10,499.9,4990,499.708737
2024-04-19 13:00:00+00:00,499.715,500.45,498.7,775,499.44,157581,499.654452
2024-04-19 14:00:00+00:00,498.54,500.07,497.64,1039,499.67,158211,498.775997
2024-04-19 15:00:00+00:00,497.145,498.95,496.995,873,498.495,95940,497.968726
2024-04-19 16:00:00+00:00,497.09,497.725,495.12,1324,497.26,144413,496.034602
2024-04-19 17:00:00+00:00,497.35,498.445,496.5,841,497.25,89328,497.274837
2024-04-19 18:00:00+00:00,494.95,497.16,494.09,1569,497.16,117519,495.411644
2024-04-19 19:00:00+00:00,495.185,495.685,493.87,3097,494.82,270688,494.936802
2024-04-19 20:00:00+00:00,494.96,494.96,494.89,7,494.93,5260,494.937833
2024-04-22 13:00:00+00:00,497.595,498.045,496.74,821,497.85,81807,497.608099
2024-04-22 14:00:00+00:00,496.2,498.17,495.995,1136,497.655,83758,497.070606
2024-04-22 15:00:00+00:00,497.2,497.25,495.45,1381,496.025,94617,496.211874
2024-04-22 16:00:00+00:00,498.3,498.49,497.315,1292,497.42,86790,497.854156
2024-04-22 17:00:00+00:00,501.43,501.82,498.27,1594,498.39,112808,499.846228
2024-04-22 18:00:00+00:00,501.34,502.36,500.665,1625,501.48,118314,501.549284
2024-04-22 19:00:00+00:00,499.54,501.31,498.91,2315,501.23,223955,499.724911
2024-04-22 20:00:00+00:00,499.72,499.72,499.05,6,499.05,6300,499.700635
2024-04-23 13:00:00+00:00,503.025,503.66,501.255,912,501.86,107618,502.246571
2024-04-23 14:00:00+00:00,505.3,505.3,502.81,1322,503.12,126269,504.226262
2024-04-23 15:00:00+00:00,504.33,505.275,504.09,1070,505.25,91591,504.640371
2024-04-23 16:00:00+00:00,505.205,505.57,504.235,901,504.365,53863,505.083652
2024-04-23 17:00:00+00:00,505.98,506.05,504.6,993,505.185,82439,505.383945
2024-04-23 18:00:00+00:00,505.73,506.05,505.26,1110,505.975,54521,505.735792
2024-04-23 19:00:00+00:00,505.5,505.78,504.99,2198,505.78,204767,505.348319
2024-04-23 20:00:00+00:00,505.65,505.65,505.62,15,505.65,3100,505.648973
2024-04-24 13:00:00+00:00,506.135,507.34,505.955,740,506.54,72671,506.649846
2024-04-24 14:00:00+00:00,505.26,507.055,505.005,995,506.24,88075,506.07888
2024-04-24 15:00:00+00:00,503.905,505.34,503.66,1006,505.235,87270,504.407295
2024-04-24 16:00:00+00:00,504.35,504.4,503.135,801,503.755,62009,503.73138
2024-04-24 17:00:00+00:00,506.43,506.51,504.11,781,504.32,71898,505.368746
2024-04-24 18:00:00+00:00,504.42,506.34,504.42,748,506.34,37719,505.237492
2024-04-24 19:00:00+00:00,505.66,506.17,504.255,1438,504.42,119606,505.65777
2024-04-24 20:00:00+00:00,502.89,505.6,502.89,12,505.6,8100,505.166527
2024-04-25 13:00:00+00:00,498.15,499.34,497.875,993,499.1,164885,498.479184
2024-04-25 14:00:00+00:00,498.42,499.82,497.54,1313,498.17,149054,498.852222
2024-04-25 15:00:00+00:00,500.37,500.39,498.43,1330,498.43,131856,499.558967
2024-04-25 16:00:00+00:00,501.77,502.01,499.94,1131,500.21,105121,501.029796
2024-04-25 17:00:00+00:00,503.505,503.77,500.99,1087,501.92,98213,502.398021
2024-04-25 18:00:00+00:00,502.36,503.705,501.74,1166,503.52,104604,502.919332
2024-04-25 19:00:00+00:00,503.53,504.25,502.49,2027,502.49,149376,503.377824
2024-04-25 20:00:00+00:00,507.81,507.81,504.47,3,504.47,300,506.583333
2024-04-26 12:00:00+00:00,506.56,508.19,506.56,3,508.19,400,507.375
2024-04-26 13:00:00+00:00,507.795,508.195,505.75,735,506.42,82186,506.87394
2024-04-26 14:00:00+00:00,508.72,509.0,507.69,1252,507.97,92618,508.565318
2024-04-26 15:00:00+00:00,508.61,509.29,507.735,1122,508.815,86576,508.540746
2024-04-26 16:00:00+00:00,509.555,509.555,508.23,1004,508.605,54928,508.959117
2024-04-26 17:00:00+00:00,509.4,509.88,509.1,781,509.545,41718,509.563917
2024-04-26 18:00:00+00:00,509.405,509.44,508.625,958,509.245,55676,508.986623
2024-04-26 19:00:00+00:00,508.195,509.62,508.195,1703,509.345,156470,508.757217
2024-04-26 20:00:00+00:00,508.26,508.43,508.26,20,508.32,13019,508.362223
2024-04-29 13:00:00+00:00,509.565,510.735,509.02,659,510.26,74741,509.914998
2024-04-29 14:00:00+00:00,509.89,510.56,509.535,664,509.535,42855,510.049441
2024-04-29 15:00:00+00:00,509.74,509.905,509.06,522,509.81,26465,509.46847
2024-04-29 16:00:00+00:00,509.925,510.295,509.62,703,509.675,36993,510.005946
2024-04-29 17:00:00+00:00,510.23,510.5,509.63,520,509.94,31307,510.254687
2024-04-29 18:00:00+00:00,509.59,510.125,508.66,622,510.125,43897,509.456954
2024-04-29 19:00:00+00:00,510.07,510.1,507.34,1611,509.14,187752,508.910394
2024-04-29 20:00:00+00:00,510.06,510.33,510.06,10,510.33,5920,510.082805
2024-04-30 13:00:00+00:00,509.125,509.495,508.21,785,508.33,75289,508.897854
2024-04-30 14:00:00+00:00,508.595,509.52,508.11,884,509.32,52054,508.857367
2024-04-30 15:00:00+00:00,506.595,508.63,506.05,1205,508.63,108881,506.852294
2024-04-30 16:00:00+00:00,505.335,507.0,504.82,1431,506.57,102772,505.721917
2024-04-30 17:00:00+00:00,506.12,506.205,504.71,1260,505.28,82942,505.4626
2024-04-30 18:00:00+00:00,504.83,506.54,504.45,1587,506.105,103368,505.387329
2024-04-30 19:00:00+00:00,502.26,505.265,502.07,2408,504.795,217712,503.945005
2024-04-30 20:00:00+00:00,501.64,502.12,501.06,6,502.1,1540,501.670667
2024-05-01 12:00:00+00:00,500.97,500.97,500.97,1,500.97,100,500.97
2024-05-01 13:00:00+00:00,500.87,501.795,500.45,490,501.38,49095,501.017709
2024-05-01 14:00:00+00:00,501.345,501.555,500.09,999,500.83,69057,500.785554
2024-05-01 15:00:00+00:00,500.385,501.445,500.075,953,501.265,68437,500.625502
2024-05-01 16:00:00+00:00,500.355,501.07,499.89,1028,500.18,61266,500.708733
2024-05-01 17:00:00+00:00,501.01,501.345,500.0,942,500.48,42804,500.758012
2024-05-01 18:00:00+00:00,506.95,507.38,500.82,1919,501.6,306767,503.466148
2024-05-01 19:00:00+00:00,500.11,508.17,500.08,2279,507.55,354565,502.600266
2024-05-01 20:00:00+00:00,500.35,500.35,500.35,2,500.35,1710,500.35
2024-05-02 13:00:00+00:00,502.055,504.57,501.7,716,504.155,64907,502.77818
2024-05-02 14:00:00+00:00,502.46,502.615,499.6,682,501.98,60682,501.465869
2024-05-02 15:00:00+00:00,502.76,503.075,501.445,705,502.435,44106,502.550689
2024-05-02 16:00:00+00:00,502.26,502.815,501.38,744,502.815,45050,502.11933
2024-05-02 17:00:00+00:00,503.835,504.345,502.375,633,502.385,50483,503.63404
2024-05-02 18:00:00+00:00,505.455,505.53,503.69,747,503.835,47906,504.567196
2024-05-02 19:00:00+00:00,505.03,505.86,503.88,1698,505.44,207729,504.834271
2024-05-02 20:00:00+00:00,505.01,505.01,504.99,2,504.99,500,505.006
2024-05-03 12:00:00+00:00,510.53,510.53,510.53,1,510.53,100,510.53
2024-05-03 13:00:00+00:00,511.55,511.9,509.755,1096,511.16,112445,511.117448
2024-05-03 14:00:00+00:00,509.175,512.54,508.67,1408,512.0,173304,510.164035
2024-05-03 15:00:00+00:00,510.615,510.815,508.595,897,509.21,59961,510.019903
2024-05-03 16:00:00+00:00,510.665,511.385,510.435,1103,510.55,77533,510.866196
2024-05-03 17:00:00+00:00,511.41,511.59,510.685,879,510.685,51568,511.15734
2024-05-03 18:00:00+00:00,511.545,511.965,511.34,917,511.34,57624,511.702358
2024-05-03 19:00:00+00:00,511.25,511.82,511.16,2201,511.505,219607,511.415243
2024-05-06 13:00:00+00:00,514.195,514.34,513.3,1368,513.775,131654,513.89095
2024-05-06 14:00:00+00:00,514.255,514.635,514.05,1766,514.21,119508,514.313004
2024-05-06 15:00:00+00:00,514.36,514.505,513.92,1350,514.315,77985,514.172554
2024-05-06 16:00:00+00:00,514.68,514.68,513.72,1462,514.35,79738,514.248241
2024-05-06 17:00:00+00:00,514.885,515.02,514.3,1026,514.68,65396,514.6904
2024-05-06 18:00:00+00:00,515.415,515.76,514.825,1134,514.885,70518,515.30513
2024-05-06 19:00:00+00:00,516.54,516.59,514.89,3021,515.395,269535,515.731397
2024-05-06 20:00:00+00:00,516.34,516.54,516.34,8,516.54,6805,516.451029
2024-05-07 13:00:00+00:00,517.17,517.895,517.17,649,517.55,58404,517.475582
2024-05-07 14:00:00+00:00,518.08,518.225,517.01,1229,517.23,101865,517.513121
2024-05-07 15:00:00+00:00,518.06,518.28,517.7,1501,518.175,92756,518.068525
2024-05-07 16:00:00+00:00,517.875,518.28,517.63,1000,518.055,53407,518.003188
2024-05-07 17:00:00+00:00,517.0,518.56,516.89,1157,518.015,75212,517.871761
2024-05-07 18:00:00+00:00,517.0,517.41,516.47,1125,517.06,77648,516.915929
2024-05-07 19:00:00+00:00,517.255,517.84,516.755,2370,516.965,399184,517.502253
2024-05-08 13:00:00+00:00,516.48,516.48,515.33,570,515.625,51846,516.088295
2024-05-08 14:00:00+00:00,517.355,517.675,516.1,639,516.42,71327,516.980811
2024-05-08 15:00:00+00:00,516.8,517.675,516.675,441,517.45,39850,517.08342
2024-05-08 16:00:00+00:00,516.6,517.07,516.27,437,516.8,28167,516.738009
2024-05-08 17:00:00+00:00,517.04,517.045,516.16,538,516.54,37409,516.503043
2024-05-08 18:00:00+00:00,517.005,517.385,516.94,517,517.09,32851,517.172755
2024-05-08 19:00:00+00:00,517.2,517.69,516.68,1782,516.945,180232,517.42908
2024-05-08 20:00:00+00:00,517.1,517.2,517.1,4,517.2,2356,517.176087
2024-05-09 13:00:00+00:00,517.55,517.78,516.715,629,517.435,94941,517.228545
2024-05-09 14:00:00+00:00,519.145,519.265,517.52,1248,517.58,124914,518.33625
2024-05-09 15:00:00+00:00,518.5,519.51,518.39,870,519.18,64055,519.095223
2024-05-09 16:00:00+00:00,519.215,519.34,518.42,658,518.465,55170,518.804836
2024-05-09 17:00:00+00:00,519.205,519.61,518.82,785,519.215,59934,519.316374
2024-05-09 18:00:00+00:00,519.885,520.04,518.945,819,519.16,56415,519.532114
2024-05-09 19:00:00+00:00,520.16,520.195,519.585,2025,519.845,330985,519.955934
2024-05-09 20:00:00+00:00,520.56,520.56,520.06,7,520.16,7422,520.298146
2024-05-10 12:00:00+00:00,521.52,521.52,521.52,1,521.52,100,521.52
2024-05-10 13:00:00+00:00,522.39,522.62,521.365,1036,521.8,100469,522.06523
2024-05-10 14:00:00+00:00,520.485,522.35,520.01,1423,522.35,129655,521.207443
2024-05-10 15:00:00+00:00,520.365,520.625,519.67,1025,520.495,67343,520.295752
2024-05-10 16:00:00+00:00,520.53,520.765,519.89,1210,520.265,103395,520.503163
2024-05-10 17:00:00+00:00,520.79,520.82,519.91,829,520.525,52466,520.353606
2024-05-10 18:00:00+00:00,520.92,520.92,520.12,830,520.745,57108,520.636404
2024-05-10 19:00:00+00:00,520.81,521.33,520.65,1910,520.74,174968,521.116041
2024-05-10 20:00:00+00:00,520.78,520.81,520.62,13,520.67,8601,520.728944
2024-05-13 13:00:00+00:00,521.68,522.615,521.11,730,522.615,82221,521.726625
2024-05-13 14:00:00+00:00,521.22,521.82,521.13,967,521.695,77190,521.547373
2024-05-13 15:00:00+00:00,521.05,521.46,520.54,950,521.27,62625,521.059504
2024-05-13 16:00:00+00:00,521.02,521.37,521.02,985,521.095,49566,521.219592
2024-05-13 17:00:00+00:00,520.64,520.95,519.77,744,520.82,46511,520.522844
2024-05-13 18:00:00+00:00,520.9,520.975,520.315,717,520.565,54083,520.747758
2024-05-13 19:00:00+00:00,520.925,521.13,520.47,1592,520.865,183383,520.85397
2024-05-13 20:00:00+00:00,520.61,521.04,520.57,16,521.04,6029,520.833905
2024-05-14 12:00:00+00:00,520.64,520.64,520.64,2,520.64,200,520.64
2024-05-14 13:00:00+00:00,521.345,521.67,520.93,424,521.185,81582,521.409914
2024-05-14 14:00:00+00:00,521.765,522.355,520.66,809,521.26,91745,521.573215
2024-05-14 15:00:00+00:00,521.085,522.11,521.025,556,521.85,32099,521.627464
2024-05-14 16:00:00+00:00,520.95,521.3,520.68,733,521.045,90290,520.961185
2024-05-14 17:00:00+00:00,521.275,521.415,520.615,597,521.0,47198,521.048578
2024-05-14 18:00:00+00:00,523.27,523.51,521.25,1191,521.255,117238,522.642337
2024-05-14 19:00:00+00:00,523.275,523.83,523.02,2363,523.275,248467,523.518141
2024-05-14 20:00:00+00:00,523.16,523.38,523.16,4,523.38,4352,523.291066
2024-05-15 13:00:00+00:00,525.71,526.73,525.22,671,525.77,69331,525.970214
2024-05-15 14:00:00+00:00,527.15,527.24,525.65,1052,525.725,121050,526.604135
2024-05-15 15:00:00+00:00,527.89,528.16,527.16,912,527.21,81027,527.875291
2024-05-15 16:00:00+00:00,528.44,528.59,527.415,946,527.84,81253,528.047665
2024-05-15 17:00:00+00:00,528.95,528.98,528.34,948,528.555,61596,528.677698
2024-05-15 18:00:00+00:00,529.0,529.43,528.61,1182,528.92,83116,528.986156
2024-05-15 19:00:00+00:00,529.8,530.07,528.7,2735,528.98,365797,529.598646
2024-05-15 20:00:00+00:00,529.09,529.16,528.97,7,529.16,5840,529.090171
2024-05-16 12:00:00+00:00,530.18,530.18,530.18,2,530.18,300,530.18
2024-05-16 13:00:00+00:00,530.17,530.3,529.88,383,529.88,77904,530.094673
2024-05-16 14:00:00+00:00,531.355,531.4,529.6,740,530.16,68117,530.582027
2024-05-16 15:00:00+00:00,530.94,531.445,530.54,633,531.44,64637,530.94335
2024-05-16 16:00:00+00:00,530.72,530.77,530.195,552,530.77,48867,530.535676
2024-05-16 17:00:00+00:00,529.99,530.835,529.35,794,530.725,68510,530.033261
2024-05-16 18:00:00+00:00,530.08,530.085,529.025,932,530.055,55173,529.718403
2024-05-16 19:00:00+00:00,528.83,530.195,528.55,2591,530.105,286455,529.427422
2024-05-16 20:00:00+00:00,528.49,528.55,528.49,4,528.55,700,528.51
2024-05-17 13:00:00+00:00,528.745,529.125,528.365,218,528.93,21063,528.80204
2024-05-17 14:00:00+00:00,529.105,529.285,528.39,711,528.72,92498,529.076362
2024-05-17 15:00:00+00:00,528.82,529.05,528.3,593,529.03,36264,528.640652
2024-05-17 16:00:00+00:00,528.72,528.91,528.19,640,528.85,37346,528.638667
2024-05-17 17:00:00+00:00,528.715,528.89,528.51,666,528.765,81243,528.778402
2024-05-17 18:00:00+00:00,528.79,528.92,527.395,975,528.645,60780,528.21675
2024-05-17 19:00:00+00:00,529.51,529.51,528.685,1782,528.8,328075,529.200139
2024-05-17 20:00:00+00:00,529.24,529.29,529.11,11,529.18,7700,529.192208
2024-05-20 13:00:00+00:00,531.14,531.2,529.51,724,529.56,60986,530.388844
2024-05-20 14:00:00+00:00,531.245,531.42,530.71,794,531.15,67524,531.152627
2024-05-20 15:00:00+00:00,530.99,531.56,530.85,932,531.185,58499,531.147738
2024-05-20 16:00:00+00:00,531.19,531.205,530.66,670,531.01,36967,530.93932
2024-05-20 17:00:00+00:00,530.255,531.28,530.06,765,531.2,60253,530.614867
2024-05-20 18:00:00+00:00,529.925,530.44,529.17,837,530.24,71938,530.012044
2024-05-20 19:00:00+00:00,530.05,530.39,529.52,1520,529.895,319227,529.888997
2024-05-20 20:00:00+00:00,529.78,530.14,529.73,60,530.14,44297,529.948104
2024-05-21 13:00:00+00:00,529.51,529.68,529.15,463,529.31,37535,529.49218
2024-05-21 14:00:00+00:00,530.34,530.59,529.585,863,529.595,61299,530.114404
2024-05-21 15:00:00+00:00,529.95,530.72,529.83,736,530.32,66877,530.361565
2024-05-21 16:00:00+00:00,529.885,530.29,529.82,1129,529.97,106727,530.038409
2024-05-21 17:00:00+00:00,530.745,530.75,529.65,860,529.93,77891,530.33694
2024-05-21 18:00:00+00:00,530.365,530.78,530.21,660,530.76,37656,530.468934
2024-05-21 19:00:00+00:00,531.34,531.5,530.305,1589,530.42,238563,531.160822
2024-05-21 20:00:00+00:00,531.15,531.16,531.06,5,531.08,4615,531.120477
2024-05-22 13:00:00+00:00,531.15,531.165,530.65,459,530.71,38880,530.961833
2024-05-22 14:00:00+00:00,531.16,531.27,530.8,565,531.27,51458,531.047513
2024-05-22 15:00:00+00:00,530.69,531.34,530.27,495,531.125,43125,531.014129
2024-05-22 16:00:00+00:00,530.845,531.15,530.695,379,530.695,34921,530.955024
2024-05-22 17:00:00+00:00,529.955,531.235,529.465,789,530.87,124489,530.065756
2024-05-22 18:00:00+00:00,528.6,529.88,527.6,851,529.62,86074,528.59688
2024-05-22 19:00:00+00:00,529.8,529.83,528.01,1248,528.53,156703,528.903592
2024-05-22 20:00:00+00:00,530.2,530.2,529.62,2,529.62,200,529.91
2024-05-23 13:00:00+00:00,529.92,533.04,529.55,930,532.96,109424,531.352928
2024-05-23 14:00:00+00:00,529.06,530.98,529.05,839,529.865,83330,529.845902
2024-05-23 15:00:00+00:00,531.09,531.38,528.995,842,529.01,147668,530.721626
2024-05-23 16:00:00+00:00,529.59,531.345,529.565,456,531.085,47307,530.62244
2024-05-23 17:00:00+00:00,526.7,529.835,526.68,695,529.56,80255,528.592174
2024-05-23 18:00:00+00:00,524.865,526.82,524.865,1281,526.57,160276,525.796051
2024-05-23 19:00:00+00:00,525.96,526.18,524.78,1841,524.91,207201,525.598465
2024-05-23 20:00:00+00:00,525.98,526.1,525.98,4,526.1,1097,526.038341
2024-05-24 13:00:00+00:00,527.33,528.095,526.89,776,527.87,117879,527.583915
2024-05-24 14:00:00+00:00,529.035,529.12,527.425,714,527.425,69681,528.271476
2024-05-24 15:00:00+00:00,529.45,530.24,528.91,723,529.075,83540,529.587505
2024-05-24 16:00:00+00:00,529.255,530.0,529.25,561,529.45,46857,529.572302
2024-05-24 17:00:00+00:00,529.535,529.84,529.11,476,529.28,80033,529.512503
2024-05-24 18:00:00+00:00,529.12,530.09,529.07,655,529.52,73511,529.630704
2024-05-24 19:00:00+00:00,529.46,529.55,528.42,1462,529.055,158882,529.073234
2024-05-24 20:00:00+00:00,529.47,529.63,529.42,31,529.63,19147,529.451804
2024-05-28 13:00:00+00:00,529.27,530.51,529.16,532,530.32,74420,529.87066
2024-05-28 14:00:00+00:00,529.89,530.08,529.02,1043,529.255,75102,529.533977
2024-05-28 15:00:00+00:00,530.01,530.09,529.415,856,529.9,47608,529.790445
2024-05-28 16:00:00+00:00,529.735,530.28,529.65,994,530.04,45087,529.96692
2024-05-28 17:00:00+00:00,528.82,529.885,528.51,1062,529.76,73142,529.338665
2024-05-28 18:00:00+00:00,528.23,529.345,527.11,1299,528.725,107835,528.106327
2024-05-28 19:00:00+00:00,529.88,529.9,528.105,2096,528.215,312121,529.244409
2024-05-28 20:00:00+00:00,529.79,530.14,529.79,27,530.14,6220,529.820466
2024-05-29 13:00:00+00:00,526.23,526.41,525.435,799,525.63,77047,525.85405
2024-05-29 14:00:00+00:00,526.98,527.295,525.92,956,526.19,111083,526.677822
2024-05-29 15:00:00+00:00,526.46,526.98,526.06,745,526.92,75962,526.393757
2024-05-29 16:00:00+00:00,527.08,527.3,526.02,763,526.5,92407,526.505419
2024-05-29 17:00:00+00:00,527.155,527.155,526.195,569,526.89,53050,526.59155
2024-05-29 18:00:00+00:00,526.17,527.11,526.07,877,527.03,61584,526.528947
2024-05-29 19:00:00+00:00,526.12,527.18,525.57,1952,526.15,273153,526.082518
2024-05-29 20:00:00+00:00,525.39,525.39,525.39,1,525.39,663,525.39
2024-05-30 13:00:00+00:00,524.59,524.945,523.925,507,524.31,67489,524.371564
2024-05-30 14:00:00+00:00,523.43,524.75,523.125,1354,524.48,114537,523.889559
2024-05-30 15:00:00+00:00,523.71,524.38,523.035,1013,523.42,78298,523.83114
2024-05-30 16:00:00+00:00,524.575,524.615,523.715,994,523.715,57807,524.310961
2024-05-30 17:00:00+00:00,524.785,525.2,524.525,705,524.635,46699,524.853828
2024-05-30 18:00:00+00:00,524.07,524.825,523.64,758,524.67,60693,524.103517
2024-05-30 19:00:00+00:00,522.65,524.19,521.345,2654,524.09,397195,522.669007
2024-05-30 20:00:00+00:00,522.42,522.42,522.42,1,522.42,400,522.42
2024-05-31 13:00:00+00:00,523.145,524.745,523.07,465,523.63,59831,523.679566
2024-05-31 14:00:00+00:00,520.87,523.205,520.29,1150,523.19,188422,521.513795
2024-05-31 15:00:00+00:00,519.73,520.9,519.58,656,520.885,69409,520.137607
2024-05-31 16:00:00+00:00,519.525,519.75,518.44,783,519.67,109002,519.161669
2024-05-31 17:00:00+00:00,520.795,521.03,519.53,595,519.53,77925,520.505544
2024-05-31 18:00:00+00:00,521.475,521.775,520.6,685,520.85,62528,521.105755
2024-05-31 19:00:00+00:00,527.335,527.45,521.035,3175,521.465,841322,525.918568
2024-05-31 20:00:00+00:00,527.37,527.37,527.37,3,527.37,600,527.37
2024-06-03 13:00:00+00:00,527.98,529.15,527.4,833,529.05,96452,528.592811
2024-06-03 14:00:00+00:00,526.025,528.95,525.71,1107,527.92,152632,527.216629
2024-06-03 15:00:00+00:00,526.02,526.66,525.4,232,526.03,31023,525.91939
2024-06-03 16:00:00+00:00,523.83,526.245,523.35,298,526.245,35282,524.189779
2024-06-03 17:00:00+00:00,525.06,525.56,522.695,522,523.605,30105,524.113031
2024-06-03 18:00:00+00:00,525.755,526.085,524.71,516,525.23,35705,525.539569
2024-06-03 19:00:00+00:00,527.77,527.8,525.61,1589,525.77,178417,526.889785
2024-06-03 20:00:00+00:00,527.82,527.82,527.7,46,527.7,30200,527.802882
2024-06-04 13:00:00+00:00,526.35,526.78,525.805,509,526.545,70942,526.459818
2024-06-04 14:00:00+00:00,525.96,527.65,525.74,968,526.64,108366,526.78884
2024-06-04 15:00:00+00:00,525.255,526.53,525.14,661,525.94,62658,525.907307
2024-06-04 16:00:00+00:00,526.425,526.92,524.97,728,525.33,74819,525.98099
2024-06-04 17:00:00+00:00,526.835,527.085,525.705,533,526.465,40303,526.555215
2024-06-04 18:00:00+00:00,528.46,529.125,526.735,1023,526.81,104155,528.021094
2024-06-04 19:00:00+00:00,528.35,528.545,526.625,1238,528.36,104719,527.926725
2024-06-05 13:00:00+00:00,529.96,530.79,529.51,982,530.79,95160,530.254685
2024-06-05 14:00:00+00:00,530.955,531.06,528.84,1259,529.7,167348,530.129313
2024-06-05 15:00:00+00:00,532.06,532.41,531.01,946,531.035,90839,531.831998
2024-06-05 16:00:00+00:00,532.655,532.805,531.795,879,532.025,78591,532.258871
2024-06-05 17:00:00+00:00,533.23,533.23,532.2,836,532.655,60003,532.753022
2024-06-05 18:00:00+00:00,533.88,533.995,533.035,1262,533.235,103602,533.650439
2024-06-05 19:00:00+00:00,534.65,534.665,533.33,2413,533.8,235994,534.142621
2024-06-05 20:00:00+00:00,534.17,534.39,534.17,10,534.39,10400,534.3275
2024-06-06 13:00:00+00:00,534.4,535.405,534.4,699,534.9,98337,535.070565
2024-06-06 14:00:00+00:00,534.47,535.18,534.36,929,534.36,114873,534.764421
2024-06-06 15:00:00+00:00,534.1,534.745,534.085,992,534.575,79054,534.433976
2024-06-06 16:00:00+00:00,533.435,534.24,533.27,753,534.15,74993,533.746434
2024-06-06 17:00:00+00:00,534.165,534.45,533.305,795,533.425,79523,533.993592
2024-06-06 18:00:00+00:00,534.42,534.56,532.7,855,534.18,86603,533.509217
2024-06-06 19:00:00+00:00,534.63,534.63,534.005,1581,534.405,123932,534.381908
2024-06-07 13:00:00+00:00,533.895,534.28,532.56,596,533.3,48756,533.493583
2024-06-07 14:00:00+00:00,535.3,536.39,534.025,1412,534.06,144127,534.818108
2024-06-07 15:00:00+00:00,535.22,535.395,534.09,579,535.075,39116,534.830119
2024-06-07 16:00:00+00:00,536.305,536.34,534.84,623,535.035,54699,535.65482
2024-06-07 17:00:00+00:00,535.88,536.86,535.76,855,536.3,106768,536.372914
2024-06-07 18:00:00+00:00,535.09,535.85,533.51,867,535.84,75670,534.550667
2024-06-07 19:00:00+00:00,534.01,535.27,533.75,1370,534.76,155526,534.295479
2024-06-10 13:00:00+00:00,533.11,533.25,532.615,439,533.25,45428,532.899952
2024-06-10 14:00:00+00:00,533.74,533.885,533.03,772,533.105,111547,533.547484
2024-06-10 15:00:00+00:00,534.71,535.03,533.755,1129,533.755,148846,534.52333
2024-06-10 16:00:00+00:00,534.85,535.125,534.595,479,534.645,30395,534.788551
2024-06-10 17:00:00+00:00,535.305,535.58,534.245,573,534.855,54892,534.858609
2024-06-10 18:00:00+00:00,535.03,535.52,534.315,839,535.305,55541,534.772967
2024-06-10 19:00:00+00:00,535.705,535.94,534.735,2129,535.005,389029,535.421412
2024-06-11 13:00:00+00:00,532.755,534.08,532.125,760,534.08,54432,533.132266
2024-06-11 14:00:00+00:00,534.65,534.66,532.59,806,532.745,72425,533.499907
2024-06-11 15:00:00+00:00,533.87,534.76,533.7,1205,534.735,78491,534.257486
2024-06-11 16:00:00+00:00,534.13,534.25,533.57,947,533.725,34421,533.926654
2024-06-11 17:00:00+00:00,535.18,535.24,533.79,1497,533.87,102801,534.730391
2024-06-11 18:00:00+00:00,536.06,536.6,534.96,1276,535.125,46181,535.879602
2024-06-11 19:00:00+00:00,537.01,537.01,535.62,1665,536.315,98719,536.236722
2024-06-12 12:00:00+00:00,541.28,541.34,541.28,4,541.28,398,541.3
2024-06-12 13:00:00+00:00,542.625,542.92,541.225,1006,541.625,132669,542.146751
2024-06-12 14:00:00+00:00,542.9,543.945,542.56,1096,542.68,136321,543.273658
2024-06-12 15:00:00+00:00,542.88,543.395,542.595,741,543.03,48465,543.004881
2024-06-12 16:00:00+00:00,542.8,543.12,542.48,790,542.825,47339,542.759726
2024-06-12 17:00:00+00:00,542.61,543.34,542.27,956,542.82,67219,542.730319
2024-06-12 18:00:00+00:00,542.6,543.05,540.98,1335,541.535,133211,542.028325
2024-06-12 19:00:00+00:00,541.28,544.03,540.36,2992,542.485,279813,541.940827
2024-06-12 20:00:00+00:00,541.15,541.36,541.15,75,541.26,18868,541.332016
2024-06-13 13:00:00+00:00,541.89,543.15,541.8,753,543.12,90726,542.571526
2024-06-13 14:00:00+00:00,540.56,542.26,540.435,1020,542.12,79001,541.096559
2024-06-13 15:00:00+00:00,541.2,541.63,540.265,1211,540.57,59773,541.078744
2024-06-13 16:00:00+00:00,540.71,540.96,539.71,1169,540.945,72491,540.484113
2024-06-13 17:00:00+00:00,541.67,541.95,540.74,818,540.74,42022,541.47105
2024-06-13 18:00:00+00:00,542.5,542.58,541.34,938,541.645,66628,542.125555
2024-06-13 19:00:00+00:00,542.35,543.3,542.21,2074,542.38,196891,542.767047
2024-06-13 20:00:00+00:00,542.45,542.52,542.41,42,542.41,23158,542.453587
2024-06-14 12:00:00+00:00,540.15,540.15,540.15,1,540.15,100,540.15
2024-06-14 13:00:00+00:00,541.48,541.595,540.69,647,540.89,62836,541.22495
2024-06-14 14:00:00+00:00,541.195,541.26,539.87,1014,541.1,124821,540.581988
2024-06-14 15:00:00+00:00,541.44,541.75,540.31,619,541.19,46438,541.060471
2024-06-14 16:00:00+00:00,541.74,541.875,540.935,824,541.31,70441,541.456837
2024-06-14 17:00:00+00:00,541.775,542.35,541.55,730,541.91,51673,541.99534
2024-06-14 18:00:00+00:00,542.085,542.32,541.26,880,541.77,54063,541.692002
2024-06-14 19:00:00+00:00,542.79,542.79,541.92,1544,542.045,197172,542.339128
2024-06-14 20:00:00+00:00,542.65,542.65,542.65,1,542.65,100,542.65
2024-06-17 13:00:00+00:00,542.12,542.44,541.61,471,542.075,41959,542.059463
2024-06-17 14:00:00+00:00,542.84,542.97,541.9,715,542.105,76327,542.581839
2024-06-17 15:00:00+00:00,543.68,543.96,542.985,766,542.985,62318,543.60908
2024-06-17 16:00:00+00:00,545.47,545.885,543.755,820,543.795,73069,544.795107
2024-06-17 17:00:00+00:00,547.41,547.51,545.54,1213,545.58,96089,546.677925
2024-06-17 18:00:00+00:00,547.705,548.41,547.41,1142,547.41,88463,547.848259
2024-06-17 19:00:00+00:00,547.05,548.35,546.76,2727,547.77,272092,547.3001
2024-06-17 20:00:00+00:00,547.02,547.02,547.02,1,547.02,100,547.02
2024-06-18 13:00:00+00:00,547.485,548.205,547.13,983,547.14,86474,547.81934
2024-06-18 14:00:00+00:00,547.075,547.89,546.99,985,547.505,50895,547.565264
2024-06-18 15:00:00+00:00,547.79,547.79,546.755,927,547.125,36356,547.221265
2024-06-18 16:00:00+00:00,547.905,548.05,547.23,991,547.775,41552,547.684259
2024-06-18 17:00:00+00:00,548.24,548.54,547.52,1233,547.84,58403,548.10944
2024-06-18 18:00:00+00:00,548.015,548.125,547.145,1519,548.1,59973,547.810822
2024-06-18 19:00:00+00:00,548.48,548.5,547.42,2189,548.015,223323,548.172458
2024-06-18 20:00:00+00:00,548.51,548.51,548.18,24,548.34,5541,548.324635
2024-06-20 13:00:00+00:00,549.605,550.11,548.83,704,549.425,56976,549.489147
2024-06-20 14:00:00+00:00,549.23,549.8,548.41,1330,549.6,103467,549.040505
2024-06-20 15:00:00+00:00,548.36,549.52,548.35,1218,549.24,56760,548.937901
2024-06-20 16:00:00+00:00,547.18,548.635,546.05,1872,548.325,133455,547.35284
2024-06-20 17:00:00+00:00,546.97,547.185,545.23,1536,547.185,130196,546.132081
2024-06-20 18:00:00+00:00,547.22,548.17,547.0,1086,547.0,67003,547.559612
2024-06-20 19:00:00+00:00,547.03,547.75,545.865,2537,547.14,368619,547.022066
2024-06-20 20:00:00+00:00,546.68,546.68,546.68,2,546.68,507,546.68
2024-06-21 13:00:00+00:00,543.82,544.86,543.05,1033,544.36,125041,544.023059
2024-06-21 14:00:00+00:00,544.785,544.88,543.8,971,543.975,100861,544.233406
2024-06-21 15:00:00+00:00,545.53,545.53,544.03,1035,544.795,75611,544.850766
2024-06-21 16:00:00+00:00,544.575,545.63,544.475,1102,545.59,79316,545.111488
2024-06-21 17:00:00+00:00,543.965,544.82,543.61,1111,544.54,88060,544.093368
2024-06-21 18:00:00+00:00,544.23,544.74,543.78,1170,543.965,83624,544.274878
2024-06-21 19:00:00+00:00,544.09,545.21,544.09,3329,544.34,502147,544.527225
2024-06-24 13:00:00+00:00,545.66,545.8,543.82,730,544.37,75628,544.466199
2024-06-24 14:00:00+00:00,545.98,546.94,544.82,1334,545.61,211778,546.177563
2024-06-24 15:00:00+00:00,546.1,546.3,545.56,677,546.01,61669,546.006988
2024-06-24 16:00:00+00:00,545.035,546.205,544.88,623,546.145,41189,545.670001
2024-06-24 17:00:00+00:00,543.97,545.25,543.675,791,545.22,53122,544.337376
2024-06-24 18:00:00+00:00,544.13,544.56,543.435,877,543.95,60166,543.989157
2024-06-24 19:00:00+00:00,542.71,544.61,542.65,1640,544.315,281488,543.340803
2024-06-24 20:00:00+00:00,542.74,542.74,542.74,13,542.74,3990,542.74
2024-06-25 13:00:00+00:00,543.28,543.8,543.13,460,543.77,45234,543.580934
2024-06-25 14:00:00+00:00,543.675,544.235,543.43,498,543.43,33995,543.838584
2024-06-25 15:00:00+00:00,544.345,544.46,543.545,781,543.69,34669,544.054002
2024-06-25 16:00:00+00:00,542.9,544.315,542.705,647,544.295,28584,543.581243
2024-06-25 17:00:00+00:00,543.965,544.07,542.505,468,542.85,28375,543.37117
2024-06-25 18:00:00+00:00,544.385,544.845,543.835,602,543.995,56516,544.332795
2024-06-25 19:00:00+00:00,544.775,545.2,544.24,1327,544.315,185238,544.821988
2024-06-26 13:00:00+00:00,543.865,544.35,543.21,456,543.6,31030,543.803858
2024-06-26 14:00:00+00:00,544.18,544.8,543.77,562,544.105,52649,544.272977
2024-06-26 15:00:00+00:00,545.24,545.37,543.22,417,544.295,39073,544.260795
2024-06-26 16:00:00+00:00,544.74,545.415,544.365,429,545.17,34942,544.992371
2024-06-26 17:00:00+00:00,544.93,544.93,544.105,313,544.73,26857,544.573187
2024-06-26 18:00:00+00:00,544.56,545.115,544.32,455,544.815,27023,544.692774
2024-06-26 19:00:00+00:00,545.585,546.22,544.19,1396,544.59,125649,545.421302
2024-06-26 20:00:00+00:00,545.04,545.04,544.59,4,544.59,400,544.72
2024-06-27 13:00:00+00:00,546.02,546.79,545.34,218,545.55,20166,545.927519
2024-06-27 14:00:00+00:00,545.75,546.805,545.645,460,546.16,34839,546.261347
2024-06-27 15:00:00+00:00,545.225,545.96,544.7,591,545.96,36087,545.401956
2024-06-27 16:00:00+00:00,545.67,546.075,545.12,626,545.25,40555,545.775866
2024-06-27 17:00:00+00:00,545.83,546.395,545.68,572,545.69,36210,546.033268
2024-06-27 18:00:00+00:00,545.37,545.78,544.635,688,545.78,36156,545.033442
2024-06-27 19:00:00+00:00,546.37,546.37,545.2,1314,545.36,168061,545.849302
2024-06-28 13:00:00+00:00,548.105,548.225,546.71,681,547.105,91703,547.408294
2024-06-28 14:00:00+00:00,548.635,550.26,548.08,1250,548.08,166102,549.489321
2024-06-28 15:00:00+00:00,547.715,548.375,547.3,1130,548.375,158642,547.807864
2024-06-28 16:00:00+00:00,546.35,547.785,545.525,977,547.705,119094,546.441145
2024-06-28 17:00:00+00:00,546.02,546.975,545.905,680,546.085,49396,546.397397
2024-06-28 18:00:00+00:00,545.035,546.485,544.98,841,545.99,68461,545.490245
2024-06-28 19:00:00+00:00,544.11,545.45,543.015,2424,545.095,355719,544.452334
2024-07-01 13:00:00+00:00,544.71,545.825,544.12,613,545.54,78878,545.02498
2024-07-01 14:00:00+00:00,543.515,545.44,542.53,913,545.24,148846,544.038558
2024-07-01 15:00:00+00:00,544.465,544.465,542.96,657,543.31,50207,543.895526
2024-07-01 16:00:00+00:00,544.99,545.355,544.015,794,544.34,89841,544.933231
2024-07-01 17:00:00+00:00,544.91,545.24,544.635,557,545.0,41770,544.990365
2024-07-01 18:00:00+00:00,544.82,545.66,544.48,768,544.925,94493,545.075371
2024-07-01 19:00:00+00:00,545.2,545.87,543.88,1753,544.78,198813,545.125358
2024-07-01 20:00:00+00:00,545.33,545.33,545.33,1,545.33,100,545.33
2024-07-02 13:00:00+00:00,545.205,545.6,543.685,433,543.74,38912,544.964324
2024-07-02 14:00:00+00:00,545.76,545.895,544.52,625,545.2,39774,545.394862
2024-07-02 15:00:00+00:00,545.795,546.46,545.52,529,545.715,31438,546.002474
2024-07-02 16:00:00+00:00,545.98,545.98,545.19,448,545.61,14828,545.651965
2024-07-02 17:00:00+00:00,547.275,547.47,545.955,686,545.98,39713,546.86293
2024-07-02 18:00:00+00:00,547.73,547.97,547.32,807,547.32,39090,547.690607
2024-07-02 19:00:00+00:00,548.97,548.97,547.55,1538,547.64,156451,548.389261
2024-07-02 20:00:00+00:00,548.3,548.42,548.3,4,548.42,400,548.33
2024-07-03 13:00:00+00:00,549.55,549.62,548.6,833,548.6,77709,549.381211
2024-07-03 14:00:00+00:00,549.82,550.03,548.9,1887,549.69,134538,549.662572
2024-07-03 15:00:00+00:00,550.385,550.43,549.51,1383,549.82,81477,550.04603
2024-07-03 16:00:00+00:00,551.24,551.825,550.33,2533,550.4,263297,551.185002
2024-07-03 17:00:00+00:00,551.46,551.46,551.46,1,551.46,100,551.46
2024-07-05 13:00:00+00:00,552.48,552.5,551.49,840,551.77,60960,552.124098
2024-07-05 14:00:00+00:00,552.34,552.83,551.28,717,552.53,44732,552.123947
2024-07-05 15:00:00+00:00,553.535,553.7,552.14,819,552.42,54443,552.947493
2024-07-05 16:00:00+00:00,553.51,553.72,553.12,410,553.56,20527,553.436819
2024-07-05 17:00:00+00:00,554.29,554.52,553.32,601,553.49,30263,553.979051
2024-07-05 18:00:00+00:00,554.34,554.385,553.88,568,554.35,43671,554.183378
2024-07-05 19:00:00+00:00,554.725,555.045,554.27,1487,554.38,180737,554.737758
2024-07-05 20:00:00+00:00,554.29,554.29,554.29,1,554.29,100,554.29
2024-07-08 13:00:00+00:00,555.96,556.23,555.35,778,555.35,51883,555.884239
2024-07-08 14:00:00+00:00,555.2,556.03,555.0,1101,556.03,67023,555.397343
2024-07-08 15:00:00+00:00,555.09,555.52,554.765,1009,555.195,71543,555.18485
2024-07-08 16:00:00+00:00,554.8,555.1,554.3,751,555.1,39379,554.684258
2024-07-08 17:00:00+00:00,555.2,555.325,554.51,792,554.79,46398,554.965796
2024-07-08 18:00:00+00:00,555.02,555.285,554.25,861,555.21,44647,554.946199
2024-07-08 19:00:00+00:00,555.245,555.545,554.515,2066,554.955,182767,555.006743
2024-07-08 20:00:00+00:00,555.43,555.55,555.32,9,555.32,9206,555.459022
2024-07-09 13:00:00+00:00,556.68,556.8,556.13,546,556.355,45798,556.437054
2024-07-09 14:00:00+00:00,556.43,556.89,555.74,812,556.69,54591,556.333413
2024-07-09 15:00:00+00:00,556.47,556.53,555.765,641,556.34,32871,556.191934
2024-07-09 16:00:00+00:00,556.595,556.77,556.12,500,556.51,20931,556.493588
2024-07-09 17:00:00+00:00,556.215,557.125,555.91,568,556.64,39738,556.426005
2024-07-09 18:00:00+00:00,555.885,556.16,555.66,620,556.075,51465,555.938759
2024-07-09 19:00:00+00:00,555.87,556.055,555.54,1174,555.835,150596,555.817091
2024-07-09 20:00:00+00:00,555.81,555.83,555.81,3,555.81,4500,555.816667
2024-07-10 13:00:00+00:00,557.215,557.33,556.815,548,557.13,42973,557.12641
2024-07-10 14:00:00+00:00,557.015,557.715,556.94,819,557.385,53226,557.301767
2024-07-10 15:00:00+00:00,557.89,557.94,556.795,670,557.005,56541,557.566745
2024-07-10 16:00:00+00:00,559.305,559.33,557.88,814,557.915,87455,558.782618
2024-07-10 17:00:00+00:00,559.805,559.83,559.16,589,559.31,34718,559.525464
2024-07-10 18:00:00+00:00,560.08,560.19,559.46,416,559.775,33761,559.799613
2024-07-10 19:00:00+00:00,561.24,561.665,559.83,1867,560.0,238520,561.035942
2024-07-10 20:00:00+00:00,561.08,561.21,560.98,17,561.21,17001,561.058557
2024-07-11 12:00:00+00:00,562.24,562.24,562.24,1,562.24,1000,562.24
2024-07-11 13:00:00+00:00,561.83,561.94,561.23,995,561.43,81873,561.582897
2024-07-11 14:00:00+00:00,558.43,562.3,558.43,2024,561.835,170174,560.163043
2024-07-11 15:00:00+00:00,556.74,559.195,556.45,1541,558.45,117636,557.449462
2024-07-11 16:00:00+00:00,556.375,557.77,556.05,1306,556.75,92580,556.713154
2024-07-11 17:00:00+00:00,555.93,557.115,555.85,1142,556.48,69090,556.474898
2024-07-11 18:00:00+00:00,557.13,557.27,555.85,1023,555.96,62879,556.766691
2024-07-11 19:00:00+00:00,556.42,557.55,556.42,2320,557.16,307064,557.010639
2024-07-12 12:00:00+00:00,557.5,557.5,557.5,2,557.5,300,557.5
2024-07-12 13:00:00+00:00,558.885,559.04,557.17,702,557.61,63890,557.866717
2024-07-12 14:00:00+00:00,561.195,561.35,558.685,1349,558.865,91762,560.066663
2024-07-12 15:00:00+00:00,561.015,561.76,560.935,1067,561.15,77294,561.499126
2024-07-12 16:00:00+00:00,561.65,561.655,560.23,919,560.625,59216,560.733813
2024-07-12 17:00:00+00:00,563.005,563.64,561.54,985,561.54,74499,562.614099
2024-07-12 18:00:00+00:00,563.255,563.4,562.615,884,563.02,53642,563.05886
2024-07-12 19:00:00+00:00,559.91,563.29,558.97,1790,563.23,250979,560.307828
2024-07-15 13:00:00+00:00,561.93,562.81,561.43,720,562.18,83854,562.072882
2024-07-15 14:00:00+00:00,563.66,563.725,562.04,639,562.04,50167,562.815891
2024-07-15 15:00:00+00:00,563.73,564.755,563.155,693,563.615,63302,563.90012
2024-07-15 16:00:00+00:00,562.55,563.725,562.235,637,563.715,56667,562.73945
2024-07-15 17:00:00+00:00,561.07,562.5,560.825,547,562.46,46576,561.699387
2024-07-15 18:00:00+00:00,562.165,562.43,560.75,553,561.05,40520,561.532646
2024-07-15 19:00:00+00:00,561.52,562.55,559.64,1605,562.185,212952,561.26188
2024-07-15 20:00:00+00:00,561.53,561.53,561.53,79,561.53,27533,561.53
2024-07-16 13:00:00+00:00,563.05,563.595,562.78,717,562.96,47585,563.2527
2024-07-16 14:00:00+00:00,563.24,563.685,562.12,963,563.23,72501,562.757872
2024-07-16 15:00:00+00:00,563.11,564.47,562.805,623,563.225,36340,563.570898
2024-07-16 16:00:00+00:00,563.59,563.59,562.29,607,563.17,28772,562.835374
2024-07-16 17:00:00+00:00,563.27,563.5,562.65,792,563.4,50930,562.995442
2024-07-16 18:00:00+00:00,564.455,564.455,562.78,747,563.135,59272,563.584099
2024-07-16 19:00:00+00:00,564.83,565.145,564.03,1852,564.49,207056,564.545009
2024-07-17 13:00:00+00:00,559.86,560.48,559.01,1143,559.01,123301,559.811086
2024-07-17 14:00:00+00:00,558.255,559.89,557.94,1484,559.84,137280,558.782286
2024-07-17 15:00:00+00:00,558.375,558.77,557.81,1346,558.2,108654,558.275358
2024-07-17 16:00:00+00:00,557.96,558.55,557.07,1442,558.4,117460,557.542012
2024-07-17 17:00:00+00:00,557.31,557.94,556.62,1122,557.94,74413,557.361266
2024-07-17 18:00:00+00:00,557.52,558.37,556.91,1217,557.25,111874,557.711692
2024-07-17 19:00:00+00:00,557.065,558.23,556.97,2383,557.45,308735,557.440201
2024-07-18 13:00:00+00:00,558.845,558.86,557.705,866,558.61,93721,558.306897
2024-07-18 14:00:00+00:00,556.83,559.5,555.73,1553,558.705,190231,557.876962
2024-07-18 15:00:00+00:00,552.95,557.04,552.77,1308,556.82,134234,554.17242
2024-07-18 16:00:00+00:00,553.93,554.085,552.395,1013,552.97,77252,553.357531
2024-07-18 17:00:00+00:00,553.68,554.92,553.505,827,554.3,45716,554.254751
2024-07-18 18:00:00+00:00,552.38,553.645,551.43,1069,553.645,95625,552.576237
2024-07-18 19:00:00+00:00,552.8,553.82,550.555,2533,552.36,275279,552.216026
2024-07-18 20:00:00+00:00,552.84,552.84,552.84,1,552.84,100,552.84
2024-07-19 13:00:00+00:00,552.99,553.99,551.81,823,552.375,103102,553.168407
2024-07-19 14:00:00+00:00,551.22,553.29,550.69,889,552.9,81888,551.852863
2024-07-19 15:00:00+00:00,551.01,551.96,549.23,1147,551.235,108829,550.108024
2024-07-19 16:00:00+00:00,549.34,551.45,548.94,1166,550.98,73565,550.010526
2024-07-19 17:00:00+00:00,549.37,549.41,547.955,1148,549.28,98168,548.630929
2024-07-19 18:00:00+00:00,549.1,549.71,548.055,1486,549.235,111789,549.024349
2024-07-19 19:00:00+00:00,548.94,550.45,548.15,2589,549.11,396951,548.864619
2024-07-19 20:00:00+00:00,548.99,548.99,548.91,78,548.99,42742,548.973638
2024-07-22 13:00:00+00:00,552.6,554.375,552.3,905,552.97,91752,553.302844
2024-07-22 14:00:00+00:00,553.77,554.415,551.375,1014,552.695,91411,553.097391
2024-07-22 15:00:00+00:00,551.76,554.445,551.17,1000,553.78,108735,552.097606
2024-07-22 16:00:00+00:00,553.3,553.635,551.35,490,551.75,23204,552.396289
2024-07-22 17:00:00+00:00,554.515,554.755,553.6,624,553.6,40519,554.251655
2024-07-22 18:00:00+00:00,554.925,555.26,554.2,768,554.51,57018,554.824138
2024-07-22 19:00:00+00:00,554.65,555.13,554.21,1356,554.685,158277,554.738838
2024-07-23 13:00:00+00:00,555.52,555.81,554.19,506,554.685,79206,555.227574
2024-07-23 14:00:00+00:00,554.91,556.385,554.3,629,555.64,55743,555.550778
2024-07-23 15:00:00+00:00,556.215,556.605,554.9,540,554.9,45982,556.158527
2024-07-23 16:00:00+00:00,554.64,556.315,554.22,556,556.21,43782,555.266394
2024-07-23 17:00:00+00:00,555.1,555.275,554.245,315,554.61,17366,554.69406
2024-07-23 18:00:00+00:00,555.035,555.53,554.57,397,555.37,35793,555.130749
2024-07-23 19:00:00+00:00,553.69,555.33,553.295,993,555.03,91980,554.111919
2024-07-24 12:00:00+00:00,549.31,549.31,549.31,1,549.31,100,549.31
2024-07-24 13:00:00+00:00,546.77,549.17,546.355,1087,548.8,100079,547.982056
2024-07-24 14:00:00+00:00,545.7,546.825,545.31,1488,546.72,178986,545.957832
2024-07-24 15:00:00+00:00,544.57,545.685,544.21,935,545.685,85198,544.797456
2024-07-24 16:00:00+00:00,543.92,544.87,543.655,1043,544.39,109527,544.137836
2024-07-24 17:00:00+00:00,543.91,545.025,543.76,947,543.88,91681,544.550994
2024-07-24 18:00:00+00:00,542.525,544.17,541.82,1143,543.945,113808,543.07378
2024-07-24 19:00:00+00:00,541.21,542.9,540.445,2266,542.505,426830,541.379107
2024-07-24 20:00:00+00:00,542.4,542.4,542.4,13,542.4,9300,542.4
2024-07-25 13:00:00+00:00,539.89,541.48,539.62,1012,541.32,90248,540.696747
2024-07-25 14:00:00+00:00,542.8,542.82,537.455,2424,539.69,278684,539.642908
2024-07-25 15:00:00+00:00,543.975,544.6,542.13,1393,542.79,110254,543.385811
2024-07-25 16:00:00+00:00,546.07,546.63,543.45,1443,543.93,141097,545.235452
2024-07-25 17:00:00+00:00,544.62,547.445,544.135,1629,546.27,82286,545.464524
2024-07-25 18:00:00+00:00,540.85,544.52,540.65,946,544.48,98282,541.795595
2024-07-25 19:00:00+00:00,538.39,543.665,538.15,2072,541.01,202125,539.803702
2024-07-25 20:00:00+00:00,537.69,537.69,537.69,10,537.69,9900,537.69
2024-07-26 13:00:00+00:00,542.78,543.11,541.49,866,542.37,113939,542.222227
2024-07-26 14:00:00+00:00,543.285,544.5,541.68,1024,542.5,92216,542.642783
2024-07-26 15:00:00+00:00,544.84,544.93,542.93,490,543.33,36022,543.865864
2024-07-26 16:00:00+00:00,546.73,546.775,544.8,493,544.995,47619,545.795768
2024-07-26 17:00:00+00:00,544.9,547.18,544.04,733,546.845,53808,545.561366
2024-07-26 18:00:00+00:00,543.71,545.45,543.51,581,544.86,45404,544.485171
2024-07-26 19:00:00+00:00,544.345,544.9,542.77,1915,543.52,286013,544.093524
2024-07-29 13:00:00+00:00,546.61,546.61,544.8,829,545.89,129735,545.733697
2024-07-29 14:00:00+00:00,544.5,547.01,544.39,738,546.635,42970,545.553168
2024-07-29 15:00:00+00:00,545.61,545.61,542.96,713,544.25,53468,543.867564
2024-07-29 16:00:00+00:00,546.31,546.77,545.66,503,545.66,28303,546.276978
2024-07-29 17:00:00+00:00,545.51,547.05,545.065,702,546.105,41860,545.81296
2024-07-29 18:00:00+00:00,545.175,545.45,544.47,561,545.345,36555,544.879755
2024-07-29 19:00:00+00:00,544.91,546.04,544.52,1888,544.91,216208,545.116091
2024-07-30 13:00:00+00:00,546.245,547.33,545.77,723,546.25,73918,546.261074
2024-07-30 14:00:00+00:00,543.85,546.38,543.725,1098,546.24,81484,544.934501
2024-07-30 15:00:00+00:00,540.52,543.795,540.44,1520,543.735,137638,541.72229
2024-07-30 16:00:00+00:00,538.97,541.25,538.925,1371,540.6,86219,540.553744
2024-07-30 17:00:00+00:00,541.17,541.46,538.54,1250,538.94,88067,540.151537
2024-07-30 18:00:00+00:00,541.4,542.62,541.01,1330,541.34,57488,541.744288
2024-07-30 19:00:00+00:00,541.97,543.57,540.8,2290,541.38,217630,542.241485
2024-07-30 20:00:00+00:00,539.9,539.9,539.9,2,539.9,123,539.9
2024-07-31 13:00:00+00:00,548.76,549.24,547.635,984,549.16,112413,548.487913
2024-07-31 14:00:00+00:00,550.54,551.22,548.62,1302,548.87,105735,550.231714
2024-07-31 15:00:00+00:00,550.615,551.67,550.36,768,550.57,60415,550.863627
2024-07-31 16:00:00+00:00,550.16,551.02,550.13,767,550.66,36635,550.570323
2024-07-31 17:00:00+00:00,550.21,550.955,548.75,1282,550.12,98966,550.148447
2024-07-31 18:00:00+00:00,552.93,553.43,549.58,920,550.44,86658,551.728828
2024-07-31 19:00:00+00:00,550.37,553.365,549.27,3145,553.1,489758,550.90857
2024-07-31 20:00:00+00:00,551.56,551.7,551.37,11,551.41,1860,551.517742
2024-08-01 13:00:00+00:00,554.03,554.8,552.33,923,552.59,88777,553.473159
2024-08-01 14:00:00+00:00,547.42,554.155,547.26,1232,553.96,134114,550.037031
2024-08-01 15:00:00+00:00,544.69,547.68,544.21,1673,547.56,125160,545.739384
2024-08-01 16:00:00+00:00,543.745,546.38,543.24,1518,544.635,150286,544.554733
2024-08-01 17:00:00+00:00,542.54,543.83,540.48,1245,543.66,133469,541.633228
2024-08-01 18:00:00+00:00,539.93,542.855,539.46,1517,542.4,200751,540.57923
2024-08-01 19:00:00+00:00,543.18,543.46,539.73,2804,539.93,312627,541.97895
2024-08-02 13:00:00+00:00,534.18,536.92,533.93,1198,535.75,137201,535.326346
2024-08-02 14:00:00+00:00,529.205,534.89,529.08,1723,534.165,218693,530.719789
2024-08-02 15:00:00+00:00,532.15,532.705,528.6,2193,529.3,282163,530.680375
2024-08-02 16:00:00+00:00,531.255,533.42,530.67,1423,532.24,131367,532.069138
2024-08-02 17:00:00+00:00,530.23,532.02,529.78,1120,531.56,88981,530.736547
2024-08-02 18:00:00+00:00,530.915,532.35,529.56,1343,530.2,88194,530.810664
2024-08-02 19:00:00+00:00,532.92,533.16,530.53,2699,531.12,290301,532.144094
2024-08-05 12:00:00+00:00,510.17,510.99,507.9,144,510.44,15000,509.522292
2024-08-05 13:00:00+00:00,515.36,517.995,510.305,2512,511.49,325895,513.751057
2024-08-05 14:00:00+00:00,516.37,520.65,514.68,2244,516.72,190379,517.466651
2024-08-05 15:00:00+00:00,520.61,521.9,515.395,2705,516.5,197675,520.156041
2024-08-05 16:00:00+00:00,519.37,523.47,518.755,1371,520.67,94457,521.348199
2024-08-05 17:00:00+00:00,519.07,520.87,518.32,1016,519.19,72941,519.628843
2024-08-05 18:00:00+00:00,515.75,519.31,515.65,1406,519.01,163815,517.366522
2024-08-05 19:00:00+00:00,517.4,517.66,514.945,3287,516.02,421102,516.182284
2024-08-05 20:00:00+00:00,518.64,519.79,517.62,21,517.62,2991,519.072064
2024-08-06 12:00:00+00:00,519.65,519.65,519.65,1,519.65,100,519.65
2024-08-06 13:00:00+00:00,521.74,522.33,517.99,1132,519.56,104359,519.615763
2024-08-06 14:00:00+00:00,525.395,526.475,521.29,1324,521.53,106114,523.838528
2024-08-06 15:00:00+00:00,525.82,526.01,522.45,761,525.14,60312,524.330962
2024-08-06 16:00:00+00:00,527.715,528.04,525.52,694,525.95,57595,526.636988
2024-08-06 17:00:00+00:00,527.9,528.43,527.11,826,527.65,66867,527.843859
2024-08-06 18:00:00+00:00,527.63,529.665,526.92,1027,527.96,88517,528.364613
2024-08-06 19:00:00+00:00,522.07,527.56,521.995,2867,527.48,289378,523.986209
2024-08-06 20:00:00+00:00,522.55,522.55,522.55,1,522.55,300,522.55
2024-08-07 13:00:00+00:00,531.06,531.06,527.98,718,528.54,78597,529.179836
2024-08-07 14:00:00+00:00,530.6,531.565,528.29,964,531.19,81652,529.999872
2024-08-07 15:00:00+00:00,528.0,531.075,527.26,841,530.775,61598,529.178172
2024-08-07 16:00:00+00:00,525.015,528.065,524.77,634,527.96,57557,526.51284
2024-08-07 17:00:00+00:00,521.66,525.35,521.525,837,524.96,74642,523.636823
2024-08-07 18:00:00+00:00,519.49,522.17,518.9,1162,521.845,128443,520.17694
2024-08-07 19:00:00+00:00,518.635,521.99,518.06,2018,519.71,285687,519.616104
2024-08-07 20:00:00+00:00,518.5,518.5,518.5,1,518.5,100,518.5
2024-08-08 13:00:00+00:00,524.97,524.97,521.895,720,523.98,92811,523.483063
2024-08-08 14:00:00+00:00,528.22,528.415,524.78,1001,524.78,106238,527.004174
2024-08-08 15:00:00+00:00,527.725,528.45,526.44,676,528.17,56132,527.669371
2024-08-08 16:00:00+00:00,527.74,528.97,526.66,797,527.64,61858,528.103139
2024-08-08 17:00:00+00:00,530.27,530.5,526.76,986,527.87,66861,529.464558
2024-08-08 18:00:00+00:00,530.16,531.29,529.51,1016,530.21,71713,530.52193
2024-08-08 19:00:00+00:00,530.61,531.02,528.22,3198,530.12,412615,530.100824
2024-08-08 20:00:00+00:00,531.56,531.58,530.83,4,530.83,500,531.256
2024-08-09 12:00:00+00:00,528.63,528.63,528.63,1,528.63,100,528.63
2024-08-09 13:00:00+00:00,529.29,530.97,528.565,621,529.815,56425,529.625027
2024-08-09 14:00:00+00:00,531.45,532.08,528.825,791,529.07,98965,530.463096
2024-08-09 15:00:00+00:00,530.15,532.425,530.15,483,531.67,30084,531.545824
2024-08-09 16:00:00+00:00,531.36,531.36,529.82,419,530.38,27274,530.506382
2024-08-09 17:00:00+00:00,532.59,534.45,531.42,674,531.71,47967,533.351088
2024-08-09 18:00:00+00:00,532.0,532.9,531.485,625,532.555,43938,532.255801
2024-08-09 19:00:00+00:00,532.92,533.41,531.89,1428,532.56,156705,532.980388
2024-08-12 13:00:00+00:00,531.48,534.46,531.04,606,534.32,63532,533.050179
2024-08-12 14:00:00+00:00,535.185,535.3,531.255,753,531.41,75008,534.292905
2024-08-12 15:00:00+00:00,534.83,535.68,531.97,884,535.24,85827,533.862258
2024-08-12 16:00:00+00:00,532.87,535.02,532.855,420,534.76,34989,534.038691
2024-08-12 17:00:00+00:00,532.485,534.185,531.86,573,532.635,41640,532.940663
2024-08-12 18:00:00+00:00,533.18,533.2,532.335,539,532.395,36087,532.76542
2024-08-12 19:00:00+00:00,533.29,533.29,531.765,1295,533.17,172434,532.532231
2024-08-12 20:00:00+00:00,533.27,533.27,532.76,8,532.86,1457,532.910714
2024-08-13 13:00:00+00:00,537.66,538.42,536.28,874,536.585,86188,537.21609
2024-08-13 14:00:00+00:00,538.275,538.47,536.34,1026,537.78,100145,537.436875
2024-08-13 15:00:00+00:00,538.995,539.26,538.18,903,538.34,74063,538.742812
2024-08-13 16:00:00+00:00,541.03,541.08,538.765,999,539.03,93298,539.892478
2024-08-13 17:00:00+00:00,540.745,541.02,539.53,1026,541.02,77490,540.654947
2024-08-13 18:00:00+00:00,541.385,541.46,540.29,859,540.695,71364,541.038204
2024-08-13 19:00:00+00:00,541.99,542.28,540.625,2420,541.37,318414,541.55433
2024-08-13 20:00:00+00:00,542.04,542.04,541.59,124,541.86,37764,542.026526
2024-08-14 13:00:00+00:00,541.445,543.26,541.32,531,542.95,77961,542.23568
2024-08-14 14:00:00+00:00,542.35,542.41,540.19,983,541.39,109308,541.537216
2024-08-14 15:00:00+00:00,544.67,544.73,542.33,576,542.45,77700,543.481868
2024-08-14 16:00:00+00:00,543.14,544.94,541.82,621,544.53,72566,543.400265
2024-08-14 17:00:00+00:00,543.28,543.555,542.52,352,542.86,25546,543.16655
2024-08-14 18:00:00+00:00,544.25,544.31,542.85,576,543.16,30419,543.417267
2024-08-14 19:00:00+00:00,543.78,544.68,542.755,1482,544.22,232531,543.854352
2024-08-15 12:00:00+00:00,549.03,549.03,549.03,1,549.03,300,549.03
2024-08-15 13:00:00+00:00,550.18,550.26,548.96,981,548.99,165766,549.65749
2024-08-15 14:00:00+00:00,550.87,551.24,548.915,1611,550.18,155450,550.193661
2024-08-15 15:00:00+00:00,551.63,552.12,550.805,1245,550.92,98776,551.581019
2024-08-15 16:00:00+00:00,551.95,552.705,551.39,979,551.64,82706,551.994552
2024-08-15 17:00:00+00:00,552.65,552.65,551.49,695,551.89,58242,552.147047
2024-08-15 18:00:00+00:00,552.92,553.05,552.47,1556,552.64,83975,552.746876
2024-08-15 19:00:00+00:00,552.97,553.34,551.93,2503,552.87,409338,552.758
2024-08-16 13:00:00+00:00,552.3,552.615,551.36,529,551.36,44801,552.167392
2024-08-16 14:00:00+00:00,552.18,553.52,551.645,1360,552.28,94511,552.775608
2024-08-16 15:00:00+00:00,553.45,553.49,552.05,782,552.15,83782,552.576926
2024-08-16 16:00:00+00:00,554.92,555.02,553.11,899,553.26,58444,553.98323
2024-08-16 17:00:00+00:00,554.54,554.91,554.005,473,554.88,42403,554.538705
2024-08-16 18:00:00+00:00,554.635,554.71,553.91,674,554.53,34860,554.243316
2024-08-16 19:00:00+00:00,554.22,554.67,553.59,1576,554.54,136051,554.083255
2024-08-19 13:00:00+00:00,554.92,555.49,554.55,730,554.75,55241,555.11666
2024-08-19 14:00:00+00:00,556.45,556.645,553.92,1268,555.0,100736,555.285653
2024-08-19 15:00:00+00:00,556.17,556.91,555.885,839,556.53,45512,556.522056
2024-08-19 16:00:00+00:00,557.3,557.455,555.97,612,556.03,45926,556.867166
2024-08-19 17:00:00+00:00,557.555,557.555,556.95,1006,557.24,64584,557.254732
2024-08-19 18:00:00+00:00,558.18,558.45,557.375,997,557.51,64661,557.8662
2024-08-19 19:00:00+00:00,559.49,559.55,557.87,2206,558.155,251488,558.572862
2024-08-19 20:00:00+00:00,559.11,559.11,558.97,11,559.02,3231,559.074818
2024-08-20 13:00:00+00:00,560.735,560.81,559.16,587,559.16,68252,559.891373
2024-08-20 14:00:00+00:00,558.38,560.815,558.0,962,560.72,93515,559.134511
2024-08-20 15:00:00+00:00,559.275,559.29,557.9,734,558.43,64647,558.362059
2024-08-20 16:00:00+00:00,558.055,559.37,558.055,670,559.29,60723,558.633842
2024-08-20 17:00:00+00:00,558.275,558.45,557.325,764,557.95,67043,557.955915
2024-08-20 18:00:00+00:00,559.11,559.705,558.23,665,558.26,66609,558.991789
2024-08-20 19:00:00+00:00,558.65,559.19,558.42,1452,559.08,141006,558.669201
2024-08-21 13:00:00+00:00,560.37,560.42,559.36,626,559.765,59235,559.732822
2024-08-21 14:00:00+00:00,559.35,562.105,558.6,1349,560.47,122735,560.363723
2024-08-21 15:00:00+00:00,558.9,560.32,558.55,756,559.16,56873,559.499516
2024-08-21 16:00:00+00:00,560.175,560.22,558.04,684,558.69,67050,559.140641
2024-08-21 17:00:00+00:00,560.39,560.51,559.895,646,560.27,53919,560.215315
2024-08-21 18:00:00+00:00,560.745,561.68,560.24,959,560.46,74452,560.886026
2024-08-21 19:00:00+00:00,560.64,561.03,559.24,1879,560.77,202096,560.374595
2024-08-21 20:00:00+00:00,560.81,560.81,560.7,4,560.7,400,560.7575
2024-08-22 13:00:00+00:00,562.31,563.14,561.685,840,562.56,112568,562.575106
2024-08-22 14:00:00+00:00,560.56,562.4,560.25,1119,562.4,87251,561.084855
2024-08-22 15:00:00+00:00,557.92,561.2,557.17,872,560.65,78653,558.967136
2024-08-22 16:00:00+00:00,557.54,560.06,557.305,731,557.76,59644,558.856921
2024-08-22 17:00:00+00:00,555.5,558.285,555.27,740,557.48,58811,556.931298
2024-08-22 18:00:00+00:00,556.07,557.295,555.3,723,555.48,61949,556.318839
2024-08-22 19:00:00+00:00,556.26,557.1,555.0,2108,556.28,387704,555.781284
2024-08-22 20:00:00+00:00,556.52,556.52,556.22,3,556.22,800,556.3325
2024-08-23 13:00:00+00:00,559.73,559.78,558.88,544,559.59,65278,559.413019
2024-08-23 14:00:00+00:00,560.53,563.09,558.43,1589,560.49,169403,560.930616
2024-08-23 15:00:00+00:00,560.03,562.48,559.62,794,560.1,75636,561.035047
2024-08-23 16:00:00+00:00,559.25,560.125,557.36,854,560.125,73149,558.871945
2024-08-23 17:00:00+00:00,560.415,560.99,559.01,597,559.32,49684,560.220425
2024-08-23 18:00:00+00:00,560.71,561.125,560.25,716,560.32,55796,560.78505
2024-08-23 19:00:00+00:00,562.09,562.65,560.28,1911,560.72,208055,561.836006
2024-08-23 20:00:00+00:00,562.04,562.04,562.04,1,562.04,200,562.04
2024-08-26 13:00:00+00:00,562.99,563.9,562.72,1104,563.43,108818,563.260156
2024-08-26 14:00:00+00:00,561.215,563.15,560.22,1471,563.045,99653,561.492176
2024-08-26 15:00:00+00:00,559.95,561.32,559.79,1234,561.15,72643,560.631649
2024-08-26 16:00:00+00:00,561.52,561.64,559.75,1122,559.75,60450,560.934282
2024-08-26 17:00:00+00:00,559.48,561.69,559.21,1053,561.49,60596,560.272134
2024-08-26 18:00:00+00:00,560.86,560.89,559.06,1084,559.37,59150,560.047074
2024-08-26 19:00:00+00:00,560.78,560.88,559.85,2173,560.71,249681,560.46216
2024-08-27 13:00:00+00:00,559.85,560.21,558.33,651,559.46,74422,559.688472
2024-08-27 14:00:00+00:00,561.63,561.645,559.65,1316,559.94,117725,560.481157
2024-08-27 15:00:00+00:00,560.66,562.04,559.95,851,561.65,51460,561.094598
2024-08-27 16:00:00+00:00,560.78,561.14,560.04,462,560.63,19010,560.715897
2024-08-27 17:00:00+00:00,561.98,562.01,560.805,544,560.805,23744,561.480804
2024-08-27 18:00:00+00:00,561.6,562.0,561.38,800,561.9,31783,561.753199
2024-08-27 19:00:00+00:00,561.565,561.85,561.17,1565,561.58,151143,561.575707
2024-08-28 13:00:00+00:00,561.05,561.62,560.61,544,561.195,31376,561.190636
2024-08-28 14:00:00+00:00,559.75,561.31,559.58,1993,560.965,63198,560.657056
2024-08-28 15:00:00+00:00,558.49,559.63,557.71,2363,559.6,203376,558.408484
2024-08-28 16:00:00+00:00,558.565,558.63,556.91,978,558.42,60376,558.032345
2024-08-28 17:00:00+00:00,555.3,558.83,555.235,849,558.555,47325,557.413734
2024-08-28 18:00:00+00:00,558.05,558.13,555.09,1018,555.445,54868,555.988223
2024-08-28 19:00:00+00:00,558.35,559.35,557.2,1847,558.17,161853,558.456258
2024-08-29 13:00:00+00:00,561.14,561.23,559.42,765,560.29,96898,560.129404
2024-08-29 14:00:00+00:00,562.045,562.8,560.28,873,561.26,90360,561.73806
2024-08-29 15:00:00+00:00,562.49,563.16,561.48,698,562.235,61431,562.272909
2024-08-29 16:00:00+00:00,563.14,563.65,562.445,701,562.445,50160,563.134338
2024-08-29 17:00:00+00:00,562.83,563.11,561.98,681,563.11,49108,562.476558
2024-08-29 18:00:00+00:00,558.48,562.7,557.21,879,562.7,90893,559.819085
2024-08-29 19:00:00+00:00,558.31,559.94,557.54,1685,558.425,212346,558.436721
2024-08-29 20:00:00+00:00,559.3,559.3,558.6,37,558.73,20977,559.255481
2024-08-30 13:00:00+00:00,561.735,561.915,560.41,631,560.64,78473,561.190503
2024-08-30 14:00:00+00:00,560.04,562.24,559.99,853,561.81,78142,561.539564
2024-08-30 15:00:00+00:00,559.095,560.46,558.17,1297,559.955,258614,558.847189
2024-08-30 16:00:00+00:00,559.105,559.66,557.185,933,558.57,83411,558.66688
2024-08-30 17:00:00+00:00,558.83,559.77,558.72,439,559.15,25170,559.185224
2024-08-30 18:00:00+00:00,560.635,560.925,558.61,797,558.78,102185,559.90103
2024-08-30 19:00:00+00:00,563.57,564.19,560.29,2162,560.64,316175,562.783534
2024-08-30 20:00:00+00:00,563.56,563.56,563.56,3,563.56,300,563.56
2024-09-03 12:00:00+00:00,560.83,560.83,560.83,1,560.83,100,560.83
2024-09-03 13:00:00+00:00,559.11,560.75,558.215,956,560.475,67639,559.572772
2024-09-03 14:00:00+00:00,555.33,559.09,555.18,1640,559.09,154872,556.835155
2024-09-03 15:00:00+00:00,555.625,556.97,555.21,1125,555.35,73542,556.245002
2024-09-03 16:00:00+00:00,554.88,556.44,554.77,1146,555.62,55430,555.516921
2024-09-03 17:00:00+00:00,554.35,555.81,554.33,1249,554.935,58210,555.052608
2024-09-03 18:00:00+00:00,552.65,554.3,552.48,1495,554.26,99565,553.237511
2024-09-03 19:00:00+00:00,552.16,553.04,549.54,3338,552.79,301920,551.504383
2024-09-03 20:00:00+00:00,552.16,552.16,552.16,1,552.16,300,552.16
2024-09-04 13:00:00+00:00,552.52,552.54,550.04,1465,550.06,161802,551.31843
2024-09-04 14:00:00+00:00,553.94,553.94,550.08,2195,551.89,193013,552.347305
2024-09-04 15:00:00+00:00,551.82,554.43,551.41,2481,554.13,81071,552.964236
2024-09-04 16:00:00+00:00,552.38,553.04,551.105,1467,551.805,52985,552.008419
2024-09-04 17:00:00+00:00,550.93,552.3,550.7,1524,552.3,53089,551.419227
2024-09-04 18:00:00+00:00,550.05,551.74,550.05,1312,550.87,66718,550.759551
2024-09-04 19:00:00+00:00,550.83,551.88,549.47,2303,550.0,245501,550.982707
2024-09-05 13:00:00+00:00,551.99,552.05,550.71,1148,551.0,100952,551.559745
2024-09-05 14:00:00+00:00,550.41,553.75,550.41,2127,552.205,110869,552.397848
2024-09-05 15:00:00+00:00,547.54,550.48,547.42,1790,550.44,85488,548.631846
2024-09-05 16:00:00+00:00,548.69,549.25,547.13,1649,547.65,72352,548.187695
2024-09-05 17:00:00+00:00,550.62,550.62,547.81,1248,548.725,51398,549.170951
2024-09-05 18:00:00+00:00,550.19,551.085,549.89,1249,550.75,70482,550.487782
2024-09-05 19:00:00+00:00,549.44,550.23,548.15,2066,550.1,188314,548.970595
2024-09-06 13:00:00+00:00,547.92,551.57,547.87,1092,549.95,125591,549.952765
2024-09-06 14:00:00+00:00,542.16,548.13,541.6,2034,547.84,200416,544.300898
2024-09-06 15:00:00+00:00,540.69,545.505,540.285,2349,542.23,189262,542.311661
2024-09-06 16:00:00+00:00,540.13,541.16,539.7,2021,540.6,86244,540.328954
2024-09-06 17:00:00+00:00,540.66,541.975,539.95,1975,540.16,76382,540.798712
2024-09-06 18:00:00+00:00,540.41,540.82,539.465,1137,540.77,70552,539.993245
2024-09-06 19:00:00+00:00,540.46,541.86,539.7,2825,540.52,347999,540.498837
2024-09-06 20:00:00+00:00,539.9,539.9,539.9,1,539.9,200,539.9
2024-09-09 13:00:00+00:00,545.28,545.49,544.1,1424,544.68,97305,544.71582
2024-09-09 14:00:00+00:00,543.36,546.35,543.36,2125,545.325,119851,544.899466
2024-09-09 15:00:00+00:00,545.885,545.94,542.71,1384,543.335,74403,544.536937
2024-09-09 16:00:00+00:00,547.52,547.65,545.835,1376,545.945,85697,546.936745
2024-09-09 17:00:00+00:00,545.71,547.71,545.575,1169,547.585,53674,546.954873
2024-09-09 18:00:00+00:00,545.115,545.75,544.325,1180,545.73,56185,545.179757
2024-09-09 19:00:00+00:00,546.44,546.47,544.55,2247,544.99,175759,545.623153
2024-09-10 13:00:00+00:00,547.895,548.645,547.67,1116,548.365,68991,548.241892
2024-09-10 14:00:00+00:00,546.465,548.08,545.6,1621,547.89,112729,546.545134
2024-09-10 15:00:00+00:00,544.18,547.7,544.15,1331,546.37,82925,546.486723
2024-09-10 16:00:00+00:00,545.14,545.82,543.47,1234,544.105,78449,544.419531
2024-09-10 17:00:00+00:00,546.97,547.14,545.045,1141,545.135,107549,546.513853
2024-09-10 18:00:00+00:00,548.23,548.36,547.1,1258,547.1,84785,547.97078
2024-09-10 19:00:00+00:00,548.76,549.15,548.05,2565,548.2,202238,548.61226
2024-09-10 20:00:00+00:00,548.63,548.83,548.48,175,548.82,80529,548.662025
2024-09-11 13:00:00+00:00,544.59,549.17,544.59,1047,549.17,86557,546.203119
2024-09-11 14:00:00+00:00,541.2,544.74,539.99,1984,544.22,220642,541.118688
2024-09-11 15:00:00+00:00,544.47,545.1,540.58,1723,540.955,143985,542.990403
2024-09-11 16:00:00+00:00,547.36,547.53,544.29,1492,544.495,206510,545.553236
2024-09-11 17:00:00+00:00,550.0,550.79,547.43,1396,547.43,125232,549.225237
2024-09-11 18:00:00+00:00,551.67,552.65,549.75,1626,549.91,122507,550.838212
2024-09-11 19:00:00+00:00,554.23,555.36,551.26,2841,551.53,325206,553.599842
2024-09-11 20:00:00+00:00,554.79,554.79,554.25,3,554.25,527,554.475437
2024-09-12 13:00:00+00:00,553.8,555.29,552.81,787,555.085,109162,554.453256
2024-09-12 14:00:00+00:00,554.495,556.24,553.31,1638,553.76,112009,555.122035
2024-09-12 15:00:00+00:00,554.235,556.58,554.2,1119,554.37,79443,555.13595
2024-09-12 16:00:00+00:00,557.1,557.24,554.44,1182,554.525,66225,555.639447
2024-09-12 17:00:00+00:00,559.105,559.345,557.01,1448,557.11,118470,557.97956
2024-09-12 18:00:00+00:00,558.7,559.36,556.59,1814,559.145,116089,558.465364
2024-09-12 19:00:00+00:00,559.06,559.21,558.12,2586,558.58,338792,558.725983
2024-09-13 13:00:00+00:00,560.98,561.24,559.46,1265,559.71,137046,560.227096
2024-09-13 14:00:00+00:00,561.84,562.55,560.16,1720,561.045,148391,561.483944
2024-09-13 15:00:00+00:00,562.6,562.78,561.53,1190,561.85,91899,562.078039
2024-09-13 16:00:00+00:00,562.19,562.905,561.34,1200,562.65,87372,561.968869
2024-09-13 17:00:00+00:00,562.54,563.01,562.15,992,562.17,73831,562.655758
2024-09-13 18:00:00+00:00,561.375,562.945,561.13,956,562.58,68007,561.854335
2024-09-13 19:00:00+00:00,561.89,562.33,561.06,1740,561.21,142413,561.799745
2024-09-13 20:00:00+00:00,561.8,561.88,561.53,12,561.68,5673,561.732198
2024-09-16 13:00:00+00:00,562.435,562.89,560.845,665,561.55,60753,561.555766
2024-09-16 14:00:00+00:00,560.7,562.81,559.94,1264,562.81,86143,561.643531
2024-09-16 15:00:00+00:00,561.28,561.53,560.26,1193,560.6,39057,560.948062
2024-09-16 16:00:00+00:00,561.55,561.59,560.34,1291,561.09,61448,561.129281
2024-09-16 17:00:00+00:00,562.52,562.54,561.2,902,561.52,46058,561.91877
2024-09-16 18:00:00+00:00,562.66,562.69,561.865,1105,562.51,51552,562.30645
2024-09-16 19:00:00+00:00,562.87,563.09,561.97,1919,562.65,136969,562.666277
2024-09-16 20:00:00+00:00,562.48,562.48,562.46,2,562.46,200,562.47
2024-09-17 13:00:00+00:00,564.48,565.55,564.22,632,565.11,70707,564.932172
2024-09-17 14:00:00+00:00,565.1,566.5,564.315,1469,564.51,139159,565.831268
2024-09-17 15:00:00+00:00,564.96,565.93,564.805,989,565.11,67574,565.262944
2024-09-17 16:00:00+00:00,561.79,565.19,561.06,1259,564.97,98650,563.108517
2024-09-17 17:00:00+00:00,562.63,563.07,560.795,1029,561.9,71351,562.262042
2024-09-17 18:00:00+00:00,562.04,563.12,561.38,1153,562.585,63221,562.542937
2024-09-17 19:00:00+00:00,563.15,563.15,561.37,2638,562.05,244740,562.525641
2024-09-18 13:00:00+00:00,562.935,563.925,562.66,436,563.71,25284,563.041188
2024-09-18 14:00:00+00:00,562.8,563.35,562.275,776,563.01,53928,562.89164
2024-09-18 15:00:00+00:00,561.63,563.07,561.62,593,562.81,31951,562.286775
2024-09-18 16:00:00+00:00,563.71,563.71,561.395,502,561.47,31727,563.02325
2024-09-18 17:00:00+00:00,563.15,564.265,562.85,920,563.625,57136,563.331125
2024-09-18 18:00:00+00:00,563.81,568.63,562.2,3111,562.46,239003,565.529005
2024-09-18 19:00:00+00:00,561.39,565.8,560.88,2565,563.75,211918,562.44209
2024-09-19 13:00:00+00:00,569.52,571.05,568.125,1290,571.04,125092,569.388402
2024-09-19 14:00:00+00:00,569.91,571.85,569.41,1814,569.78,187606,570.504794
2024-09-19 15:00:00+00:00,570.39,571.145,569.47,1347,569.94,95831,570.616923
2024-09-19 16:00:00+00:00,571.49,572.035,570.345,1040,570.345,97988,571.391976
2024-09-19 17:00:00+00:00,572.49,572.835,571.325,1235,571.5,92746,572.084408
2024-09-19 18:00:00+00:00,571.92,572.72,570.9,1506,572.485,126238,571.906536
2024-09-19 19:00:00+00:00,570.99,572.025,570.395,2517,572.01,302806,571.032275
2024-09-19 20:00:00+00:00,570.45,570.73,570.45,21,570.62,11425,570.663966
2024-09-20 12:00:00+00:00,568.85,568.85,568.85,1,568.85,100,568.85
2024-09-20 13:00:00+00:00,567.085,568.395,566.95,991,567.86,126071,567.816245
2024-09-20 14:00:00+00:00,566.415,567.745,566.33,1661,567.18,178625,567.149517
2024-09-20 15:00:00+00:00,566.915,567.35,565.23,1456,566.31,123394,566.421658
2024-09-20 16:00:00+00:00,568.12,568.48,566.795,1291,566.905,105326,567.677619
2024-09-20 17:00:00+00:00,568.065,568.64,567.91,1528,568.14,110774,568.310836
2024-09-20 18:00:00+00:00,567.49,568.12,566.16,1625,568.07,222306,566.874736
2024-09-20 19:00:00+00:00,568.03,569.29,567.16,2845,567.485,262842,568.115882
2024-09-20 20:00:00+00:00,567.42,568.25,567.42,52,568.25,21877,568.242252
2024-09-23 12:00:00+00:00,568.9,568.9,568.9,1,568.9,100,568.9
2024-09-23 13:00:00+00:00,568.785,569.395,568.27,718,569.27,59570,568.917388
2024-09-23 14:00:00+00:00,569.9,570.29,568.42,1182,568.79,69881,569.538306
2024-09-23 15:00:00+00:00,569.59,570.07,568.82,829,569.865,48660,569.667173
2024-09-23 16:00:00+00:00,568.62,569.64,568.38,1074,569.41,64837,568.909919
2024-09-23 17:00:00+00:00,569.3,569.33,568.1,858,568.64,51798,568.914025
2024-09-23 18:00:00+00:00,569.475,569.54,568.93,772,569.27,40011,569.299538
2024-09-23 19:00:00+00:00,569.6,569.91,569.105,1843,569.435,164125,569.583142
2024-09-23 20:00:00+00:00,569.47,569.73,569.47,15,569.56,3695,569.63168
2024-09-24 13:00:00+00:00,569.32,570.48,569.25,885,570.48,100205,569.840284
2024-09-24 14:00:00+00:00,569.515,569.62,567.64,1459,569.21,103627,568.547484
2024-09-24 15:00:00+00:00,570.6,571.02,569.32,1147,569.495,71898,569.936611
2024-09-24 16:00:00+00:00,570.455,571.2,570.28,857,570.74,60545,570.79514
2024-09-24 17:00:00+00:00,570.46,571.0,570.36,827,570.44,44035,570.715262
2024-09-24 18:00:00+00:00,570.29,570.6,569.43,799,570.47,39955,570.364041
2024-09-24 19:00:00+00:00,571.24,571.34,570.4,2008,570.44,265482,570.867993
2024-09-24 20:00:00+00:00,571.02,571.21,570.87,18,571.21,11188,570.945554
2024-09-25 13:00:00+00:00,571.53,571.765,570.925,382,571.145,37751,571.41621
2024-09-25 14:00:00+00:00,571.255,571.89,570.67,729,571.58,50962,571.335101
2024-09-25 15:00:00+00:00,570.74,571.37,570.36,878,571.21,59779,570.805524
2024-09-25 16:00:00+00:00,569.99,570.8,569.95,815,570.71,64595,570.379432
2024-09-25 17:00:00+00:00,570.32,570.32,568.99,1169,569.97,98218,569.705021
2024-09-25 18:00:00+00:00,570.07,570.355,569.04,778,570.28,62120,569.971256
2024-09-25 19:00:00+00:00,569.985,570.23,569.34,2064,569.95,160200,569.773058
2024-09-25 20:00:00+00:00,570.31,570.31,570.04,16,570.1,22820,570.087931
2024-09-26 13:00:00+00:00,573.54,574.69,573.18,903,574.58,101070,573.689518
2024-09-26 14:00:00+00:00,571.23,574.075,571.06,1176,573.54,78259,572.604625
2024-09-26 15:00:00+00:00,572.53,572.53,570.925,864,571.08,63725,571.533091
2024-09-26 16:00:00+00:00,571.075,572.41,570.915,1063,572.41,61690,571.438739
2024-09-26 17:00:00+00:00,571.5,571.76,569.935,875,570.97,45898,571.092461
2024-09-26 18:00:00+00:00,572.27,572.66,571.55,867,571.55,51781,572.099723
2024-09-26 19:00:00+00:00,572.17,572.75,571.845,2021,572.22,236454,572.351837
2024-09-26 20:00:00+00:00,572.3,572.5,572.3,6,572.5,1200,572.316667
2024-09-27 13:00:00+00:00,573.085,573.51,572.75,899,573.5,74972,573.048425
2024-09-27 14:00:00+00:00,573.825,574.2,572.68,1561,573.1,106782,573.47397
2024-09-27 15:00:00+00:00,572.43,573.7,572.43,777,573.645,39240,573.041929
2024-09-27 16:00:00+00:00,572.175,572.51,571.88,736,572.435,34582,572.174666
2024-09-27 17:00:00+00:00,572.38,572.7,571.53,761,572.265,49217,572.011119
2024-09-27 18:00:00+00:00,572.18,572.625,570.59,995,572.42,73023,571.646479
2024-09-27 19:00:00+00:00,571.4,572.32,571.32,2064,572.19,242644,571.641868
2024-09-27 20:00:00+00:00,571.16,571.3,571.16,15,571.3,11229,571.191818
2024-09-30 13:00:00+00:00,570.64,571.46,570.505,488,570.505,41568,571.019335
2024-09-30 14:00:00+00:00,571.29,571.57,570.28,1204,570.525,93847,570.963378
2024-09-30 15:00:00+00:00,571.565,571.81,570.825,1053,571.26,53476,571.495946
2024-09-30 16:00:00+00:00,571.63,572.22,571.56,762,571.575,43952,571.851333
2024-09-30 17:00:00+00:00,571.58,571.69,570.91,1053,571.475,74242,571.313886
2024-09-30 18:00:00+00:00,570.58,571.6,568.23,1475,571.585,109167,569.977934
2024-09-30 19:00:00+00:00,574.045,574.38,569.94,3197,570.43,383294,573.072901
2024-09-30 20:00:00+00:00,573.36,573.77,573.36,44,573.55,16133,573.709475
2024-10-01 13:00:00+00:00,569.61,573.435,568.59,1338,573.435,150581,570.380867
2024-10-01 14:00:00+00:00,568.0,570.17,566.62,1951,568.895,192069,567.95911
2024-10-01 15:00:00+00:00,568.41,569.44,566.03,1413,568.05,133457,567.641395
2024-10-01 16:00:00+00:00,568.25,569.55,566.58,1164,568.27,102948,568.234376
2024-10-01 17:00:00+00:00,569.21,569.285,566.28,1639,568.34,223968,567.136654
2024-10-01 18:00:00+00:00,570.39,570.85,569.295,1087,569.295,77653,570.193186
2024-10-01 19:00:00+00:00,568.61,570.44,568.44,1648,570.43,168120,568.991427
2024-10-01 20:00:00+00:00,568.73,568.73,568.73,2,568.73,300,568.73
2024-10-02 12:00:00+00:00,568.21,568.21,568.21,1,568.21,100,568.21
2024-10-02 13:00:00+00:00,567.03,567.72,565.27,606,567.51,78253,566.722158
2024-10-02 14:00:00+00:00,568.29,569.595,566.91,851,567.07,83049,568.056725
2024-10-02 15:00:00+00:00,569.47,569.88,568.11,591,568.235,40212,569.272293
2024-10-02 16:00:00+00:00,567.87,569.77,567.87,367,569.51,27518,569.217872
2024-10-02 17:00:00+00:00,569.105,569.105,567.65,655,567.865,45159,568.164877
2024-10-02 18:00:00+00:00,568.905,569.29,567.84,418,569.15,33952,568.760782
2024-10-02 19:00:00+00:00,568.83,569.44,568.725,1144,568.865,85417,569.075785
2024-10-02 20:00:00+00:00,569.77,569.77,569.0,4,569.0,400,569.35
2024-10-03 12:00:00+00:00,568.01,568.01,568.01,2,568.01,200,568.01
2024-10-03 13:00:00+00:00,567.84,568.18,566.885,857,567.38,66359,567.400296
2024-10-03 14:00:00+00:00,566.655,569.78,566.35,2328,568.17,170598,568.245809
2024-10-03 15:00:00+00:00,568.46,568.87,566.26,918,566.655,57711,567.655061
2024-10-03 16:00:00+00:00,566.39,569.14,565.87,1062,568.49,59384,567.506147
2024-10-03 17:00:00+00:00,567.02,567.38,565.49,1202,566.28,93563,566.591387
2024-10-03 18:00:00+00:00,566.75,567.39,566.55,828,567.16,64583,567.025213
2024-10-03 19:00:00+00:00,567.76,568.24,566.055,2178,566.475,232297,567.215307
2024-10-03 20:00:00+00:00,567.82,567.86,567.82,14,567.85,5080,567.821575
2024-10-04 12:00:00+00:00,571.43,571.43,571.42,5,571.43,700,571.428489
2024-10-04 13:00:00+00:00,569.97,572.675,569.89,1086,572.67,90422,571.730109
2024-10-04 14:00:00+00:00,570.11,571.1,568.2,1488,570.14,137266,569.55507
2024-10-04 15:00:00+00:00,570.47,570.7,568.31,1006,570.1,66631,569.514017
2024-10-04 16:00:00+00:00,571.0,571.49,569.52,945,570.5,72807,570.57566
2024-10-04 17:00:00+00:00,570.185,571.545,569.61,1050,571.05,81261,570.932125
2024-10-04 18:00:00+00:00,571.495,571.495,569.73,751,570.27,56210,570.659253
2024-10-04 19:00:00+00:00,572.935,573.36,571.185,1908,571.37,171875,572.486127
2024-10-07 13:00:00+00:00,570.7,571.615,570.53,793,571.26,91430,571.078797
2024-10-07 14:00:00+00:00,571.295,571.91,570.67,962,570.72,64483,571.375467
2024-10-07 15:00:00+00:00,571.2,571.74,570.67,866,571.22,49027,571.343486
2024-10-07 16:00:00+00:00,570.62,571.15,570.39,644,571.15,31547,570.755027
2024-10-07 17:00:00+00:00,570.43,570.98,569.86,708,570.64,51026,570.427016
2024-10-07 18:00:00+00:00,566.72,570.43,566.72,1239,570.43,97195,568.46768
2024-10-07 19:00:00+00:00,567.8,568.65,566.69,2256,566.83,235287,567.56567
2024-10-07 20:00:00+00:00,568.02,568.02,568.02,1,568.02,100,568.02
2024-10-08 13:00:00+00:00,570.71,570.82,569.55,811,570.41,100271,570.063596
2024-10-08 14:00:00+00:00,571.8,572.44,570.435,1409,570.9,139718,571.498078
2024-10-08 15:00:00+00:00,572.23,572.325,571.285,968,571.86,57963,571.875194
2024-10-08 16:00:00+00:00,571.86,572.27,571.4,969,572.13,64996,571.896682
2024-10-08 17:00:00+00:00,571.76,571.97,570.67,831,571.97,55874,571.243182
2024-10-08 18:00:00+00:00,572.78,572.88,571.7,664,571.75,35859,572.249104
2024-10-08 19:00:00+00:00,573.19,573.78,572.38,2246,572.69,198197,573.21317
2024-10-08 20:00:00+00:00,572.9,572.9,572.9,2,572.9,200,572.9
2024-10-09 13:00:00+00:00,573.5,573.77,572.6,592,573.16,57599,573.22891
2024-10-09 14:00:00+00:00,574.9,574.92,573.52,1080,573.53,78914,574.160577
2024-10-09 15:00:00+00:00,576.89,577.06,574.95,1210,574.96,82425,575.97236
2024-10-09 16:00:00+00:00,575.945,576.905,575.7,895,576.905,62845,576.343573
2024-10-09 17:00:00+00:00,575.76,576.62,575.02,637,575.875,41459,576.108054
2024-10-09 18:00:00+00:00,576.11,576.49,575.49,770,575.67,54832,576.110723
2024-10-09 19:00:00+00:00,577.07,577.69,575.94,1718,576.085,184848,577.228764
2024-10-09 20:00:00+00:00,576.5,576.5,576.5,1,576.5,106,576.5
2024-10-10 12:00:00+00:00,575.85,575.85,575.78,3,575.78,240,575.815
2024-10-10 13:00:00+00:00,575.4,576.23,574.685,664,575.72,88302,575.45402
2024-10-10 14:00:00+00:00,575.355,576.57,575.17,1199,575.45,117899,576.17732
2024-10-10 15:00:00+00:00,576.955,576.97,575.145,711,575.36,56365,576.093107
2024-10-10 16:00:00+00:00,576.245,577.54,575.81,605,576.93,54120,576.679676
2024-10-10 17:00:00+00:00,576.23,576.67,575.0,984,576.155,75418,576.031958
2024-10-10 18:00:00+00:00,575.32,576.195,574.51,1054,576.195,73838,575.340843
2024-10-10 19:00:00+00:00,576.2,576.525,574.855,1511,575.36,148477,575.869131
2024-10-10 20:00:00+00:00,576.41,576.41,575.97,14,576.0,6349,576.007939
2024-10-11 13:00:00+00:00,577.29,577.49,575.955,613,575.955,71055,576.855763
2024-10-11 14:00:00+00:00,579.085,580.07,577.06,1299,577.23,94243,579.090669
2024-10-11 15:00:00+00:00,579.635,579.66,579.03,513,579.125,44613,579.359472
2024-10-11 16:00:00+00:00,578.82,579.635,578.09,745,579.635,54434,578.781781
2024-10-11 17:00:00+00:00,579.145,579.35,578.405,702,578.89,39818,578.845455
2024-10-11 18:00:00+00:00,579.67,579.86,578.79,873,579.14,53241,579.45848
2024-10-11 19:00:00+00:00,579.6,580.3,579.49,1906,579.6,157426,579.88812
2024-10-11 20:00:00+00:00,579.2,579.58,579.2,9,579.57,4053,579.394988
2024-10-14 13:00:00+00:00,583.22,583.22,580.73,593,581.215,55315,582.00376
2024-10-14 14:00:00+00:00,582.87,583.77,582.625,1186,583.44,84616,583.279899
2024-10-14 15:00:00+00:00,583.41,583.41,582.47,679,582.82,47407,582.990611
2024-10-14 16:00:00+00:00,583.81,583.96,583.41,542,583.425,43644,583.784136
2024-10-14 17:00:00+00:00,583.63,584.1,583.555,603,583.8,33849,583.799815
2024-10-14 18:00:00+00:00,584.27,584.62,583.33,788,583.5,44429,584.176068
2024-10-14 19:00:00+00:00,584.31,585.27,584.015,1967,584.22,275003,584.399911
2024-10-14 20:00:00+00:00,584.23,584.23,584.2,4,584.2,4767,584.212587
2024-10-15 13:00:00+00:00,584.16,584.83,584.11,671,584.64,57695,584.512812
2024-10-15 14:00:00+00:00,581.95,584.575,581.37,2364,584.3,207490,582.6234
2024-10-15 15:00:00+00:00,581.42,582.7,581.25,1072,581.92,61993,582.125631
2024-10-15 16:00:00+00:00,581.75,582.55,581.34,718,581.47,36382,581.991671
2024-10-15 17:00:00+00:00,580.9,581.93,580.89,762,581.76,44391,581.321962
2024-10-15 18:00:00+00:00,580.02,581.39,580.01,1011,580.87,60694,580.56334
2024-10-15 19:00:00+00:00,579.92,580.17,578.55,2442,580.04,350016,579.511477
2024-10-15 20:00:00+00:00,579.79,579.79,579.72,2,579.72,237,579.760464
2024-10-16 13:00:00+00:00,579.17,579.88,579.01,498,579.785,43222,579.25242
2024-10-16 14:00:00+00:00,580.095,581.1,579.07,1306,579.16,127256,580.327015
2024-10-16 15:00:00+00:00,580.215,580.865,579.805,678,580.185,52830,580.346856
2024-10-16 16:00:00+00:00,581.265,581.315,580.255,440,580.255,31706,580.872325
2024-10-16 17:00:00+00:00,581.635,581.69,580.955,546,581.51,30447,581.322501
2024-10-16 18:00:00+00:00,582.38,582.79,581.53,518,581.605,34377,582.251901
2024-10-16 19:00:00+00:00,582.27,582.62,582.11,1001,582.37,95406,582.325763
2024-10-16 20:00:00+00:00,582.2,582.29,582.12,21,582.29,19222,582.209466
2024-10-17 13:00:00+00:00,583.995,586.09,583.24,1146,585.93,104712,584.82197
2024-10-17 14:00:00+00:00,583.14,584.415,582.88,1012,584.26,71876,583.472223
2024-10-17 15:00:00+00:00,584.75,584.75,582.46,716,583.14,71317,583.869497
2024-10-17 16:00:00+00:00,584.34,584.95,583.77,608,584.73,37097,584.41202
2024-10-17 17:00:00+00:00,584.39,584.69,584.09,536,584.48,25764,584.450777
2024-10-17 18:00:00+00:00,583.31,584.4,582.44,1049,584.4,68036,583.066961
2024-10-17 19:00:00+00:00,582.32,583.37,582.16,1925,583.35,183775,582.521124
2024-10-18 13:00:00+00:00,583.29,584.22,582.64,658,584.09,58279,583.416314
2024-10-18 14:00:00+00:00,583.5,584.02,583.16,1437,583.17,115374,583.530837
2024-10-18 15:00:00+00:00,583.86,584.46,583.4,938,583.41,72190,584.006361
2024-10-18 16:00:00+00:00,584.69,585.205,583.75,742,583.9,59586,584.532748
2024-10-18 17:00:00+00:00,584.58,585.09,584.52,746,584.66,45519,584.827319
2024-10-18 18:00:00+00:00,584.915,585.36,583.84,672,584.565,44857,584.774191
2024-10-18 19:00:00+00:00,584.6,584.76,584.08,1573,584.76,121387,584.427675
2024-10-18 20:00:00+00:00,584.66,584.74,584.47,32,584.47,15579,584.663332
2024-10-21 13:00:00+00:00,584.005,584.45,583.77,425,583.91,36948,584.10467
2024-10-21 14:00:00+00:00,582.605,584.79,582.11,1758,584.08,138907,583.552723
2024-10-21 15:00:00+00:00,582.21,582.61,580.68,1597,582.54,113252,581.466491
2024-10-21 16:00:00+00:00,582.82,582.85,581.82,490,582.39,30227,582.214154
2024-10-21 17:00:00+00:00,583.21,583.325,582.71,576,582.895,40121,583.078745
2024-10-21 18:00:00+00:00,582.325,583.28,582.28,736,583.28,47879,582.777133
2024-10-21 19:00:00+00:00,583.72,583.72,582.22,1538,582.33,139656,583.099294
2024-10-21 20:00:00+00:00,584.03,584.03,583.57,13,583.57,11571,583.704267
2024-10-22 13:00:00+00:00,581.15,581.4,580.44,516,581.05,34096,580.986316
2024-10-22 14:00:00+00:00,581.99,582.14,581.06,1101,581.37,65931,581.629757
2024-10-22 15:00:00+00:00,582.16,582.42,581.55,765,581.975,40020,582.118921
2024-10-22 16:00:00+00:00,582.52,582.61,581.64,666,582.01,41574,582.081369
2024-10-22 17:00:00+00:00,583.85,583.85,582.325,529,582.58,35826,583.109336
2024-10-22 18:00:00+00:00,583.06,584.49,582.965,556,583.945,41593,583.724763
2024-10-22 19:00:00+00:00,583.33,584.16,582.905,1123,582.95,92588,583.621431
2024-10-23 13:00:00+00:00,581.31,581.665,580.975,754,581.32,56539,581.352274
2024-10-23 14:00:00+00:00,580.49,581.63,580.13,1516,581.29,112559,580.859017
2024-10-23 15:00:00+00:00,579.8,580.73,578.81,1389,580.49,75835,579.557503
2024-10-23 16:00:00+00:00,578.125,579.74,577.67,1018,579.7,58552,578.51121
2024-10-23 17:00:00+00:00,576.035,578.1,575.93,1467,578.0,103630,576.716673
2024-10-23 18:00:00+00:00,577.17,577.17,574.48,1564,575.9,120491,576.068986
2024-10-23 19:00:00+00:00,578.04,578.11,576.815,2239,577.1,223284,577.683851
2024-10-24 13:00:00+00:00,579.31,580.05,578.64,1018,580.02,106675,579.176036
2024-10-24 14:00:00+00:00,578.79,579.92,578.55,1633,579.33,99654,579.270803
2024-10-24 15:00:00+00:00,578.02,579.35,577.07,1283,578.85,80709,578.421885
2024-10-24 16:00:00+00:00,578.86,578.94,576.62,1139,578.06,72128,577.637519
2024-10-24 17:00:00+00:00,578.62,579.55,578.575,778,578.845,55122,579.078575
2024-10-24 18:00:00+00:00,578.81,579.28,578.105,964,578.38,60597,578.769559
2024-10-24 19:00:00+00:00,579.23,579.82,578.25,2163,578.74,185341,579.334721
2024-10-24 20:00:00+00:00,579.41,579.41,579.41,2,579.41,200,579.41
2024-10-25 12:00:00+00:00,581.25,581.25,581.25,2,581.25,200,581.25
2024-10-25 13:00:00+00:00,583.26,583.46,581.5,925,581.595,78483,582.581355
2024-10-25 14:00:00+00:00,583.46,584.44,583.31,1525,583.48,113026,583.931528
2024-10-25 15:00:00+00:00,582.18,583.74,581.75,1262,583.66,88520,582.781938
2024-10-25 16:00:00+00:00,582.02,582.79,581.82,683,582.055,40991,582.19671
2024-10-25 17:00:00+00:00,579.2,582.01,578.53,1180,581.98,119650,580.408383
2024-10-25 18:00:00+00:00,580.25,580.46,578.14,1271,579.28,90206,579.332218
2024-10-25 19:00:00+00:00,579.01,580.18,578.54,1940,580.09,241215,579.20629
2024-10-28 13:00:00+00:00,581.43,582.62,581.4,1096,582.62,96471,581.985526
2024-10-28 14:00:00+00:00,582.05,582.48,581.31,1447,581.625,117931,582.02596
2024-10-28 15:00:00+00:00,580.98,582.0,580.8,956,581.98,64163,581.373502
2024-10-28 16:00:00+00:00,581.11,581.62,580.7,731,580.86,38792,581.099201
2024-10-28 17:00:00+00:00,581.655,581.74,580.69,686,581.08,31409,581.37963
2024-10-28 18:00:00+00:00,581.1,581.84,580.87,820,581.6,37729,581.383881
2024-10-28 19:00:00+00:00,580.77,581.7,580.54,2099,580.88,242365,580.855335
2024-10-28 20:00:00+00:00,580.93,580.93,580.73,14,580.86,10627,580.866401
2024-10-29 12:00:00+00:00,579.87,579.87,579.87,1,579.87,100,579.87
2024-10-29 13:00:00+00:00,580.02,580.05,578.435,1143,579.865,101199,579.18718
2024-10-29 14:00:00+00:00,581.36,581.82,579.64,1772,579.71,187336,580.693085
2024-10-29 15:00:00+00:00,581.37,581.585,580.58,942,581.28,42216,581.121934
2024-10-29 16:00:00+00:00,581.96,582.06,580.865,1003,581.57,64625,581.529949
2024-10-29 17:00:00+00:00,581.975,582.64,581.51,1015,582.05,54233,582.155777
2024-10-29 18:00:00+00:00,582.42,582.88,581.71,1257,581.92,66300,582.289113
2024-10-29 19:00:00+00:00,581.7,582.905,581.345,2472,582.445,281970,581.951168
2024-10-29 20:00:00+00:00,582.53,582.84,581.87,6,581.87,1100,582.52
2024-10-30 12:00:00+00:00,581.8,581.8,581.8,1,581.8,100,581.8
2024-10-30 13:00:00+00:00,581.86,581.91,579.33,1108,581.295,111011,580.851734
2024-10-30 14:00:00+00:00,582.44,582.88,581.78,1357,581.93,76710,582.379938
2024-10-30 15:00:00+00:00,583.08,583.31,581.615,1314,582.36,79995,582.499427
2024-10-30 16:00:00+00:00,581.995,583.16,581.995,846,583.05,37461,582.531549
2024-10-30 17:00:00+00:00,580.66,582.255,580.305,1314,581.975,104418,581.375996
2024-10-30 18:00:00+00:00,581.17,581.79,580.65,1059,580.65,65627,581.326291
2024-10-30 19:00:00+00:00,579.97,581.105,579.38,2210,581.105,365703,580.006501
2024-10-30 20:00:00+00:00,579.55,579.6,579.05,9,579.13,980,579.393348
2024-10-31 13:00:00+00:00,573.75,575.53,573.195,1477,575.5,167116,574.377946
2024-10-31 14:00:00+00:00,571.19,573.71,570.98,2751,573.71,272913,572.42022
2024-10-31 15:00:00+00:00,570.89,571.67,570.1,1816,571.095,128487,570.825969
2024-10-31 16:00:00+00:00,571.325,571.91,570.53,1686,570.945,105418,571.358513
2024-10-31 17:00:00+00:00,570.365,571.985,570.15,1490,571.36,87125,571.009712
2024-10-31 18:00:00+00:00,570.675,570.83,569.73,2426,570.405,151448,570.278288
2024-10-31 19:00:00+00:00,568.46,572.0,568.46,3545,570.72,339020,570.517586
2024-10-31 20:00:00+00:00,568.6,570.2,568.52,10,570.2,1001,569.222969
2024-11-01 13:00:00+00:00,573.12,573.34,570.74,1091,571.26,94514,572.119002
2024-11-01 14:00:00+00:00,574.3,575.5,572.675,2224,573.18,196328,573.783428
2024-11-01 15:00:00+00:00,573.7,575.23,573.5,993,574.39,64554,574.456508
2024-11-01 16:00:00+00:00,572.95,574.25,572.66,783,573.95,52765,573.55749
2024-11-01 17:00:00+00:00,571.665,573.835,571.605,1044,573.14,73128,572.494732
2024-11-01 18:00:00+00:00,572.24,572.39,571.245,993,571.58,61832,571.825135
2024-11-01 19:00:00+00:00,571.03,572.93,570.635,2509,572.195,280713,571.319156
2024-11-04 14:00:00+00:00,571.52,571.535,569.3,981,571.17,77404,570.811648
2024-11-04 15:00:00+00:00,571.64,572.49,571.225,1514,571.45,106431,571.843363
2024-11-04 16:00:00+00:00,568.86,572.18,568.31,1574,571.68,110654,570.413868
2024-11-04 17:00:00+00:00,570.49,570.84,567.91,1083,568.88,74816,569.446218
2024-11-04 18:00:00+00:00,570.645,571.22,569.26,710,570.43,40054,570.557715
2024-11-04 19:00:00+00:00,570.51,571.18,570.205,773,570.75,63490,570.776785
2024-11-04 20:00:00+00:00,569.78,570.65,569.23,2003,570.4,211405,569.720945
2024-11-04 21:00:00+00:00,569.81,569.81,569.81,27,569.81,15958,569.81
2024-11-05 14:00:00+00:00,573.99,574.01,570.53,875,570.68,78602,572.504077
2024-11-05 15:00:00+00:00,573.905,575.135,573.58,1461,574.14,136692,574.276788
2024-11-05 16:00:00+00:00,575.45,575.55,573.555,1031,574.08,84331,574.872119
2024-11-05 17:00:00+00:00,576.02,576.4,575.19,733,575.4,51788,575.865544
2024-11-05 18:00:00+00:00,575.22,576.365,574.6,966,576.03,72329,575.509412
2024-11-05 19:00:00+00:00,575.01,575.87,574.71,1343,575.25,73686,575.354059
2024-11-05 20:00:00+00:00,576.69,576.7,574.78,2692,574.81,265296,575.989555
2024-11-05 21:00:00+00:00,576.96,577.01,576.78,8,576.82,3730,576.828177
2024-11-06 14:00:00+00:00,586.025,589.37,585.46,2118,588.3,207196,587.767129
2024-11-06 15:00:00+00:00,587.01,589.07,586.13,2977,586.13,243608,587.644177
2024-11-06 16:00:00+00:00,588.77,588.83,586.32,1879,586.98,127680,587.980734
2024-11-06 17:00:00+00:00,589.26,589.47,588.34,1555,588.695,102793,588.802212
2024-11-06 18:00:00+00:00,590.27,590.68,589.12,1603,589.15,119344,590.120054
2024-11-06 19:00:00+00:00,590.55,590.84,589.93,2496,590.295,144981,590.406487
2024-11-06 20:00:00+00:00,591.01,591.93,590.455,4013,590.515,399207,591.156353
2024-11-06 21:00:00+00:00,591.14,591.14,591.04,20,591.04,4933,591.128592
2024-11-07 14:00:00+00:00,593.96,594.04,593.02,965,593.21,74873,593.48048
2024-11-07 15:00:00+00:00,594.765,594.95,593.79,1539,593.96,125307,594.307673
2024-11-07 16:00:00+00:00,595.15,595.28,594.13,1346,594.88,112134,594.721305
2024-11-07 17:00:00+00:00,595.38,595.5,594.78,1056,595.04,90111,595.116614
2024-11-07 18:00:00+00:00,594.78,595.395,594.26,1356,595.335,102747,594.79627
2024-11-07 19:00:00+00:00,595.92,595.92,593.96,1314,594.755,114213,594.915652
2024-11-07 20:00:00+00:00,595.75,596.65,595.19,3309,595.95,310545,595.837923
2024-11-07 21:00:00+00:00,596.16,596.16,595.59,4,595.59,980,596.069184
2024-11-08 14:00:00+00:00,597.16,597.22,596.26,792,596.26,70876,596.752917
2024-11-08 15:00:00+00:00,597.78,597.96,596.595,1531,597.21,115394,597.32793
2024-11-08 16:00:00+00:00,597.945,598.2,597.36,1381,597.745,90478,597.861255
2024-11-08 17:00:00+00:00,598.11,598.35,597.47,2130,597.885,84133,597.870799
2024-11-08 18:00:00+00:00,599.065,599.18,597.98,1091,598.095,62885,598.555057
2024-11-08 19:00:00+00:00,598.99,599.595,598.68,922,599.015,56162,599.144239
2024-11-08 20:00:00+00:00,598.25,598.92,597.65,2217,598.92,269345,598.082377
2024-11-08 21:00:00+00:00,598.37,598.37,598.25,8,598.25,5140,598.287354
2024-11-11 14:00:00+00:00,599.165,600.14,598.95,940,599.88,98204,599.540138
2024-11-11 15:00:00+00:00,599.71,599.93,598.6,1369,599.16,139199,599.163882
2024-11-11 16:00:00+00:00,599.5,599.91,598.97,1385,599.72,105263,599.39395
2024-11-11 17:00:00+00:00,598.235,599.545,598.225,1198,599.37,77307,598.807964
2024-11-11 18:00:00+00:00,598.205,598.59,597.02,955,598.13,83875,597.780447
2024-11-11 19:00:00+00:00,598.285,598.405,598.0,984,598.23,78730,598.186067
2024-11-11 20:00:00+00:00,598.81,598.81,597.99,1942,598.235,285240,598.397006
2024-11-11 21:00:00+00:00,598.44,598.73,598.44,3,598.73,1749,598.689427
2024-11-12 14:00:00+00:00,598.915,599.285,598.45,917,598.65,69534,598.923902
2024-11-12 15:00:00+00:00,597.26,598.99,597.2,1748,598.96,121073,598.044822
2024-11-12 16:00:00+00:00,596.51,597.55,596.36,1158,597.27,66889,597.027494
2024-11-12 17:00:00+00:00,594.695,596.675,594.65,955,596.455,52164,596.079243
2024-11-12 18:00:00+00:00,597.425,597.775,594.42,1385,594.645,94137,596.286862
2024-11-12 19:00:00+00:00,598.01,598.4,597.37,1271,597.405,92819,597.949773
2024-11-12 20:00:00+00:00,596.915,598.15,596.51,2576,598.01,252899,597.179459
2024-11-12 21:00:00+00:00,597.23,597.24,597.14,9,597.14,7201,597.179722
2024-11-13 14:00:00+00:00,596.97,597.72,596.45,1281,597.41,118489,597.307885
2024-11-13 15:00:00+00:00,597.07,597.37,595.01,1468,597.035,106760,596.517941
2024-11-13 16:00:00+00:00,598.19,598.31,596.7,1238,597.17,90127,597.769049
2024-11-13 17:00:00+00:00,599.16,599.16,597.945,1261,598.06,106973,598.73284
2024-11-13 18:00:00+00:00,598.87,599.17,598.36,1328,599.145,80281,598.814191
2024-11-13 19:00:00+00:00,597.245,598.91,597.05,1529,598.9,121261,597.830471
2024-11-13 20:00:00+00:00,597.22,598.51,596.51,2797,597.2,306500,597.348047
2024-11-14 14:00:00+00:00,596.24,597.81,595.88,744,597.38,44694,596.898935
2024-11-14 15:00:00+00:00,596.27,596.93,595.22,986,596.34,86238,596.267057
2024-11-14 16:00:00+00:00,595.65,596.78,595.59,561,596.15,36746,596.15656
2024-11-14 17:00:00+00:00,595.09,595.79,593.85,1147,595.635,65679,594.819138
2024-11-14 18:00:00+00:00,593.94,595.7,593.8,684,595.01,59778,595.081459
2024-11-14 19:00:00+00:00,595.28,595.785,593.87,808,593.87,64286,594.999512
2024-11-14 20:00:00+00:00,593.42,595.3,592.71,2213,595.28,249816,593.477388
2024-11-14 21:00:00+00:00,592.88,592.88,592.88,1,592.88,100,592.88
2024-11-15 14:00:00+00:00,588.68,590.17,588.49,1349,589.72,79738,589.210959
2024-11-15 15:00:00+00:00,586.445,588.52,586.1,2381,588.52,175083,587.017418
2024-11-15 16:00:00+00:00,585.76,587.375,585.52,2260,586.33,155563,586.509866
2024-11-15 17:00:00+00:00,585.49,585.925,584.65,1715,585.715,108899,585.435818
2024-11-15 18:00:00+00:00,584.47,585.655,583.88,1393,585.46,92373,585.036148
2024-11-15 19:00:00+00:00,584.99,585.77,584.035,2057,584.555,155932,584.732785
2024-11-15 20:00:00+00:00,585.74,586.17,584.77,2438,584.945,186105,585.475287
2024-11-15 21:00:00+00:00,586.18,586.37,586.09,5,586.37,621,586.22
2024-11-18 14:00:00+00:00,585.72,586.38,585.37,767,585.95,56679,585.717536
2024-11-18 15:00:00+00:00,588.245,588.35,585.63,1530,585.8,90435,587.464057
2024-11-18 16:00:00+00:00,588.32,589.465,587.96,1107,588.18,101515,588.759919
2024-11-18 17:00:00+00:00,588.64,588.645,587.77,820,588.29,61086,588.195596
2024-11-18 18:00:00+00:00,588.32,588.65,587.06,1001,588.64,60108,587.88153
2024-11-18 19:00:00+00:00,588.055,588.37,587.1,1240,588.345,67627,587.656585
2024-11-18 20:00:00+00:00,588.21,588.41,587.52,1845,588.13,196419,587.971442
2024-11-18 21:00:00+00:00,587.95,588.29,587.88,11,588.22,2600,588.173864
2024-11-19 14:00:00+00:00,585.22,585.77,584.06,811,584.74,66486,585.030835
2024-11-19 15:00:00+00:00,587.75,588.05,584.66,1555,584.97,96988,586.101851
2024-11-19 16:00:00+00:00,588.93,589.24,587.68,858,587.735,59050,588.621691
2024-11-19 17:00:00+00:00,589.16,589.495,588.11,824,588.785,68856,588.880398
2024-11-19 18:00:00+00:00,590.95,591.01,588.8,898,589.08,51531,589.804225
2024-11-19 19:00:00+00:00,589.73,590.945,589.11,1325,590.935,88028,589.955656
2024-11-19 20:00:00+00:00,590.19,590.6,589.4,2165,589.62,159150,590.058748
2024-11-20 14:00:00+00:00,587.41,590.48,587.41,804,590.44,77062,588.643661
2024-11-20 15:00:00+00:00,587.38,588.13,584.705,2006,587.43,182906,586.257828
2024-11-20 16:00:00+00:00,588.38,588.69,585.54,1713,587.37,85654,586.886086
2024-11-20 17:00:00+00:00,587.15,588.66,586.15,1247,588.36,68377,587.464619
2024-11-20 18:00:00+00:00,586.83,587.675,586.19,749,587.18,38727,587.023153
2024-11-20 19:00:00+00:00,587.53,587.87,586.28,839,586.76,45542,587.025578
2024-11-20 20:00:00+00:00,590.49,590.76,587.25,2988,587.415,248969,589.874057
2024-11-21 14:00:00+00:00,589.795,593.54,588.62,1052,593.4,84523,590.702032
2024-11-21 15:00:00+00:00,591.54,591.79,587.52,1680,589.785,156905,589.333601
2024-11-21 16:00:00+00:00,591.93,593.12,591.09,956,591.74,70215,591.996365
2024-11-21 17:00:00+00:00,593.64,594.12,591.11,1229,591.82,103794,592.919952
2024-11-21 18:00:00+00:00,594.43,594.78,593.68,1171,593.76,67394,594.24662
2024-11-21 19:00:00+00:00,594.63,594.675,593.555,1006,594.465,84142,594.127328
2024-11-21 20:00:00+00:00,593.665,595.1,593.59,2007,594.74,167290,594.262941
2024-11-21 21:00:00+00:00,593.45,593.6,593.45,11,593.55,11847,593.536186
2024-11-22 13:00:00+00:00,593.45,593.45,593.45,1,593.45,100,593.45
2024-11-22 14:00:00+00:00,595.94,596.09,593.58,1815,593.69,115991,594.867185
2024-11-22 15:00:00+00:00,595.77,595.89,593.185,1583,595.89,114908,594.578707
2024-11-22 16:00:00+00:00,595.01,595.87,593.81,1224,595.83,62583,594.694478
2024-11-22 17:00:00+00:00,595.7,595.81,594.66,1096,595.05,65250,595.361817
2024-11-22 18:00:00+00:00,595.43,596.09,595.0,1139,595.685,61842,595.609414
2024-11-22 19:00:00+00:00,595.465,595.61,594.19,1143,595.375,61535,595.132061
2024-11-22 20:00:00+00:00,595.5,596.07,594.17,2350,595.37,189912,595.289456
2024-11-25 14:00:00+00:00,599.22,600.76,598.72,1063,599.49,102441,599.705909
2024-11-25 15:00:00+00:00,598.0,599.27,597.58,1768,599.21,123359,598.544335
2024-11-25 16:00:00+00:00,597.35,598.43,597.19,1584,597.88,107648,597.890212
2024-11-25 17:00:00+00:00,596.45,597.485,595.25,1387,597.295,80475,596.484369
2024-11-25 18:00:00+00:00,597.37,597.55,596.47,1191,596.47,63943,597.230598
2024-11-25 19:00:00+00:00,597.05,597.44,596.61,1000,597.295,53095,597.189033
2024-11-25 20:00:00+00:00,597.49,597.72,596.685,2364,596.885,203009,597.361956
2024-11-25 21:00:00+00:00,598.15,598.15,597.62,3,597.62,360,597.847143
2024-11-26 14:00:00+00:00,598.84,599.58,598.525,709,598.815,78019,599.043455
2024-11-26 15:00:00+00:00,599.05,599.41,598.08,1122,599.22,77388,598.757927
2024-11-26 16:00:00+00:00,599.75,599.81,598.88,1036,599.25,64199,599.460195
2024-11-26 17:00:00+00:00,600.085,600.11,599.085,1490,599.76,63052,599.638192
2024-11-26 18:00:00+00:00,600.04,600.17,599.655,1279,600.075,74951,599.966369
2024-11-26 19:00:00+00:00,600.065,600.395,599.25,1236,600.1,73219,599.822008
2024-11-26 20:00:00+00:00,600.725,601.29,599.96,2619,599.96,268825,600.770456
2024-11-26 21:00:00+00:00,601.0,601.21,600.98,41,601.07,17002,601.133793
2024-11-27 14:00:00+00:00,600.4,600.815,600.02,649,600.5,59605,600.354416
2024-11-27 15:00:00+00:00,598.92,600.38,598.59,1415,600.28,90135,599.476142
2024-11-27 16:00:00+00:00,598.15,599.14,598.03,1438,598.855,91926,598.525528
2024-11-27 17:00:00+00:00,598.375,598.44,597.32,1085,598.03,49672,597.943976
2024-11-27 18:00:00+00:00,598.92,599.11,598.18,941,598.34,50715,598.680708
2024-11-27 19:00:00+00:00,598.77,599.07,598.45,971,598.955,48575,598.851557
2024-11-27 20:00:00+00:00,598.68,598.99,597.95,1862,598.735,133884,598.63879
2024-11-27 21:00:00+00:00,598.7,598.82,598.59,13,598.82,7759,598.705791
2024-11-29 14:00:00+00:00,600.695,600.7,599.47,909,599.64,72413,600.104968
2024-11-29 15:00:00+00:00,601.81,601.87,600.715,1164,600.74,68050,601.344968
2024-11-29 16:00:00+00:00,602.69,602.885,601.82,1343,601.845,84617,602.32861
2024-11-29 17:00:00+00:00,602.49,603.34,602.315,2182,602.64,256243,602.773887
2024-11-29 18:00:00+00:00,602.24,602.69,602.24,5,602.6,480,602.54
2024-12-02 14:00:00+00:00,602.8,603.61,602.48,937,602.65,71590,603.093678
2024-12-02 15:00:00+00:00,602.67,603.56,602.49,1241,602.98,78465,603.074943
2024-12-02 16:00:00+00:00,603.655,603.86,602.52,1077,602.705,52244,603.402728
2024-12-02 17:00:00+00:00,603.61,603.96,603.435,1017,603.73,47528,603.749405
2024-12-02 18:00:00+00:00,603.825,603.85,603.41,812,603.535,42113,603.624572
2024-12-02 19:00:00+00:00,603.93,603.965,603.08,936,603.76,54707,603.53872
2024-12-02 20:00:00+00:00,603.67,604.3,603.47,1903,603.86,150438,603.800291
2024-12-02 21:00:00+00:00,604.05,604.18,603.74,16,603.78,9871,603.947768
2024-12-03 14:00:00+00:00,603.32,603.67,602.77,582,603.33,64582,603.09979
2024-12-03 15:00:00+00:00,602.875,603.61,602.39,1372,603.23,87322,602.986058
2024-12-03 16:00:00+00:00,602.55,603.475,602.38,926,602.88,57434,602.948676
2024-12-03 17:00:00+00:00,603.67,603.7,602.575,806,602.575,33270,603.180599
2024-12-03 18:00:00+00:00,603.46,603.84,603.29,865,603.59,61774,603.5434
2024-12-03 19:00:00+00:00,604.06,604.15,603.18,953,603.38,82621,603.649318
2024-12-03 20:00:00+00:00,603.87,604.14,603.52,2127,604.02,200071,603.924806
2024-12-03 21:00:00+00:00,604.41,604.41,603.8,12,603.8,4203,603.851916
2024-12-04 14:00:00+00:00,605.86,606.16,605.57,617,606.05,51161,605.820793
2024-12-04 15:00:00+00:00,606.215,606.28,604.98,1028,605.85,71288,605.698429
2024-12-04 16:00:00+00:00,606.35,606.5,606.09,1244,606.27,42096,606.328318
2024-12-04 17:00:00+00:00,606.4,606.505,605.985,686,606.345,53885,606.25243
2024-12-04 18:00:00+00:00,606.0,606.49,605.24,617,606.32,49721,605.887768
2024-12-04 19:00:00+00:00,606.88,607.09,606.0,1094,606.01,84273,606.77074
2024-12-04 20:00:00+00:00,607.62,607.84,606.835,3146,606.905,312190,607.505823
2024-12-04 21:00:00+00:00,607.31,607.46,607.23,36,607.45,24620,607.385402
2024-12-05 14:00:00+00:00,607.78,607.83,607.38,698,607.655,40795,607.583501
2024-12-05 15:00:00+00:00,606.95,608.17,606.81,1397,607.78,100714,607.24155
2024-12-05 16:00:00+00:00,607.74,607.765,606.84,1507,606.905,85712,607.311885
2024-12-05 17:00:00+00:00,608.39,608.45,607.645,1715,607.755,97380,608.086089
2024-12-05 18:00:00+00:00,607.33,608.32,606.92,1286,608.32,88622,607.602312
2024-12-05 19:00:00+00:00,607.19,607.595,606.92,1432,607.33,75946,607.301868
2024-12-05 20:00:00+00:00,606.69,607.405,606.305,2950,607.125,343062,606.820494
2024-12-05 21:00:00+00:00,606.07,606.63,605.96,49,606.63,15123,606.23438
2024-12-06 14:00:00+00:00,609.0,609.01,607.35,806,607.47,70842,608.291277
2024-12-06 15:00:00+00:00,608.705,609.05,608.26,1312,608.975,88252,608.693632
2024-12-06 16:00:00+00:00,607.965,608.73,607.59,1362,608.68,63913,608.10131
2024-12-06 17:00:00+00:00,607.365,607.86,607.18,1003,607.82,49489,607.513877
2024-12-06 18:00:00+00:00,608.03,608.36,607.305,1023,607.35,56619,607.968818
2024-12-06 19:00:00+00:00,607.34,608.01,607.02,1374,608.01,156113,607.267793
2024-12-06 20:00:00+00:00,607.89,608.12,607.16,2213,607.34,237032,607.740338
2024-12-06 21:00:00+00:00,607.78,607.95,607.75,12,607.95,11250,607.810912
2024-12-09 14:00:00+00:00,607.435,607.84,607.21,842,607.59,72622,607.444476
2024-12-09 15:00:00+00:00,605.39,607.57,605.29,1929,607.45,154145,606.523229
2024-12-09 16:00:00+00:00,606.065,606.12,604.61,1537,605.38,160870,605.515414
2024-12-09 17:00:00+00:00,605.325,606.07,605.3,1240,605.99,61860,605.726128
2024-12-09 18:00:00+00:00,606.01,606.42,605.1,1103,605.335,71343,605.921942
2024-12-09 19:00:00+00:00,605.01,605.995,604.53,1288,605.995,97122,605.212962
2024-12-09 20:00:00+00:00,604.65,605.06,604.09,2376,604.99,412997,604.490126
2024-12-09 21:00:00+00:00,604.32,604.62,604.1,46,604.47,39112,604.461087
2024-12-10 14:00:00+00:00,604.94,605.36,604.3,887,605.36,71293,604.637802
2024-12-10 15:00:00+00:00,605.0,605.68,604.92,1719,605.13,135253,605.332793
2024-12-10 16:00:00+00:00,604.58,605.25,604.325,1691,605.0,96132,604.716369
2024-12-10 17:00:00+00:00,604.34,604.99,604.18,1124,604.53,63686,604.573212
2024-12-10 18:00:00+00:00,604.06,604.59,604.04,1047,604.295,67998,604.306686
2024-12-10 19:00:00+00:00,603.67,604.085,603.57,1377,604.04,78475,603.840832
2024-12-10 20:00:00+00:00,602.9,603.65,602.16,2407,603.65,303190,602.653288
2024-12-10 21:00:00+00:00,603.36,603.4,602.9,50,602.9,49451,603.250266
2024-12-11 13:00:00+00:00,605.29,605.29,605.2,2,605.2,439,605.241002
2024-12-11 14:00:00+00:00,606.62,606.63,605.58,850,605.77,74948,606.210427
2024-12-11 15:00:00+00:00,606.78,607.215,606.34,1490,606.62,111121,606.720749
2024-12-11 16:00:00+00:00,607.69,607.86,606.51,1310,606.755,80411,607.24539
2024-12-11 17:00:00+00:00,608.065,608.18,607.63,1040,607.73,72861,607.918106
2024-12-11 18:00:00+00:00,607.78,608.395,607.76,1219,608.16,71849,608.133483
2024-12-11 19:00:00+00:00,607.96,608.21,607.56,1386,607.81,99550,607.85404
2024-12-11 20:00:00+00:00,607.57,608.09,607.31,2555,607.94,196886,607.766975
2024-12-11 21:00:00+00:00,606.96,607.29,606.95,43,607.29,21351,607.086349
2024-12-12 14:00:00+00:00,606.19,606.59,605.73,813,606.59,76386,606.03444
2024-12-12 15:00:00+00:00,606.74,606.95,605.17,1428,606.2,142598,606.030138
2024-12-12 16:00:00+00:00,605.83,607.15,605.83,1019,606.84,68050,606.651841
2024-12-12 17:00:00+00:00,606.8,606.89,605.8,1391,605.805,78448,606.439174
2024-12-12 18:00:00+00:00,605.74,606.925,605.74,880,606.78,55654,606.390314
2024-12-12 19:00:00+00:00,605.09,606.12,604.845,1367,605.725,106290,605.358257
2024-12-12 20:00:00+00:00,604.39,605.35,604.39,1975,605.07,211809,604.83913
2024-12-12 21:00:00+00:00,604.16,604.31,604.04,34,604.31,17265,604.146385
2024-12-13 14:00:00+00:00,606.08,607.085,606.03,1131,606.35,86335,606.555326
2024-12-13 15:00:00+00:00,603.47,606.17,603.44,1593,606.17,113771,604.905308
2024-12-13 16:00:00+00:00,603.66,604.655,603.09,1312,603.45,114464,603.804585
2024-12-13 17:00:00+00:00,602.86,603.97,602.83,1830,603.785,82053,603.28017
2024-12-13 18:00:00+00:00,604.105,604.36,602.84,1374,602.92,57979,603.749688
2024-12-13 19:00:00+00:00,604.285,604.62,603.975,1087,604.095,53262,604.308426
2024-12-13 20:00:00+00:00,604.26,604.695,603.78,2013,604.295,172654,604.360634
2024-12-13 21:00:00+00:00,603.42,604.12,603.42,41,604.04,15412,603.810413
2024-12-16 14:00:00+00:00,606.23,606.365,605.655,614,606.0,57358,605.932276
2024-12-16 15:00:00+00:00,606.705,607.015,605.255,1220,606.3,77206,606.462556
2024-12-16 16:00:00+00:00,606.95,606.98,606.42,1080,606.73,56560,606.635537
2024-12-16 17:00:00+00:00,607.255,607.33,606.66,933,606.93,64408,607.061484
2024-12-16 18:00:00+00:00,607.62,607.755,607.19,1278,607.22,133992,607.490823
2024-12-16 19:00:00+00:00,607.53,607.655,607.31,1380,607.605,107293,607.466071
2024-12-16 20:00:00+00:00,606.84,607.775,606.08,3090,607.465,338052,606.846215
2024-12-16 21:00:00+00:00,606.33,606.84,606.33,25,606.83,19082,606.611689
2024-12-17 14:00:00+00:00,604.38,604.86,603.66,1133,604.18,89825,604.350517
2024-12-17 15:00:00+00:00,603.94,604.29,603.165,2247,604.29,179365,603.593311
2024-12-17 16:00:00+00:00,604.915,605.16,603.91,1453,603.935,86904,604.635289
2024-12-17 17:00:00+00:00,604.8,604.97,604.27,1539,604.94,89741,604.640984
2024-12-17 18:00:00+00:00,604.245,604.735,604.02,1298,604.675,90032,604.322381
2024-12-17 19:00:00+00:00,603.41,604.27,603.255,1657,604.24,161518,603.595457
2024-12-17 20:00:00+00:00,604.24,604.735,602.89,3394,603.39,416871,603.9342
2024-12-17 21:00:00+00:00,603.86,603.94,603.71,31,603.8,19775,603.830529
2024-12-18 14:00:00+00:00,604.6,604.625,603.51,824,603.975,57693,603.952565
2024-12-18 15:00:00+00:00,605.96,606.39,604.58,1448,604.6,98998,605.542212
2024-12-18 16:00:00+00:00,605.79,606.24,604.68,1192,606.02,90836,605.59105
2024-12-18 17:00:00+00:00,605.56,606.29,605.29,1200,605.77,100565,605.772106
2024-12-18 18:00:00+00:00,605.53,605.67,605.18,764,605.52,54799,605.438178
2024-12-18 19:00:00+00:00,596.36,605.12,596.13,2572,604.48,272751,600.428695
2024-12-18 20:00:00+00:00,586.395,596.875,585.9,7087,596.44,836612,590.538007
2024-12-18 21:00:00+00:00,585.93,586.52,585.19,85,586.5,47319,586.213142
2024-12-19 14:00:00+00:00,590.525,593.0,589.845,1907,591.355,164965,591.512064
2024-12-19 15:00:00+00:00,589.76,590.89,587.83,2728,590.635,198091,589.366638
2024-12-19 16:00:00+00:00,589.8,591.38,587.85,2779,589.67,194800,589.49914
2024-12-19 17:00:00+00:00,589.085,590.08,587.49,1910,589.82,118075,588.481071
2024-12-19 18:00:00+00:00,591.23,591.23,587.3,1789,588.865,103190,589.333687
2024-12-19 19:00:00+00:00,588.12,591.26,588.11,2012,591.16,160868,589.461781
2024-12-19 20:00:00+00:00,586.12,589.41,585.965,3905,588.17,369899,587.316599
2024-12-19 21:00:00+00:00,586.4,586.4,586.4,1,586.4,200,586.4
2024-12-20 14:00:00+00:00,582.065,584.14,580.94,1670,581.77,137519,582.540784
2024-12-20 15:00:00+00:00,588.26,589.22,582.26,3464,582.58,331379,586.119656
2024-12-20 16:00:00+00:00,594.485,594.865,588.11,2888,588.22,260685,592.64564
2024-12-20 17:00:00+00:00,594.51,595.72,593.88,1699,594.335,123080,594.75713
2024-12-20 18:00:00+00:00,592.11,594.53,591.87,1612,594.53,112768,592.947064
2024-12-20 19:00:00+00:00,592.515,593.93,591.63,1347,592.06,109295,592.648477
2024-12-20 20:00:00+00:00,590.93,592.88,589.47,4744,592.67,665944,591.075122
2024-12-23 14:00:00+00:00,590.54,591.77,589.18,893,590.935,68366,591.013579
2024-12-23 15:00:00+00:00,589.06,590.03,587.76,187,590.02,25003,589.137152
2024-12-24 14:00:00+00:00,597.2,597.28,595.51,549,596.11,40982,596.574279
2024-12-24 15:00:00+00:00,599.17,599.35,597.2,1789,597.2,96097,598.299857
2024-12-24 16:00:00+00:00,598.99,599.81,598.8,996,599.14,64382,599.310229
2024-12-24 17:00:00+00:00,601.14,601.32,599.01,1457,599.01,144099,600.290532
2024-12-24 18:00:00+00:00,601.26,601.3,601.1,23,601.1,2127,601.276918
2024-12-26 14:00:00+00:00,599.92,600.24,598.13,726,599.465,53949,599.662386
2024-12-26 15:00:00+00:00,600.88,600.88,599.42,1320,599.88,127563,600.132159
2024-12-26 16:00:00+00:00,601.81,601.88,600.59,541,600.915,36424,601.331375
2024-12-26 17:00:00+00:00,600.98,602.46,600.5,522,601.775,70894,601.223387
2024-12-26 18:00:00+00:00,601.195,601.8,600.78,515,600.99,44532,601.335046
2024-12-26 19:00:00+00:00,601.73,601.76,600.675,689,601.265,46808,601.028117
2024-12-26 20:00:00+00:00,601.165,602.07,601.165,1270,601.735,82857,601.67261
2024-12-26 21:00:00+00:00,601.11,601.34,601.11,36,601.34,13268,601.337387
2024-12-27 14:00:00+00:00,596.82,597.705,596.45,1110,597.47,72859,597.122558
2024-12-27 15:00:00+00:00,593.93,596.98,592.53,3246,596.91,292722,594.23737
2024-12-27 16:00:00+00:00,592.08,594.65,591.6,1820,593.9,139277,593.199281
2024-12-27 17:00:00+00:00,592.115,592.4,590.83,1445,592.14,110312,591.554541
2024-12-27 18:00:00+00:00,593.94,594.1,591.98,1137,592.06,86967,592.989165
2024-12-27 19:00:00+00:00,595.19,595.49,593.64,1140,593.9,89611,594.308451
2024-12-27 20:00:00+00:00,594.99,595.37,592.54,2651,595.25,355879,594.321685
2024-12-27 21:00:00+00:00,595.2,595.2,595.2,1,595.2,164,595.2
2024-12-30 13:00:00+00:00,587.21,587.21,587.21,1,587.21,100,587.21
2024-12-30 14:00:00+00:00,585.22,587.97,585.22,1506,587.97,95839,586.481241
2024-12-30 15:00:00+00:00,587.01,587.36,584.45,1592,585.07,161916,585.518425
2024-12-30 16:00:00+00:00,589.245,589.63,586.41,1316,586.945,86178,588.320668
2024-12-30 17:00:00+00:00,591.08,591.47,589.17,1277,589.3,69102,590.218678
2024-12-30 18:00:00+00:00,591.165,591.71,590.01,950,590.38,62869,590.928952
2024-12-30 19:00:00+00:00,590.94,591.26,589.46,839,591.12,49436,590.503319
2024-12-30 20:00:00+00:00,588.25,591.155,588.2,1785,590.9,143134,589.684549
2024-12-30 21:00:00+00:00,587.93,588.22,587.91,33,588.13,10400,587.984901
2024-12-31 14:00:00+00:00,590.0,590.575,588.58,801,589.99,87813,589.739123
2024-12-31 15:00:00+00:00,588.72,590.62,588.21,1101,590.04,109426,589.613028
2024-12-31 16:00:00+00:00,587.04,588.59,586.57,1080,588.57,74387,587.306129
2024-12-31 17:00:00+00:00,587.29,587.37,584.955,1397,587.06,107896,586.041815
2024-12-31 18:00:00+00:00,585.435,587.65,584.85,1203,587.23,94372,586.002253
2024-12-31 19:00:00+00:00,586.33,586.545,584.45,1705,585.355,181504,585.576844
2024-12-31 20:00:00+00:00,586.07,587.43,584.97,3709,586.14,560333,586.211845
2025-01-02 14:00:00+00:00,590.13,590.44,586.25,1250,589.39,129843,588.606498
2025-01-02 15:00:00+00:00,587.58,591.09,586.35,1635,590.5,102045,588.664162
2025-01-02 16:00:00+00:00,587.9,588.63,585.28,1014,587.74,65831,587.089275
2025-01-02 17:00:00+00:00,582.895,588.35,580.96,1571,587.84,94953,583.605979
2025-01-02 18:00:00+00:00,581.89,583.07,580.51,1246,582.73,98218,581.666591
2025-01-02 19:00:00+00:00,582.14,583.97,581.41,902,581.87,60646,582.592059
2025-01-02 20:00:00+00:00,584.62,585.27,582.16,2727,582.16,188136,584.33949
2025-01-02 21:00:00+00:00,585.2,585.2,585.18,5,585.18,2630,585.183802
2025-01-03 14:00:00+00:00,588.0,589.54,586.81,1124,587.54,94548,587.959153
2025-01-03 15:00:00+00:00,589.16,589.43,586.54,1479,588.16,104874,588.300087
2025-01-03 16:00:00+00:00,590.625,590.98,588.15,1140,589.18,43876,589.618453
2025-01-03 17:00:00+00:00,590.73,591.005,590.005,1230,590.57,58658,590.483796
2025-01-03 18:00:00+00:00,591.3,591.835,590.23,1041,590.56,54516,591.203622
2025-01-03 19:00:00+00:00,592.09,592.58,591.115,999,591.26,49896,592.06924
2025-01-03 20:00:00+00:00,591.94,592.2,591.06,2087,591.905,187713,591.668696
2025-01-06 14:00:00+00:00,597.85,598.245,595.915,1056,595.955,107411,597.108331
2025-01-06 15:00:00+00:00,598.93,599.18,597.69,1358,597.89,99473,598.474541
2025-01-06 16:00:00+00:00,599.52,599.69,598.52,1295,598.88,104066,599.281746
2025-01-06 17:00:00+00:00,597.74,599.465,597.445,1161,599.465,90644,598.26901
2025-01-06 18:00:00+00:00,595.725,597.75,595.66,1215,597.75,87447,596.850397
2025-01-06 19:00:00+00:00,594.39,595.83,594.39,1194,595.78,94228,595.293833
2025-01-06 20:00:00+00:00,595.42,595.5,593.72,2332,594.21,202331,594.782388
2025-01-07 14:00:00+00:00,596.35,597.72,596.11,843,597.435,62157,596.933262
2025-01-07 15:00:00+00:00,593.45,595.895,590.32,2278,595.59,194754,592.787889
2025-01-07 16:00:00+00:00,590.71,593.7,590.6,1493,593.46,96808,592.398428
2025-01-07 17:00:00+00:00,590.91,591.69,589.66,1192,590.73,92418,590.664393
2025-01-07 18:00:00+00:00,591.01,592.39,590.75,1051,590.91,66061,591.626994
2025-01-07 19:00:00+00:00,590.0,591.54,589.86,905,590.97,70615,590.654847
2025-01-07 20:00:00+00:00,588.73,590.06,586.79,2803,590.045,327905,588.263178
2025-01-07 21:00:00+00:00,588.63,588.88,588.63,29,588.75,13141,588.632837
2025-01-08 14:00:00+00:00,587.39,588.69,586.62,929,588.68,87439,587.697809
2025-01-08 15:00:00+00:00,588.32,588.64,586.06,1446,587.18,141298,587.451902
2025-01-08 16:00:00+00:00,589.385,589.89,587.24,1365,588.38,97974,588.915493
2025-01-08 17:00:00+00:00,586.96,589.4,585.195,1198,589.4,66788,586.517379
2025-01-08 18:00:00+00:00,587.78,589.51,587.01,998,587.19,62326,588.453176
2025-01-08 19:00:00+00:00,588.55,590.54,587.12,1188,587.45,105629,588.892662
2025-01-08 20:00:00+00:00,589.34,589.76,587.97,1585,588.56,172745,589.089487
2025-01-10 13:00:00+00:00,584.7,585.01,584.0,9,584.15,1320,584.606667
2025-01-10 14:00:00+00:00,582.85,585.87,582.34,1269,585.87,98114,583.589544
2025-01-10 15:00:00+00:00,581.09,583.2,579.22,2369,582.68,181000,581.112151
2025-01-10 16:00:00+00:00,579.035,581.295,578.88,1521,581.295,112920,580.055869
2025-01-10 17:00:00+00:00,581.615,581.68,578.57,1879,579.02,116233,579.932536
2025-01-10 18:00:00+00:00,584.48,584.5,581.04,1370,581.49,110168,582.946624
2025-01-10 19:00:00+00:00,582.11,584.17,581.31,1172,584.15,83268,582.30983
2025-01-10 20:00:00+00:00,580.49,582.33,579.71,3294,582.08,311555,580.685085
2025-01-10 21:00:00+00:00,580.39,580.39,580.39,1,580.39,200,580.39
2025-01-13 14:00:00+00:00,577.76,578.32,575.48,998,576.26,84906,576.381098
2025-01-13 15:00:00+00:00,577.915,579.115,575.94,1505,577.84,123769,577.561956
2025-01-13 16:00:00+00:00,576.025,578.165,575.95,1053,578.055,71605,577.211333
2025-01-13 17:00:00+00:00,579.485,579.495,575.715,1144,576.02,67206,577.586091
2025-01-13 18:00:00+00:00,580.03,580.21,578.91,1205,579.42,87938,579.614367
2025-01-13 19:00:00+00:00,580.47,580.97,579.005,1317,580.09,87563,580.131589
2025-01-13 20:00:00+00:00,581.41,581.72,579.89,2295,580.455,192209,580.739645
2025-01-14 14:00:00+00:00,582.33,584.99,581.98,1670,584.34,128866,583.994836
2025-01-14 15:00:00+00:00,581.935,584.61,581.85,1475,582.36,123691,583.203587
2025-01-14 16:00:00+00:00,578.87,581.935,578.87,1569,581.69,137794,580.533664
2025-01-14 17:00:00+00:00,580.22,580.535,578.4,1144,578.71,98444,579.534713
2025-01-14 18:00:00+00:00,583.535,583.68,580.11,1093,580.175,90727,582.014185
2025-01-14 19:00:00+00:00,580.61,583.78,580.39,1279,583.445,95924,582.80159
2025-01-14 20:00:00+00:00,582.2,582.28,578.95,2362,580.68,235027,581.054757
2025-01-15 13:00:00+00:00,591.31,591.31,591.31,1,591.31,100,591.31
2025-01-15 14:00:00+00:00,591.87,592.14,589.25,2078,590.52,142328,590.75561
2025-01-15 15:00:00+00:00,591.26,592.93,591.1,2442,591.91,193581,592.049351
2025-01-15 16:00:00+00:00,589.99,591.96,589.5,1764,591.54,139322,590.761504
2025-01-15 17:00:00+00:00,590.91,591.895,589.945,1385,590.06,68818,591.078397
2025-01-15 18:00:00+00:00,592.485,592.62,591.09,1300,591.115,56182,592.092363
2025-01-15 19:00:00+00:00,593.39,593.72,592.44,1713,592.575,114939,593.029387
2025-01-15 20:00:00+00:00,592.75,593.94,592.68,4185,593.4,342392,593.278728
2025-01-15 21:00:00+00:00,592.77,592.77,592.77,3,592.77,200,592.77
2025-01-16 14:00:00+00:00,592.15,594.235,592.065,987,594.06,91351,593.171694
2025-01-16 15:00:00+00:00,593.41,593.45,591.335,1293,591.8,93012,592.491614
2025-01-16 16:00:00+00:00,593.52,594.34,591.845,1583,593.405,138173,593.352962
2025-01-16 17:00:00+00:00,592.98,593.805,592.79,1012,593.425,63307,593.24874
2025-01-16 18:00:00+00:00,591.465,593.525,590.93,1319,592.92,82313,592.156879
2025-01-16 19:00:00+00:00,593.0,593.07,591.075,1545,591.41,76410,592.403095
2025-01-16 20:00:00+00:00,591.7,593.3,591.5,2581,592.88,178871,592.392666
2025-01-16 21:00:00+00:00,590.96,591.35,590.96,2,591.35,200,591.155
2025-01-17 14:00:00+00:00,596.28,597.2,595.725,1288,596.95,105218,596.598785
2025-01-17 15:00:00+00:00,598.05,598.11,596.09,1748,596.32,140552,597.12066
2025-01-17 16:00:00+00:00,598.27,599.045,597.72,1127,598.035,77206,598.477418
2025-01-17 17:00:00+00:00,598.92,599.08,597.835,1034,598.02,74257,598.647373
2025-01-17 18:00:00+00:00,598.58,599.345,598.24,1035,598.89,64059,598.909561
2025-01-17 19:00:00+00:00,598.27,598.715,598.03,1208,598.69,72203,598.458175
2025-01-17 20:00:00+00:00,597.64,598.575,597.36,2601,598.22,287589,597.984234
2025-01-17 21:00:00+00:00,597.33,597.42,597.33,2,597.42,400,597.3975
2025-01-21 14:00:00+00:00,600.3,601.45,599.27,1136,600.15,92931,600.240431
2025-01-21 15:00:00+00:00,600.395,600.57,598.72,1545,600.18,82061,599.975208
2025-01-21 16:00:00+00:00,601.34,601.41,599.87,1371,600.27,70383,600.726514
2025-01-21 17:00:00+00:00,602.445,602.49,600.935,1269,601.04,71561,601.68874
2025-01-21 18:00:00+00:00,602.615,602.87,602.105,1273,602.43,78003,602.498742
2025-01-21 19:00:00+00:00,602.145,602.8,601.685,1583,602.6,81089,602.183521
2025-01-21 20:00:00+00:00,602.92,602.97,602.01,2784,602.18,181672,602.546274
2025-01-21 21:00:00+00:00,603.05,603.05,603.04,22,603.05,10414,603.048857
2025-01-22 14:00:00+00:00,606.48,606.545,605.37,903,605.93,89096,605.792483
2025-01-22 15:00:00+00:00,606.54,607.06,606.02,1292,606.53,100932,606.7163
2025-01-22 16:00:00+00:00,607.63,607.77,606.28,1180,606.545,70147,607.065558
2025-01-22 17:00:00+00:00,607.33,607.82,607.31,1012,607.7,60941,607.544848
2025-01-22 18:00:00+00:00,607.05,607.61,606.95,1111,607.28,60668,607.265696
2025-01-22 19:00:00+00:00,607.59,607.61,606.8,1257,607.03,79176,607.082659
2025-01-22 20:00:00+00:00,606.33,607.57,606.24,2670,607.52,335482,606.848152
2025-01-22 21:00:00+00:00,606.36,606.4,606.19,12,606.4,7720,606.323368
2025-01-23 14:00:00+00:00,606.18,606.285,605.555,706,605.79,51584,606.014377
2025-01-23 15:00:00+00:00,606.89,606.91,605.63,1204,606.21,81708,606.205693
2025-01-23 16:00:00+00:00,607.265,607.82,606.44,1732,606.91,162134,607.239095
2025-01-23 17:00:00+00:00,607.675,607.675,606.9,1125,607.22,53576,607.230712
2025-01-23 18:00:00+00:00,607.75,608.27,607.61,1278,607.71,62842,608.005533
2025-01-23 19:00:00+00:00,607.94,608.01,607.31,1218,607.68,56331,607.646979
2025-01-23 20:00:00+00:00,609.63,609.63,607.63,2477,607.71,180417,608.651122
2025-01-23 21:00:00+00:00,609.17,609.47,609.12,40,609.47,28413,609.331451
2025-01-24 14:00:00+00:00,610.32,610.77,609.72,1502,609.795,127736,610.227866
2025-01-24 15:00:00+00:00,609.21,610.52,609.13,1935,610.37,110195,609.634327
2025-01-24 16:00:00+00:00,609.51,610.32,609.13,1531,609.16,60700,609.760468
2025-01-24 17:00:00+00:00,608.61,610.045,608.52,1470,609.49,59441,609.385447
2025-01-24 18:00:00+00:00,607.55,608.89,607.35,1637,608.58,90679,608.273126
2025-01-24 19:00:00+00:00,607.38,607.9,606.96,2029,607.52,91114,607.403019
2025-01-24 20:00:00+00:00,607.92,608.15,606.82,3094,607.36,188221,607.513647
2025-01-24 21:00:00+00:00,607.8,607.91,607.79,12,607.82,6740,607.825522
2025-01-27 13:00:00+00:00,595.72,596.38,594.7,11,594.7,880,595.72
2025-01-27 14:00:00+00:00,598.61,598.66,594.68,2113,594.82,201062,597.354869
2025-01-27 15:00:00+00:00,598.085,599.64,596.705,2973,598.6,232816,598.383069
2025-01-27 16:00:00+00:00,596.83,598.205,596.28,1692,598.01,95348,597.009145
2025-01-27 17:00:00+00:00,596.22,598.2,596.16,1380,596.82,102934,596.968994
2025-01-27 18:00:00+00:00,596.615,597.385,596.05,978,596.23,65129,596.665004
2025-01-27 19:00:00+00:00,596.915,599.115,596.33,1448,596.625,112634,597.822267
2025-01-27 20:00:00+00:00,599.49,599.56,596.38,3164,597.0,390830,598.467719
2025-01-27 21:00:00+00:00,599.66,600.01,599.62,6,599.62,800,599.7425
2025-01-28 14:00:00+00:00,598.89,600.72,597.36,1519,600.71,125514,599.177117
2025-01-28 15:00:00+00:00,603.03,603.045,598.97,1788,599.03,137241,601.571335
2025-01-28 16:00:00+00:00,602.49,603.56,601.0,1536,603.21,96404,602.166849
2025-01-28 17:00:00+00:00,603.8,604.03,602.45,1119,602.565,61910,603.312334
2025-01-28 18:00:00+00:00,603.795,604.78,603.63,1071,603.95,82099,604.269559
2025-01-28 19:00:00+00:00,605.155,605.245,603.24,1540,603.81,88744,604.441028
2025-01-28 20:00:00+00:00,604.5,605.37,604.38,2844,605.105,242650,604.849794
2025-01-29 14:00:00+00:00,603.26,603.98,602.49,871,603.715,58496,603.165854
2025-01-29 15:00:00+00:00,602.85,604.1,602.51,1433,603.32,98898,603.285511
2025-01-29 16:00:00+00:00,602.29,603.115,602.01,1243,602.81,60967,602.56866
2025-01-29 17:00:00+00:00,602.07,603.45,602.025,853,602.26,45046,602.896138
2025-01-29 18:00:00+00:00,601.495,602.57,599.7,1222,602.11,77510,601.428447
2025-01-29 19:00:00+00:00,602.19,603.15,599.27,1573,601.42,144798,601.218889
2025-01-29 20:00:00+00:00,601.82,603.61,600.8,2021,602.3,157758,602.077176
2025-01-29 21:00:00+00:00,601.81,601.91,601.81,98,601.81,46976,601.811611
2025-01-30 14:00:00+00:00,604.98,605.97,603.41,1084,603.71,99286,604.473038
2025-01-30 15:00:00+00:00,601.555,604.91,601.455,1664,604.85,137024,603.283223
2025-01-30 16:00:00+00:00,603.97,604.34,600.81,1379,601.42,110557,602.479829
2025-01-30 17:00:00+00:00,603.3,604.02,602.105,881,603.87,76201,603.084008
2025-01-30 18:00:00+00:00,604.95,605.05,603.24,1013,603.33,77623,604.317646
2025-01-30 19:00:00+00:00,605.63,605.675,604.58,829,604.94,57775,604.97502
2025-01-30 20:00:00+00:00,604.78,606.59,601.845,3356,605.68,312592,604.55681
2025-01-30 21:00:00+00:00,604.78,605.19,604.78,20,605.19,12800,605.035797
2025-01-31 14:00:00+00:00,608.13,608.13,607.075,1010,607.5,88439,607.670721
2025-01-31 15:00:00+00:00,609.45,609.61,608.09,1446,608.14,103852,609.030835
2025-01-31 16:00:00+00:00,608.865,609.945,608.56,1413,609.47,72610,609.390846
2025-01-31 17:00:00+00:00,609.1,609.68,608.05,1364,608.9,108401,609.100791
2025-01-31 18:00:00+00:00,605.415,609.33,604.86,2563,609.04,205086,606.762823
2025-01-31 19:00:00+00:00,603.6,605.865,601.98,2465,605.1,155870,604.043838
2025-01-31 20:00:00+00:00,601.785,603.5,601.075,3817,603.5,351491,601.945003
2025-01-31 21:00:00+00:00,601.86,601.86,601.86,1,601.86,117,601.86
2025-02-03 13:00:00+00:00,593.23,593.23,591.91,2,591.91,200,592.57
2025-02-03 14:00:00+00:00,592.02,594.33,591.65,2003,592.26,187937,592.904506
2025-02-03 15:00:00+00:00,598.01,598.56,590.49,4698,591.75,433059,594.011338
2025-02-03 16:00:00+00:00,597.35,599.23,595.82,2274,597.75,161090,598.218935
2025-02-03 17:00:00+00:00,597.59,598.7,596.02,2076,597.38,121392,597.106655
2025-02-03 18:00:00+00:00,598.84,599.0,596.11,2134,597.22,118710,597.787381
2025-02-03 19:00:00+00:00,599.66,600.28,598.545,2267,598.82,147133,599.435264
2025-02-03 20:00:00+00:00,597.7,600.02,597.4,3844,599.74,283202,598.394992
2025-02-03 21:00:00+00:00,601.0,601.0,597.77,63,597.77,19534,599.206854
2025-02-04 14:00:00+00:00,599.015,599.17,597.31,1202,597.635,120922,598.316238
2025-02-04 15:00:00+00:00,600.31,601.26,599.11,1491,599.11,131792,600.66431
2025-02-04 16:00:00+00:00,601.34,602.065,600.54,1233,600.6,109443,601.44909
2025-02-04 17:00:00+00:00,601.02,601.605,599.42,1057,601.36,67475,600.479183
2025-02-04 18:00:00+00:00,600.71,601.24,600.13,892,600.98,43501,600.900148
2025-02-04 19:00:00+00:00,601.41,602.25,600.59,1075,600.68,73280,601.702213
2025-02-04 20:00:00+00:00,601.74,602.26,600.97,2312,601.52,211797,601.726191
2025-02-04 21:00:00+00:00,601.92,601.94,601.89,3,601.89,400,601.9175
2025-02-05 14:00:00+00:00,600.08,601.08,599.5,784,600.625,56122,600.506141
2025-02-05 15:00:00+00:00,600.605,601.05,598.635,1624,600.1,142112,599.971218
2025-02-05 16:00:00+00:00,602.65,602.865,600.17,1675,600.625,167725,601.444694
2025-02-05 17:00:00+00:00,602.64,603.12,602.36,909,602.63,60957,602.735938
2025-02-05 18:00:00+00:00,602.905,603.38,602.275,836,602.675,50183,602.830147
2025-02-05 19:00:00+00:00,603.065,603.6,602.88,1016,602.925,62637,603.248837
2025-02-05 20:00:00+00:00,604.14,604.36,602.97,2315,603.065,193065,603.659047
2025-02-06 14:00:00+00:00,605.23,606.095,605.06,996,605.99,85527,605.543668
2025-02-06 15:00:00+00:00,604.635,605.93,604.17,1260,605.23,79725,604.996339
2025-02-06 16:00:00+00:00,605.125,605.66,604.6,782,604.63,62181,605.227156
2025-02-06 17:00:00+00:00,605.61,605.76,604.755,738,605.145,51385,605.327677
2025-02-06 18:00:00+00:00,605.175,605.99,605.07,815,605.68,57134,605.458672
2025-02-06 19:00:00+00:00,603.63,605.475,602.63,1225,605.08,99249,604.283734
2025-02-06 20:00:00+00:00,606.24,606.42,603.54,2384,603.72,242727,605.373154
2025-02-06 21:00:00+00:00,605.04,605.99,605.0,29,605.99,2616,605.127459
2025-02-07 14:00:00+00:00,607.725,608.095,606.63,1176,606.84,119701,607.350137
2025-02-07 15:00:00+00:00,603.3,607.09,601.32,1849,607.09,136829,604.463505
2025-02-07 16:00:00+00:00,601.65,604.42,601.3,1754,603.53,94952,602.503303
2025-02-07 17:00:00+00:00,602.105,602.69,600.64,1038,601.28,56638,601.986328
2025-02-07 18:00:00+00:00,601.13,603.695,601.13,925,602.12,39226,602.811758
2025-02-07 19:00:00+00:00,601.12,601.595,600.42,1329,601.135,70028,601.140455
2025-02-07 20:00:00+00:00,600.825,601.26,600.095,2868,601.1,164066,600.762243
2025-02-07 21:00:00+00:00,600.97,600.99,600.97,5,600.99,343,600.98
2025-02-10 13:00:00+00:00,604.35,604.35,603.73,2,603.73,420,604.04
2025-02-10 14:00:00+00:00,603.495,604.11,602.74,990,604.11,92458,603.394766
2025-02-10 15:00:00+00:00,604.84,605.305,603.355,1431,603.375,93917,604.652325
2025-02-10 16:00:00+00:00,604.435,605.08,603.86,1086,605.08,72276,604.345681
2025-02-10 17:00:00+00:00,604.61,604.61,603.24,820,604.3,31544,603.975145
2025-02-10 18:00:00+00:00,605.09,605.24,604.58,907,604.58,43002,604.843026
2025-02-10 19:00:00+00:00,604.93,605.49,604.7,767,604.7,54713,605.130207
2025-02-10 20:00:00+00:00,604.84,605.175,604.29,1983,604.925,149577,604.736716
2025-02-11 13:00:00+00:00,602.71,602.71,602.71,1,602.71,250,602.71
2025-02-11 14:00:00+00:00,603.28,603.57,602.47,815,602.56,61259,603.249134
2025-02-11 15:00:00+00:00,604.69,605.22,602.71,1550,603.3,70506,603.856553
2025-02-11 16:00:00+00:00,604.22,605.05,604.03,1452,604.74,72911,604.630863
2025-02-11 17:00:00+00:00,603.78,604.42,603.11,1443,604.18,89133,603.878174
2025-02-11 18:00:00+00:00,604.61,605.29,603.54,1281,603.69,67498,604.210086
2025-02-11 19:00:00+00:00,605.385,605.85,604.43,1136,604.69,58143,605.057219
2025-02-11 20:00:00+00:00,605.23,605.64,604.66,2286,605.485,211521,605.061469
2025-02-12 13:00:00+00:00,599.17,605.43,598.83,15,605.43,1811,600.664648
2025-02-12 14:00:00+00:00,601.295,601.63,598.41,1258,598.41,105984,600.321099
2025-02-12 15:00:00+00:00,602.44,603.29,599.6,2270,601.11,179671,601.658394
2025-02-12 16:00:00+00:00,603.38,603.54,600.25,1791,602.44,132255,601.515791
2025-02-12 17:00:00+00:00,604.4,604.47,603.02,1343,603.38,96046,603.563934
2025-02-12 18:00:00+00:00,603.23,604.53,602.96,984,604.45,60792,603.574998
2025-02-12 19:00:00+00:00,603.89,604.2,602.57,1422,603.17,88785,603.322509
2025-02-12 20:00:00+00:00,603.28,604.01,602.595,2521,603.97,171139,603.292502
2025-02-12 21:00:00+00:00,603.48,603.63,603.43,85,603.43,38883,603.565587
2025-02-13 14:00:00+00:00,604.81,605.06,603.24,1244,604.49,108368,604.24222
2025-02-13 15:00:00+00:00,606.94,607.48,604.23,1427,604.92,106127,606.099326
2025-02-13 16:00:00+00:00,606.12,607.465,605.8,940,607.16,69721,606.769787
2025-02-13 17:00:00+00:00,606.12,606.97,605.795,821,606.07,46113,606.414022
2025-02-13 18:00:00+00:00,607.2,607.22,605.015,976,606.17,65535,606.246786
2025-02-13 19:00:00+00:00,608.92,609.27,607.07,1665,607.115,126856,608.344637
2025-02-13 20:00:00+00:00,609.69,609.93,608.86,3131,608.91,260541,609.47
2025-02-13 21:00:00+00:00,609.4,609.61,609.4,15,609.61,13169,609.452331
2025-02-14 14:00:00+00:00,610.495,610.64,609.78,1251,609.94,135145,610.346585
2025-02-14 15:00:00+00:00,610.505,610.98,609.76,1287,610.49,94526,610.42437
2025-02-14 16:00:00+00:00,610.225,610.84,609.41,1135,610.54,82161,610.111422
2025-02-14 17:00:00+00:00,609.915,610.235,609.08,763,610.195,46375,609.635043
2025-02-14 18:00:00+00:00,610.49,610.745,609.7,1015,609.935,46844,610.273141
2025-02-14 19:00:00+00:00,610.23,610.71,609.85,1258,610.485,79468,610.303273
2025-02-14 20:00:00+00:00,609.57,610.25,609.55,2243,610.13,182290,609.913046
2025-02-14 21:00:00+00:00,609.82,609.82,609.73,2,609.73,300,609.76
2025-02-18 14:00:00+00:00,610.27,610.99,609.96,957,610.885,81126,610.498738
2025-02-18 15:00:00+00:00,610.61,610.61,609.345,1467,610.0,86602,609.878668
2025-02-18 16:00:00+00:00,610.24,610.855,609.835,1184,610.525,59039,610.402261
2025-02-18 17:00:00+00:00,610.345,610.54,609.79,1240,610.12,47885,610.177833
2025-02-18 18:00:00+00:00,609.64,610.64,609.465,1298,610.35,60703,609.780742
2025-02-18 19:00:00+00:00,609.835,610.03,608.415,1407,609.655,82140,609.367286
2025-02-18 20:00:00+00:00,611.36,611.36,609.64,1866,609.77,135622,610.150822
2025-02-18 21:00:00+00:00,611.0,611.22,611.0,3,611.22,400,611.0575
2025-02-19 14:00:00+00:00,609.88,610.26,609.7,1079,610.055,74722,610.041283
2025-02-19 15:00:00+00:00,610.14,610.83,609.59,1149,609.91,76225,610.16601
2025-02-19 16:00:00+00:00,611.7,611.76,610.14,877,610.15,57134,611.142708
2025-02-19 17:00:00+00:00,611.675,611.89,610.905,809,611.7,76456,611.494593
2025-02-19 18:00:00+00:00,611.505,612.04,610.685,1050,611.54,96024,611.565189
2025-02-19 19:00:00+00:00,613.12,613.22,611.4,1169,611.48,80941,612.557361
2025-02-19 20:00:00+00:00,612.94,613.05,611.82,2409,612.97,208402,612.587676
2025-02-20 14:00:00+00:00,608.41,611.64,608.34,1343,611.54,88999,610.283946
2025-02-20 15:00:00+00:00,607.31,609.515,607.07,1986,608.38,166093,608.191732
2025-02-20 16:00:00+00:00,607.47,608.405,607.14,1143,607.33,82976,607.763207
2025-02-20 17:00:00+00:00,608.04,609.06,607.3,1037,607.445,76986,608.659777
2025-02-20 18:00:00+00:00,608.65,608.73,607.715,873,608.0,51286,608.20741
2025-02-20 19:00:00+00:00,609.865,610.095,608.56,842,608.57,67461,609.32278
2025-02-20 20:00:00+00:00,610.41,610.62,609.27,1925,609.88,193292,610.181005
2025-02-20 21:00:00+00:00,610.22,610.25,610.18,4,610.18,5000,610.212
2025-02-21 14:00:00+00:00,608.44,610.21,608.29,931,610.21,68892,609.109508
2025-02-21 15:00:00+00:00,606.81,608.64,605.78,2680,607.935,180269,607.032257
2025-02-21 16:00:00+00:00,606.825,607.5,606.23,1397,606.92,84267,606.924221
2025-02-21 17:00:00+00:00,603.82,607.08,603.64,1632,606.85,108100,605.178361
2025-02-21 18:00:00+00:00,601.73,603.79,601.6,2395,603.73,226486,602.52926
2025-02-21 19:00:00+00:00,600.035,602.28,599.49,2846,601.81,224206,600.570222
2025-02-21 20:00:00+00:00,600.02,600.86,599.54,4030,599.98,330934,600.165091
2025-02-24 14:00:00+00:00,598.76,603.0,598.7,1674,602.015,152688,600.809679
2025-02-24 15:00:00+00:00,597.735,599.42,596.5,2229,598.715,219523,598.005005
2025-02-24 16:00:00+00:00,599.97,600.76,597.6,1854,597.68,142459,599.566533
2025-02-24 17:00:00+00:00,600.63,601.785,599.895,1058,599.895,80566,601.017244
2025-02-24 18:00:00+00:00,600.68,601.7,600.37,850,600.65,55193,601.165415
2025-02-24 19:00:00+00:00,599.77,601.4,599.39,1260,600.585,83824,600.421059
2025-02-24 20:00:00+00:00,597.22,600.03,596.64,3537,599.82,443852,598.204414
2025-02-24 21:00:00+00:00,597.04,597.06,597.04,3,597.04,400,597.05
2025-02-25 14:00:00+00:00,595.21,597.86,594.28,1620,597.13,128151,596.202012
2025-02-25 15:00:00+00:00,592.285,595.25,590.535,4183,595.25,442475,592.471665
2025-02-25 16:00:00+00:00,593.27,593.75,589.6,3550,592.37,196192,591.515498
2025-02-25 17:00:00+00:00,594.79,594.79,592.13,1598,593.1,141058,593.46897
2025-02-25 18:00:00+00:00,594.71,596.18,593.61,1662,594.84,126250,595.110152
2025-02-25 19:00:00+00:00,595.19,595.56,593.035,1377,594.65,105898,594.595989
2025-02-25 20:00:00+00:00,594.31,596.6,593.585,2557,595.28,213335,594.769712
2025-02-25 21:00:00+00:00,594.41,594.53,594.24,48,594.43,14200,594.370704
2025-02-26 14:00:00+00:00,597.72,597.76,595.1,1095,596.02,109379,596.084673
2025-02-26 15:00:00+00:00,598.86,599.24,597.26,2038,597.82,140226,598.43779
2025-02-26 16:00:00+00:00,597.99,599.53,597.855,1350,598.995,116970,598.937588
2025-02-26 17:00:00+00:00,595.655,599.365,595.175,1477,597.945,104720,597.823838
2025-02-26 18:00:00+00:00,592.675,595.8,592.17,1625,595.55,181883,594.123161
2025-02-26 19:00:00+00:00,592.75,594.55,591.9,1469,592.485,134637,593.344337
2025-02-26 20:00:00+00:00,594.49,595.29,592.49,2868,592.81,257080,594.041476
2025-02-26 21:00:00+00:00,595.2,595.2,595.2,11,595.2,2585,595.2
2025-02-27 14:00:00+00:00,592.52,597.99,592.15,1760,596.88,165434,595.251806
2025-02-27 15:00:00+00:00,593.405,596.41,590.59,2474,592.38,221824,593.626778
2025-02-27 16:00:00+00:00,592.455,596.11,592.28,1347,593.35,68306,594.344435
2025-02-27 17:00:00+00:00,593.43,594.475,591.42,1187,592.385,107478,593.047066
2025-02-27 18:00:00+00:00,593.775,595.13,593.34,1073,593.715,77803,594.428819
2025-02-27 19:00:00+00:00,589.28,593.8,588.34,1863,593.8,173599,590.181245
2025-02-27 20:00:00+00:00,585.03,589.34,584.655,4350,589.225,510623,586.232543
2025-02-27 21:00:00+00:00,585.55,585.56,585.12,23,585.14,9141,585.501824
2025-02-28 13:00:00+00:00,586.0,586.0,586.0,3,586.0,200,586.0
2025-02-28 14:00:00+00:00,586.03,586.32,583.335,1300,585.36,124453,585.048739
2025-02-28 15:00:00+00:00,588.89,588.89,585.31,2063,585.91,174723,587.340405
2025-02-28 16:00:00+00:00,587.19,589.015,585.87,1703,589.01,124383,587.566752
2025-02-28 17:00:00+00:00,583.67,588.27,583.63,1936,587.345,144985,585.719845
2025-02-28 18:00:00+00:00,583.725,586.46,582.46,3061,583.5,222929,583.968624
2025-02-28 19:00:00+00:00,588.22,588.22,583.545,2370,583.545,176694,586.115024
2025-02-28 20:00:00+00:00,593.895,594.71,587.77,5072,588.01,521912,591.065797
2025-02-28 21:00:00+00:00,593.79,593.79,593.79,2,593.79,400,593.79
2025-03-03 14:00:00+00:00,592.78,597.325,592.55,2683,596.18,220119,594.600164
2025-03-03 15:00:00+00:00,592.34,595.05,590.755,2975,592.11,202138,593.070028
2025-03-03 16:00:00+00:00,593.005,594.53,591.19,2423,592.68,153696,592.785959
2025-03-03 17:00:00+00:00,592.02,594.17,591.45,2150,593.04,91374,593.375973
2025-03-03 18:00:00+00:00,589.21,592.12,587.5,4584,591.89,306773,588.945374
2025-03-03 19:00:00+00:00,586.07,590.63,586.0,3170,589.01,220313,588.549332
2025-03-03 20:00:00+00:00,583.94,586.02,579.92,8987,586.02,830193,582.540209
2025-03-03 21:00:00+00:00,585.3,585.3,584.35,14,584.35,8944,585.243501
2025-03-04 13:00:00+00:00,579.49,579.49,579.49,1,579.49,100,579.49
2025-03-04 14:00:00+00:00,575.71,580.99,575.59,3530,580.99,350169,578.660365
2025-03-04 15:00:00+00:00,574.195,576.18,572.25,5833,575.65,532759,574.487752
2025-03-04 16:00:00+00:00,575.965,576.49,572.32,2429,573.97,199505,574.108501
2025-03-04 17:00:00+00:00,576.45,578.54,575.38,2244,576.03,184497,577.01754
2025-03-04 18:00:00+00:00,580.28,580.77,576.05,2067,576.5,167494,578.630797
2025-03-04 19:00:00+00:00,582.915,583.1,580.2,2579,580.26,245713,581.881533
2025-03-04 20:00:00+00:00,576.88,585.36,574.74,5851,582.81,649844,579.412926
2025-03-04 21:00:00+00:00,580.19,580.3,578.4,66,578.4,40980,578.823619
2025-03-05 14:00:00+00:00,575.74,579.09,575.02,1728,576.65,113463,577.331283
2025-03-05 15:00:00+00:00,576.92,579.53,575.435,2175,576.79,181752,577.364603
2025-03-05 16:00:00+00:00,575.99,576.76,573.13,2185,576.6,148901,574.759433
2025-03-05 17:00:00+00:00,580.75,580.82,575.815,2529,575.815,145661,577.983136
2025-03-05 18:00:00+00:00,581.47,581.55,577.95,1902,580.725,130726,579.678538
2025-03-05 19:00:00+00:00,583.2,584.3,580.88,2378,581.39,189503,583.155093
2025-03-05 20:00:00+00:00,583.02,584.85,581.42,3718,582.99,300439,583.322066
2025-03-06 14:00:00+00:00,574.44,575.96,573.51,1794,575.485,104920,574.708857
2025-03-06 15:00:00+00:00,578.8,580.0,574.125,3134,574.21,205470,577.742191
2025-03-06 16:00:00+00:00,574.55,580.105,574.42,1847,578.84,158058,577.489532
2025-03-06 17:00:00+00:00,573.09,574.94,571.09,2802,574.295,256067,572.820368
2025-03-06 18:00:00+00:00,572.26,574.11,570.5,2107,573.07,179048,572.537868
2025-03-06 19:00:00+00:00,571.09,574.88,570.13,3012,572.15,232958,572.016451
2025-03-06 20:00:00+00:00,572.73,574.05,570.55,3843,570.55,339658,572.642157
2025-03-06 21:00:00+00:00,572.59,572.59,572.59,1,572.59,500,572.59
2025-03-07 14:00:00+00:00,574.14,576.05,570.905,1810,570.905,120352,573.838764
2025-03-07 15:00:00+00:00,570.89,574.91,568.45,1905,573.55,188660,571.191466
2025-03-07 16:00:00+00:00,567.19,571.18,565.665,1879,570.58,197242,567.804241
2025-03-07 17:00:00+00:00,570.22,573.03,565.81,2800,567.21,306606,569.268131
2025-03-07 18:00:00+00:00,575.27,575.27,570.135,1471,570.395,104004,573.447238
2025-03-07 19:00:00+00:00,575.07,577.285,574.155,1558,575.18,127104,575.930797
2025-03-07 20:00:00+00:00,575.76,577.36,572.83,3383,575.1,304667,575.515301
2025-03-07 21:00:00+00:00,575.88,575.88,575.6,5,575.62,500,575.706
2025-03-11 12:00:00+00:00,560.27,561.22,560.27,3,561.22,700,560.517143
2025-03-11 13:00:00+00:00,559.72,561.74,558.42,1467,560.07,134504,560.247549
2025-03-11 14:00:00+00:00,554.81,562.0,554.1,3052,559.69,296975,556.804114
2025-03-11 15:00:00+00:00,557.17,559.72,554.21,1399,554.33,115511,557.696624
2025-03-11 16:00:00+00:00,554.35,557.65,553.615,1446,557.14,118998,555.431451
2025-03-11 17:00:00+00:00,554.29,555.35,552.1,2174,554.355,171383,553.441677
2025-03-11 18:00:00+00:00,561.67,562.84,554.2,2921,554.26,282675,558.94341
2025-03-11 19:00:00+00:00,556.08,562.52,556.01,4651,561.225,466021,558.43724
2025-03-11 20:00:00+00:00,556.38,556.38,556.07,2,556.07,200,556.225
2025-03-12 13:00:00+00:00,559.43,563.065,558.42,1371,562.19,157902,561.063755
2025-03-12 14:00:00+00:00,555.615,560.315,555.57,1712,558.97,159211,558.310345
2025-03-12 15:00:00+00:00,559.2,559.2,553.74,2011,555.83,230983,556.033395
2025-03-12 16:00:00+00:00,559.05,561.245,558.37,1274,558.78,124984,559.980362
2025-03-12 17:00:00+00:00,557.985,561.72,557.985,887,558.91,95124,560.311293
2025-03-12 18:00:00+00:00,561.19,561.88,558.01,1204,558.01,96645,560.192187
2025-03-12 19:00:00+00:00,558.92,561.14,558.22,2293,561.03,264005,559.370524
2025-03-12 20:00:00+00:00,558.36,558.36,558.35,5,558.35,2217,558.359053
2025-03-13 13:00:00+00:00,555.07,558.695,554.47,1178,558.395,115802,556.50665
2025-03-13 14:00:00+00:00,555.9,559.025,554.5,1756,554.925,152863,556.641
2025-03-13 15:00:00+00:00,552.515,556.85,552.39,1673,556.67,113448,554.296875
2025-03-13 16:00:00+00:00,552.61,554.565,551.42,1477,552.35,111597,552.943138
2025-03-13 17:00:00+00:00,550.07,553.23,549.76,1905,552.68,138274,550.759827
2025-03-13 18:00:00+00:00,553.94,554.28,550.065,1677,550.065,119672,552.802013
2025-03-13 19:00:00+00:00,551.6,554.55,550.19,2838,553.715,266767,551.532728
2025-03-13 20:00:00+00:00,553.02,553.02,553.02,1,553.02,100,553.02
2025-03-14 13:00:00+00:00,558.315,559.67,555.82,1449,556.13,147625,557.853661
2025-03-14 14:00:00+00:00,560.17,560.17,555.62,2413,558.32,216951,557.592626
2025-03-14 15:00:00+00:00,562.14,562.42,560.01,1934,560.3,190137,561.134265
2025-03-14 16:00:00+00:00,562.105,562.41,560.07,1201,562.19,96609,561.101002
2025-03-14 17:00:00+00:00,560.56,562.76,560.55,1364,561.93,127798,561.560401
2025-03-14 18:00:00+00:00,561.73,562.44,560.28,1375,560.94,99173,561.315854
2025-03-14 19:00:00+00:00,562.78,563.815,561.5,3515,561.54,418304,562.71198
2025-03-14 20:00:00+00:00,561.6,561.6,561.6,1,561.6,100,561.6
2025-03-17 13:00:00+00:00,565.765,566.24,562.43,1496,562.815,138184,565.342373
2025-03-17 14:00:00+00:00,563.99,566.28,563.67,1407,565.68,119560,565.06319
2025-03-17 15:00:00+00:00,563.77,565.18,562.86,1239,563.98,112343,563.993334
2025-03-17 16:00:00+00:00,564.535,565.19,563.3,1000,563.85,96184,564.223798
2025-03-17 17:00:00+00:00,567.075,567.34,564.02,1606,564.595,134288,566.258065
2025-03-17 18:00:00+00:00,569.19,569.695,567.095,1914,567.095,229106,568.395164
2025-03-17 19:00:00+00:00,567.02,569.265,566.86,2963,569.1,307553,568.183089
2025-03-17 20:00:00+00:00,566.63,566.77,566.51,6,566.51,2540,566.678031
2025-03-18 13:00:00+00:00,560.98,564.79,560.67,1230,564.68,130030,562.58974
2025-03-18 14:00:00+00:00,560.895,562.01,560.19,1948,560.64,221610,561.101067
2025-03-18 15:00:00+00:00,559.62,560.86,559.1,1252,560.79,121536,559.91352
2025-03-18 16:00:00+00:00,560.9,561.79,559.36,1107,559.495,114138,560.531613
2025-03-18 17:00:00+00:00,560.78,561.53,559.26,891,560.86,79546,560.716823
2025-03-18 18:00:00+00:00,561.375,562.13,559.78,971,560.77,73971,560.808544
2025-03-18 19:00:00+00:00,560.92,561.71,559.86,2448,561.16,242072,560.878357
2025-03-18 20:00:00+00:00,560.85,561.54,560.85,4,561.54,400,561.0525
2025-03-19 13:00:00+00:00,564.005,564.43,561.64,1103,562.83,84601,562.885926
2025-03-19 14:00:00+00:00,563.4,565.35,563.39,1555,564.18,119207,564.523517
2025-03-19 15:00:00+00:00,565.77,566.24,563.35,1646,563.375,89756,564.782747
2025-03-19 16:00:00+00:00,564.955,566.2,564.73,1281,565.77,92589,565.281129
2025-03-19 17:00:00+00:00,563.185,565.16,562.78,1499,564.825,90809,563.802927
2025-03-19 18:00:00+00:00,568.285,568.48,562.36,2128,562.76,143884,565.847564
2025-03-19 19:00:00+00:00,567.0,570.88,566.62,4177,568.185,385668,568.154674
2025-03-20 13:00:00+00:00,566.74,566.74,562.69,840,563.135,74871,564.903359
2025-03-20 14:00:00+00:00,569.25,570.55,566.98,1734,566.98,135026,569.175268
2025-03-20 15:00:00+00:00,568.155,569.82,567.85,1443,569.52,87407,568.920117
2025-03-20 16:00:00+00:00,565.78,569.29,565.735,977,568.095,66585,567.076857
2025-03-20 17:00:00+00:00,565.23,567.2,564.72,1027,566.05,55029,565.906385
2025-03-20 18:00:00+00:00,564.5,566.07,563.78,1112,565.24,65667,564.866174
2025-03-20 19:00:00+00:00,565.69,566.57,564.67,2678,564.71,287148,565.615887
2025-03-20 20:00:00+00:00,565.85,565.85,565.85,1,565.85,100,565.85
2025-03-21 13:00:00+00:00,559.83,560.31,558.29,1165,559.21,160583,559.332783
2025-03-21 14:00:00+00:00,561.47,561.47,558.08,1338,559.82,132025,560.048141
2025-03-21 15:00:00+00:00,559.44,561.75,558.82,1180,561.69,86652,560.010822
2025-03-21 16:00:00+00:00,563.61,563.61,558.79,1168,559.33,95232,561.486024
2025-03-21 17:00:00+00:00,562.88,563.88,561.825,940,563.35,67894,563.050239
2025-03-21 18:00:00+00:00,562.47,563.29,562.095,871,563.115,66815,562.724725
2025-03-21 19:00:00+00:00,564.17,564.855,561.515,3324,562.25,314341,563.182305
2025-03-24 13:00:00+00:00,572.745,572.96,570.29,1842,570.76,171726,571.505984
2025-03-24 14:00:00+00:00,573.57,573.67,572.04,1827,572.765,165061,572.968125
2025-03-24 15:00:00+00:00,573.805,573.97,573.15,2298,573.54,101701,573.654884
2025-03-24 16:00:00+00:00,573.13,574.39,572.81,1340,573.83,98429,573.467013
2025-03-24 17:00:00+00:00,573.05,573.375,572.46,1130,573.05,76478,572.95243
2025-03-24 18:00:00+00:00,573.63,573.66,572.105,1539,573.07,109195,572.785959
2025-03-24 19:00:00+00:00,574.02,575.125,573.5,3397,573.51,302432,574.38267
2025-03-24 20:00:00+00:00,574.16,574.16,574.1,3,574.11,2694,574.110055
2025-03-25 13:00:00+00:00,574.67,575.655,574.065,1110,575.4,78025,574.928237
2025-03-25 14:00:00+00:00,576.0,576.35,573.94,1701,574.67,123747,575.410255
2025-03-25 15:00:00+00:00,574.785,576.18,574.57,1002,576.045,56320,575.595949
2025-03-25 16:00:00+00:00,574.905,575.065,574.27,925,574.81,44155,574.701064
2025-03-25 17:00:00+00:00,574.145,575.495,574.095,1010,574.98,74549,574.626728
2025-03-25 18:00:00+00:00,573.93,574.905,573.73,1040,574.12,83041,574.270056
2025-03-25 19:00:00+00:00,575.405,575.52,573.9,2833,573.975,212103,574.784261
2025-03-26 13:00:00+00:00,573.71,576.21,573.46,1079,575.205,90969,574.993302
2025-03-26 14:00:00+00:00,573.38,574.44,572.55,1432,573.64,111274,573.34446
2025-03-26 15:00:00+00:00,570.68,573.8,570.14,1239,573.47,80035,572.015564
2025-03-26 16:00:00+00:00,569.48,571.375,569.31,1266,570.53,98584,570.505954
2025-03-26 17:00:00+00:00,568.02,570.18,567.985,1194,569.56,95503,568.92982
2025-03-26 18:00:00+00:00,567.33,569.49,567.3,1193,568.14,79630,568.499547
2025-03-26 19:00:00+00:00,568.75,569.48,567.205,2964,567.38,260907,568.386497
2025-03-26 20:00:00+00:00,568.43,568.61,568.43,44,568.59,13810,568.588735
2025-03-27 13:00:00+00:00,568.31,568.425,565.01,1578,567.185,180789,566.676065
2025-03-27 14:00:00+00:00,570.69,570.785,567.58,1576,568.265,120650,569.31862
2025-03-27 15:00:00+00:00,567.95,570.89,567.92,1558,570.86,137746,569.751895
2025-03-27 16:00:00+00:00,566.79,569.9,566.62,1266,567.85,95547,568.74031
2025-03-27 17:00:00+00:00,566.59,568.18,566.4,1206,566.695,85572,567.254557
2025-03-27 18:00:00+00:00,567.545,569.02,566.575,1231,566.62,86353,568.0231
2025-03-27 19:00:00+00:00,567.03,570.03,566.74,3038,567.59,324752,568.359223
2025-03-27 20:00:00+00:00,567.08,567.45,567.08,39,567.45,14659,567.086291
2025-03-28 13:00:00+00:00,563.9,566.26,563.87,918,565.375,91611,565.461066
2025-03-28 14:00:00+00:00,558.85,564.19,558.32,2923,563.88,336857,560.382533
2025-03-28 15:00:00+00:00,557.95,559.775,557.77,1889,558.635,171222,558.828626
2025-03-28 16:00:00+00:00,556.5,558.675,556.49,1385,558.19,81829,557.298983
2025-03-28 17:00:00+00:00,556.41,556.54,555.25,1889,556.505,128377,555.908542
2025-03-28 18:00:00+00:00,556.18,556.88,555.33,1687,556.315,115254,556.004276
2025-03-28 19:00:00+00:00,555.7,556.71,555.09,3679,556.15,334454,555.774872
2025-03-28 20:00:00+00:00,554.2,554.95,554.2,4,554.95,500,554.584
2025-03-31 13:00:00+00:00,549.8,550.58,546.95,1958,549.83,196721,548.754869
2025-03-31 14:00:00+00:00,551.48,551.97,549.46,2351,549.92,202600,550.581898
2025-03-31 15:00:00+00:00,553.18,554.11,551.34,1742,551.72,123164,552.589775
2025-03-31 16:00:00+00:00,553.42,554.54,551.93,1392,553.37,92810,553.451014
2025-03-31 17:00:00+00:00,553.12,555.13,552.805,1391,553.135,94686,553.887206
2025-03-31 18:00:00+00:00,556.51,557.92,553.16,2196,553.16,263844,556.584976
2025-03-31 19:00:00+00:00,559.26,560.69,556.37,4687,556.395,488928,558.730657
2025-03-31 20:00:00+00:00,558.26,558.26,558.0,7,558.0,4075,558.242883
2025-04-01 12:00:00+00:00,556.68,556.68,556.68,1,556.68,100,556.68
2025-04-01 13:00:00+00:00,557.22,558.54,556.2,1304,557.45,79778,557.328705
2025-04-01 14:00:00+00:00,559.675,559.79,553.69,2319,557.23,217348,556.621224
2025-04-01 15:00:00+00:00,561.52,561.86,559.405,1651,559.54,130130,560.857698
2025-04-01 16:00:00+00:00,560.76,562.88,559.405,1381,561.41,126222,560.814541
2025-04-01 17:00:00+00:00,559.03,561.095,559.0,1299,560.68,110838,559.874201
2025-04-01 18:00:00+00:00,557.65,559.15,556.215,1501,559.15,132719,557.206549
2025-04-01 19:00:00+00:00,561.1,561.49,557.48,2541,557.53,279664,559.870794
2025-04-02 13:00:00+00:00,558.82,559.76,554.845,1171,555.53,96375,557.408181
2025-04-02 14:00:00+00:00,562.1,562.24,558.3,1416,558.49,149135,560.660156
2025-04-02 15:00:00+00:00,562.29,563.75,560.98,1255,561.31,130530,562.284417
2025-04-02 16:00:00+00:00,565.68,566.04,562.12,1224,562.12,117956,564.482563
2025-04-02 17:00:00+00:00,564.1,567.37,563.31,1328,565.69,149308,565.29124
2025-04-02 18:00:00+00:00,561.23,564.28,561.035,1440,564.04,126281,562.756033
2025-04-02 19:00:00+00:00,564.63,565.655,561.555,2319,561.56,271610,564.525178
2025-04-02 20:00:00+00:00,557.6,570.38,557.6,15,564.42,6933,566.863529
2025-04-03 12:00:00+00:00,544.91,544.91,544.88,5,544.88,700,544.895
2025-04-03 13:00:00+00:00,544.89,547.95,544.22,2657,545.13,253599,546.29528
2025-04-03 14:00:00+00:00,540.23,545.12,540.1,3887,544.22,422826,542.595787
2025-04-03 15:00:00+00:00,543.555,544.4,539.6,3338,540.075,319352,542.158741
2025-04-03 16:00:00+00:00,543.44,546.345,543.0,2551,543.51,222807,544.638491
2025-04-03 17:00:00+00:00,541.91,544.23,541.79,1937,543.46,142601,542.874042
2025-04-03 18:00:00+00:00,541.96,542.53,539.955,2235,542.02,190480,541.20162
2025-04-03 19:00:00+00:00,537.3,541.98,536.91,6652,541.46,795378,538.377246
2025-04-03 20:00:00+00:00,536.93,537.8,536.75,7,536.91,2600,536.878626
2025-04-04 12:00:00+00:00,524.88,524.88,521.91,34,522.96,5210,523.503878
2025-04-04 13:00:00+00:00,523.21,525.86,519.15,3134,523.64,316468,522.005575
2025-04-04 14:00:00+00:00,515.56,523.01,510.09,5117,522.76,630664,516.717351
2025-04-04 15:00:00+00:00,514.81,522.545,514.02,3437,515.31,537614,518.546461
2025-04-04 16:00:00+00:00,512.25,517.05,511.08,1756,515.31,226351,513.075559
2025-04-04 17:00:00+00:00,514.55,514.57,508.35,2827,512.05,333863,511.96241
2025-04-04 18:00:00+00:00,507.78,515.68,505.53,2807,514.58,335428,510.157442
2025-04-04 19:00:00+00:00,505.93,513.815,505.08,5910,508.01,706580,508.633683
2025-04-04 20:00:00+00:00,502.5,506.08,502.5,13,506.08,2210,505.166364
2025-04-07 12:00:00+00:00,495.56,496.47,492.2,13,492.53,2762,494.544495
2025-04-07 13:00:00+00:00,495.69,496.15,481.83,3475,491.83,449702,487.66886
2025-04-07 14:00:00+00:00,505.89,523.04,493.405,9061,495.39,1371629,507.689551
2025-04-07 15:00:00+00:00,499.46,509.68,492.82,4382,506.14,491683,498.801375
2025-04-07 16:00:00+00:00,495.665,501.77,494.74,2005,499.28,167717,497.304691
2025-04-07 17:00:00+00:00,509.16,509.21,495.61,3289,495.61,329952,504.086306
2025-04-07 18:00:00+00:00,503.14,510.33,502.5,2561,509.2,188754,506.842138
2025-04-07 19:00:00+00:00,504.45,506.47,500.15,5118,502.98,570061,503.196319
2025-04-07 20:00:00+00:00,506.41,508.5,505.76,34,506.6,4230,506.700356
2025-04-08 13:00:00+00:00,522.6,523.18,517.79,3359,518.96,404790,520.512994
2025-04-08 14:00:00+00:00,517.86,524.98,517.86,3330,522.595,356950,522.654136
2025-04-08 15:00:00+00:00,516.77,519.25,514.16,2562,517.77,274477,516.357261
2025-04-08 16:00:00+00:00,507.13,517.19,507.13,2878,516.605,298464,510.948335
2025-04-08 17:00:00+00:00,506.96,509.05,502.04,3555,507.25,346916,505.593508
2025-04-08 18:00:00+00:00,501.86,507.27,501.47,2408,506.65,266508,504.250085
2025-04-08 19:00:00+00:00,496.6,502.02,489.28,8166,501.695,1155325,495.233065
2025-04-08 20:00:00+00:00,496.0,496.6,494.08,12,496.6,1191,495.390217
2025-04-09 12:00:00+00:00,492.57,492.57,486.7,43,487.97,4705,490.203608
2025-04-09 13:00:00+00:00,500.155,502.0,493.57,2105,493.57,259174,498.001523
2025-04-09 14:00:00+00:00,493.22,503.645,493.2,2492,500.515,307921,498.302339
2025-04-09 15:00:00+00:00,496.05,499.58,493.08,1713,493.22,153498,497.016411
2025-04-09 16:00:00+00:00,501.225,502.57,494.86,1610,495.28,145869,499.826249
2025-04-09 17:00:00+00:00,534.91,536.295,497.82,7027,501.505,1064918,525.279154
2025-04-09 18:00:00+00:00,530.94,539.805,530.68,4639,535.54,658591,535.586194
2025-04-09 19:00:00+00:00,542.955,546.28,529.76,7633,530.79,1039062,541.189914
2025-04-09 20:00:00+00:00,545.67,545.67,543.02,67,544.98,15234,544.255518
2025-04-10 12:00:00+00:00,532.88,536.46,532.2,19,535.88,3163,535.357586
2025-04-10 13:00:00+00:00,529.06,533.44,528.55,1601,533.44,192085,530.915483
2025-04-10 14:00:00+00:00,526.37,531.88,526.1,2291,529.85,310489,529.203474
2025-04-10 15:00:00+00:00,519.045,528.63,517.99,2006,526.295,254956,524.044384
2025-04-10 16:00:00+00:00,519.375,520.495,509.77,3825,518.48,542930,515.393013
2025-04-10 17:00:00+00:00,524.17,525.48,512.91,3423,519.71,405637,520.35768
2025-04-10 18:00:00+00:00,526.09,529.71,520.48,2259,524.145,284268,526.077392
2025-04-10 19:00:00+00:00,524.63,529.19,518.24,4298,525.93,651615,524.208159
2025-04-10 20:00:00+00:00,525.62,525.62,524.07,2,524.07,400,525.2325
2025-04-11 12:00:00+00:00,527.5,527.5,527.33,2,527.33,900,527.405556
2025-04-11 13:00:00+00:00,526.305,528.775,521.15,1478,523.2,185254,524.488772
2025-04-11 14:00:00+00:00,523.35,528.34,520.07,2308,525.205,254842,524.806645
2025-04-11 15:00:00+00:00,526.54,527.28,520.985,1292,524.54,117130,523.578863
2025-04-11 16:00:00+00:00,531.75,532.73,526.09,1557,526.69,176028,529.717765
2025-04-11 17:00:00+00:00,534.53,536.42,529.0,1295,531.76,156856,533.156726
2025-04-11 18:00:00+00:00,532.17,534.865,531.7,1310,534.67,179127,533.28757
2025-04-11 19:00:00+00:00,534.0,535.66,532.28,2456,532.29,355768,534.385618
2025-04-14 12:00:00+00:00,542.29,542.68,542.29,9,542.35,800,542.4825
2025-04-14 13:00:00+00:00,540.575,544.055,539.265,1271,544.055,190958,541.566623
2025-04-14 14:00:00+00:00,542.34,543.81,539.78,1638,540.865,185189,542.173326
2025-04-14 15:00:00+00:00,535.75,542.86,535.3,1934,542.47,181783,538.625367
2025-04-14 16:00:00+00:00,535.5,537.87,533.95,1072,535.62,115778,536.102861
2025-04-14 17:00:00+00:00,539.01,539.44,535.75,926,537.12,90962,537.523592
2025-04-14 18:00:00+00:00,540.59,541.24,538.95,911,538.97,83538,540.355016
2025-04-14 19:00:00+00:00,538.98,542.54,538.39,2288,541.04,260704,540.124328
2025-04-14 20:00:00+00:00,536.17,537.93,536.17,5,537.93,5476,536.212222
2025-04-15 13:00:00+00:00,541.56,542.87,539.28,1216,539.67,125733,541.342745
2025-04-15 14:00:00+00:00,540.58,543.19,538.16,2037,541.58,149532,540.904657
2025-04-15 15:00:00+00:00,540.92,542.0,539.5,1421,540.68,86816,540.710942
2025-04-15 16:00:00+00:00,539.12,541.6,538.49,1237,541.0,93714,540.506591
2025-04-15 17:00:00+00:00,538.31,539.85,537.38,1447,538.67,126308,538.569588
2025-04-15 18:00:00+00:00,538.72,539.21,536.89,1462,538.66,84725,538.046083
2025-04-15 19:00:00+00:00,537.64,539.28,537.16,2807,538.615,233928,538.109407
2025-04-16 12:00:00+00:00,532.65,532.65,532.65,1,532.65,400,532.65
2025-04-16 13:00:00+00:00,530.0,533.76,529.97,1289,532.29,166459,532.04558
2025-04-16 14:00:00+00:00,532.28,532.92,529.83,2211,529.88,178732,531.359851
2025-04-16 15:00:00+00:00,531.66,535.07,531.4,1763,532.39,149958,533.207131
2025-04-16 16:00:00+00:00,530.79,532.11,530.555,1276,531.405,84836,531.351795
2025-04-16 17:00:00+00:00,524.08,531.71,524.03,2757,530.48,205204,527.67715
2025-04-16 18:00:00+00:00,522.84,526.73,522.72,2003,524.14,183423,524.928801
2025-04-16 19:00:00+00:00,525.73,526.17,520.32,5019,522.86,578445,523.201786
2025-04-16 20:00:00+00:00,525.0,525.0,525.0,2,525.0,400,525.0
2025-04-17 13:00:00+00:00,528.69,529.24,526.37,917,527.53,80236,527.934956
2025-04-17 14:00:00+00:00,525.05,529.12,523.93,2277,528.66,200347,526.299788
2025-04-17 15:00:00+00:00,526.785,528.84,525.065,1745,525.14,112162,527.464213
2025-04-17 16:00:00+00:00,529.945,530.37,526.295,1941,526.91,120414,528.73515
2025-04-17 17:00:00+00:00,529.56,530.29,527.63,1797,530.04,79318,528.911204
2025-04-17 18:00:00+00:00,528.52,531.15,528.52,2146,529.565,104281,530.116042
2025-04-17 19:00:00+00:00,526.34,528.795,525.73,3987,528.54,302817,526.866889
2025-04-17 20:00:00+00:00,526.8,527.2,526.37,3,526.37,400,526.7925
2025-04-21 12:00:00+00:00,521.06,521.06,521.03,25,521.03,2200,521.056842
2025-04-21 13:00:00+00:00,517.71,521.64,517.59,1049,520.5,107310,519.518757
2025-04-21 14:00:00+00:00,514.63,517.44,514.4,1921,517.44,166037,515.93795
2025-04-21 15:00:00+00:00,511.0,515.02,510.83,1564,514.76,108597,512.586284
2025-04-21 16:00:00+00:00,511.23,513.24,511.17,1619,511.17,131897,512.035344
2025-04-21 17:00:00+00:00,508.985,511.71,508.74,1607,511.33,136267,510.073984
2025-04-21 18:00:00+00:00,508.77,510.51,508.46,1966,508.945,156084,509.403
2025-04-21 19:00:00+00:00,513.96,514.83,508.74,3548,508.76,341395,512.340507
2025-04-21 20:00:00+00:00,513.64,513.88,513.64,14,513.88,9633,513.829474
2025-04-22 13:00:00+00:00,521.94,522.3,519.2,1225,520.18,98877,521.034357
2025-04-22 14:00:00+00:00,524.59,524.79,521.815,2097,522.05,159253,523.137702
2025-04-22 15:00:00+00:00,526.16,526.45,523.78,1767,524.65,254831,525.019007
2025-04-22 16:00:00+00:00,527.57,529.305,526.25,1875,526.25,183247,527.854581
2025-04-22 17:00:00+00:00,521.85,528.62,521.82,2059,527.545,210504,524.405043
2025-04-22 18:00:00+00:00,526.805,527.23,521.8,1498,521.855,151331,525.24985
2025-04-22 19:00:00+00:00,526.95,527.48,524.31,2934,526.84,343077,526.212665
2025-04-22 20:00:00+00:00,527.5,527.5,527.38,3,527.38,1000,527.412
2025-04-23 13:00:00+00:00,543.35,544.94,539.59,2853,540.45,297899,542.623159
2025-04-23 14:00:00+00:00,542.51,545.29,540.81,2453,543.595,238766,543.048621
2025-04-23 15:00:00+00:00,537.44,543.22,535.67,2362,542.7,190318,539.131819
2025-04-23 16:00:00+00:00,538.25,538.48,534.05,1975,537.405,195999,536.568327
2025-04-23 17:00:00+00:00,538.17,539.51,536.24,1301,538.22,86025,538.207635
2025-04-23 18:00:00+00:00,536.29,538.8,535.83,1450,538.685,107267,537.417947
2025-04-23 19:00:00+00:00,535.29,537.14,533.9,2387,536.9,270735,535.582436
2025-04-24 12:00:00+00:00,535.7,535.7,535.62,2,535.62,400,535.64
2025-04-24 13:00:00+00:00,539.46,539.64,535.6,968,535.87,98114,537.847591
2025-04-24 14:00:00+00:00,542.46,543.27,539.06,2587,539.4,219217,541.479272
2025-04-24 15:00:00+00:00,542.65,543.85,541.945,1610,542.42,107556,542.875638
2025-04-24 16:00:00+00:00,545.44,545.83,542.37,1696,542.805,141567,544.35842
2025-04-24 17:00:00+00:00,545.335,545.59,544.03,1163,545.21,73960,544.863563
2025-04-24 18:00:00+00:00,546.105,546.86,545.03,1439,545.46,131762,546.015523
2025-04-24 19:00:00+00:00,546.44,547.2,544.35,3031,546.05,376928,546.146952
2025-04-24 20:00:00+00:00,549.06,549.06,549.06,2,549.06,201,549.06
2025-04-25 13:00:00+00:00,545.17,548.05,544.77,1056,546.34,93841,546.487125
2025-04-25 14:00:00+00:00,546.37,547.85,543.78,2030,545.25,170600,546.075921
2025-04-25 15:00:00+00:00,547.075,547.5,545.76,1657,546.54,112718,546.744747
2025-04-25 16:00:00+00:00,549.09,549.17,546.98,1624,547.15,142668,548.244442
2025-04-25 17:00:00+00:00,547.87,550.98,546.79,1847,549.07,180966,549.301668
2025-04-25 18:00:00+00:00,549.81,550.73,547.55,1510,547.94,168208,549.577008
2025-04-25 19:00:00+00:00,550.55,550.91,548.795,2636,549.77,290109,550.073572
2025-04-25 20:00:00+00:00,551.32,551.32,551.22,2,551.22,800,551.27
2025-04-28 13:00:00+00:00,550.425,553.535,550.275,1242,551.26,151128,551.975971
2025-04-28 14:00:00+00:00,550.55,552.04,549.73,1045,550.33,118923,550.928954
2025-04-28 15:00:00+00:00,547.56,551.15,547.12,1121,550.59,140094,548.368069
2025-04-28 16:00:00+00:00,546.44,547.51,545.82,770,547.42,65988,546.599017
2025-04-28 17:00:00+00:00,547.69,547.87,545.09,761,546.485,79894,546.015753
2025-04-28 18:00:00+00:00,548.85,548.98,547.53,688,547.72,56726,548.296409
2025-04-28 19:00:00+00:00,551.07,552.265,548.64,1682,548.76,160586,550.958862
2025-04-29 12:00:00+00:00,550.87,550.87,550.87,2,550.87,180,550.87
2025-04-29 13:00:00+00:00,550.64,551.64,548.89,897,548.89,108168,550.502503
2025-04-29 14:00:00+00:00,552.92,553.03,549.42,1314,550.6,113522,551.361367
2025-04-29 15:00:00+00:00,551.74,553.12,550.9,901,553.0,52353,552.221481
2025-04-29 16:00:00+00:00,551.16,553.41,550.53,965,551.8,62180,552.457433
2025-04-29 17:00:00+00:00,554.73,555.07,550.85,1209,551.11,81081,553.477084
2025-04-29 18:00:00+00:00,554.3,555.405,554.15,1665,554.75,149368,554.791865
2025-04-29 19:00:00+00:00,554.09,555.2,553.91,2550,554.285,240237,554.544162
2025-04-29 20:00:00+00:00,553.99,554.25,553.99,12,554.25,8674,554.016194
2025-04-30 12:00:00+00:00,547.4,548.05,547.39,7,548.05,1100,547.664417
2025-04-30 13:00:00+00:00,541.9,547.54,541.53,1566,546.5,213192,543.869503
2025-04-30 14:00:00+00:00,547.01,547.32,541.65,2289,542.07,178279,544.720316
2025-04-30 15:00:00+00:00,549.395,549.77,546.985,1477,547.07,86769,548.848223
2025-04-30 16:00:00+00:00,549.495,550.2,547.43,1261,549.415,68466,548.995687
2025-04-30 17:00:00+00:00,550.58,551.07,547.21,1395,549.66,88215,549.731022
2025-04-30 18:00:00+00:00,549.49,553.01,549.22,1555,550.58,144348,550.809865
2025-04-30 19:00:00+00:00,554.02,556.42,549.41,3161,550.09,433432,553.192926
2025-04-30 20:00:00+00:00,558.07,558.07,558.07,6,558.07,2828,558.07
2025-05-01 12:00:00+00:00,560.45,560.45,560.42,3,560.42,280,560.435
2025-05-01 13:00:00+00:00,558.88,561.3,558.81,1142,560.41,152105,560.029229
2025-05-01 14:00:00+00:00,563.34,563.395,559.06,1670,560.64,148538,561.389581
2025-05-01 15:00:00+00:00,560.26,563.995,559.72,1234,563.39,121140,562.792762
2025-05-01 16:00:00+00:00,559.58,561.25,559.08,772,560.46,69830,560.263257
2025-05-01 17:00:00+00:00,560.62,561.915,559.67,720,559.67,59139,560.930435
2025-05-01 18:00:00+00:00,561.63,562.66,560.62,906,560.62,94910,561.947265
2025-05-01 19:00:00+00:00,558.4,562.43,557.88,2512,561.805,296197,560.462835
2025-05-01 20:00:00+00:00,556.4,556.4,556.4,4,556.4,199,556.4
2025-05-02 12:00:00+00:00,560.68,560.68,560.58,2,560.58,200,560.63
2025-05-02 13:00:00+00:00,563.62,565.45,562.4,1209,564.74,107951,564.215096
2025-05-02 14:00:00+00:00,565.77,566.29,563.385,2019,563.79,175254,565.110284
2025-05-02 15:00:00+00:00,566.24,566.39,564.5,1694,565.8,146967,565.566549
2025-05-02 16:00:00+00:00,567.455,568.06,566.2,1503,566.24,157703,567.437099
2025-05-02 17:00:00+00:00,567.24,567.71,566.425,1039,567.29,89099,566.939132
2025-05-02 18:00:00+00:00,567.07,568.35,566.555,1087,567.245,110876,567.490276
2025-05-02 19:00:00+00:00,566.56,567.92,566.03,2779,567.05,428573,567.083319
2025-05-02 20:00:00+00:00,566.81,567.05,566.58,8,566.58,1360,566.894118
2025-05-05 12:00:00+00:00,562.33,562.57,562.03,7,562.03,660,562.321724
2025-05-05 13:00:00+00:00,562.99,563.26,561.74,1869,562.6,138726,562.631764
2025-05-05 14:00:00+00:00,564.99,565.18,562.49,1469,563.17,129240,563.920593
2025-05-05 15:00:00+00:00,565.01,565.29,563.85,1257,565.015,119077,564.701548
2025-05-05 16:00:00+00:00,565.57,565.85,564.92,756,565.01,65117,565.371935
2025-05-05 17:00:00+00:00,565.76,566.05,564.9,627,565.58,55164,565.420629
2025-05-05 18:00:00+00:00,565.815,566.65,565.63,678,565.675,48113,566.160595
2025-05-05 19:00:00+00:00,563.57,565.845,563.14,2235,565.73,255381,564.263343
2025-05-05 20:00:00+00:00,562.77,562.77,562.74,22,562.74,3000,562.751785
2025-05-06 12:00:00+00:00,558.78,559.18,558.75,15,559.15,1840,559.092976
2025-05-06 13:00:00+00:00,557.44,559.66,556.98,1103,559.11,107118,558.347689
2025-05-06 14:00:00+00:00,560.84,561.37,557.13,1771,557.39,128734,559.815284
2025-05-06 15:00:00+00:00,560.29,561.92,560.2,1114,560.8,90765,561.149162
2025-05-06 16:00:00+00:00,559.19,563.32,559.19,1197,560.4,103273,561.185663
2025-05-06 17:00:00+00:00,558.66,560.51,558.35,878,559.335,72350,559.439534
2025-05-06 18:00:00+00:00,561.02,561.02,558.68,980,558.77,100831,560.115209
2025-05-06 19:00:00+00:00,558.73,561.355,558.72,2155,561.06,309355,560.071464
2025-05-06 20:00:00+00:00,557.65,557.65,557.65,1,557.65,100,557.65
2025-05-07 13:00:00+00:00,561.31,561.58,559.56,1297,560.2,110726,560.506859
2025-05-07 14:00:00+00:00,559.65,561.94,559.06,1336,561.34,143373,561.147226
2025-05-07 15:00:00+00:00,559.91,560.085,558.44,1250,559.475,102359,559.317507
2025-05-07 16:00:00+00:00,561.2,561.36,559.135,736,559.84,57647,560.167123
2025-05-07 17:00:00+00:00,559.48,561.84,558.85,1023,561.09,83937,560.535932
2025-05-07 18:00:00+00:00,560.87,562.64,556.05,1826,559.39,185349,558.451031
2025-05-07 19:00:00+00:00,561.19,563.77,557.54,2723,560.32,356274,560.729569
2025-05-07 20:00:00+00:00,561.15,561.15,561.15,4,561.15,705,561.15
2025-05-08 12:00:00+00:00,565.03,565.03,565.03,3,565.03,171,565.03
2025-05-08 13:00:00+00:00,564.07,565.61,563.63,1081,565.28,109501,564.561058
2025-05-08 14:00:00+00:00,562.525,565.14,561.72,2063,564.02,205115,563.500389
2025-05-08 15:00:00+00:00,568.37,569.59,562.04,2559,562.4,248253,567.074697
2025-05-08 16:00:00+00:00,570.12,570.29,568.36,1624,568.43,149409,569.337519
2025-05-08 17:00:00+00:00,567.68,570.065,567.6,1207,570.05,65988,568.983404
2025-05-08 18:00:00+00:00,568.44,569.13,567.445,1475,567.62,94922,568.39001
2025-05-08 19:00:00+00:00,564.97,569.34,564.545,4465,568.285,453350,566.862675
2025-05-09 12:00:00+00:00,566.77,567.12,566.77,7,567.12,1000,567.061667
2025-05-09 13:00:00+00:00,566.98,567.455,565.96,507,566.49,43093,566.673078
2025-05-09 14:00:00+00:00,564.535,567.35,562.87,1330,566.98,138191,564.520386
2025-05-09 15:00:00+00:00,565.55,565.57,564.06,811,564.52,62969,564.823134
2025-05-09 16:00:00+00:00,563.46,565.445,563.1,709,565.445,64773,563.965277
2025-05-09 17:00:00+00:00,565.24,565.32,562.98,835,563.295,79704,564.134141
2025-05-09 18:00:00+00:00,564.875,565.26,564.165,579,565.19,28330,564.718864
2025-05-09 19:00:00+00:00,564.14,565.885,564.13,1888,564.93,162728,564.645109
2025-05-09 20:00:00+00:00,564.31,564.31,564.31,32,564.31,6931,564.31
2025-05-12 12:00:00+00:00,581.19,582.33,581.02,16,581.02,1791,581.406129
2025-05-12 13:00:00+00:00,578.74,581.66,578.39,2269,581.32,220276,579.310359
2025-05-12 14:00:00+00:00,579.0,580.405,577.12,3015,578.885,227753,579.103992
2025-05-12 15:00:00+00:00,578.16,579.72,578.06,2225,578.94,160054,578.843193
2025-05-12 16:00:00+00:00,581.12,581.145,578.05,2346,578.19,112051,579.735208
2025-05-12 17:00:00+00:00,581.595,582.415,581.005,1822,581.135,97878,581.584677
2025-05-12 18:00:00+00:00,581.535,582.52,581.39,1562,581.55,122356,581.952774
2025-05-12 19:00:00+00:00,582.93,583.0,580.83,3290,581.555,408884,581.95542
2025-05-12 20:00:00+00:00,583.11,583.3,582.96,8,583.3,565,583.1675
2025-05-13 12:00:00+00:00,583.06,584.05,583.06,8,584.05,567,583.693333
2025-05-13 13:00:00+00:00,585.23,585.46,582.905,944,583.15,100101,584.330073
2025-05-13 14:00:00+00:00,587.065,587.875,585.3,1655,585.3,148329,586.603002
2025-05-13 15:00:00+00:00,587.71,588.36,586.785,1546,587.1,133079,587.52601
2025-05-13 16:00:00+00:00,587.965,588.32,587.06,1705,587.635,100990,587.644818
2025-05-13 17:00:00+00:00,587.905,589.025,587.67,1199,588.035,89486,588.250746
2025-05-13 18:00:00+00:00,588.58,588.69,587.51,1526,587.93,99917,587.997283
2025-05-13 19:00:00+00:00,586.76,589.04,586.73,2366,588.59,210865,587.812294
2025-05-13 20:00:00+00:00,586.51,586.62,586.5,12,586.62,2609,586.509504
2025-05-14 12:00:00+00:00,588.49,588.49,588.49,2,588.49,180,588.49
2025-05-14 13:00:00+00:00,587.425,588.965,586.48,1598,588.07,144118,587.936258
2025-05-14 14:00:00+00:00,587.54,587.82,586.42,1977,587.52,144805,587.284534
2025-05-14 15:00:00+00:00,588.01,588.35,585.81,1785,587.615,116883,587.318177
2025-05-14 16:00:00+00:00,587.455,588.56,587.16,1427,587.98,70240,587.750218
2025-05-14 17:00:00+00:00,587.34,587.47,585.545,2110,587.47,113793,586.51379
2025-05-14 18:00:00+00:00,587.58,588.2,586.595,1596,587.35,64699,587.482659
2025-05-14 19:00:00+00:00,587.45,588.12,586.42,3739,587.49,317226,587.312319
2025-05-14 20:00:00+00:00,587.16,587.31,587.16,4,587.31,266,587.235
2025-05-15 12:00:00+00:00,585.22,586.13,584.86,31,585.03,2820,585.6345
2025-05-15 13:00:00+00:00,586.12,586.46,585.1,1867,585.78,202833,585.902628
2025-05-15 14:00:00+00:00,586.62,587.12,585.405,2206,586.12,227935,586.317797
2025-05-15 15:00:00+00:00,589.06,589.395,586.5,1650,586.58,169973,587.982852
2025-05-15 16:00:00+00:00,590.11,590.11,588.83,1026,589.12,68865,589.483374
2025-05-15 17:00:00+00:00,589.88,590.94,589.75,1058,590.165,69572,590.32262
2025-05-15 18:00:00+00:00,589.7,590.31,588.695,1395,589.81,101158,589.607215
2025-05-15 19:00:00+00:00,590.41,590.44,588.325,2969,589.74,294222,589.640537
2025-05-15 20:00:00+00:00,590.23,590.48,590.22,6,590.48,466,590.3125
2025-05-16 12:00:00+00:00,591.27,592.43,591.27,3,592.43,221,591.902727
2025-05-16 13:00:00+00:00,591.12,591.65,590.04,821,591.16,71206,590.708026
2025-05-16 14:00:00+00:00,590.475,591.615,589.31,1551,590.65,159514,590.509848
2025-05-16 15:00:00+00:00,591.05,591.59,590.405,932,590.61,90221,591.030115
2025-05-16 16:00:00+00:00,592.285,592.505,591.01,748,591.01,72018,591.974113
2025-05-16 17:00:00+00:00,592.81,593.435,592.16,728,592.16,61141,592.975678
2025-05-16 18:00:00+00:00,593.535,594.02,592.68,1001,592.795,66905,593.40714
2025-05-16 19:00:00+00:00,594.28,594.45,593.19,2835,593.565,245556,593.96145
2025-05-16 20:00:00+00:00,591.61,594.2,591.51,41,594.15,36032,594.01366
2025-05-19 12:00:00+00:00,588.69,588.69,588.67,12,588.68,1260,588.68
2025-05-19 13:00:00+00:00,591.26,591.36,587.7,1294,587.7,132701,589.915751
2025-05-19 14:00:00+00:00,591.905,593.27,591.08,1342,591.24,131003,592.447751
2025-05-19 15:00:00+00:00,593.05,593.72,591.98,693,592.04,57284,592.812662
2025-05-19 16:00:00+00:00,594.57,594.71,592.93,784,593.1,62262,593.839082
2025-05-19 17:00:00+00:00,594.41,595.53,594.325,1156,594.56,87978,594.973236
2025-05-19 18:00:00+00:00,594.41,594.52,593.42,1165,594.38,65295,594.058325
2025-05-19 19:00:00+00:00,594.88,595.24,593.19,2375,594.54,245926,594.347981
2025-05-19 20:00:00+00:00,594.58,594.58,593.95,9,594.34,632,594.316
2025-05-20 13:00:00+00:00,592.87,593.63,592.1,918,593.105,90052,593.032794
2025-05-20 14:00:00+00:00,593.01,594.005,592.4,1259,592.88,92449,593.148747
2025-05-20 15:00:00+00:00,593.29,593.63,592.49,1121,592.76,62600,593.151462
2025-05-20 16:00:00+00:00,593.37,593.52,592.275,1060,593.16,66000,592.880683
2025-05-20 17:00:00+00:00,593.01,593.8,592.49,1176,593.375,74946,593.159592
2025-05-20 18:00:00+00:00,590.91,593.14,590.64,1527,592.965,109529,591.545633
2025-05-20 19:00:00+00:00,592.88,592.965,589.62,3204,590.88,292364,591.560258
2025-05-21 13:00:00+00:00,589.8,590.5,588.58,1609,589.0,146061,589.674317
2025-05-21 14:00:00+00:00,590.64,591.31,588.88,2474,590.11,176391,590.072915
2025-05-21 15:00:00+00:00,591.76,592.2,590.42,2587,590.72,160989,591.432258
2025-05-21 16:00:00+00:00,591.58,592.55,591.43,1836,591.74,99236,591.946291
2025-05-21 17:00:00+00:00,586.14,591.76,583.83,5267,591.68,543682,586.617053
2025-05-21 18:00:00+00:00,584.06,586.39,583.845,3266,586.2,275557,585.170098
2025-05-21 19:00:00+00:00,582.96,584.58,581.865,5593,584.16,567734,583.443673
2025-05-21 20:00:00+00:00,582.7,582.7,582.7,1,582.7,100,582.7
2025-05-22 12:00:00+00:00,581.38,581.38,581.38,1,581.38,100,581.38
2025-05-22 13:00:00+00:00,584.3,584.3,581.49,2206,582.655,209385,582.889664
2025-05-22 14:00:00+00:00,582.92,585.14,581.51,3036,584.35,285439,583.325461
2025-05-22 15:00:00+00:00,584.23,584.36,582.37,2368,583.03,196065,583.414841
2025-05-22 16:00:00+00:00,583.07,585.58,583.07,2218,584.32,161289,584.256902
2025-05-22 17:00:00+00:00,585.4,585.79,582.67,2153,583.14,139258,584.300657
2025-05-22 18:00:00+00:00,585.74,586.05,584.93,1811,585.4,111755,585.492424
2025-05-22 19:00:00+00:00,583.06,586.61,582.61,4069,585.84,400200,584.775291
2025-05-22 20:00:00+00:00,583.06,583.25,583.05,5,583.25,733,583.167143
2025-05-23 12:00:00+00:00,574.79,575.35,573.98,5,574.01,1005,574.41205
2025-05-23 13:00:00+00:00,576.78,578.16,575.65,3329,575.87,320418,576.904523
2025-05-23 14:00:00+00:00,577.12,578.9,576.8,3469,576.815,302953,577.910198
2025-05-23 15:00:00+00:00,578.01,579.72,576.82,3052,577.14,213617,578.139863
2025-05-23 16:00:00+00:00,578.91,579.55,577.62,2153,578.18,136061,578.562905
2025-05-23 17:00:00+00:00,580.88,581.41,578.74,2091,578.86,122201,580.436758
2025-05-23 18:00:00+00:00,580.68,581.77,580.09,2484,580.77,181756,580.978155
2025-05-23 19:00:00+00:00,579.2,581.4,578.52,3562,580.6,311076,579.838459
2025-05-23 20:00:00+00:00,578.43,578.43,578.43,2,578.43,200,578.43
2025-05-27 12:00:00+00:00,587.2,587.2,587.2,1,587.2,100,587.2
2025-05-27 13:00:00+00:00,586.13,586.33,584.47,2183,586.09,177677,585.605633
2025-05-27 14:00:00+00:00,588.03,588.55,586.16,2484,586.16,220501,587.592575
2025-05-27 15:00:00+00:00,588.945,589.105,587.95,1847,588.065,148550,588.55712
2025-05-27 16:00:00+00:00,589.95,590.62,588.94,2018,588.97,173452,589.791574
2025-05-27 17:00:00+00:00,591.03,591.05,589.91,1570,589.955,102219,590.327132
2025-05-27 18:00:00+00:00,590.36,591.29,590.36,1726,590.98,127030,590.76001
2025-05-27 19:00:00+00:00,591.06,591.06,589.88,4418,590.37,454742,590.409467
2025-05-27 20:00:00+00:00,591.54,591.54,590.92,22,591.14,9399,591.041626
2025-05-28 13:00:00+00:00,590.8,592.76,590.565,1487,591.67,151577,591.79027
2025-05-28 14:00:00+00:00,589.35,591.105,589.26,1742,590.79,145224,590.146037
2025-05-28 15:00:00+00:00,589.03,590.13,589.0,1206,589.32,97424,589.441558
2025-05-28 16:00:00+00:00,589.96,590.24,589.11,1036,589.115,82409,589.821237
2025-05-28 17:00:00+00:00,589.71,590.615,589.47,1306,590.0,91183,590.060978
2025-05-28 18:00:00+00:00,589.79,590.43,587.94,1585,589.71,151869,589.44793
2025-05-28 19:00:00+00:00,587.8,590.77,587.0,4097,589.8,405083,588.796358
2025-05-28 20:00:00+00:00,589.68,589.68,588.78,3,589.15,400,589.0975
2025-05-29 12:00:00+00:00,592.93,592.93,592.36,10,592.39,810,592.56
2025-05-29 13:00:00+00:00,591.15,593.1,590.33,1707,592.59,169017,591.593659
2025-05-29 14:00:00+00:00,590.9,591.52,588.5,2407,591.2,197749,589.741196
2025-05-29 15:00:00+00:00,587.05,591.0,586.55,1911,590.94,140049,589.231173
2025-05-29 16:00:00+00:00,589.82,590.1,586.26,1882,587.105,150858,588.486427
2025-05-29 17:00:00+00:00,588.55,590.32,588.44,1641,589.76,102432,589.428488
2025-05-29 18:00:00+00:00,588.81,589.52,587.67,1706,588.61,124956,588.696283
2025-05-29 19:00:00+00:00,589.95,590.66,588.36,4205,588.82,348097,589.358534
2025-05-29 20:00:00+00:00,589.92,589.98,589.34,52,589.74,9633,589.371509
2025-05-30 12:00:00+00:00,588.22,588.22,587.35,31,587.35,5640,587.373509
2025-05-30 13:00:00+00:00,587.01,589.06,586.44,1635,587.89,146779,587.707951
2025-05-30 14:00:00+00:00,588.73,589.9,587.29,2365,587.43,189522,588.969904
2025-05-30 15:00:00+00:00,587.985,589.35,587.36,1743,588.74,111079,588.416155
2025-05-30 16:00:00+00:00,584.38,588.63,583.265,3374,588.025,347405,584.986793
2025-05-30 17:00:00+00:00,585.86,586.67,583.99,2335,584.21,169221,585.618546
2025-05-30 18:00:00+00:00,588.67,588.85,585.96,2421,585.96,209561,587.839041
2025-05-30 19:00:00+00:00,589.3,591.115,588.68,4363,588.71,545392,589.936942
2025-05-30 20:00:00+00:00,589.24,590.16,588.66,31,590.16,6778,589.346777
2025-06-02 13:00:00+00:00,586.825,589.67,586.73,2141,587.58,198063,588.318783
2025-06-02 14:00:00+00:00,589.355,589.53,585.1,3635,586.19,337761,587.609341
2025-06-02 15:00:00+00:00,589.84,590.06,588.2,2421,589.44,195001,589.025068
2025-06-02 16:00:00+00:00,589.995,590.17,589.005,1695,589.77,113590,589.555567
2025-06-02 17:00:00+00:00,589.95,590.6,589.53,1395,590.06,77552,590.067311
2025-06-02 18:00:00+00:00,591.84,591.95,589.55,1970,589.895,130111,591.059214
2025-06-02 19:00:00+00:00,592.79,592.79,591.67,3645,591.86,364455,592.183643
2025-06-02 20:00:00+00:00,592.98,593.1,592.68,4,592.68,500,592.892
2025-06-03 12:00:00+00:00,591.79,591.79,591.73,8,591.73,432,591.76
2025-06-03 13:00:00+00:00,592.5,593.26,592.06,1285,592.23,109915,592.747846
2025-06-03 14:00:00+00:00,594.35,594.41,591.86,2330,592.75,198663,593.269135
2025-06-03 15:00:00+00:00,595.64,595.66,594.38,2053,594.38,144573,594.945735
2025-06-03 16:00:00+00:00,596.51,596.665,595.29,2179,595.575,123524,596.12528
2025-06-03 17:00:00+00:00,596.12,597.07,596.06,2233,596.49,119805,596.624552
2025-06-03 18:00:00+00:00,596.33,596.44,594.805,3117,596.14,184904,595.799076
2025-06-03 19:00:00+00:00,596.12,596.5,595.28,3960,596.345,309035,596.085402
2025-06-03 20:00:00+00:00,595.83,596.03,595.69,54,595.95,14626,595.859773
2025-06-04 12:00:00+00:00,596.62,596.62,596.62,4,596.62,230,596.62
2025-06-04 13:00:00+00:00,597.54,597.92,596.77,1634,596.77,115070,597.502792
2025-06-04 14:00:00+00:00,597.54,597.75,595.56,2611,596.95,215924,596.955259
2025-06-04 15:00:00+00:00,596.88,597.86,596.41,1586,597.58,105969,597.196081
2025-06-04 16:00:00+00:00,596.76,596.89,595.82,1546,596.86,98843,596.337599
2025-06-04 17:00:00+00:00,597.59,597.66,596.79,1210,596.79,94431,597.321695
2025-06-04 18:00:00+00:00,596.99,597.92,596.87,1310,597.74,94654,597.386773
2025-06-04 19:00:00+00:00,595.98,597.23,595.98,2604,597.03,228445,596.666222
2025-06-04 20:00:00+00:00,595.86,596.01,595.74,26,595.89,9090,595.830984
2025-06-05 12:00:00+00:00,597.28,598.38,596.26,21,596.53,1630,597.535
2025-06-05 13:00:00+00:00,594.29,597.88,593.93,1744,597.66,170069,595.497662
2025-06-05 14:00:00+00:00,597.33,597.51,594.05,3345,594.28,286348,595.842416
2025-06-05 15:00:00+00:00,598.79,598.93,597.16,2259,597.33,171950,598.215066
2025-06-05 16:00:00+00:00,594.755,598.93,594.27,2286,598.64,242915,596.312414
2025-06-05 17:00:00+00:00,595.86,596.94,594.35,1456,594.705,170075,595.564585
2025-06-05 18:00:00+00:00,595.26,596.1,593.08,2258,595.82,181644,595.028428
2025-06-05 19:00:00+00:00,593.08,595.5,591.07,5509,595.39,654522,593.063732
2025-06-05 20:00:00+00:00,592.29,593.59,592.29,10,593.44,933,593.203333
2025-06-06 12:00:00+00:00,597.65,597.65,595.63,3,595.63,230,596.64
2025-06-06 13:00:00+00:00,600.27,600.82,598.06,2342,598.62,228341,599.654112
2025-06-06 14:00:00+00:00,599.285,600.46,598.665,1986,600.35,164642,599.701237
2025-06-06 15:00:00+00:00,598.74,600.29,597.28,2341,599.27,176532,598.773075
2025-06-06 16:00:00+00:00,597.65,599.38,596.91,2064,598.76,137448,598.266156
2025-06-06 17:00:00+00:00,598.95,599.04,597.155,1514,597.55,77144,598.257203
2025-06-06 18:00:00+00:00,599.75,600.4,599.05,2698,599.09,172504,599.838386
2025-06-06 19:00:00+00:00,598.975,600.02,598.975,3861,599.67,358231,599.451804
2025-06-06 20:00:00+00:00,599.1,599.1,598.99,9,598.99,559,599.0525
2025-06-09 13:00:00+00:00,598.94,599.91,598.52,975,599.78,82290,599.17752
2025-06-09 14:00:00+00:00,599.46,600.37,598.9,1862,599.005,145375,599.630281
2025-06-09 15:00:00+00:00,599.85,600.01,599.12,941,599.55,66940,599.65808
2025-06-09 16:00:00+00:00,600.645,601.07,599.38,1256,599.825,80014,600.160607
2025-06-09 17:00:00+00:00,600.95,601.2,600.13,863,600.73,50178,600.820201
2025-06-09 18:00:00+00:00,601.01,601.25,600.35,996,600.905,72455,600.914517
2025-06-09 19:00:00+00:00,599.43,601.085,599.43,2551,601.01,245575,600.191222
2025-06-09 20:00:00+00:00,599.26,599.26,599.25,3,599.25,1132,599.250883
2025-06-10 12:00:00+00:00,600.55,600.55,600.55,2,600.55,170,600.55
2025-06-10 13:00:00+00:00,600.54,601.12,600.22,1236,600.335,99037,600.62397
2025-06-10 14:00:00+00:00,601.11,601.74,600.56,1164,600.56,87512,601.113833
2025-06-10 15:00:00+00:00,601.24,601.445,599.15,1935,601.09,140757,600.767518
2025-06-10 16:00:00+00:00,602.165,602.26,601.26,1382,601.26,96541,601.790592
2025-06-10 17:00:00+00:00,601.31,602.63,601.28,1255,602.155,76782,601.905448
2025-06-10 18:00:00+00:00,602.435,602.87,600.17,1767,601.26,145194,601.317416
2025-06-10 19:00:00+00:00,603.1,603.465,601.78,3410,602.385,307485,602.664678
2025-06-10 20:00:00+00:00,602.68,602.68,602.53,11,602.62,613,602.61
2025-06-11 12:00:00+00:00,604.33,605.56,604.33,14,604.84,930,604.982
2025-06-11 13:00:00+00:00,603.61,604.18,602.31,1591,604.18,118392,603.294508
2025-06-11 14:00:00+00:00,604.69,605.04,603.3,1880,603.63,120273,604.361499
2025-06-11 15:00:00+00:00,603.67,604.93,603.37,1301,604.78,90068,604.183353
2025-06-11 16:00:00+00:00,603.42,603.82,602.015,1885,603.65,131791,603.060685
2025-06-11 17:00:00+00:00,602.49,604.4,602.425,1163,603.49,87314,603.775092
2025-06-11 18:00:00+00:00,600.76,602.77,599.275,3027,602.405,214778,601.071423
2025-06-11 19:00:00+00:00,601.59,601.59,599.74,3493,600.79,282101,600.790972
2025-06-11 20:00:00+00:00,601.39,601.93,601.39,3,601.93,300,601.586667
2025-06-12 13:00:00+00:00,600.67,601.22,599.57,1116,600.02,87272,600.357953
2025-06-12 14:00:00+00:00,602.64,603.12,600.61,2006,600.83,125067,602.35486
2025-06-12 15:00:00+00:00,602.52,603.6,601.54,2115,602.68,115145,602.479425
2025-06-12 16:00:00+00:00,602.42,603.33,601.98,2044,602.425,118977,602.755533
2025-06-12 17:00:00+00:00,603.12,603.55,602.41,1657,602.41,80514,603.201448
2025-06-12 18:00:00+00:00,603.36,603.4,602.485,1866,603.16,114424,602.999589
2025-06-12 19:00:00+00:00,603.72,603.72,602.47,2818,603.315,179855,603.126752
2025-06-12 20:00:00+00:00,602.94,603.57,602.94,8,603.57,457,603.1475
2025-06-13 12:00:00+00:00,598.0,598.78,598.0,2,598.78,200,598.39
2025-06-13 13:00:00+00:00,598.0,600.35,597.88,1754,598.03,138780,599.240343
2025-06-13 14:00:00+00:00,599.15,599.35,596.64,2663,598.16,194392,597.958358
2025-06-13 15:00:00+00:00,601.25,601.67,598.97,1559,599.215,107594,600.412544
2025-06-13 16:00:00+00:00,601.07,601.84,600.285,1275,601.255,88043,601.178011
2025-06-13 17:00:00+00:00,599.8,601.15,598.96,1919,600.98,134788,599.877338
2025-06-13 18:00:00+00:00,597.23,600.25,595.63,2373,599.8,185962,597.405248
2025-06-13 19:00:00+00:00,596.78,597.61,595.52,2893,597.2,261056,596.518003
2025-06-13 20:00:00+00:00,597.0,597.43,597.0,14,597.43,8987,597.416149
2025-06-16 12:00:00+00:00,600.97,600.97,600.64,4,600.64,340,600.805
2025-06-16 13:00:00+00:00,603.02,603.39,600.24,2135,600.82,174489,601.962682
2025-06-16 14:00:00+00:00,603.92,604.45,602.99,2310,603.06,212193,603.819751
2025-06-16 15:00:00+00:00,603.13,604.08,602.81,2176,603.93,183560,603.58382
2025-06-16 16:00:00+00:00,602.745,603.66,602.52,1388,603.14,106776,603.008323
2025-06-16 17:00:00+00:00,602.3,603.7,602.14,1736,602.725,136782,602.827952
2025-06-16 18:00:00+00:00,602.56,602.87,601.86,1534,602.36,116490,602.391471
2025-06-16 19:00:00+00:00,602.705,602.775,601.67,3315,602.495,347367,602.170631
2025-06-16 20:00:00+00:00,602.86,603.04,602.86,6,603.04,396,602.96
2025-06-17 13:00:00+00:00,600.75,600.9,599.81,1486,600.22,125075,600.388462
2025-06-17 14:00:00+00:00,600.52,601.63,600.38,1902,601.005,129210,600.991403
2025-06-17 15:00:00+00:00,600.8,601.72,600.22,1589,600.46,104904,600.982361
2025-06-17 16:00:00+00:00,599.815,601.575,599.53,1417,600.77,125545,600.853602
2025-06-17 17:00:00+00:00,598.02,600.175,597.55,2173,599.74,162300,599.131716
2025-06-17 18:00:00+00:00,598.13,598.18,596.79,2443,597.92,224525,597.585957
2025-06-17 19:00:00+00:00,597.6,598.52,597.33,3486,598.15,330269,597.965457
2025-06-18 12:00:00+00:00,598.09,598.09,598.09,3,598.09,200,598.09
2025-06-18 13:00:00+00:00,599.18,599.52,597.38,1570,598.07,139291,598.420466
2025-06-18 14:00:00+00:00,600.84,601.21,598.75,2400,599.13,182060,600.476074
2025-06-18 15:00:00+00:00,599.71,600.9,599.65,1449,600.86,108878,600.229271
2025-06-18 16:00:00+00:00,599.46,600.31,599.42,1196,599.69,85883,599.751314
2025-06-18 17:00:00+00:00,599.68,599.965,598.04,1558,599.41,102238,599.262993
2025-06-18 18:00:00+00:00,597.19,600.93,596.76,2564,599.61,201352,599.062878
2025-06-18 19:00:00+00:00,597.52,598.89,596.5,4002,597.24,340067,597.764907
2025-06-20 12:00:00+00:00,597.7,597.7,596.56,11,596.56,830,597.13
2025-06-20 13:00:00+00:00,597.36,599.44,597.19,1461,598.385,137411,598.488717
2025-06-20 14:00:00+00:00,594.32,597.54,593.99,2442,597.26,198623,596.226007
2025-06-20 15:00:00+00:00,594.78,596.35,593.62,1914,594.265,131256,595.317142
2025-06-20 16:00:00+00:00,595.37,595.7,594.315,1468,594.57,86180,595.006366
2025-06-20 17:00:00+00:00,594.02,595.89,592.9,1775,595.27,124427,594.118587
2025-06-20 18:00:00+00:00,593.63,595.33,593.43,1773,594.05,123704,594.502476
2025-06-20 19:00:00+00:00,594.18,594.91,593.27,3644,593.57,337798,593.953609
2025-06-23 13:00:00+00:00,596.66,596.665,593.62,1557,594.9,108312,595.364358
2025-06-23 14:00:00+00:00,596.44,598.24,596.44,1944,596.83,151053,597.454507
2025-06-23 15:00:00+00:00,595.89,597.65,595.75,1550,596.42,113398,596.599292
2025-06-23 16:00:00+00:00,593.79,596.03,591.91,2503,595.85,190397,594.225814
2025-06-23 17:00:00+00:00,598.49,599.18,593.28,2362,593.55,181219,597.363095
2025-06-23 18:00:00+00:00,598.5,599.105,598.02,1912,598.52,133712,598.551385
2025-06-23 19:00:00+00:00,600.08,600.53,598.42,3518,598.47,317686,599.524827
2025-06-23 20:00:00+00:00,600.02,600.02,599.79,12,599.85,1523,599.861078
2025-06-24 13:00:00+00:00,604.09,605.44,603.83,1896,604.3,179314,604.888812
2025-06-24 14:00:00+00:00,604.95,605.34,603.52,2459,603.92,175547,604.564612
2025-06-24 15:00:00+00:00,605.75,606.15,604.985,1600,605.005,119783,605.600918
2025-06-24 16:00:00+00:00,606.635,607.16,605.67,1484,605.78,113200,606.505941
2025-06-24 17:00:00+00:00,607.21,607.36,606.31,1602,606.62,113287,606.729956
2025-06-24 18:00:00+00:00,607.315,607.45,606.87,1539,607.19,111400,607.182803
2025-06-24 19:00:00+00:00,606.75,607.835,606.75,3558,607.32,326527,607.365468
2025-06-24 20:00:00+00:00,606.78,606.9,606.77,22,606.82,14528,606.795471
2025-06-25 13:00:00+00:00,608.17,608.45,607.47,2358,607.95,178451,608.092047
2025-06-25 14:00:00+00:00,607.75,608.4,607.31,2477,608.18,191648,607.798216
2025-06-25 15:00:00+00:00,606.9,607.77,606.5,2471,607.75,176567,607.031806
2025-06-25 16:00:00+00:00,606.705,607.26,606.43,1182,606.87,81577,606.916035
2025-06-25 17:00:00+00:00,606.28,607.13,605.73,1833,606.72,132248,606.592943
2025-06-25 18:00:00+00:00,606.405,606.54,606.055,1283,606.24,76045,606.306142
2025-06-25 19:00:00+00:00,607.2,607.37,606.39,3056,606.41,270883,606.820811
2025-06-25 20:00:00+00:00,606.84,607.12,606.84,4,607.12,246,606.98
2025-06-26 12:00:00+00:00,609.07,609.07,609.07,1,609.07,100,609.07
2025-06-26 13:00:00+00:00,609.125,609.38,608.39,1460,609.01,111994,608.954843
2025-06-26 14:00:00+00:00,610.35,610.57,609.11,1948,609.225,190403,609.979369
2025-06-26 15:00:00+00:00,610.53,610.85,609.84,1458,610.37,130314,610.490271
2025-06-26 16:00:00+00:00,610.84,611.11,610.51,1053,610.53,91638,610.92554
2025-06-26 17:00:00+00:00,611.3,611.59,610.64,1089,610.64,108090,611.232259
2025-06-26 18:00:00+00:00,611.445,612.105,611.11,1877,611.265,180086,611.608128
2025-06-26 19:00:00+00:00,611.91,612.31,611.24,4780,611.5,524572,611.81132
2025-06-27 13:00:00+00:00,614.36,614.62,612.735,2116,613.31,206651,613.78164
2025-06-27 14:00:00+00:00,614.83,615.5,614.48,3018,614.48,239275,615.002991
2025-06-27 15:00:00+00:00,615.9,616.075,614.62,1477,614.78,118552,615.554898
2025-06-27 16:00:00+00:00,615.97,616.39,615.66,1695,615.9,127319,616.040427
2025-06-27 17:00:00+00:00,614.2,615.945,613.29,2373,615.945,202254,614.585791
2025-06-27 18:00:00+00:00,611.27,614.36,610.9,3296,614.095,306198,612.184691
2025-06-27 19:00:00+00:00,614.83,615.13,611.05,4089,611.14,399182,613.301022
2025-06-27 20:00:00+00:00,614.41,614.55,614.41,14,614.47,609,614.49
2025-06-30 12:00:00+00:00,616.93,617.53,616.93,17,617.46,1540,617.270095
2025-06-30 13:00:00+00:00,616.44,617.4,616.04,2614,617.37,164895,616.579819
2025-06-30 14:00:00+00:00,616.01,616.805,615.72,3055,616.38,312749,616.311009
2025-06-30 15:00:00+00:00,616.48,616.92,615.74,2435,616.03,209832,616.250736
2025-06-30 16:00:00+00:00,616.59,617.12,616.17,1751,616.52,112712,616.746212
2025-06-30 17:00:00+00:00,615.86,616.75,615.04,2216,616.725,153023,616.16061
2025-06-30 18:00:00+00:00,616.91,616.94,615.33,2708,615.855,199414,616.089063
2025-06-30 19:00:00+00:00,617.83,619.2,616.925,6754,616.95,694258,618.080886
2025-07-01 12:00:00+00:00,616.48,616.48,616.48,5,616.48,380,616.48
2025-07-01 13:00:00+00:00,617.22,617.73,616.28,1389,616.395,118350,617.007918
2025-07-01 14:00:00+00:00,616.505,618.04,616.185,2387,617.24,183514,616.997067
2025-07-01 15:00:00+00:00,616.94,617.49,615.56,2146,616.47,181152,616.569044
2025-07-01 16:00:00+00:00,617.11,618.1,616.73,1587,616.97,128781,617.477666
2025-07-01 17:00:00+00:00,618.55,618.81,617.01,1297,617.12,84223,617.890793
2025-07-01 18:00:00+00:00,617.95,618.66,617.91,1545,618.6,112777,618.266227
2025-07-01 19:00:00+00:00,617.64,618.68,616.78,3072,617.96,295627,617.818116
2025-07-01 20:00:00+00:00,617.48,617.56,617.47,8,617.54,5248,617.511907
2025-07-02 12:00:00+00:00,616.57,616.57,616.57,3,616.57,240,616.57
2025-07-02 13:00:00+00:00,617.29,617.63,616.64,1191,617.29,104487,617.292168
2025-07-02 14:00:00+00:00,618.71,619.155,617.29,2700,617.29,233719,618.363857
2025-07-02 15:00:00+00:00,619.285,619.43,618.565,1754,618.82,140542,619.041786
2025-07-02 16:00:00+00:00,619.57,619.6,618.87,1228,619.27,86605,619.255184
2025-07-02 17:00:00+00:00,619.43,619.68,619.15,1459,619.62,111194,619.466563
2025-07-02 18:00:00+00:00,619.85,619.94,619.23,1662,619.455,131275,619.653554
2025-07-02 19:00:00+00:00,620.425,620.47,619.61,3234,619.86,326096,620.037964
2025-07-02 20:00:00+00:00,620.13,620.4,620.1,136,620.4,81554,620.26207
2025-07-03 12:00:00+00:00,621.69,622.6,621.57,19,621.57,1690,622.020833
2025-07-03 13:00:00+00:00,624.075,624.54,622.46,1973,622.47,171758,623.636457
2025-07-03 14:00:00+00:00,625.27,625.45,624.06,1881,624.06,158835,624.937733
2025-07-03 15:00:00+00:00,625.915,626.07,625.18,2046,625.3,146468,625.66038
2025-07-03 16:00:00+00:00,625.41,626.26,624.94,3045,625.88,264970,625.691302
2025-07-03 17:00:00+00:00,625.03,625.61,624.99,8,625.61,800,625.13625
2025-07-07 12:00:00+00:00,624.17,624.17,624.17,1,624.17,100,624.17
2025-07-07 13:00:00+00:00,623.665,623.99,622.93,1077,623.33,72992,623.503999
2025-07-07 14:00:00+00:00,622.18,623.775,621.98,2336,623.6,152376,622.847246
2025-07-07 15:00:00+00:00,621.74,622.39,621.2,1800,622.245,117854,621.830962
2025-07-07 16:00:00+00:00,619.82,622.27,619.395,1684,621.87,141689,620.784652
2025-07-07 17:00:00+00:00,620.03,621.32,619.61,1121,619.81,91325,620.249609
2025-07-07 18:00:00+00:00,620.165,620.34,617.89,1835,620.0,151310,619.083761
2025-07-07 19:00:00+00:00,620.99,620.99,619.395,3691,620.14,377155,620.16046
2025-07-07 20:00:00+00:00,619.18,620.16,619.18,18,620.16,1730,619.973579
2025-07-08 12:00:00+00:00,621.16,621.16,621.16,1,621.16,100,621.16
2025-07-08 13:00:00+00:00,620.7,621.65,620.57,2087,621.34,138506,621.152817
2025-07-08 14:00:00+00:00,620.42,621.46,619.59,2461,620.655,212831,620.354238
2025-07-08 15:00:00+00:00,621.06,621.21,619.73,1815,620.41,153241,620.421924
2025-07-08 16:00:00+00:00,620.79,622.1,620.445,1797,621.1,159122,621.323247
2025-07-08 17:00:00+00:00,621.17,621.24,619.88,1173,620.78,95726,620.610765
2025-07-08 18:00:00+00:00,620.535,621.3,620.335,1512,621.09,98536,620.869515
2025-07-08 19:00:00+00:00,620.285,620.72,620.02,3303,620.51,306127,620.374311
2025-07-08 20:00:00+00:00,620.51,620.51,620.17,18,620.33,9907,620.384926
2025-07-09 13:00:00+00:00,624.275,624.71,622.68,1975,622.73,155149,623.974877
2025-07-09 14:00:00+00:00,621.43,624.54,621.07,2496,624.24,194589,622.770251
2025-07-09 15:00:00+00:00,621.95,622.54,620.92,2429,621.42,195195,621.796278
2025-07-09 16:00:00+00:00,622.03,622.37,621.57,1524,621.925,120128,621.98137
2025-07-09 17:00:00+00:00,622.48,622.785,621.73,2082,622.105,188066,622.358908
2025-07-09 18:00:00+00:00,623.4,623.54,622.43,1785,622.45,144261,623.04275
2025-07-09 19:00:00+00:00,624.035,624.21,623.11,3976,623.4,414114,623.67166
2025-07-09 20:00:00+00:00,623.97,624.19,623.9,38,624.19,13303,624.05539
2025-07-10 13:00:00+00:00,623.405,624.405,623.14,1083,623.65,80066,623.695539
2025-07-10 14:00:00+00:00,624.875,625.1,623.04,2253,623.375,188053,624.029828
2025-07-10 15:00:00+00:00,625.7,625.77,624.83,1480,624.865,120942,625.353688
2025-07-10 16:00:00+00:00,625.56,625.77,625.08,1343,625.69,123238,625.452626
2025-07-10 17:00:00+00:00,626.585,626.76,625.6,1680,625.6,139701,626.274243
2025-07-10 18:00:00+00:00,626.26,626.87,626.09,1762,626.585,177083,626.447732
2025-07-10 19:00:00+00:00,625.955,626.675,625.24,3939,626.24,374281,626.033649
2025-07-10 20:00:00+00:00,625.39,625.82,625.38,40,625.75,23454,625.622744
2025-07-11 12:00:00+00:00,622.87,622.87,622.87,1,622.87,100,622.87
2025-07-11 13:00:00+00:00,623.21,623.43,621.55,1053,622.45,86982,622.53058
2025-07-11 14:00:00+00:00,623.91,624.315,623.005,1442,623.225,119402,623.687002
2025-07-11 15:00:00+00:00,623.765,624.63,622.74,1651,623.85,139952,623.674373
2025-07-11 16:00:00+00:00,624.34,624.41,623.19,1283,623.79,101744,623.74648
2025-07-11 17:00:00+00:00,624.47,624.57,623.77,1579,624.38,141799,624.242317
2025-07-11 18:00:00+00:00,624.32,624.85,624.11,2072,624.57,195918,624.500133
2025-07-11 19:00:00+00:00,623.64,624.71,623.13,4262,624.35,469817,624.041255
2025-07-11 20:00:00+00:00,623.61,623.61,623.34,20,623.37,10765,623.424421
2025-07-14 13:00:00+00:00,622.685,623.445,621.81,1285,623.13,88127,622.748696
2025-07-14 14:00:00+00:00,623.38,623.71,622.37,1539,622.77,95699,622.958772
2025-07-14 15:00:00+00:00,623.95,624.39,623.34,1451,623.43,85512,623.842553
2025-07-14 16:00:00+00:00,624.27,624.47,623.65,1223,623.94,74284,624.08886
2025-07-14 17:00:00+00:00,624.69,624.96,624.31,1353,624.31,92693,624.710548
2025-07-14 18:00:00+00:00,624.94,625.105,624.62,1406,624.66,87599,624.919306
2025-07-14 19:00:00+00:00,624.71,625.1,624.305,3258,624.955,260706,624.688402
2025-07-14 20:00:00+00:00,624.55,624.76,624.55,16,624.76,4134,624.623579
2025-07-15 13:00:00+00:00,625.6,627.855,625.6,1196,627.53,108603,626.559248
2025-07-15 14:00:00+00:00,623.84,626.395,623.83,1907,625.535,167526,625.299685
2025-07-15 15:00:00+00:00,624.84,625.38,623.9,1555,624.09,140289,624.696146
2025-07-15 16:00:00+00:00,623.225,624.97,623.01,1616,624.82,146530,624.21359
2025-07-15 17:00:00+00:00,624.585,624.61,622.98,1711,623.2,143805,623.844379
2025-07-15 18:00:00+00:00,623.315,624.825,623.28,2190,624.575,183440,624.355472
2025-07-15 19:00:00+00:00,622.19,623.77,622.08,3633,623.18,346163,623.259563
2025-07-16 12:00:00+00:00,623.59,623.65,623.29,5,623.29,440,623.51
2025-07-16 13:00:00+00:00,622.15,624.035,622.055,1255,623.47,87165,622.975805
2025-07-16 14:00:00+00:00,622.27,623.35,621.52,2419,622.13,189774,622.322034
2025-07-16 15:00:00+00:00,621.875,623.34,618.06,5906,622.22,543203,620.598026
2025-07-16 16:00:00+00:00,623.08,623.11,621.125,1642,621.895,120496,621.978864
2025-07-16 17:00:00+00:00,623.13,623.715,622.91,1525,623.07,99614,623.268164
2025-07-16 18:00:00+00:00,624.345,624.355,622.72,1541,622.995,150699,623.472294
2025-07-16 19:00:00+00:00,624.23,624.72,623.83,3107,624.355,254813,624.250175
2025-07-16 20:00:00+00:00,623.98,624.06,623.98,17,624.01,4747,624.020541
2025-07-17 13:00:00+00:00,625.695,626.19,624.21,1769,624.32,140019,625.202465
2025-07-17 14:00:00+00:00,625.81,626.21,624.95,2625,625.765,176411,625.683554
2025-07-17 15:00:00+00:00,627.21,627.26,625.79,2878,625.82,197685,626.515245
2025-07-17 16:00:00+00:00,626.84,627.49,626.54,2316,627.215,142304,626.972344
2025-07-17 17:00:00+00:00,627.45,627.46,626.665,1874,626.81,116409,627.034756
2025-07-17 18:00:00+00:00,627.96,628.115,627.14,2125,627.435,147562,627.717883
2025-07-17 19:00:00+00:00,627.98,628.4,627.66,5374,627.97,558829,628.0178
2025-07-18 12:00:00+00:00,628.72,628.72,628.66,3,628.66,270,628.69
2025-07-18 13:00:00+00:00,628.63,629.305,628.52,1469,629.25,142329,628.835886
2025-07-18 14:00:00+00:00,627.17,629.29,627.13,1875,628.99,167624,627.884059
2025-07-18 15:00:00+00:00,628.1,628.155,626.93,1581,627.125,102006,627.701836
2025-07-18 16:00:00+00:00,626.7,628.14,626.51,1833,628.1,136506,627.182989
2025-07-18 17:00:00+00:00,627.105,627.53,626.47,1325,626.72,78080,626.992519
2025-07-18 18:00:00+00:00,627.19,627.41,626.79,1646,627.095,103254,627.182676
2025-07-18 19:00:00+00:00,627.59,627.76,627.02,3946,627.28,340889,627.388037
2025-07-18 20:00:00+00:00,627.5,627.65,627.45,39,627.51,23721,627.539417
2025-07-21 12:00:00+00:00,628.89,628.89,628.89,2,628.89,170,628.89
2025-07-21 13:00:00+00:00,630.52,630.695,628.46,1475,628.46,129950,629.591063
2025-07-21 14:00:00+00:00,631.01,631.38,630.39,1968,630.805,137891,630.873622
2025-07-21 15:00:00+00:00,631.17,631.5,630.89,1153,631.0,87557,631.21767
2025-07-21 16:00:00+00:00,631.27,631.31,630.56,1374,631.155,110027,630.918078
2025-07-21 17:00:00+00:00,631.15,631.52,631.13,1391,631.25,105764,631.364545
2025-07-21 18:00:00+00:00,630.37,631.27,630.33,1577,631.15,141268,630.839871
2025-07-21 19:00:00+00:00,628.73,630.39,628.345,3653,630.39,397684,629.057368
2025-07-21 20:00:00+00:00,628.85,629.0,628.7,27,628.7,21787,628.899622
2025-07-22 13:00:00+00:00,626.9,629.18,626.195,2082,628.975,152013,627.873397
2025-07-22 14:00:00+00:00,627.93,628.01,626.27,2758,626.705,154459,627.172909
2025-07-22 15:00:00+00:00,627.64,628.075,627.42,1962,627.955,94426,627.806137
2025-07-22 16:00:00+00:00,627.855,628.11,627.06,1700,627.66,94349,627.666511
2025-07-22 17:00:00+00:00,628.37,629.15,627.83,2023,627.845,113227,628.542724
2025-07-22 18:00:00+00:00,629.345,629.51,627.59,2339,628.52,146021,628.735139
2025-07-22 19:00:00+00:00,628.78,629.62,628.77,4384,629.34,387106,629.2797
2025-07-22 20:00:00+00:00,628.8,628.86,628.69,25,628.85,12462,628.774622
2025-07-23 12:00:00+00:00,631.38,631.38,631.38,2,631.38,170,631.38
2025-07-23 13:00:00+00:00,629.93,631.56,629.86,1180,631.31,87964,630.75186
2025-07-23 14:00:00+00:00,630.71,630.77,629.755,1459,629.98,95181,630.336921
2025-07-23 15:00:00+00:00,632.065,632.755,630.355,1857,630.73,152685,631.016462
2025-07-23 16:00:00+00:00,631.835,632.61,631.35,1606,631.99,88200,631.967667
2025-07-23 17:00:00+00:00,632.5,632.87,631.575,1602,631.89,105974,632.276612
2025-07-23 18:00:00+00:00,633.28,633.65,632.555,2454,632.555,186694,633.229754
2025-07-23 19:00:00+00:00,634.16,634.16,632.95,4112,633.265,400002,633.406353
2025-07-23 20:00:00+00:00,634.84,634.84,633.91,15,633.91,4393,634.200346
2025-07-24 13:00:00+00:00,635.055,635.33,634.03,1360,634.09,96566,634.625475
2025-07-24 14:00:00+00:00,635.5,635.62,634.2,2234,635.03,145717,635.008008
2025-07-24 15:00:00+00:00,635.54,635.89,635.28,1865,635.55,124459,635.60083
2025-07-24 16:00:00+00:00,634.895,635.53,634.34,1600,635.52,119864,634.921092
2025-07-24 17:00:00+00:00,635.25,635.9,634.77,1384,634.85,92894,635.463963
2025-07-24 18:00:00+00:00,635.26,636.105,634.71,2356,635.25,180932,635.57877
2025-07-24 19:00:00+00:00,634.49,635.755,634.29,4527,635.21,380331,635.04048
2025-07-24 20:00:00+00:00,634.54,634.54,634.29,29,634.44,21885,634.34225
2025-07-25 13:00:00+00:00,635.23,635.59,634.96,1403,635.0,95684,635.262007
2025-07-25 14:00:00+00:00,635.82,636.11,634.895,1945,635.275,151008,635.649058
2025-07-25 15:00:00+00:00,635.93,636.07,635.615,1527,635.81,98334,635.879493
2025-07-25 16:00:00+00:00,636.84,636.95,635.79,1575,635.91,124381,636.545769
2025-07-25 17:00:00+00:00,637.14,637.35,636.67,1681,636.835,130654,637.048307
2025-07-25 18:00:00+00:00,637.195,637.53,636.97,1750,637.14,124349,637.311022
2025-07-25 19:00:00+00:00,637.02,637.575,636.645,3905,637.185,435806,637.158877
2025-07-25 20:00:00+00:00,636.95,637.06,636.79,32,636.79,24682,636.888438
2025-07-28 13:00:00+00:00,637.465,637.82,637.08,1485,637.465,101787,637.412113
2025-07-28 14:00:00+00:00,637.41,638.02,637.26,2940,637.45,178624,637.663456
2025-07-28 15:00:00+00:00,637.395,637.57,636.34,2326,637.43,141464,637.175431
2025-07-28 16:00:00+00:00,636.885,637.65,636.77,1548,637.38,90836,637.171688
2025-07-28 17:00:00+00:00,636.135,637.14,636.11,1712,636.89,99242,636.577838
2025-07-28 18:00:00+00:00,636.08,636.29,635.55,2726,636.085,175340,635.954407
2025-07-28 19:00:00+00:00,636.95,636.99,635.69,4445,636.06,363245,636.32596
2025-07-28 20:00:00+00:00,636.99,637.1,636.86,106,637.01,53444,636.963443
2025-07-29 13:00:00+00:00,637.955,638.63,637.24,1077,638.35,79223,638.082118
2025-07-29 14:00:00+00:00,636.69,638.05,636.56,1522,637.975,126587,637.382065
2025-07-29 15:00:00+00:00,635.885,637.005,634.72,1656,636.72,146040,635.977539
2025-07-29 16:00:00+00:00,636.22,636.22,635.18,882,635.87,65948,635.677955
2025-07-29 17:00:00+00:00,635.635,636.535,634.95,1100,636.11,100469,636.02797
2025-07-29 18:00:00+00:00,635.355,635.84,635.16,1097,635.58,73978,635.506808
2025-07-29 19:00:00+00:00,635.26,635.6,634.365,2783,635.33,342548,635.081896
2025-07-29 20:00:00+00:00,635.14,635.17,635.07,3,635.17,1112,635.134209
2025-07-30 13:00:00+00:00,635.615,636.21,635.34,1196,636.0,126635,635.807821
2025-07-30 14:00:00+00:00,636.24,636.79,635.43,1983,635.695,167121,636.218914
2025-07-30 15:00:00+00:00,636.14,636.32,635.065,1691,636.225,138266,635.580382
2025-07-30 16:00:00+00:00,636.46,636.68,635.99,1484,636.18,112775,636.387028
2025-07-30 17:00:00+00:00,636.695,636.95,636.12,1624,636.455,95328,636.528656
2025-07-30 18:00:00+00:00,632.9,637.63,632.68,4027,636.63,279480,635.795993
2025-07-30 19:00:00+00:00,634.56,634.615,631.63,5268,632.82,445151,632.963067
2025-07-30 20:00:00+00:00,637.2,638.02,637.2,19,638.01,14096,638.000001
2025-07-31 13:00:00+00:00,639.46,639.84,637.69,1808,639.46,138142,638.836776
2025-07-31 14:00:00+00:00,636.62,639.76,636.555,2348,639.38,217467,638.30442
2025-07-31 15:00:00+00:00,637.545,637.545,635.1,1858,636.625,167951,636.44583
2025-07-31 16:00:00+00:00,637.81,638.3,637.29,1169,637.55,103606,637.869971
2025-07-31 17:00:00+00:00,633.45,637.72,633.12,1700,637.64,142795,635.249329
2025-07-31 18:00:00+00:00,634.095,635.1,631.45,1971,633.44,185782,633.880459
2025-07-31 19:00:00+00:00,631.9,634.81,630.78,3990,634.23,467935,632.501409
2025-07-31 20:00:00+00:00,632.26,632.26,632.09,11,632.09,17681,632.102317
2025-08-01 12:00:00+00:00,626.89,626.89,626.89,1,626.89,100,626.89
2025-08-01 13:00:00+00:00,621.46,626.33,621.2,3052,626.11,278168,622.840327
2025-08-01 14:00:00+00:00,621.97,624.045,619.66,5090,621.39,471401,622.358758
2025-08-01 15:00:00+00:00,624.0,624.01,621.395,3501,621.97,287002,622.439185
2025-08-01 16:00:00+00:00,621.36,624.94,621.2,4438,623.905,369930,623.433443
2025-08-01 17:00:00+00:00,620.63,621.77,620.22,4156,621.35,345331,620.95126
2025-08-01 18:00:00+00:00,621.38,623.095,619.31,4418,620.7,342891,621.196023
2025-08-01 19:00:00+00:00,621.74,623.26,621.01,7412,621.41,713095,621.920515
2025-08-04 13:00:00+00:00,629.02,629.185,625.6,1902,625.72,167861,627.669632
2025-08-04 14:00:00+00:00,629.1,629.67,628.355,2085,629.14,167942,629.028443
2025-08-04 15:00:00+00:00,629.875,630.02,628.61,1845,629.13,133186,629.208843
2025-08-04 16:00:00+00:00,630.16,630.425,629.64,1572,629.94,89805,629.959607
2025-08-04 17:00:00+00:00,629.81,630.52,629.515,1109,630.15,59591,630.181097
2025-08-04 18:00:00+00:00,629.835,630.395,629.765,1317,629.765,92105,630.039997
2025-08-04 19:00:00+00:00,631.07,631.19,629.76,3645,629.9,414466,630.482076
2025-08-04 20:00:00+00:00,632.08,632.09,630.0,44,631.16,25500,631.456863
2025-08-05 12:00:00+00:00,632.02,632.94,632.02,10,632.82,894,632.600476
2025-08-05 13:00:00+00:00,631.92,632.6,631.275,1361,631.72,88615,631.979113
2025-08-05 14:00:00+00:00,627.915,631.84,627.065,2647,631.84,221907,628.958676
2025-08-05 15:00:00+00:00,628.1,628.65,627.17,1943,627.68,107675,628.015714
2025-08-05 16:00:00+00:00,628.92,629.65,627.81,1797,628.13,82456,628.780275
2025-08-05 17:00:00+00:00,630.15,630.3,628.74,1592,628.87,78471,629.754095
2025-08-05 18:00:00+00:00,628.45,630.225,627.89,1869,630.12,122256,629.025716
2025-08-05 19:00:00+00:00,628.025,629.11,627.825,3348,628.42,267951,628.467482
2025-08-05 20:00:00+00:00,628.09,628.09,628.09,11,628.09,740,628.09
2025-08-06 12:00:00+00:00,629.32,629.35,629.29,8,629.29,920,629.336957
2025-08-06 13:00:00+00:00,629.06,629.93,628.28,930,629.53,82498,629.021494
2025-08-06 14:00:00+00:00,630.885,630.98,628.165,1396,629.0,111528,629.683801
2025-08-06 15:00:00+00:00,632.68,632.865,630.44,1499,630.95,128202,631.581203
2025-08-06 16:00:00+00:00,632.195,632.91,631.89,1209,632.69,78369,632.44148
2025-08-06 17:00:00+00:00,632.23,632.685,631.94,969,632.24,53922,632.322718
2025-08-06 18:00:00+00:00,632.6,633.185,632.2,1482,632.2,86108,632.849063
2025-08-06 19:00:00+00:00,632.7,633.41,632.405,3033,632.6,303041,632.769023
2025-08-06 20:00:00+00:00,632.35,632.7,632.35,69,632.7,12850,632.516944
2025-08-07 12:00:00+00:00,636.4,636.57,636.3,17,636.52,1870,636.419941
2025-08-07 13:00:00+00:00,636.405,636.955,635.31,1294,636.7,112817,636.192532
2025-08-07 14:00:00+00:00,632.65,636.8,632.42,2173,636.7,290734,633.617436
2025-08-07 15:00:00+00:00,631.98,633.11,631.38,1897,632.71,131070,632.221807
2025-08-07 16:00:00+00:00,631.285,632.6,630.135,1732,631.86,148699,631.785896
2025-08-07 17:00:00+00:00,630.755,631.79,629.79,1521,631.565,117165,630.583534
2025-08-07 18:00:00+00:00,630.51,631.005,629.195,1384,630.84,111143,630.106842
2025-08-07 19:00:00+00:00,632.36,632.36,630.04,2500,630.6,231631,631.030629
2025-08-08 12:00:00+00:00,633.81,634.29,633.58,9,634.29,910,633.780266
2025-08-08 13:00:00+00:00,635.83,635.89,633.78,1098,633.88,107946,634.840415
2025-08-08 14:00:00+00:00,635.855,637.015,635.725,1519,635.88,109868,636.346501
2025-08-08 15:00:00+00:00,636.315,636.47,634.925,1492,635.81,123984,635.930268
2025-08-08 16:00:00+00:00,636.53,637.33,636.33,1099,636.335,81088,636.846617
2025-08-08 17:00:00+00:00,637.2,637.325,636.155,1076,636.54,73237,636.788275
2025-08-08 18:00:00+00:00,637.26,637.635,636.95,1228,637.245,104293,637.329258
2025-08-08 19:00:00+00:00,637.26,637.595,636.07,2450,637.235,235057,636.933327
2025-08-08 20:00:00+00:00,637.47,637.47,637.21,20,637.21,2026,637.294648
2025-08-11 12:00:00+00:00,637.62,637.85,637.59,3,637.85,300,637.686667
2025-08-11 13:00:00+00:00,637.69,637.745,636.98,1340,637.47,87376,637.363745
2025-08-11 14:00:00+00:00,636.78,637.97,636.61,1228,637.675,98778,637.473783
2025-08-11 15:00:00+00:00,637.85,637.86,636.585,1115,636.76,80020,637.082932
2025-08-11 16:00:00+00:00,637.33,638.925,637.33,1262,637.835,115957,638.241199
2025-08-11 17:00:00+00:00,636.62,637.58,636.44,923,637.36,76229,637.114665
2025-08-11 18:00:00+00:00,636.505,636.85,635.655,1328,636.83,100177,636.545954
2025-08-11 19:00:00+00:00,635.86,636.625,634.68,2962,636.5,360668,635.645515
2025-08-12 12:00:00+00:00,639.06,639.9,635.85,40,635.85,3524,638.538972
2025-08-12 13:00:00+00:00,637.34,639.86,636.98,1631,638.58,126703,638.434611
2025-08-12 14:00:00+00:00,639.87,640.22,636.87,1652,637.35,132224,638.980916
2025-08-12 15:00:00+00:00,641.2,641.26,639.865,1870,639.91,173948,640.692344
2025-08-12 16:00:00+00:00,641.705,641.975,640.95,1147,641.135,77668,641.396684
2025-08-12 17:00:00+00:00,642.07,642.14,641.455,1231,641.68,82381,641.736633
2025-08-12 18:00:00+00:00,642.025,642.6,641.99,1614,642.13,113296,642.213398
2025-08-12 19:00:00+00:00,642.63,642.84,641.995,3617,642.015,357767,642.476138
2025-08-12 20:00:00+00:00,642.58,642.74,642.52,16,642.74,5696,642.585556
2025-08-13 12:00:00+00:00,644.34,644.34,644.34,1,644.34,100,644.34
2025-08-13 13:00:00+00:00,645.605,646.15,644.5,1355,644.65,132788,645.442804
2025-08-13 14:00:00+00:00,643.84,645.7,643.59,2031,645.6,183828,644.603171
2025-08-13 15:00:00+00:00,643.41,644.235,643.08,1505,643.81,141966,643.68254
2025-08-13 16:00:00+00:00,642.97,643.875,642.725,896,643.5,75700,643.318918
2025-08-13 17:00:00+00:00,643.645,643.74,642.74,934,643.17,76797,643.206423
2025-08-13 18:00:00+00:00,644.0,644.3,643.32,1618,643.53,81303,643.888212
2025-08-13 19:00:00+00:00,644.92,645.09,643.91,3587,643.995,291870,644.550714
2025-08-13 20:00:00+00:00,645.07,645.23,645.07,27,645.18,13885,645.15485
2025-08-14 12:00:00+00:00,642.3,643.1,641.49,35,642.78,2745,642.42098
2025-08-14 13:00:00+00:00,644.07,644.23,642.25,1263,642.25,71452,643.302922
2025-08-14 14:00:00+00:00,644.735,645.52,643.715,1885,644.05,85826,644.531046
2025-08-14 15:00:00+00:00,644.08,644.79,642.96,1781,644.745,86948,643.899331
2025-08-14 16:00:00+00:00,644.18,644.21,642.685,1878,644.01,61129,643.541665
2025-08-14 17:00:00+00:00,644.68,645.055,644.14,1892,644.16,56693,644.578587
2025-08-14 18:00:00+00:00,644.59,644.95,643.95,2010,644.65,84731,644.422889
2025-08-14 19:00:00+00:00,644.9,645.62,644.5,3794,644.5,240346,645.295173
2025-08-14 20:00:00+00:00,644.85,644.85,644.7,18,644.72,2983,644.733693
2025-08-15 12:00:00+00:00,646.09,646.09,646.09,1,646.09,100,646.09
2025-08-15 13:00:00+00:00,644.1,646.33,643.735,1142,646.25,101553,644.770093
2025-08-15 14:00:00+00:00,643.59,644.63,643.22,1260,643.7,104368,643.987043
2025-08-15 15:00:00+00:00,643.495,644.19,642.63,1229,643.51,101676,643.53354
2025-08-15 16:00:00+00:00,644.08,644.265,643.13,1082,643.37,106748,643.606593
2025-08-15 17:00:00+00:00,644.8,644.8,643.77,1542,644.1,99902,644.244284
2025-08-15 18:00:00+00:00,644.225,644.87,643.87,1639,644.71,135280,644.375723
2025-08-15 19:00:00+00:00,643.52,644.24,643.15,3135,644.24,275518,643.628714
2025-08-15 20:00:00+00:00,643.16,643.48,643.16,6,643.48,4995,643.30901
2025-08-18 12:00:00+00:00,642.68,642.69,642.68,5,642.69,370,642.684762
2025-08-18 13:00:00+00:00,642.625,643.76,642.59,1120,643.15,99923,643.222156
2025-08-18 14:00:00+00:00,643.23,643.91,642.31,1851,642.87,117489,643.207858
2025-08-18 15:00:00+00:00,642.74,643.42,642.525,1485,643.215,85816,642.932747
2025-08-18 16:00:00+00:00,642.46,643.33,642.2,1306,642.77,68745,642.812329
2025-08-18 17:00:00+00:00,642.79,643.8,642.5,1466,642.5,69580,643.017616
2025-08-18 18:00:00+00:00,643.38,643.55,642.48,1439,642.75,86983,643.033794
2025-08-18 19:00:00+00:00,643.21,643.84,643.08,2653,643.42,198979,643.477125
2025-08-18 20:00:00+00:00,643.3,643.36,643.25,69,643.33,14753,643.297171
2025-08-19 12:00:00+00:00,643.23,643.23,643.15,3,643.15,270,643.19
2025-08-19 13:00:00+00:00,642.89,643.38,642.025,1101,642.76,84849,642.672199
2025-08-19 14:00:00+00:00,641.22,644.1,641.21,2301,642.915,182221,642.932768
2025-08-19 15:00:00+00:00,640.74,641.88,640.51,1628,641.21,127070,641.232421
2025-08-19 16:00:00+00:00,639.66,641.09,639.355,1232,640.73,85996,640.214436
2025-08-19 17:00:00+00:00,639.93,640.095,638.83,1375,639.69,115563,639.674008
2025-08-19 18:00:00+00:00,639.09,639.87,638.66,1398,639.8,97808,639.114511
2025-08-19 19:00:00+00:00,639.75,639.89,638.53,3244,639.015,373042,639.328228
2025-08-19 20:00:00+00:00,639.89,640.09,639.77,44,639.77,17932,639.999325
2025-08-20 12:00:00+00:00,639.32,639.32,639.17,17,639.28,1300,639.23875
2025-08-20 13:00:00+00:00,635.35,639.6,634.97,2446,639.22,233903,637.143478
2025-08-20 14:00:00+00:00,633.38,636.285,632.96,2666,635.29,248736,634.345072
2025-08-20 15:00:00+00:00,635.17,636.835,633.32,2190,633.32,202793,635.462039
2025-08-20 16:00:00+00:00,636.31,637.465,635.12,1792,635.16,148238,636.628926
2025-08-20 17:00:00+00:00,637.18,637.93,636.17,1192,636.23,78693,637.072903
2025-08-20 18:00:00+00:00,636.68,637.34,635.235,2249,637.17,202983,636.447192
2025-08-20 19:00:00+00:00,637.92,639.02,636.77,3802,636.81,366721,638.399053
2025-08-21 12:00:00+00:00,636.21,636.37,635.45,15,635.84,1160,635.897937
2025-08-21 13:00:00+00:00,635.15,636.43,634.44,926,635.41,80166,635.665218
2025-08-21 14:00:00+00:00,637.15,637.955,634.66,1257,635.215,117199,637.049206
2025-08-21 15:00:00+00:00,635.59,637.53,635.31,1146,637.18,82517,636.52823
2025-08-21 16:00:00+00:00,634.8,635.975,634.72,860,635.57,62441,635.467065
2025-08-21 17:00:00+00:00,635.93,636.15,633.87,941,634.86,100178,635.046884
2025-08-21 18:00:00+00:00,636.15,636.25,635.25,984,635.84,92867,635.834712
2025-08-21 19:00:00+00:00,635.63,636.52,635.09,2150,636.04,210788,635.700442
2025-08-21 20:00:00+00:00,635.52,635.55,635.52,14,635.55,955,635.545714
2025-08-22 12:00:00+00:00,637.04,637.26,637.04,10,637.26,870,637.136385
2025-08-22 13:00:00+00:00,638.405,639.705,636.94,1290,636.94,108685,638.618748
2025-08-22 14:00:00+00:00,645.65,646.14,638.69,4084,638.69,457602,644.261344
2025-08-22 15:00:00+00:00,645.41,646.49,645.35,2405,645.715,212227,645.920498
2025-08-22 16:00:00+00:00,644.7,645.9,644.315,1325,645.43,109790,645.24786
2025-08-22 17:00:00+00:00,645.765,646.39,644.79,1241,644.79,107377,645.837296
2025-08-22 18:00:00+00:00,645.46,646.02,645.29,1573,645.83,126660,645.603768
2025-08-22 19:00:00+00:00,645.31,645.61,644.325,4376,645.49,420468,645.07077
2025-08-22 20:00:00+00:00,645.52,645.55,645.23,13,645.38,7900,645.335064
2025-08-25 12:00:00+00:00,643.58,643.58,643.19,3,643.19,300,643.32
2025-08-25 13:00:00+00:00,644.32,644.34,643.415,1441,643.56,125914,643.956469
2025-08-25 14:00:00+00:00,644.42,644.65,643.75,1703,644.46,135374,644.161224
2025-08-25 15:00:00+00:00,644.98,645.05,644.24,1220,644.37,85244,644.721571
2025-08-25 16:00:00+00:00,645.02,645.28,644.83,1133,644.92,70340,645.025046
2025-08-25 17:00:00+00:00,644.515,644.995,644.04,1095,644.985,85105,644.583557
2025-08-25 18:00:00+00:00,644.0,644.54,643.895,1081,644.54,79091,644.210031
2025-08-25 19:00:00+00:00,642.55,644.11,642.43,2591,643.97,321487,643.400712
2025-08-25 20:00:00+00:00,643.03,643.05,642.4,87,642.42,26288,642.736762
2025-08-26 13:00:00+00:00,642.4,642.815,641.57,1047,642.1,102300,642.390038
2025-08-26 14:00:00+00:00,642.695,643.27,642.47,1586,642.68,139534,642.903752
2025-08-26 15:00:00+00:00,642.775,642.895,642.325,704,642.675,56811,642.602323
2025-08-26 16:00:00+00:00,643.28,643.53,642.78,657,642.78,56582,643.273752
2025-08-26 17:00:00+00:00,642.875,643.57,642.45,816,643.28,49201,643.070329
2025-08-26 18:00:00+00:00,643.9,643.97,642.81,1142,642.81,83324,643.477666
2025-08-26 19:00:00+00:00,645.16,645.51,643.62,2666,643.89,336432,644.594769
2025-08-26 20:00:00+00:00,645.6,645.6,645.03,60,645.25,14235,645.242237
2025-08-27 13:00:00+00:00,645.36,645.48,644.46,1159,644.555,108443,645.119201
2025-08-27 14:00:00+00:00,646.205,646.4,645.27,1812,645.33,146531,645.987576
2025-08-27 15:00:00+00:00,646.53,646.68,646.0,1406,646.245,114760,646.412972
2025-08-27 16:00:00+00:00,646.29,646.59,645.4,1302,646.53,89638,646.192281
2025-08-27 17:00:00+00:00,646.76,646.815,646.09,1339,646.32,101577,646.52541
2025-08-27 18:00:00+00:00,647.05,647.33,646.585,1418,646.74,155212,647.134654
2025-08-27 19:00:00+00:00,646.61,647.37,645.84,2467,647.04,260998,646.903107
2025-08-27 20:00:00+00:00,645.12,646.62,645.12,15,646.62,5195,646.345692
2025-08-28 12:00:00+00:00,647.25,647.25,646.55,11,646.63,759,646.99
2025-08-28 13:00:00+00:00,645.9,648.09,645.365,1614,647.165,168446,646.919852
2025-08-28 14:00:00+00:00,646.88,647.16,645.62,1563,645.9,155174,646.433383
2025-08-28 15:00:00+00:00,647.04,647.65,646.155,1026,646.86,96381,646.873345
2025-08-28 16:00:00+00:00,647.675,648.36,646.98,1221,647.07,116219,647.792918
2025-08-28 17:00:00+00:00,648.38,648.49,647.46,1076,647.625,101480,648.112504
2025-08-28 18:00:00+00:00,648.96,649.055,648.33,1255,648.38,181975,648.670515
2025-08-28 19:00:00+00:00,648.94,649.47,648.75,3002,648.96,432486,649.068852
2025-08-28 20:00:00+00:00,648.87,648.87,648.59,77,648.82,20894,648.707044
2025-08-29 12:00:00+00:00,647.48,647.48,646.86,16,646.86,1240,647.09
2025-08-29 13:00:00+00:00,645.44,647.82,645.36,1457,647.69,170910,646.742972
2025-08-29 14:00:00+00:00,643.82,646.04,643.195,3123,645.57,337274,644.290272
2025-08-29 15:00:00+00:00,643.78,644.72,643.74,1749,643.78,122484,644.228535
2025-08-29 16:00:00+00:00,644.72,645.02,643.77,1872,643.77,116338,644.599104
2025-08-29 17:00:00+00:00,644.64,645.0,643.47,1895,644.67,131134,644.200428
2025-08-29 18:00:00+00:00,644.435,644.71,644.18,1622,644.65,112642,644.445314
2025-08-29 19:00:00+00:00,645.0,645.14,643.77,4716,644.42,523046,644.541861
2025-08-29 20:00:00+00:00,645.0,645.07,644.96,96,645.03,51514,645.008155
2025-09-02 12:00:00+00:00,637.84,639.18,637.84,18,638.89,1470,638.4825
2025-09-02 13:00:00+00:00,638.96,639.31,636.06,1922,637.51,168328,637.122229
2025-09-02 14:00:00+00:00,637.69,640.09,637.325,1351,639.0,117370,638.815665
2025-09-02 15:00:00+00:00,635.23,637.885,634.96,1345,637.705,112869,636.239449
2025-09-02 16:00:00+00:00,636.87,636.96,635.1,1111,635.39,105278,635.947613
2025-09-02 17:00:00+00:00,638.35,639.015,636.6,1151,636.9,105921,637.575638
2025-09-02 18:00:00+00:00,638.05,638.91,637.35,1437,638.33,103172,638.062703
2025-09-02 19:00:00+00:00,640.4,640.45,638.04,3137,638.04,397314,639.749213
2025-09-02 20:00:00+00:00,642.07,642.07,640.21,70,640.28,16170,640.447945
2025-09-03 12:00:00+00:00,642.51,643.21,642.51,6,643.21,380,642.86
2025-09-03 13:00:00+00:00,642.06,643.22,641.9,1543,642.78,165139,642.704344
2025-09-03 14:00:00+00:00,643.965,644.155,641.62,1957,642.055,176055,643.058447
2025-09-03 15:00:00+00:00,642.375,644.21,642.13,1808,643.945,147333,643.031026
2025-09-03 16:00:00+00:00,641.81,643.125,641.47,1456,642.48,93326,642.22475
2025-09-03 17:00:00+00:00,640.995,642.845,640.67,1406,641.84,101383,641.706575
2025-09-03 18:00:00+00:00,640.885,641.27,640.5,1992,640.945,138632,640.911511
2025-09-03 19:00:00+00:00,643.605,643.605,640.565,4660,640.8,408273,642.42916
2025-09-03 20:00:00+00:00,643.73,643.85,643.57,65,643.67,30130,643.725848
2025-09-04 13:00:00+00:00,645.0,645.27,644.15,1268,644.15,105944,644.840646
2025-09-04 14:00:00+00:00,645.645,645.77,643.53,2279,644.95,194574,644.720811
2025-09-04 15:00:00+00:00,646.195,646.55,645.32,2227,645.67,178137,646.044486
2025-09-04 16:00:00+00:00,645.94,646.52,645.82,1404,646.175,84881,646.216379
2025-09-04 17:00:00+00:00,647.14,647.46,645.95,1666,645.965,123711,646.851835
2025-09-04 18:00:00+00:00,647.625,647.665,647.095,2100,647.21,248044,647.366078
2025-09-04 19:00:00+00:00,649.02,649.14,647.595,5057,647.63,577407,648.351331
2025-09-04 20:00:00+00:00,649.13,649.13,648.75,23,649.07,11738,648.927222
2025-09-05 12:00:00+00:00,650.17,651.01,649.72,13,649.81,855,650.248
2025-09-05 13:00:00+00:00,651.07,652.2,650.555,1475,651.455,243947,651.609483
2025-09-05 14:00:00+00:00,644.125,650.9,644.1,2923,650.9,342267,647.206623
2025-09-05 15:00:00+00:00,645.645,646.86,643.4,2231,644.16,224027,645.386454
2025-09-05 16:00:00+00:00,646.445,646.725,645.24,1578,645.74,125038,645.903142
2025-09-05 17:00:00+00:00,645.17,646.545,644.65,1634,646.39,112554,645.756205
2025-09-05 18:00:00+00:00,646.27,646.295,644.925,1966,645.17,130815,645.771917
2025-09-05 19:00:00+00:00,647.22,647.4,645.91,3535,646.28,319275,646.715175
2025-09-05 20:00:00+00:00,646.79,646.82,646.78,18,646.78,2822,646.789616
2025-09-08 13:00:00+00:00,648.355,649.025,648.08,2084,648.645,154973,648.538299
2025-09-08 14:00:00+00:00,649.37,649.71,647.78,2297,648.325,175259,648.758292
2025-09-08 15:00:00+00:00,649.38,649.815,648.515,1867,649.365,111643,649.370867
2025-09-08 16:00:00+00:00,648.495,649.4,647.815,1458,649.37,109181,648.393386
2025-09-08 17:00:00+00:00,647.525,648.705,647.265,1353,648.495,95737,648.207615
2025-09-08 18:00:00+00:00,648.23,648.575,647.39,1320,647.605,98303,648.163558
2025-09-08 19:00:00+00:00,648.78,648.86,647.35,2933,648.195,382638,648.381203
2025-09-08 20:00:00+00:00,648.78,648.97,648.66,53,648.74,36448,648.892805
2025-09-09 13:00:00+00:00,649.045,649.455,648.545,800,649.07,60131,649.07009
2025-09-09 14:00:00+00:00,648.355,649.72,647.28,1641,649.195,185936,648.408203
2025-09-09 15:00:00+00:00,648.335,648.835,647.79,1419,648.6,83831,648.420785
2025-09-09 16:00:00+00:00,649.065,649.19,648.215,1340,648.315,108774,648.784294
2025-09-09 17:00:00+00:00,649.78,649.955,649.04,1425,649.04,146993,649.578305
2025-09-09 18:00:00+00:00,649.855,650.065,649.59,1348,649.8,152852,649.849808
2025-09-09 19:00:00+00:00,650.26,650.845,649.55,3055,649.855,316157,650.164704
2025-09-09 20:00:00+00:00,650.06,650.21,650.04,16,650.18,10737,650.144899
2025-09-10 12:00:00+00:00,653.71,653.83,653.49,8,653.49,550,653.676667
2025-09-10 13:00:00+00:00,653.54,654.1,652.745,1519,654.1,155846,653.301005
2025-09-10 14:00:00+00:00,653.42,654.55,653.305,2635,653.55,240853,654.02756
2025-09-10 15:00:00+00:00,653.36,653.63,652.37,2121,653.41,162978,653.085497
2025-09-10 16:00:00+00:00,652.955,653.39,652.18,1739,653.29,87825,652.816082
2025-09-10 17:00:00+00:00,652.35,653.43,651.95,2088,652.84,110873,652.63029
2025-09-10 18:00:00+00:00,651.98,652.405,651.42,3104,652.33,181800,651.850478
2025-09-10 19:00:00+00:00,652.28,652.69,650.64,5042,652.04,406524,651.703548
2025-09-10 20:00:00+00:00,652.01,652.42,652.01,42,652.2,19022,652.184336
2025-09-11 12:00:00+00:00,654.18,654.18,654.18,3,654.18,190,654.18
2025-09-11 13:00:00+00:00,655.535,655.63,653.625,2079,654.25,205741,654.576265
2025-09-11 14:00:00+00:00,656.64,656.99,655.38,2954,655.595,256863,656.155637
2025-09-11 15:00:00+00:00,657.215,657.79,656.555,2073,656.625,190832,657.070684
2025-09-11 16:00:00+00:00,657.14,657.71,656.855,1776,657.21,148580,657.389602
2025-09-11 17:00:00+00:00,657.545,657.555,656.915,1940,657.13,130594,657.32187
2025-09-11 18:00:00+00:00,657.53,657.72,657.16,2254,657.58,188383,657.456219
2025-09-11 19:00:00+00:00,657.55,658.32,657.43,5183,657.52,665693,657.88505
2025-09-11 20:00:00+00:00,657.53,657.55,657.45,22,657.45,10945,657.508022
2025-09-12 12:00:00+00:00,657.51,657.51,657.51,2,657.51,170,657.51
2025-09-12 13:00:00+00:00,657.99,658.05,657.155,1475,657.83,137399,657.547733
2025-09-12 14:00:00+00:00,658.365,658.47,657.34,1853,657.72,197800,657.955513
2025-09-12 15:00:00+00:00,657.64,658.425,657.235,1730,658.39,200777,657.766146
2025-09-12 16:00:00+00:00,658.06,658.19,657.32,1769,657.62,201029,657.85114
2025-09-12 17:00:00+00:00,658.38,658.455,657.8,1833,658.08,173713,658.109609
2025-09-12 18:00:00+00:00,658.8,659.08,658.25,2121,658.385,221889,658.636163
2025-09-12 19:00:00+00:00,657.535,658.945,656.93,5135,658.8,657378,657.949302
2025-09-12 20:00:00+00:00,657.6,657.6,657.25,61,657.31,31614,657.380513
2025-09-15 12:00:00+00:00,658.87,658.87,658.87,6,658.87,400,658.87
2025-09-15 13:00:00+00:00,660.61,660.67,659.475,1853,659.51,164858,660.136983
2025-09-15 14:00:00+00:00,660.905,660.97,659.985,2106,660.68,165003,660.508658
2025-09-15 15:00:00+00:00,660.62,660.995,660.23,2029,660.99,130103,660.620037
2025-09-15 16:00:00+00:00,660.175,660.88,660.07,1615,660.59,120033,660.610405
2025-09-15 17:00:00+00:00,660.58,660.66,659.56,1824,660.065,159686,660.134979
2025-09-15 18:00:00+00:00,659.92,660.595,659.38,1706,660.59,131218,659.982368
2025-09-15 19:00:00+00:00,660.85,660.91,659.7,3215,660.03,351160,660.290423
2025-09-15 20:00:00+00:00,660.6,660.75,660.56,37,660.75,16776,660.651482
2025-09-16 13:00:00+00:00,660.29,661.7,660.05,1752,661.47,179829,660.73389
2025-09-16 14:00:00+00:00,659.86,660.48,659.665,2134,660.125,191129,660.047398
2025-09-16 15:00:00+00:00,659.65,660.11,659.23,1884,659.695,144565,659.694624
2025-09-16 16:00:00+00:00,659.965,660.07,659.53,1476,659.655,97383,659.821261
2025-09-16 17:00:00+00:00,660.195,660.42,659.905,1882,659.905,109142,660.184173
2025-09-16 18:00:00+00:00,660.6,660.735,660.03,1722,660.115,102894,660.380434
2025-09-16 19:00:00+00:00,659.93,660.72,659.7,3612,660.605,402990,660.289267
2025-09-16 20:00:00+00:00,660.32,660.32,659.91,67,659.93,21111,660.11028
2025-09-17 13:00:00+00:00,659.82,660.63,659.66,1421,660.04,128776,660.14894
2025-09-17 14:00:00+00:00,659.34,659.95,659.085,2339,659.93,224300,659.377464
2025-09-17 15:00:00+00:00,659.26,659.65,658.865,1517,659.34,115101,659.209991
2025-09-17 16:00:00+00:00,658.32,659.3,658.14,1149,659.3,96917,658.681774
2025-09-17 17:00:00+00:00,659.52,659.6,658.32,1442,658.32,123927,658.829941
2025-09-17 18:00:00+00:00,657.71,661.68,654.33,3993,660.215,434169,657.977862
2025-09-17 19:00:00+00:00,659.36,660.66,657.54,3978,657.65,430700,659.156459
2025-09-17 20:00:00+00:00,659.85,659.85,659.85,2,659.85,500,659.85
2025-09-18 13:00:00+00:00,662.04,662.43,660.29,2782,661.9,249133,661.514586
2025-09-18 14:00:00+00:00,662.74,664.88,662.05,4368,662.05,338835,663.699335
2025-09-18 15:00:00+00:00,662.595,663.98,662.2,2413,662.8,166687,663.178842
2025-09-18 16:00:00+00:00,664.045,664.175,662.33,1974,662.56,132166,663.515101
2025-09-18 17:00:00+00:00,662.79,664.225,662.555,2101,664.02,133832,663.339531
2025-09-18 18:00:00+00:00,663.235,663.46,662.35,2243,662.8,148954,662.982772
2025-09-18 19:00:00+00:00,662.26,663.415,661.97,4405,663.27,423767,662.671628
2025-09-18 20:00:00+00:00,662.68,662.7,662.51,29,662.56,6487,662.598214
2025-09-19 13:00:00+00:00,662.13,662.68,661.33,2737,662.305,255710,661.838069
2025-09-19 14:00:00+00:00,661.57,662.37,660.99,3278,662.13,239456,661.897175
2025-09-19 15:00:00+00:00,661.6,661.945,660.37,2622,661.67,160380,661.119888
2025-09-19 16:00:00+00:00,662.535,662.76,661.57,2515,661.57,139806,662.26311
2025-09-19 17:00:00+00:00,662.69,662.885,662.225,2235,662.5,121239,662.601216
2025-09-19 18:00:00+00:00,663.09,663.105,662.335,2365,662.68,167606,662.696475
2025-09-19 19:00:00+00:00,663.54,664.55,663.04,6639,663.055,798616,663.799804
2025-09-19 20:00:00+00:00,663.44,663.93,663.32,187,663.6,96824,663.577698
2025-09-22 12:00:00+00:00,661.96,661.96,661.96,2,661.96,130,661.96
2025-09-22 13:00:00+00:00,663.46,663.565,662.205,2210,662.21,188428,662.823987
2025-09-22 14:00:00+00:00,665.03,665.05,663.19,3061,663.43,276122,663.992992
2025-09-22 15:00:00+00:00,664.58,665.31,664.485,2311,664.98,178578,664.831092
2025-09-22 16:00:00+00:00,666.39,666.49,664.56,2735,664.58,255869,665.680235
2025-09-22 17:00:00+00:00,666.325,666.77,666.11,1795,666.41,132334,666.451669
2025-09-22 18:00:00+00:00,666.775,666.82,666.04,2231,666.36,204828,666.457056
2025-09-22 19:00:00+00:00,666.8,667.28,666.74,3470,666.79,398577,667.032425
2025-09-22 20:00:00+00:00,666.27,666.77,666.13,67,666.77,35662,666.430244
2025-09-23 12:00:00+00:00,666.68,666.77,666.68,2,666.77,200,666.725
2025-09-23 13:00:00+00:00,666.87,667.34,666.57,2308,666.73,199464,666.947145
2025-09-23 14:00:00+00:00,666.31,667.225,666.19,2931,666.91,222500,666.680604
2025-09-23 15:00:00+00:00,665.53,666.455,665.51,2266,666.325,139311,666.014475
2025-09-23 16:00:00+00:00,665.17,665.835,664.88,2111,665.575,181611,665.383934
2025-09-23 17:00:00+00:00,663.23,665.22,662.055,3020,665.165,302073,663.502026
2025-09-23 18:00:00+00:00,662.13,663.36,662.0,2254,663.17,183142,662.711157
2025-09-23 19:00:00+00:00,663.26,663.52,662.11,3748,662.11,380699,662.856182
2025-09-23 20:00:00+00:00,663.2,663.2,663.2,2,663.2,2300,663.2
2025-09-24 12:00:00+00:00,664.24,664.24,664.19,3,664.19,270,664.215
2025-09-24 13:00:00+00:00,663.04,664.575,662.45,1882,664.48,155084,663.489287
2025-09-24 14:00:00+00:00,662.92,663.655,662.66,2417,662.965,169407,663.143788
2025-09-24 15:00:00+00:00,660.38,663.11,660.3,2006,662.95,161216,661.944767
2025-09-24 16:00:00+00:00,660.48,661.11,659.685,2164,660.39,161775,660.447161
2025-09-24 17:00:00+00:00,660.57,661.77,660.39,1887,660.49,131331,660.962798
2025-09-24 18:00:00+00:00,661.095,661.115,660.0,1988,660.55,153848,660.543645
2025-09-24 19:00:00+00:00,661.07,661.33,660.49,3477,661.09,293309,660.932244
2025-09-24 20:00:00+00:00,661.64,661.74,661.08,68,661.08,35476,661.525952
2025-09-25 12:00:00+00:00,657.72,657.72,657.72,1,657.72,100,657.72
2025-09-25 13:00:00+00:00,655.6,658.14,655.11,2786,657.59,238482,656.25409
2025-09-25 14:00:00+00:00,658.83,659.14,655.65,2999,655.78,246566,658.164414
2025-09-25 15:00:00+00:00,658.835,659.39,657.215,2330,658.72,161109,658.435823
2025-09-25 16:00:00+00:00,657.83,659.23,657.67,1609,658.935,97557,658.4062
2025-09-25 17:00:00+00:00,655.585,658.34,655.545,1702,657.84,102660,657.041536
2025-09-25 18:00:00+00:00,657.875,658.14,654.42,2184,655.615,204463,656.543414
2025-09-25 19:00:00+00:00,657.79,658.245,657.04,3633,657.805,265536,657.59191
2025-09-25 20:00:00+00:00,658.16,658.18,658.04,124,658.04,4658,658.126667
2025-09-26 12:00:00+00:00,660.38,660.72,660.38,10,660.72,800,660.55
2025-09-26 13:00:00+00:00,661.77,661.885,659.0,2019,659.505,181533,660.934264
2025-09-26 14:00:00+00:00,658.52,662.35,657.93,2877,661.84,231038,659.512345
2025-09-26 15:00:00+00:00,658.67,660.06,658.05,1670,658.46,130776,659.215529
2025-09-26 16:00:00+00:00,661.32,661.48,658.5,2009,658.715,126535,660.095633
2025-09-26 17:00:00+00:00,661.36,661.72,660.78,1903,661.305,107076,661.411848
2025-09-26 18:00:00+00:00,661.94,662.115,660.85,2035,661.32,141182,661.606712
2025-09-26 19:00:00+00:00,661.775,661.99,661.15,3198,661.91,273722,661.621941
2025-09-26 20:00:00+00:00,662.33,662.33,661.78,85,661.79,38710,662.042581
2025-09-29 12:00:00+00:00,665.0,665.0,664.85,4,664.85,600,664.879412
2025-09-29 13:00:00+00:00,664.565,665.25,663.76,1532,665.24,139622,664.383649
2025-09-29 14:00:00+00:00,664.46,665.17,664.0,2389,664.64,202027,664.656916
2025-09-29 15:00:00+00:00,663.23,664.65,662.85,2056,664.45,191088,663.612418
2025-09-29 16:00:00+00:00,663.04,663.795,662.85,1586,663.34,155501,663.323369
2025-09-29 17:00:00+00:00,662.93,663.08,662.26,1686,663.01,140696,662.69918
2025-09-29 18:00:00+00:00,663.36,663.58,662.91,1833,662.945,174357,663.304922
2025-09-29 19:00:00+00:00,663.65,663.735,661.89,5254,663.33,527909,663.099748
2025-09-29 20:00:00+00:00,663.44,663.75,663.41,54,663.66,18292,663.543469
2025-09-30 12:00:00+00:00,663.18,663.18,662.7,5,662.7,413,662.955
2025-09-30 13:00:00+00:00,663.08,663.26,661.99,1363,662.74,128610,662.616262
2025-09-30 14:00:00+00:00,663.24,663.525,661.71,2076,663.05,177024,662.797131
2025-09-30 15:00:00+00:00,662.95,663.6,661.625,1801,663.23,167753,662.585923
2025-09-30 16:00:00+00:00,662.83,664.05,662.61,1422,663.04,107754,663.268432
2025-09-30 17:00:00+00:00,662.485,663.085,661.79,1481,662.775,123736,662.462026
2025-09-30 18:00:00+00:00,664.42,664.6,662.43,1728,662.435,159878,663.782912
2025-09-30 19:00:00+00:00,666.06,666.65,664.405,4927,664.44,570129,665.700407
2025-10-01 12:00:00+00:00,663.48,663.48,663.33,7,663.33,580,663.44
2025-10-01 13:00:00+00:00,663.715,665.375,663.09,1583,663.195,154102,664.372257
2025-10-01 14:00:00+00:00,665.775,666.035,663.435,2424,663.725,199216,665.179144
2025-10-01 15:00:00+00:00,666.97,667.16,665.77,1909,665.775,181164,666.61757
2025-10-01 16:00:00+00:00,666.91,667.16,666.45,1519,667.05,107598,666.875734
2025-10-01 17:00:00+00:00,667.955,668.06,666.82,1637,666.96,132400,667.699633
2025-10-01 18:00:00+00:00,669.11,669.35,667.965,1983,667.965,179974,668.851209
2025-10-01 19:00:00+00:00,668.535,669.37,668.535,3930,669.11,361303,668.927911
2025-10-01 20:00:00+00:00,668.11,668.38,668.0,101,668.33,59066,668.207477
2025-10-02 12:00:00+00:00,670.34,670.34,670.34,1,670.34,100,670.34
2025-10-02 13:00:00+00:00,669.37,670.55,668.76,2086,670.455,179060,669.592991
2025-10-02 14:00:00+00:00,667.57,669.51,667.57,2436,669.23,220052,668.616193
2025-10-02 15:00:00+00:00,668.35,668.4,666.815,1650,667.57,148550,667.564875
2025-10-02 16:00:00+00:00,668.42,668.58,667.56,1190,668.33,84025,668.087268
2025-10-02 17:00:00+00:00,668.9,669.075,667.955,1345,668.37,104673,668.647402
2025-10-02 18:00:00+00:00,669.405,669.71,668.925,1257,668.93,124035,669.418789
2025-10-02 19:00:00+00:00,669.15,669.625,668.83,3037,669.425,366683,669.189668
2025-10-02 20:00:00+00:00,669.07,669.37,669.05,93,669.26,49213,669.191708
2025-10-03 13:00:00+00:00,670.78,671.57,669.74,1499,669.74,142115,670.864581
2025-10-03 14:00:00+00:00,672.11,672.26,669.99,2498,670.8,234170,671.237648
2025-10-03 15:00:00+00:00,672.51,672.6,671.35,1716,672.005,169354,671.940618
2025-10-03 16:00:00+00:00,672.27,672.66,672.02,1350,672.5,115471,672.397113
2025-10-03 17:00:00+00:00,669.23,672.18,668.17,2385,672.18,220498,670.178534
2025-10-03 18:00:00+00:00,669.88,670.69,668.32,2136,669.15,200763,669.585207
2025-10-03 19:00:00+00:00,669.21,670.24,668.78,3366,669.92,309453,669.575103
2025-10-03 20:00:00+00:00,668.84,669.2,668.79,5,669.2,4780,669.056192
2025-10-06 13:00:00+00:00,670.01,671.63,669.93,1950,671.625,180026,670.649212
2025-10-06 14:00:00+00:00,670.72,670.81,669.48,2166,669.96,191350,670.268626
2025-10-06 15:00:00+00:00,671.815,671.895,670.72,1839,670.76,141202,671.252988
2025-10-06 16:00:00+00:00,671.725,671.87,671.31,1750,671.83,114542,671.614337
2025-10-06 17:00:00+00:00,672.29,672.35,671.345,1504,671.715,121949,671.917637
2025-10-06 18:00:00+00:00,672.11,672.5,672.01,1486,672.22,134183,672.246766
2025-10-06 19:00:00+00:00,671.585,672.14,671.57,2725,672.05,290673,671.845665
2025-10-06 20:00:00+00:00,671.78,671.78,671.57,43,671.57,34777,671.656733
2025-10-07 12:00:00+00:00,672.6,672.6,672.6,1,672.6,100,672.6
2025-10-07 13:00:00+00:00,672.19,672.99,672.07,1607,672.55,140971,672.557952
2025-10-07 14:00:00+00:00,670.85,672.35,670.61,1993,672.1,158943,671.519072
2025-10-07 15:00:00+00:00,668.22,671.09,667.72,3741,670.91,385541,668.982877
2025-10-07 16:00:00+00:00,668.33,669.53,667.695,1925,668.26,177361,668.610727
2025-10-07 17:00:00+00:00,668.325,669.375,668.21,957,668.36,96502,668.899558
2025-10-07 18:00:00+00:00,669.06,669.06,667.83,1147,668.31,98201,668.618095
2025-10-07 19:00:00+00:00,669.14,669.365,668.55,2735,669.03,286446,668.969327
2025-10-07 20:00:00+00:00,669.43,669.58,669.27,39,669.29,15269,669.386461
2025-10-08 12:00:00+00:00,669.76,669.76,669.59,5,669.59,410,669.675
2025-10-08 13:00:00+00:00,670.3,670.58,669.5,1708,670.56,162768,670.060126
2025-10-08 14:00:00+00:00,671.78,672.15,670.3,1734,670.3,157780,671.606065
2025-10-08 15:00:00+00:00,672.74,672.94,671.7,1326,671.76,107061,672.436596
2025-10-08 16:00:00+00:00,672.71,673.07,672.24,1109,672.795,84614,672.662858
2025-10-08 17:00:00+00:00,672.615,673.0,672.47,771,672.74,73612,672.763857
2025-10-08 18:00:00+00:00,672.27,673.12,672.17,1192,672.74,90297,672.675001
2025-10-08 19:00:00+00:00,673.06,673.17,672.15,2941,672.24,321100,672.892289
2025-10-08 20:00:00+00:00,673.26,673.52,672.93,76,673.03,38997,673.222812
2025-10-09 13:00:00+00:00,671.94,673.93,671.59,1293,673.52,136467,672.874188
2025-10-09 14:00:00+00:00,671.32,672.21,669.98,1771,671.83,155579,671.184837
2025-10-09 15:00:00+00:00,671.395,671.84,670.02,1151,671.46,93629,671.107676
2025-10-09 16:00:00+00:00,669.82,671.57,669.69,897,671.34,70132,670.733033
2025-10-09 17:00:00+00:00,670.215,670.36,669.23,1071,669.98,96515,669.812288
2025-10-09 18:00:00+00:00,669.92,670.32,669.39,1224,670.185,93800,669.876824
2025-10-09 19:00:00+00:00,671.19,671.22,669.825,3171,669.94,381585,670.781401
2025-10-09 20:00:00+00:00,670.63,671.2,670.63,58,671.15,30472,671.016951
2025-10-10 12:00:00+00:00,672.23,672.23,672.23,2,672.23,160,672.23
2025-10-10 13:00:00+00:00,673.12,673.89,671.91,1141,672.145,106678,672.845463
2025-10-10 14:00:00+00:00,669.13,673.23,667.9,1824,673.16,164099,671.752823
2025-10-10 15:00:00+00:00,661.89,669.135,659.52,7177,669.135,788563,664.071318
2025-10-10 16:00:00+00:00,659.27,662.68,658.95,2399,661.46,201971,661.066458
2025-10-10 17:00:00+00:00,659.56,660.9,657.82,1951,658.895,186138,659.294668
2025-10-10 18:00:00+00:00,657.19,660.085,656.8,2193,659.69,186658,658.568575
2025-10-10 19:00:00+00:00,653.275,658.25,652.87,4913,657.15,587496,655.094807
2025-10-13 12:00:00+00:00,660.87,660.87,660.87,6,660.87,558,660.87
2025-10-13 13:00:00+00:00,662.88,662.98,659.86,2330,660.93,209247,661.274017
2025-10-13 14:00:00+00:00,660.21,663.18,659.99,2932,662.83,269390,661.777523
2025-10-13 15:00:00+00:00,663.025,663.16,659.8,2003,660.25,166189,662.160626
2025-10-13 16:00:00+00:00,664.27,664.36,662.65,2221,663.035,175162,663.407627
2025-10-13 17:00:00+00:00,663.25,664.6,662.38,1643,664.26,104759,663.354884
2025-10-13 18:00:00+00:00,662.065,664.26,661.85,2308,663.27,163855,663.21941
2025-10-13 19:00:00+00:00,663.065,663.65,661.71,3208,662.11,295753,663.014693
2025-10-13 20:00:00+00:00,662.9,663.2,662.9,27,663.2,10002,662.981838
2025-10-14 12:00:00+00:00,655.63,655.63,655.63,2,655.63,234,655.63
2025-10-14 13:00:00+00:00,656.85,657.24,653.24,1926,657.17,185254,655.298679
2025-10-14 14:00:00+00:00,659.72,660.31,656.51,2542,656.77,240856,658.555773
2025-10-14 15:00:00+00:00,662.385,663.07,659.5,2103,659.9,196047,660.725948
2025-10-14 16:00:00+00:00,664.37,665.61,661.46,2100,662.485,172666,663.72977
2025-10-14 17:00:00+00:00,665.12,665.79,663.72,1478,664.335,116490,664.990043
2025-10-14 18:00:00+00:00,664.92,665.37,664.47,1470,665.2,109399,664.931009
2025-10-14 19:00:00+00:00,662.255,665.35,660.29,3968,664.91,379589,662.71797
2025-10-14 20:00:00+00:00,662.36,662.36,662.36,1,662.36,100,662.36
2025-10-15 12:00:00+00:00,667.28,667.42,666.77,8,666.77,660,667.182
2025-10-15 13:00:00+00:00,668.3,668.56,666.08,2022,667.34,206091,667.175422
2025-10-15 14:00:00+00:00,669.025,670.2,668.37,1943,668.38,178345,669.312108
2025-10-15 15:00:00+00:00,665.3,669.13,663.95,1745,669.085,150417,666.474324
2025-10-15 16:00:00+00:00,664.08,666.43,663.94,1454,665.195,108701,665.226039
2025-10-15 17:00:00+00:00,664.31,664.44,658.99,2472,664.09,235976,661.745233
2025-10-15 18:00:00+00:00,665.755,665.81,663.54,1188,664.285,95007,664.672498
2025-10-15 19:00:00+00:00,665.08,665.8,663.26,3156,665.8,393019,664.768095
2025-10-16 12:00:00+00:00,668.01,668.02,667.38,14,667.38,1300,667.803333
2025-10-16 13:00:00+00:00,666.74,668.08,666.17,1368,667.5,124867,666.833292
2025-10-16 14:00:00+00:00,667.09,668.62,665.47,2053,666.67,208995,667.076485
2025-10-16 15:00:00+00:00,664.5,667.99,663.99,1772,667.12,156329,666.008988
2025-10-16 16:00:00+00:00,663.34,665.1,659.35,2704,664.43,261733,661.827471
2025-10-16 17:00:00+00:00,661.8,664.25,661.13,2367,663.29,223262,662.671264
2025-10-16 18:00:00+00:00,660.57,661.9,657.18,2698,661.79,267020,659.151963
2025-10-16 19:00:00+00:00,660.79,661.22,658.0,3840,660.58,410692,659.837041
2025-10-17 12:00:00+00:00,660.85,660.85,660.45,4,660.45,400,660.675
2025-10-17 13:00:00+00:00,660.69,662.46,658.305,1826,659.53,152746,660.129614
2025-10-17 14:00:00+00:00,659.595,663.63,659.41,2466,660.61,219355,661.254392
2025-10-17 15:00:00+00:00,661.67,662.2,658.18,2125,659.55,162327,660.003763
2025-10-17 16:00:00+00:00,662.03,663.61,661.31,1751,661.73,127185,662.658365
2025-10-17 17:00:00+00:00,662.91,663.04,660.57,1586,661.92,111883,661.718768
2025-10-17 18:00:00+00:00,664.34,665.1,662.965,1868,662.99,137970,664.202413
2025-10-17 19:00:00+00:00,664.3,665.74,664.035,2626,664.4,264563,664.695096
2025-10-17 20:00:00+00:00,664.97,664.97,664.97,1,664.97,110,664.97
2025-10-20 12:00:00+00:00,667.06,667.06,666.17,12,666.17,980,666.704286
2025-10-20 13:00:00+00:00,668.65,669.42,667.3,1246,667.41,124964,668.67786
2025-10-20 14:00:00+00:00,671.16,671.45,668.76,1974,668.76,142442,670.092127
2025-10-20 15:00:00+00:00,670.55,671.26,670.25,1799,671.24,100428,670.824386
2025-10-20 16:00:00+00:00,671.03,671.09,670.26,1624,670.57,82596,670.708275
2025-10-20 17:00:00+00:00,671.79,672.09,671.02,1780,671.02,96880,671.715972
2025-10-20 18:00:00+00:00,671.67,672.2,671.2,1897,671.79,126094,671.703901
2025-10-20 19:00:00+00:00,671.27,672.05,671.23,3824,671.66,304408,671.638093
2025-10-20 20:00:00+00:00,671.78,671.78,671.04,56,671.04,16154,671.263382
2025-10-21 13:00:00+00:00,670.6,671.75,670.215,860,671.35,70516,670.972056
2025-10-21 14:00:00+00:00,672.59,672.62,670.0,1941,670.63,148888,671.390527
2025-10-21 15:00:00+00:00,672.25,672.7,671.46,1674,672.59,125711,672.225166
2025-10-21 16:00:00+00:00,671.5,672.99,671.37,1757,672.27,138536,672.434366
2025-10-21 17:00:00+00:00,672.205,672.3,670.78,1384,671.44,107140,671.607953
2025-10-21 18:00:00+00:00,671.96,672.51,671.79,1544,672.21,115547,672.130656
2025-10-21 19:00:00+00:00,671.26,672.4,671.17,3355,671.94,297722,671.979753
2025-10-21 20:00:00+00:00,670.71,670.71,670.7,32,670.7,4459,670.701388
2025-10-22 13:00:00+00:00,671.27,671.8,670.56,655,671.68,41167,671.295561
2025-10-22 14:00:00+00:00,670.08,671.58,668.1,1864,671.27,157007,669.769883
2025-10-22 15:00:00+00:00,668.99,670.38,667.435,1797,670.02,120200,668.830978
2025-10-22 16:00:00+00:00,667.33,669.19,664.1,1951,668.97,169377,666.446223
2025-10-22 17:00:00+00:00,664.67,667.63,663.39,1310,667.2,111371,665.018693
2025-10-22 18:00:00+00:00,666.49,666.555,663.83,1804,664.725,142333,665.531504
2025-10-22 19:00:00+00:00,667.82,668.36,665.6,3244,666.41,275709,667.459832
2025-10-23 13:00:00+00:00,669.865,670.72,667.58,1164,667.58,104375,669.527701
2025-10-23 14:00:00+00:00,670.2,670.38,668.175,1241,670.09,119924,669.45435
2025-10-23 15:00:00+00:00,670.21,670.67,668.805,1117,670.21,105470,669.909028
2025-10-23 16:00:00+00:00,671.395,671.49,670.18,1262,670.18,121352,670.969495
2025-10-23 17:00:00+00:00,672.39,672.45,670.43,1415,671.4,123688,671.65028
2025-10-23 18:00:00+00:00,672.55,672.71,671.84,1139,672.41,89373,672.376307
2025-10-23 19:00:00+00:00,671.525,672.695,671.31,4292,672.62,404995,671.962158
2025-10-23 20:00:00+00:00,671.76,671.76,671.62,8,671.65,6251,671.695613
2025-10-24 12:00:00+00:00,675.77,676.11,675.5,7,676.01,590,675.862
2025-10-24 13:00:00+00:00,677.37,677.73,675.68,1630,676.425,154465,676.904352
2025-10-24 14:00:00+00:00,676.665,677.87,676.0,1705,677.29,111618,677.156701
2025-10-24 15:00:00+00:00,677.945,678.37,676.505,1636,676.7,143317,677.623089
2025-10-24 16:00:00+00:00,677.955,678.43,677.23,1721,677.99,118185,677.976035
2025-10-24 17:00:00+00:00,678.105,678.41,677.66,1176,677.925,69334,678.104591
2025-10-24 18:00:00+00:00,678.16,678.33,677.76,1342,678.07,88025,678.104639
2025-10-24 19:00:00+00:00,677.1,678.47,676.78,4115,678.25,450364,677.649775
2025-10-24 20:00:00+00:00,677.12,677.21,676.84,36,677.21,21389,677.02265
2025-10-27 13:00:00+00:00,683.09,683.22,682.115,1645,682.85,142014,682.75176
2025-10-27 14:00:00+00:00,682.69,683.61,682.405,2011,683.13,152383,683.033377
2025-10-27 15:00:00+00:00,683.385,683.58,682.57,1679,682.76,125846,683.165475
2025-10-27 16:00:00+00:00,683.75,683.87,683.375,1616,683.405,136726,683.647961
2025-10-27 17:00:00+00:00,683.945,683.99,683.19,1461,683.74,122939,683.678774
2025-10-27 18:00:00+00:00,684.15,684.24,683.775,1917,683.9,144796,683.984466
2025-10-27 19:00:00+00:00,685.215,685.54,684.0,5475,684.125,563296,684.972363
2025-10-27 20:00:00+00:00,685.41,685.58,685.16,52,685.29,25416,685.375081
2025-10-28 12:00:00+00:00,685.97,685.97,685.97,2,685.97,103,685.97
2025-10-28 13:00:00+00:00,685.63,687.195,685.19,1321,686.93,151033,686.029758
2025-10-28 14:00:00+00:00,685.86,686.34,685.52,1522,685.69,166273,685.919566
2025-10-28 15:00:00+00:00,685.585,686.205,684.865,1490,685.87,131311,685.54929
2025-10-28 16:00:00+00:00,686.87,687.35,685.58,1656,685.58,139699,686.42115
2025-10-28 17:00:00+00:00,687.6,687.67,686.88,1906,687.05,142795,687.279067
2025-10-28 18:00:00+00:00,688.17,688.385,687.55,2160,687.625,162596,688.003446
2025-10-28 19:00:00+00:00,686.97,688.905,686.92,3783,688.13,421497,687.735756
2025-10-28 20:00:00+00:00,686.69,686.87,686.69,3,686.87,2736,686.862434
2025-10-29 13:00:00+00:00,689.56,689.67,688.16,2324,688.72,255793,689.015356
2025-10-29 14:00:00+00:00,688.38,689.69,687.82,3507,689.665,302847,688.699672
2025-10-29 15:00:00+00:00,688.03,688.805,687.845,3027,688.33,274570,688.2841
2025-10-29 16:00:00+00:00,688.54,688.76,687.6,1272,688.01,89820,688.278831
2025-10-29 17:00:00+00:00,688.045,688.75,687.64,1435,688.605,104906,688.172191
2025-10-29 18:00:00+00:00,686.12,688.86,682.91,3774,688.1,408859,685.589767
2025-10-29 19:00:00+00:00,687.315,687.36,684.09,3835,686.17,383254,686.029735
2025-10-30 12:00:00+00:00,684.24,685.71,684.24,20,685.71,1310,685.077273
2025-10-30 13:00:00+00:00,685.015,685.63,681.5,2186,683.68,183395,683.477258
2025-10-30 14:00:00+00:00,684.42,685.935,683.28,1966,684.875,149976,684.440242
2025-10-30 15:00:00+00:00,683.38,685.495,683.02,1522,684.48,97278,684.354334
2025-10-30 16:00:00+00:00,684.41,685.145,683.24,1171,683.38,79351,684.348878
2025-10-30 17:00:00+00:00,684.38,684.635,683.11,1565,684.41,103965,683.949112
2025-10-30 18:00:00+00:00,682.4,684.38,682.18,2180,684.38,171924,682.964529
2025-10-30 19:00:00+00:00,680.1,682.405,679.885,3779,682.375,379836,680.758079
2025-10-30 20:00:00+00:00,682.2,682.2,682.2,1,682.2,100,682.2
2025-10-31 12:00:00+00:00,686.33,686.48,686.0,52,686.0,6173,686.425374
2025-10-31 13:00:00+00:00,683.41,685.065,682.875,1282,684.98,105673,684.013233
2025-10-31 14:00:00+00:00,684.46,684.71,682.3,1636,683.41,133367,683.582463
2025-10-31 15:00:00+00:00,682.255,684.71,682.16,2015,684.5,163859,683.737705
2025-10-31 16:00:00+00:00,680.425,682.43,680.14,1823,682.115,175388,681.507387
2025-10-31 17:00:00+00:00,680.84,681.47,679.29,1483,680.32,150373,680.292039
2025-10-31 18:00:00+00:00,682.63,682.735,680.84,1662,680.84,146446,682.056752
2025-10-31 19:00:00+00:00,682.03,684.78,681.96,4272,682.6,562349,683.152097
2025-11-03 13:00:00+00:00,684.44,684.46,683.71,8,683.71,445,684.315443
2025-11-03 14:00:00+00:00,682.53,685.77,682.23,2051,685.21,129371,683.518547
2025-11-03 15:00:00+00:00,682.38,683.0,679.97,2635,682.46,140816,681.731895
2025-11-03 16:00:00+00:00,683.43,683.6,681.825,1760,682.36,104052,682.59612
2025-11-03 17:00:00+00:00,683.855,683.97,682.44,1930,683.37,97742,683.393501
2025-11-03 18:00:00+00:00,683.61,684.19,683.46,1928,683.855,81777,683.933265
2025-11-03 19:00:00+00:00,683.41,683.82,682.61,2162,683.6,94586,683.301144
2025-11-03 20:00:00+00:00,683.37,683.64,682.47,4379,683.41,311048,683.017986
2025-11-03 21:00:00+00:00,683.17,683.26,683.1,14,683.19,8876,683.190454
2025-11-04 13:00:00+00:00,676.17,676.7,675.44,31,676.7,1322,675.97087
2025-11-04 14:00:00+00:00,678.7,678.81,674.75,4439,676.35,282085,676.445384
2025-11-04 15:00:00+00:00,678.14,679.95,677.66,2902,678.81,175525,678.966517
2025-11-04 16:00:00+00:00,678.19,678.8,677.48,2308,678.17,148648,678.082748
2025-11-04 17:00:00+00:00,676.01,678.18,675.72,2387,678.18,164629,676.67761
2025-11-04 18:00:00+00:00,676.13,676.41,674.715,2708,675.89,176124,675.633044
2025-11-04 19:00:00+00:00,675.145,676.64,674.59,3059,676.09,177987,675.695657
2025-11-04 20:00:00+00:00,675.31,676.53,674.62,5820,675.19,448226,675.389934
2025-11-04 21:00:00+00:00,675.1,675.25,675.1,29,675.25,4391,675.226312
2025-11-05 13:00:00+00:00,675.76,675.87,674.32,15,674.32,741,675.617353
2025-11-05 14:00:00+00:00,677.27,677.58,674.22,2007,675.42,121180,675.657919
2025-11-05 15:00:00+00:00,677.88,678.24,676.235,2341,677.04,128824,677.327863
2025-11-05 16:00:00+00:00,679.38,679.74,676.77,2319,677.855,145029,678.629159
2025-11-05 17:00:00+00:00,680.225,680.83,679.04,2233,679.42,134753,680.079321
2025-11-05 18:00:00+00:00,680.675,680.85,680.06,2272,680.18,122718,680.401667
2025-11-05 19:00:00+00:00,680.26,680.605,679.75,2164,680.605,103733,680.243444
2025-11-05 20:00:00+00:00,677.49,680.5,677.41,4660,680.225,402335,679.065238
2025-11-05 21:00:00+00:00,677.85,677.85,677.58,20,677.58,4957,677.701694
2025-11-06 13:00:00+00:00,679.25,679.25,679.25,2,679.25,45,679.25
2025-11-06 14:00:00+00:00,674.11,677.62,674.09,2073,677.62,142406,675.95911
2025-11-06 15:00:00+00:00,670.9,675.35,670.77,5661,674.09,375890,672.826051
2025-11-06 16:00:00+00:00,669.24,671.985,669.055,2914,670.93,153562,670.590012
2025-11-06 17:00:00+00:00,671.135,671.55,668.77,2935,669.38,163024,670.451813
2025-11-06 18:00:00+00:00,671.5,672.21,669.14,2218,671.085,143445,670.759623
2025-11-06 19:00:00+00:00,672.99,673.67,671.28,2728,671.4,169873,672.699552
2025-11-06 20:00:00+00:00,670.24,673.34,669.55,6227,673.11,453307,671.095218
2025-11-06 21:00:00+00:00,671.78,671.78,670.79,32,670.79,1662,671.143596
2025-11-07 13:00:00+00:00,668.36,668.37,667.0,19,667.0,728,667.963722
2025-11-07 14:00:00+00:00,666.245,667.885,664.395,3413,667.27,221401,665.791881
2025-11-07 15:00:00+00:00,663.34,667.14,663.34,3890,666.29,277841,665.006318
2025-11-07 16:00:00+00:00,662.0,664.03,661.33,4244,663.33,277678,662.949059
2025-11-07 17:00:00+00:00,663.93,664.245,661.24,3362,662.02,200013,662.857962
2025-11-07 18:00:00+00:00,665.61,666.055,663.63,3283,663.99,191376,665.010793
2025-11-07 19:00:00+00:00,669.9,669.965,665.27,4131,665.45,281720,668.017018
2025-11-07 20:00:00+00:00,670.92,671.06,667.94,6898,669.84,431304,669.67553
2025-11-07 21:00:00+00:00,671.76,671.91,671.31,64,671.31,11709,671.451892
2025-11-10 13:00:00+00:00,677.18,677.27,677.18,8,677.21,480,677.23122
2025-11-10 14:00:00+00:00,678.55,679.2,676.96,3420,677.51,230077,678.361337
2025-11-10 15:00:00+00:00,676.26,679.2,676.16,3391,678.54,190828,678.149252
2025-11-10 16:00:00+00:00,676.64,676.805,675.14,2117,676.19,113275,675.932047
2025-11-10 17:00:00+00:00,679.41,679.74,676.47,2413,676.62,138934,678.118267
2025-11-10 18:00:00+00:00,679.85,680.53,679.34,2446,679.42,172085,679.906858
2025-11-10 19:00:00+00:00,681.3,681.635,679.86,2578,679.86,131194,680.756423
2025-11-10 20:00:00+00:00,681.31,682.17,681.03,5980,681.26,449955,681.575335
2025-11-10 21:00:00+00:00,681.74,681.74,681.2,19,681.44,10686,681.289736
2025-11-11 13:00:00+00:00,679.92,680.02,679.34,7,679.94,453,679.725958
2025-11-11 14:00:00+00:00,680.7,680.825,679.47,1676,679.81,92500,680.141372
2025-11-11 15:00:00+00:00,679.13,680.68,678.75,1993,680.68,98882,679.447401
2025-11-11 16:00:00+00:00,679.695,680.74,678.89,1756,679.24,91222,679.766511
2025-11-11 17:00:00+00:00,682.14,682.21,679.715,1688,679.715,83344,681.178715
2025-11-11 18:00:00+00:00,683.19,683.31,682.04,2179,682.08,104209,682.769182
2025-11-11 19:00:00+00:00,683.095,683.41,682.47,2272,683.12,111625,683.020751
2025-11-11 20:00:00+00:00,682.9,683.56,682.295,5298,683.155,350930,682.913972
2025-11-11 21:00:00+00:00,682.97,683.53,682.97,33,683.2,10375,683.371155
2025-11-12 13:00:00+00:00,685.36,685.48,685.24,6,685.24,370,685.320428
2025-11-12 14:00:00+00:00,683.73,685.04,683.12,2513,685.04,155185,684.1173
2025-11-12 15:00:00+00:00,682.355,684.19,681.81,2705,683.63,168496,683.057733
2025-11-12 16:00:00+00:00,681.75,682.995,680.98,2527,682.18,137101,682.044944
2025-11-12 17:00:00+00:00,683.61,683.85,681.58,2314,681.82,121891,683.013704
2025-11-12 18:00:00+00:00,683.61,684.12,683.085,2522,683.64,178296,683.627725
2025-11-12 19:00:00+00:00,682.775,683.8,682.26,2594,683.69,171846,682.991702
2025-11-12 20:00:00+00:00,683.32,684.045,682.13,4811,682.79,351155,683.219177
2025-11-12 21:00:00+00:00,683.54,683.54,683.47,5,683.47,1577,683.538194
2025-11-13 13:00:00+00:00,681.42,682.15,680.92,28,682.1,1576,681.50589
2025-11-13 14:00:00+00:00,678.78,680.61,677.55,1793,680.13,141813,678.938826
2025-11-13 15:00:00+00:00,676.49,680.85,675.375,3123,678.75,232538,678.038182
2025-11-13 16:00:00+00:00,675.35,676.805,674.25,2689,676.39,192506,675.478181
2025-11-13 17:00:00+00:00,674.14,676.49,673.97,2313,675.13,156879,675.264532
2025-11-13 18:00:00+00:00,672.61,674.69,671.56,2986,674.2,196890,673.063049
2025-11-13 19:00:00+00:00,671.78,673.63,670.555,3069,672.83,201343,672.282915
2025-11-13 20:00:00+00:00,672.07,672.99,670.54,6867,671.7,562152,671.692046
2025-11-13 21:00:00+00:00,672.23,673.34,672.23,18,672.53,859,672.937842
2025-11-14 13:00:00+00:00,665.39,666.22,664.14,77,665.85,5028,665.030349
2025-11-14 14:00:00+00:00,668.63,668.78,663.28,3230,665.84,186004,666.414843
2025-11-14 15:00:00+00:00,671.88,672.79,666.965,3355,668.57,240023,670.08874
2025-11-14 16:00:00+00:00,674.725,675.005,670.9,2220,672.305,138067,673.507189
2025-11-14 17:00:00+00:00,674.055,675.655,673.17,1931,674.69,117703,674.664203
2025-11-14 18:00:00+00:00,673.24,674.33,671.52,2512,673.88,156110,672.767944
2025-11-14 19:00:00+00:00,674.66,674.87,672.28,2471,673.23,147490,673.727058
2025-11-14 20:00:00+00:00,671.935,675.11,671.19,5241,674.67,366959,672.399031
2025-11-14 21:00:00+00:00,672.95,672.95,672.87,35,672.91,5365,672.939176
2025-11-17 13:00:00+00:00,671.42,672.22,671.42,9,672.22,989,671.93092
2025-11-17 14:00:00+00:00,672.76,673.68,668.955,2035,670.05,121621,671.990324
2025-11-17 15:00:00+00:00,670.705,673.13,670.17,2097,672.79,125377,671.338907
2025-11-17 16:00:00+00:00,672.9,672.94,667.81,2884,670.775,187041,669.977073
2025-11-17 17:00:00+00:00,669.22,673.0,669.2,1704,673.0,99382,671.499342
2025-11-17 18:00:00+00:00,666.59,669.85,666.52,2510,669.16,143170,668.474699
2025-11-17 19:00:00+00:00,662.79,666.85,662.735,4519,666.6,260862,665.063338
2025-11-17 20:00:00+00:00,665.72,665.77,662.2,7809,662.62,498167,664.142065
2025-11-17 21:00:00+00:00,666.23,666.23,666.1,13,666.1,2350,666.11323
2025-11-18 13:00:00+00:00,662.71,662.76,661.45,36,661.45,3095,662.536295
2025-11-18 14:00:00+00:00,658.64,664.21,658.64,3405,662.7,226514,661.485547
2025-11-18 15:00:00+00:00,657.2,660.27,656.83,5097,658.54,308486,658.454819
2025-11-18 16:00:00+00:00,661.17,662.37,655.91,4575,657.13,305564,660.205937
2025-11-18 17:00:00+00:00,663.66,664.33,657.96,3722,661.18,245512,661.172026
2025-11-18 18:00:00+00:00,663.06,665.06,662.71,3484,663.98,213218,663.900228
2025-11-18 19:00:00+00:00,664.37,664.96,662.46,4048,663.03,244590,663.628964
2025-11-18 20:00:00+00:00,660.16,664.9,660.11,9775,664.38,692320,661.794115
2025-11-18 21:00:00+00:00,659.25,659.96,659.25,20,659.42,6182,659.487234
2025-11-19 13:00:00+00:00,662.31,662.89,661.65,47,662.69,4009,662.111445
2025-11-19 14:00:00+00:00,665.67,665.84,660.15,2683,661.59,163964,663.072453
2025-11-19 15:00:00+00:00,662.96,667.34,662.62,3864,665.73,214010,665.610872
2025-11-19 16:00:00+00:00,662.53,663.49,660.78,3082,662.9,181196,662.206402
2025-11-19 17:00:00+00:00,661.39,662.97,658.77,3262,662.45,202052,660.755768
2025-11-19 18:00:00+00:00,662.53,663.29,660.78,2569,661.27,152321,661.956546
2025-11-19 19:00:00+00:00,661.11,662.76,659.37,2929,662.74,190305,660.781364
2025-11-19 20:00:00+00:00,662.68,664.75,661.12,5377,661.12,360648,663.019966
2025-11-19 21:00:00+00:00,666.15,666.54,662.41,52,662.75,2587,664.584028
2025-11-20 13:00:00+00:00,673.12,673.55,670.35,116,671.07,9495,671.32982
2025-11-20 14:00:00+00:00,674.89,675.015,672.48,3661,673.24,215012,673.671099
2025-11-20 15:00:00+00:00,672.77,675.54,672.77,3435,675.08,202477,674.309649
2025-11-20 16:00:00+00:00,660.16,672.7,659.41,9488,672.7,588824,666.510261
2025-11-20 17:00:00+00:00,657.25,662.31,655.49,11078,660.1,768117,658.285142
2025-11-20 18:00:00+00:00,655.105,661.94,654.12,6449,657.26,458310,658.364429
2025-11-20 19:00:00+00:00,658.13,658.21,653.93,4262,655.04,311125,655.801384
2025-11-20 20:00:00+00:00,652.42,658.1,651.89,9502,658.1,644099,654.417745
2025-11-20 21:00:00+00:00,652.08,652.74,652.05,35,652.2,1961,652.339846
2025-11-21 13:00:00+00:00,655.74,656.74,654.2,194,655.62,14699,655.723602
2025-11-21 14:00:00+00:00,654.52,656.45,653.17,2198,655.59,179850,654.862132
2025-11-21 15:00:00+00:00,652.73,655.92,650.86,4964,654.95,430683,653.302781
2025-11-21 16:00:00+00:00,660.61,660.68,651.11,2753,653.14,239105,656.018087
2025-11-21 17:00:00+00:00,660.05,661.44,659.46,1635,660.74,132682,660.563721
2025-11-21 18:00:00+00:00,662.23,664.07,656.9,2409,660.33,190459,660.163765
2025-11-21 19:00:00+00:00,661.75,664.52,661.06,1568,662.48,137913,662.919104
2025-11-21 20:00:00+00:00,659.15,662.145,658.23,3914,661.845,342946,659.813285
2025-11-21 21:00:00+00:00,659.38,659.58,659.35,55,659.52,11619,659.453
2025-11-24 13:00:00+00:00,662.37,663.56,662.37,67,662.64,6288,663.189345
2025-11-24 14:00:00+00:00,664.01,665.495,661.64,1937,662.88,156686,663.645642
2025-11-24 15:00:00+00:00,666.54,667.16,664.01,2674,664.12,222048,665.601115
2025-11-24 16:00:00+00:00,667.465,668.44,666.635,1810,666.66,117749,667.89355
2025-11-24 17:00:00+00:00,669.05,669.35,667.0,1669,667.74,103030,668.360213
2025-11-24 18:00:00+00:00,669.235,669.74,668.815,1457,669.14,80760,669.323001
2025-11-24 19:00:00+00:00,668.3,669.79,667.88,1977,669.39,141899,668.719444
2025-11-24 20:00:00+00:00,668.82,670.045,668.27,5344,668.27,455772,669.159114
2025-11-25 13:00:00+00:00,668.82,669.64,668.7,41,668.87,2792,669.232459
2025-11-25 14:00:00+00:00,668.9,669.945,664.52,2124,668.26,160023,667.717151
2025-11-25 15:00:00+00:00,669.82,671.04,665.94,2349,668.82,211553,668.554711
2025-11-25 16:00:00+00:00,671.73,671.92,668.9,1444,669.505,94542,670.40579
2025-11-25 17:00:00+00:00,673.32,674.37,671.725,1338,671.9,75844,673.4248
2025-11-25 18:00:00+00:00,673.865,674.37,673.26,914,673.36,50204,673.764793
2025-11-25 19:00:00+00:00,673.955,674.095,672.46,1070,673.98,61992,673.341599
2025-11-25 20:00:00+00:00,675.0,676.19,674.01,3474,674.01,238282,675.307622
2025-11-25 21:00:00+00:00,675.18,675.18,675.11,3,675.11,300,675.136
2025-11-26 13:00:00+00:00,677.2,677.33,676.71,32,676.74,2167,677.010439
2025-11-26 14:00:00+00:00,677.34,679.455,677.19,1836,677.19,112995,678.419347
2025-11-26 15:00:00+00:00,679.54,679.56,676.81,1666,677.19,94604,678.192519
2025-11-26 16:00:00+00:00,681.34,681.685,679.53,1793,679.63,76674,680.703543
2025-11-26 17:00:00+00:00,681.1,681.69,680.45,1354,681.355,52705,681.1205
2025-11-26 18:00:00+00:00,680.4,681.55,679.645,1041,681.22,56617,680.57826
2025-11-26 19:00:00+00:00,680.85,681.41,680.17,1096,680.42,55431,680.888818
2025-11-26 20:00:00+00:00,679.64,681.57,679.63,4368,680.81,293397,680.635517
2025-11-26 21:00:00+00:00,680.22,680.3,679.66,51,679.66,35566,680.089902
2025-11-28 13:00:00+00:00,681.3,681.45,681.29,6,681.3,245,681.332273
2025-11-28 14:00:00+00:00,681.19,681.85,680.555,1832,681.35,88536,681.223557
2025-11-28 15:00:00+00:00,682.41,682.605,681.08,3306,681.255,182538,681.996399
2025-11-28 16:00:00+00:00,682.765,682.935,681.67,2750,682.38,150795,682.521577
2025-11-28 17:00:00+00:00,683.36,683.645,681.88,4318,682.755,275692,682.703082
2025-11-28 18:00:00+00:00,683.01,683.19,683.01,20,683.19,396,683.13
2025-12-01 13:00:00+00:00,678.89,679.1,678.29,59,678.32,3359,678.686334
2025-12-01 14:00:00+00:00,681.44,681.81,678.74,1612,679.08,114982,679.929564
2025-12-01 15:00:00+00:00,681.65,681.82,678.89,2177,681.455,187747,680.683728
2025-12-01 16:00:00+00:00,681.925,682.42,680.13,1203,681.68,68954,681.421839
2025-12-01 17:00:00+00:00,682.025,682.77,681.32,1129,681.98,59388,682.097011
2025-12-01 18:00:00+00:00,682.855,682.99,682.015,1187,682.015,58388,682.688152
2025-12-01 19:00:00+00:00,680.12,682.82,679.83,1720,682.81,96486,681.103349
2025-12-01 20:00:00+00:00,680.255,681.05,679.375,4200,680.19,418479,679.988963
2025-12-01 21:00:00+00:00,680.25,680.25,680.06,9,680.06,3671,680.139116
2025-12-02 13:00:00+00:00,681.99,682.09,681.76,36,681.86,1954,681.929979
2025-12-02 14:00:00+00:00,682.33,682.92,681.51,1507,682.51,68073,682.198867
2025-12-02 15:00:00+00:00,683.51,683.67,680.87,1824,682.36,109046,682.632337
2025-12-02 16:00:00+00:00,680.56,683.82,679.39,1769,683.485,99526,681.226362
2025-12-02 17:00:00+00:00,680.23,682.83,680.23,1343,680.59,66729,681.728906
2025-12-02 18:00:00+00:00,681.11,681.595,679.935,1212,680.01,61083,680.787292
2025-12-02 19:00:00+00:00,682.34,682.59,680.77,2033,681.085,99436,681.775747
2025-12-02 20:00:00+00:00,681.44,682.86,681.36,4295,682.5,255331,682.078117
2025-12-02 21:00:00+00:00,681.58,681.62,681.42,23,681.56,8947,681.533842
2025-12-03 13:00:00+00:00,683.65,683.69,683.07,56,683.48,3602,683.481254
2025-12-03 14:00:00+00:00,680.91,682.4,679.68,1366,682.4,70639,680.816494
2025-12-03 15:00:00+00:00,682.295,682.91,680.84,1511,680.84,138459,682.290146
2025-12-03 16:00:00+00:00,682.18,683.48,681.685,1218,682.395,58873,682.674921
2025-12-03 17:00:00+00:00,683.86,684.08,682.15,916,682.205,38636,683.304761
2025-12-03 18:00:00+00:00,683.93,684.5,683.475,1132,683.89,44579,684.011961
2025-12-03 19:00:00+00:00,684.615,684.74,683.86,1669,683.9,76467,684.446096
2025-12-03 20:00:00+00:00,683.81,684.9,683.56,5782,684.62,363396,684.194865
2025-12-03 21:00:00+00:00,684.03,684.03,683.8,29,683.84,12980,683.945911
2025-12-04 13:00:00+00:00,684.13,684.52,683.99,55,684.47,3657,684.298547
2025-12-04 14:00:00+00:00,683.045,685.59,682.88,1532,684.41,114651,684.023293
2025-12-04 15:00:00+00:00,683.32,684.55,682.19,1500,683.005,85334,683.473752
2025-12-04 16:00:00+00:00,684.44,684.55,682.29,1116,683.4,59117,683.443559
2025-12-04 17:00:00+00:00,684.305,684.56,683.38,998,684.37,56750,684.097039
2025-12-04 18:00:00+00:00,684.21,684.77,683.48,1229,684.285,52160,684.136745
2025-12-04 19:00:00+00:00,683.27,684.23,681.4,1812,684.07,116062,682.790472
2025-12-04 20:00:00+00:00,684.495,684.58,682.34,3634,683.2,215220,683.463423
2025-12-04 21:00:00+00:00,684.28,684.44,684.12,90,684.44,24943,684.279266
2025-12-05 13:00:00+00:00,684.06,685.91,683.72,14,685.91,1019,685.305034
2025-12-05 14:00:00+00:00,686.895,687.01,684.57,1135,684.57,80848,686.280045
2025-12-05 15:00:00+00:00,686.74,688.385,686.3,2276,687.05,122344,687.699627
2025-12-05 16:00:00+00:00,686.015,687.095,685.06,1479,686.83,117050,686.037609
2025-12-05 17:00:00+00:00,686.26,686.415,684.59,1131,685.99,62208,685.527547
2025-12-05 18:00:00+00:00,686.22,686.97,685.55,939,686.33,46291,686.385365
2025-12-05 19:00:00+00:00,686.255,686.4,685.585,1079,686.23,57125,685.982712
2025-12-05 20:00:00+00:00,685.62,686.275,684.61,4530,686.2,361899,685.410159
2025-12-05 21:00:00+00:00,686.04,686.08,685.77,111,685.77,52497,685.926461
2025-12-08 13:00:00+00:00,686.89,687.21,686.54,36,686.77,2223,686.842879
2025-12-08 14:00:00+00:00,685.43,687.17,685.0,2365,686.96,103081,685.934275
2025-12-08 15:00:00+00:00,683.705,685.76,683.61,2561,685.43,115814,684.714972
2025-12-08 16:00:00+00:00,683.39,684.105,682.97,1709,683.67,79538,683.593451
2025-12-08 17:00:00+00:00,684.15,684.31,682.34,1716,683.26,101945,683.204746
2025-12-08 18:00:00+00:00,681.97,684.4,681.59,1570,684.09,85576,683.149986
2025-12-08 19:00:00+00:00,682.33,682.81,681.675,2321,682.11,99865,682.327787
2025-12-08 20:00:00+00:00,683.68,683.75,682.06,5136,682.4,312234,682.655279
2025-12-08 21:00:00+00:00,684.08,684.17,683.4,88,683.66,45599,683.547394
2025-12-09 13:00:00+00:00,683.26,683.95,683.16,40,683.87,2400,683.598889
2025-12-09 14:00:00+00:00,684.42,684.51,682.72,2620,683.06,111879,683.742209
2025-12-09 15:00:00+00:00,684.51,684.91,683.605,1805,684.49,93634,684.242934
2025-12-09 16:00:00+00:00,685.0,685.37,684.47,2467,684.52,105346,684.99937
2025-12-09 17:00:00+00:00,684.28,685.33,683.68,2224,685.03,96787,684.442408
2025-12-09 18:00:00+00:00,684.05,684.47,683.39,2404,684.25,101143,684.041437
2025-12-09 19:00:00+00:00,683.63,684.13,683.21,2923,684.12,140115,683.676192
2025-12-09 20:00:00+00:00,683.03,683.84,682.62,6523,683.64,401549,683.132736
2025-12-09 21:00:00+00:00,682.71,682.99,682.71,46,682.94,19580,682.884713
2025-12-10 13:00:00+00:00,683.04,683.71,682.79,24,682.79,1456,683.327333
2025-12-10 14:00:00+00:00,683.21,683.31,681.32,1765,682.62,100187,682.567445
2025-12-10 15:00:00+00:00,682.22,683.445,681.69,2538,682.97,133704,682.789034
2025-12-10 16:00:00+00:00,683.605,683.865,681.48,2489,682.175,123765,683.19361
2025-12-10 17:00:00+00:00,683.86,684.18,682.95,2040,683.56,83331,683.361869
2025-12-10 18:00:00+00:00,682.88,684.03,682.45,2489,683.83,111339,683.197459
2025-12-10 19:00:00+00:00,687.85,688.02,682.79,7514,682.86,509018,685.259635
2025-12-10 20:00:00+00:00,687.59,688.96,687.09,8304,688.15,515472,688.079705
2025-12-10 21:00:00+00:00,687.32,687.39,687.08,15,687.36,881,687.256452
2025-12-11 13:00:00+00:00,684.9,685.53,684.82,19,685.25,1190,685.14424
2025-12-11 14:00:00+00:00,682.81,685.76,682.36,2432,684.77,146385,684.273181
2025-12-11 15:00:00+00:00,685.73,686.76,682.31,3574,682.64,202784,685.040717
2025-12-11 16:00:00+00:00,685.5,686.96,684.42,2037,685.71,118820,685.610254
2025-12-11 17:00:00+00:00,687.295,687.98,685.41,2011,685.5,105713,687.056523
2025-12-11 18:00:00+00:00,688.02,688.57,687.11,1826,687.22,84012,687.963111
2025-12-11 19:00:00+00:00,688.83,689.23,687.935,2260,688.03,124343,688.67762
2025-12-11 20:00:00+00:00,689.15,689.17,688.0,7284,688.84,455371,688.641716
2025-12-11 21:00:00+00:00,690.8,690.81,690.2,15,690.36,829,690.526667
2025-12-12 13:00:00+00:00,689.35,689.35,688.31,43,688.41,2172,688.695834
2025-12-12 14:00:00+00:00,687.53,689.01,687.2,1673,689.01,77521,688.068301
2025-12-12 15:00:00+00:00,681.74,687.45,681.38,4952,687.37,263832,684.405369
2025-12-12 16:00:00+00:00,680.535,682.445,679.18,3893,681.7,251401,680.892504
2025-12-12 17:00:00+00:00,682.65,683.215,680.39,2283,680.59,112959,682.044644
2025-12-12 18:00:00+00:00,682.545,684.315,682.4,2249,682.59,118469,683.414343
2025-12-12 19:00:00+00:00,681.97,682.615,681.21,2248,682.56,98524,681.891431
2025-12-12 20:00:00+00:00,681.8,682.51,680.08,5458,681.97,320394,681.363741
2025-12-12 21:00:00+00:00,681.9,682.12,681.69,66,681.69,23297,681.975662
2025-12-15 13:00:00+00:00,685.26,685.32,684.84,12,684.93,782,685.062692
2025-12-15 14:00:00+00:00,682.4,685.745,682.3,1920,685.65,122556,683.826442
2025-12-15 15:00:00+00:00,681.145,682.52,679.28,3664,682.44,204373,680.982357
2025-12-15 16:00:00+00:00,680.86,683.04,680.17,2819,681.18,127390,681.543073
2025-12-15 17:00:00+00:00,680.54,681.43,679.43,2378,680.78,105996,680.536043
2025-12-15 18:00:00+00:00,681.03,681.38,679.53,1950,680.5,85806,680.431752
2025-12-15 19:00:00+00:00,681.69,681.755,680.45,2778,681.07,137047,680.9278
2025-12-15 20:00:00+00:00,680.715,681.74,680.55,7096,681.66,418584,681.073897
2025-12-15 21:00:00+00:00,680.99,681.0,680.75,13,680.79,699,680.915517
2025-12-16 13:00:00+00:00,679.83,682.06,679.68,59,680.49,4485,680.805236
2025-12-16 14:00:00+00:00,680.8,681.01,677.72,2412,679.45,133171,679.576786
2025-12-16 15:00:00+00:00,679.0,681.04,676.5,3204,680.725,159389,678.314913
2025-12-16 16:00:00+00:00,678.27,679.31,676.63,3272,679.04,148234,677.700482
2025-12-16 17:00:00+00:00,675.61,678.79,675.5,3377,678.33,142762,677.434222
2025-12-16 18:00:00+00:00,677.87,678.555,675.01,3797,675.58,179763,676.630856
2025-12-16 19:00:00+00:00,677.95,678.58,675.87,3955,677.76,197698,677.075205
2025-12-16 20:00:00+00:00,678.86,680.53,677.77,9440,677.92,625455,679.509373
2025-12-16 21:00:00+00:00,678.21,678.8,678.09,27,678.8,1222,678.235984
2025-12-17 13:00:00+00:00,680.34,681.1,679.94,34,681.1,1904,680.434451
2025-12-17 14:00:00+00:00,679.26,681.07,677.65,1309,680.76,87022,679.064235
2025-12-17 15:00:00+00:00,674.71,679.655,674.085,2096,679.19,126240,677.013723
2025-12-17 16:00:00+00:00,674.12,675.64,673.07,1695,674.44,104302,674.34549
2025-12-17 17:00:00+00:00,673.81,675.05,673.075,1638,674.22,89045,673.839222
2025-12-17 18:00:00+00:00,672.54,674.855,672.08,2185,674.23,111736,673.164464
2025-12-17 19:00:00+00:00,673.15,673.28,672.065,2781,672.58,131000,672.64991
2025-12-17 20:00:00+00:00,671.43,673.31,671.2,6949,673.18,401356,672.053237
2025-12-17 21:00:00+00:00,672.53,673.05,671.9,14,671.9,958,672.550227
2025-12-18 13:00:00+00:00,676.93,677.34,674.19,74,674.25,4856,675.75182
2025-12-18 14:00:00+00:00,678.01,678.59,675.7,1758,676.92,94244,677.204307
2025-12-18 15:00:00+00:00,680.01,680.6,676.16,3348,678.13,190625,678.848135
2025-12-18 16:00:00+00:00,679.64,680.7,679.36,3325,679.95,132461,680.166844
2025-12-18 17:00:00+00:00,678.34,679.54,674.91,4008,679.5,195054,676.835058
2025-12-18 18:00:00+00:00,678.28,679.67,677.61,3029,678.29,124265,678.548362
2025-12-18 19:00:00+00:00,675.77,678.3,675.35,3815,678.22,147338,676.846378
2025-12-18 20:00:00+00:00,676.515,678.54,675.465,8919,675.71,449416,677.426714
2025-12-18 21:00:00+00:00,675.99,676.2,675.75,23,676.17,5196,676.002293
2025-12-19 13:00:00+00:00,675.45,675.84,675.24,13,675.24,694,675.603623
2025-12-19 14:00:00+00:00,679.825,679.89,675.16,1748,675.16,113530,678.430527
2025-12-19 15:00:00+00:00,679.12,680.47,678.485,2443,680.02,136396,679.520855
2025-12-19 16:00:00+00:00,679.69,680.5,678.66,3513,678.96,162033,679.863307
2025-12-19 17:00:00+00:00,680.66,681.03,679.66,3473,679.72,167890,680.522865
2025-12-19 18:00:00+00:00,680.245,681.09,680.19,2380,680.605,110165,680.605362
2025-12-19 19:00:00+00:00,680.6,680.99,680.24,2674,680.24,141644,680.696944
2025-12-19 20:00:00+00:00,680.52,680.82,679.63,11369,680.59,706116,680.289111
2025-12-19 21:00:00+00:00,680.88,680.88,680.43,104,680.46,52866,680.67891
2025-12-22 13:00:00+00:00,683.47,683.63,683.28,25,683.29,1937,683.384892
2025-12-22 14:00:00+00:00,683.97,684.505,683.015,1825,683.97,132548,683.688713
2025-12-22 15:00:00+00:00,683.68,684.11,682.715,1990,683.98,125343,683.564484
2025-12-22 16:00:00+00:00,684.92,684.95,683.645,1815,683.73,103668,684.546756
2025-12-22 17:00:00+00:00,685.195,685.3,684.55,1651,684.95,86517,684.852316
2025-12-22 18:00:00+00:00,684.475,685.22,684.36,1899,685.22,114616,684.744007
2025-12-22 19:00:00+00:00,684.79,684.995,684.21,2102,684.5,116761,684.648813
2025-12-22 20:00:00+00:00,684.71,685.14,684.62,5538,684.81,399681,684.865122
2025-12-22 21:00:00+00:00,684.9,685.09,684.8,28,684.89,19174,684.988636
2025-12-23 13:00:00+00:00,683.82,684.61,683.82,10,684.61,554,684.425271
2025-12-23 14:00:00+00:00,685.44,686.24,683.67,1311,683.67,74417,685.377411
2025-12-23 15:00:00+00:00,686.32,686.475,684.4,2741,685.4,135206,685.338386
2025-12-23 16:00:00+00:00,686.92,686.99,686.27,1580,686.335,81037,686.59711
2025-12-23 17:00:00+00:00,686.985,687.22,686.66,1750,686.9,100903,686.99841
2025-12-23 18:00:00+00:00,687.525,687.72,686.93,1545,686.95,89259,687.493252
2025-12-23 19:00:00+00:00,687.835,687.92,687.5,1789,687.535,111984,687.808991
2025-12-23 20:00:00+00:00,687.91,688.19,687.64,4684,687.84,294182,687.911745
2025-12-23 21:00:00+00:00,687.73,688.04,687.68,59,687.94,23215,687.86003
2025-12-24 13:00:00+00:00,688.22,688.22,687.91,9,687.99,502,688.010426
2025-12-24 14:00:00+00:00,688.605,688.71,687.83,973,688.13,56046,688.330562
2025-12-24 15:00:00+00:00,689.475,689.48,688.515,1954,688.545,97613,689.058321
2025-12-24 16:00:00+00:00,690.385,690.48,689.38,1740,689.465,92726,690.016081
2025-12-24 17:00:00+00:00,690.27,690.82,690.175,4113,690.38,261392,690.451311
2025-12-24 18:00:00+00:00,690.11,690.27,690.11,3,690.27,260,690.171538
2025-12-26 14:00:00+00:00,690.785,691.615,690.345,812,690.555,67121,691.139723
2025-12-26 15:00:00+00:00,690.8,690.97,689.66,835,690.785,74917,690.442854
2025-12-26 16:00:00+00:00,689.98,690.925,689.79,683,690.8,63991,690.319203
2025-12-26 17:00:00+00:00,689.805,690.13,689.425,627,689.9,25092,689.682047
2025-12-26 18:00:00+00:00,690.22,690.265,689.34,620,689.79,26587,689.920336
2025-12-26 19:00:00+00:00,690.16,690.435,690.01,625,690.17,31792,690.197419
2025-12-26 20:00:00+00:00,690.26,690.495,690.01,2395,690.145,180528,690.269463
2025-12-26 21:00:00+00:00,690.08,690.33,690.08,8,690.23,4566,690.210795
2025-12-29 13:00:00+00:00,687.2,688.37,687.2,11,688.37,862,687.675926
2025-12-29 14:00:00+00:00,687.55,689.18,686.79,1589,686.79,98142,688.106123
2025-12-29 15:00:00+00:00,687.36,688.35,686.85,1864,687.505,98618,687.590797
2025-12-29 16:00:00+00:00,687.105,687.61,686.69,1907,687.38,98399,687.114679
2025-12-29 17:00:00+00:00,687.0,687.22,686.1,1657,687.085,75474,686.617155
2025-12-29 18:00:00+00:00,687.225,687.86,686.79,1852,686.975,97151,687.348972
2025-12-29 19:00:00+00:00,688.29,688.455,686.88,2416,687.215,152494,687.652767
2025-12-29 20:00:00+00:00,687.975,688.61,687.47,5441,688.27,363889,688.048917
2025-12-29 21:00:00+00:00,687.72,687.84,687.68,12,687.68,9654,687.7539
2025-12-30 13:00:00+00:00,687.71,687.96,687.57,24,687.69,1270,687.782573
2025-12-30 14:00:00+00:00,688.1,688.52,686.9,1451,687.43,95706,687.738921
2025-12-30 15:00:00+00:00,687.59,688.135,686.58,2199,688.08,137782,687.157085
2025-12-30 16:00:00+00:00,687.24,688.55,687.21,2434,687.59,157344,687.849067
2025-12-30 17:00:00+00:00,687.63,687.68,686.89,1457,687.205,107049,687.381858
2025-12-30 18:00:00+00:00,687.77,687.93,687.22,1548,687.635,93442,687.664806
2025-12-30 19:00:00+00:00,687.56,687.93,687.4,1759,687.75,109419,687.725076
2025-12-30 20:00:00+00:00,686.93,687.805,686.72,4235,687.535,324343,687.356141
2025-12-30 21:00:00+00:00,687.03,687.12,686.82,39,686.91,29638,686.938956
2025-12-31 13:00:00+00:00,687.54,687.54,687.54,4,687.54,175,687.54
2025-12-31 14:00:00+00:00,685.975,687.38,685.39,1343,687.38,86702,686.255355
2025-12-31 15:00:00+00:00,684.315,686.03,684.18,1792,685.965,104327,685.132421
2025-12-31 16:00:00+00:00,685.325,685.42,684.31,1579,684.32,86369,684.819156
2025-12-31 17:00:00+00:00,684.805,685.42,684.615,1410,685.31,67516,685.001681
2025-12-31 18:00:00+00:00,685.83,686.05,684.73,1562,684.8,75456,685.466342
2025-12-31 19:00:00+00:00,684.125,686.23,684.04,2712,685.82,170471,684.873593
2025-12-31 20:00:00+00:00,681.82,684.185,681.72,8400,684.135,614749,682.839546
2026-01-02 13:00:00+00:00,685.61,686.0,685.61,10,685.86,543,685.788465
2026-01-02 14:00:00+00:00,686.11,686.79,684.175,2304,685.51,151786,685.477268
2026-01-02 15:00:00+00:00,681.41,686.87,681.21,3125,686.2,226876,683.830313
2026-01-02 16:00:00+00:00,681.17,682.6,680.35,1687,681.36,93278,681.546494
2026-01-02 17:00:00+00:00,681.13,682.79,680.8,1351,681.155,74809,681.676198
2026-01-02 18:00:00+00:00,680.52,681.77,679.88,1232,681.1,69811,680.866622
2026-01-02 19:00:00+00:00,683.12,683.94,680.37,2287,680.575,152303,682.896932
2026-01-02 20:00:00+00:00,683.33,683.68,682.1,3749,683.105,279813,682.947836
2026-01-05 13:00:00+00:00,685.56,685.56,684.66,7,685.14,510,685.06
2026-01-05 14:00:00+00:00,687.05,687.865,686.01,1832,686.06,135626,687.180871
2026-01-05 15:00:00+00:00,688.32,688.81,686.66,2707,687.075,180510,687.973555
2026-01-05 16:00:00+00:00,688.9,689.43,688.02,2616,688.31,160349,688.747346
2026-01-05 17:00:00+00:00,688.595,689.125,688.21,1945,688.98,107146,688.649168
2026-01-05 18:00:00+00:00,688.545,688.77,687.67,1652,688.63,96110,688.374374
2026-01-05 19:00:00+00:00,687.63,688.71,687.29,2207,688.575,123950,688.00691
2026-01-05 20:00:00+00:00,687.73,688.235,687.165,5375,687.61,406432,687.653868
2026-01-05 21:00:00+00:00,687.72,687.75,687.41,50,687.75,17783,687.594478
2026-01-06 13:00:00+00:00,687.58,688.09,687.58,13,688.04,854,687.943704
2026-01-06 14:00:00+00:00,690.045,690.14,687.49,1949,687.6,110741,688.782658
2026-01-06 15:00:00+00:00,689.1,690.86,688.71,3652,690.115,228756,690.066727
2026-01-06 16:00:00+00:00,689.43,689.49,688.31,3274,689.07,196659,688.983658
2026-01-06 17:00:00+00:00,690.945,691.1,689.19,2741,689.41,156683,690.453945
2026-01-06 18:00:00+00:00,691.71,691.71,690.565,2819,690.97,153445,691.167658
2026-01-06 19:00:00+00:00,691.87,692.16,691.67,3737,691.72,193753,691.961848
2026-01-06 20:00:00+00:00,691.81,692.3,691.81,6986,691.855,429057,692.073212
2026-01-06 21:00:00+00:00,692.07,692.08,691.85,97,691.96,43687,691.946698
2026-01-07 13:00:00+00:00,692.22,692.28,691.38,23,691.59,1412,691.765185
2026-01-07 14:00:00+00:00,692.55,693.07,691.74,1726,691.86,96085,692.481638
2026-01-07 15:00:00+00:00,692.495,692.7,691.0,3335,692.61,205546,691.871137
2026-01-07 16:00:00+00:00,693.505,693.555,691.935,2894,692.48,184597,692.743778
2026-01-07 17:00:00+00:00,692.995,693.95,692.86,2217,693.52,125086,693.506525
2026-01-07 18:00:00+00:00,692.81,693.125,692.07,2106,692.98,132391,692.601969
2026-01-07 19:00:00+00:00,691.745,692.89,691.49,2556,692.785,159910,691.990243
2026-01-07 20:00:00+00:00,689.64,691.81,689.35,7159,691.74,537094,690.022293
2026-01-07 21:00:00+00:00,689.67,689.67,689.22,66,689.6,30255,689.333999
2026-01-08 13:00:00+00:00,689.22,689.25,688.25,22,688.25,1992,689.055025
2026-01-08 14:00:00+00:00,688.23,689.275,687.495,2143,689.17,157830,688.606704
2026-01-08 15:00:00+00:00,689.82,690.015,687.86,4041,688.21,265279,689.250441
2026-01-08 16:00:00+00:00,689.9,690.08,688.44,2915,689.86,192656,689.416669
2026-01-08 17:00:00+00:00,690.06,690.59,689.13,2623,689.905,153868,689.897247
2026-01-08 18:00:00+00:00,688.9,690.19,688.77,2568,690.01,163594,689.393956
2026-01-08 19:00:00+00:00,688.87,689.32,688.28,2848,688.86,161898,688.897337
2026-01-08 20:00:00+00:00,689.44,690.04,688.74,5083,688.82,404581,689.505264
2026-01-08 21:00:00+00:00,690.62,690.89,689.52,51,689.52,30081,689.837915
2026-01-09 13:00:00+00:00,692.15,692.4,690.75,27,690.75,1740,691.210172
2026-01-09 14:00:00+00:00,691.51,692.255,690.47,1551,692.16,103059,691.31884
2026-01-09 15:00:00+00:00,691.94,693.45,689.21,4102,691.58,275020,691.806112
2026-01-09 16:00:00+00:00,693.88,694.03,691.96,3425,691.96,226413,693.247885
2026-01-09 17:00:00+00:00,693.96,694.5,693.725,2977,693.9,178709,694.142383
2026-01-09 18:00:00+00:00,694.57,694.88,693.36,2482,693.95,153673,694.183618
2026-01-09 19:00:00+00:00,694.89,695.22,694.37,3047,694.545,170953,694.780407
2026-01-09 20:00:00+00:00,694.005,695.295,693.91,6121,694.84,439762,694.707306
2026-01-09 21:00:00+00:00,694.07,694.1,693.83,191,694.1,69688,693.944489
2026-01-12 13:00:00+00:00,690.45,690.58,690.23,9,690.55,790,690.477595
2026-01-12 14:00:00+00:00,693.665,693.89,690.29,2481,690.36,154076,692.708367
2026-01-12 15:00:00+00:00,693.915,694.06,692.97,4125,693.68,224469,693.368206
2026-01-12 16:00:00+00:00,694.56,694.85,693.69,2796,693.91,152837,694.328201
2026-01-12 17:00:00+00:00,694.65,694.835,694.13,2135,694.545,124079,694.521061
2026-01-12 18:00:00+00:00,695.22,695.38,694.61,2539,694.67,136424,695.073775
2026-01-12 19:00:00+00:00,695.95,696.02,694.96,2985,695.205,176995,695.469331
2026-01-12 20:00:00+00:00,695.185,696.07,695.17,5466,695.935,378834,695.431515
2026-01-12 21:00:00+00:00,695.4,695.4,695.08,83,695.15,30403,695.196193
2026-01-13 13:00:00+00:00,695.49,697.28,694.37,36,694.37,3285,696.323985
2026-01-13 14:00:00+00:00,694.27,696.21,694.27,2181,695.84,137953,695.223841
2026-01-13 15:00:00+00:00,693.76,694.44,692.13,3231,694.16,218836,693.205977
2026-01-13 16:00:00+00:00,694.915,695.17,692.42,2607,693.74,173572,694.173361
2026-01-13 17:00:00+00:00,692.975,695.105,692.56,2569,694.87,145674,694.120983
2026-01-13 18:00:00+00:00,692.81,693.64,692.45,2062,692.91,122036,692.985404
2026-01-13 19:00:00+00:00,692.89,693.2,692.245,2714,692.885,157090,692.768583
2026-01-13 20:00:00+00:00,693.71,693.955,691.4,6642,692.84,533081,692.717835
2026-01-13 21:00:00+00:00,693.5,694.04,693.5,61,694.04,24722,693.79454
2026-01-14 13:00:00+00:00,690.86,691.4,690.86,13,691.35,951,691.171579
2026-01-14 14:00:00+00:00,688.66,691.68,688.66,1530,690.78,112177,690.16265
2026-01-14 15:00:00+00:00,687.165,690.82,686.51,4212,688.24,296608,688.318167
2026-01-14 16:00:00+00:00,686.59,689.41,686.17,2773,687.18,174061,687.705383
2026-01-14 17:00:00+00:00,686.71,687.45,686.215,2173,686.55,124690,686.821636
2026-01-14 18:00:00+00:00,688.125,688.24,686.27,2493,686.57,134478,687.257808
2026-01-14 19:00:00+00:00,688.055,688.57,687.63,3365,688.05,183168,688.076782
2026-01-14 20:00:00+00:00,690.62,690.62,687.35,7931,688.05,596097,689.51014
2026-01-14 21:00:00+00:00,688.41,690.1,688.41,19,690.1,615,689.244444
2026-01-15 13:00:00+00:00,693.7,693.86,692.75,22,692.8,1339,693.22603
2026-01-15 14:00:00+00:00,693.66,694.675,693.19,2426,693.9,194022,694.069704
2026-01-15 15:00:00+00:00,694.455,694.89,692.99,4254,693.545,235446,693.991908
2026-01-15 16:00:00+00:00,695.04,695.34,694.35,3655,694.43,189040,694.843996
2026-01-15 17:00:00+00:00,693.975,695.44,693.91,3583,695.01,171953,694.7755
2026-01-15 18:00:00+00:00,694.72,695.25,693.91,3674,693.91,172808,694.677022
2026-01-15 19:00:00+00:00,692.79,694.69,692.585,5049,694.69,234240,693.622455
2026-01-15 20:00:00+00:00,692.18,693.02,691.28,8632,692.65,559457,691.878591
2026-01-15 21:00:00+00:00,692.01,692.2,692.01,8,692.2,4951,692.089695
2026-01-16 13:00:00+00:00,693.21,693.21,693.21,1,693.21,50,693.21
2026-01-16 14:00:00+00:00,692.015,694.23,691.97,1360,693.36,100754,693.369245
2026-01-16 15:00:00+00:00,691.855,692.8,690.13,3307,691.87,214937,691.530128
2026-01-16 16:00:00+00:00,692.63,693.46,691.575,2260,691.85,134350,692.54572
2026-01-16 17:00:00+00:00,691.92,692.945,691.92,1651,692.625,81554,692.53685
2026-01-16 18:00:00+00:00,692.655,693.25,691.85,1532,691.94,82344,692.825997
2026-01-16 19:00:00+00:00,692.68,693.7,692.0,3273,692.635,178820,692.743924
2026-01-16 20:00:00+00:00,691.58,692.86,691.47,6154,692.62,475027,692.125229
2026-01-20 13:00:00+00:00,681.03,682.69,680.61,42,682.41,3100,681.9419
2026-01-20 14:00:00+00:00,682.2,683.265,680.94,2532,681.0,135751,682.331541
2026-01-20 15:00:00+00:00,683.81,684.74,680.925,2138,682.0,135019,682.77395
2026-01-20 16:00:00+00:00,683.72,684.5,682.36,1495,683.875,82666,683.536185
2026-01-20 17:00:00+00:00,681.08,683.86,680.49,1437,683.63,72492,681.993321
2026-01-20 18:00:00+00:00,678.73,681.465,678.035,2050,680.94,99686,679.890158
2026-01-20 19:00:00+00:00,677.885,679.27,677.3,2402,678.835,151081,678.038761
2026-01-20 20:00:00+00:00,677.66,678.13,676.58,6135,677.73,441587,677.212235
2026-01-20 21:00:00+00:00,678.0,678.0,677.91,4,677.91,238,677.962185
2026-01-21 13:00:00+00:00,677.25,677.25,676.22,19,676.82,1530,676.883856
2026-01-21 14:00:00+00:00,682.485,682.665,676.71,3270,676.71,204627,680.578734
2026-01-21 15:00:00+00:00,684.77,685.13,681.72,4024,682.59,188182,683.498121
2026-01-21 16:00:00+00:00,680.05,684.82,679.94,6020,684.765,268181,682.662728
2026-01-21 17:00:00+00:00,680.61,680.95,678.165,5821,680.03,255752,679.614428
2026-01-21 18:00:00+00:00,680.98,681.43,678.65,4145,680.57,172042,680.12133
2026-01-21 19:00:00+00:00,688.43,688.69,679.88,7926,680.97,431187,685.574919
2026-01-21 20:00:00+00:00,685.34,688.725,684.64,12761,688.48,693401,685.963005
2026-01-22 13:00:00+00:00,689.82,689.82,688.81,18,689.23,1535,689.257143
2026-01-22 14:00:00+00:00,687.915,690.63,687.395,2750,690.03,160557,689.295922
2026-01-22 15:00:00+00:00,688.61,689.48,686.94,2567,687.72,134598,688.237211
2026-01-22 16:00:00+00:00,689.725,690.47,688.6,2351,688.6,146321,689.607624
2026-01-22 17:00:00+00:00,690.97,691.075,689.465,1941,689.595,88593,690.461923
2026-01-22 18:00:00+00:00,690.01,691.08,689.84,1695,690.955,72728,690.597868
2026-01-22 19:00:00+00:00,688.775,690.94,688.76,2388,690.035,135082,690.185646
2026-01-22 20:00:00+00:00,688.96,689.49,687.6,4552,688.7,238727,688.596134
2026-01-22 21:00:00+00:00,688.65,689.16,688.65,2,689.16,780,689.133846
2026-01-23 13:00:00+00:00,687.46,688.58,687.35,9,688.56,620,688.209
2026-01-23 14:00:00+00:00,688.77,688.78,687.18,1596,687.69,106728,687.936768
2026-01-23 15:00:00+00:00,690.49,690.69,688.31,2776,688.925,176210,689.776191
2026-01-23 16:00:00+00:00,689.78,690.955,689.42,2356,690.52,135178,690.393923
2026-01-23 17:00:00+00:00,687.965,690.3,687.77,2507,689.7,159025,689.274534
2026-01-23 18:00:00+00:00,688.97,689.26,687.9,2011,687.955,122005,688.725281
2026-01-23 19:00:00+00:00,689.54,690.17,688.93,2464,688.93,142585,689.554961
2026-01-23 20:00:00+00:00,689.2,689.6,688.54,4289,689.58,236106,689.133717
2026-01-23 21:00:00+00:00,688.45,688.76,688.44,44,688.76,26979,688.644155
2026-01-26 13:00:00+00:00,689.1,689.1,689.1,1,689.1,40,689.1
2026-01-26 14:00:00+00:00,692.27,692.63,689.95,2569,690.485,173504,691.714711
2026-01-26 15:00:00+00:00,692.975,693.39,691.76,2951,692.22,183984,692.789743
2026-01-26 16:00:00+00:00,693.09,693.35,692.235,1907,693.015,108814,692.892588
2026-01-26 17:00:00+00:00,693.235,693.695,693.04,1567,693.05,85190,693.450603
2026-01-26 18:00:00+00:00,693.585,694.12,692.92,1425,693.22,71343,693.469138
2026-01-26 19:00:00+00:00,693.6,693.975,693.48,2665,693.57,142532,693.73542
2026-01-26 20:00:00+00:00,692.755,693.83,692.65,6047,693.56,466977,693.242515
2026-01-26 21:00:00+00:00,692.82,692.82,692.55,28,692.67,2713,692.686131
2026-01-27 13:00:00+00:00,694.52,694.58,694.52,3,694.58,310,694.553871
2026-01-27 14:00:00+00:00,695.17,695.47,693.58,1688,694.2,123301,694.424488
2026-01-27 15:00:00+00:00,696.0,696.13,694.53,2821,695.17,178286,695.34909
2026-01-27 16:00:00+00:00,696.06,696.515,695.995,2763,696.0,164087,696.262632
2026-01-27 17:00:00+00:00,695.43,696.135,695.39,2197,696.01,129116,695.778043
2026-01-27 18:00:00+00:00,696.03,696.21,694.94,2430,695.44,114540,695.703457
2026-01-27 19:00:00+00:00,696.105,696.35,695.76,2163,696.01,100686,696.071745
2026-01-27 20:00:00+00:00,695.53,696.4,695.4,5971,696.035,475569,695.832358
2026-01-27 21:00:00+00:00,695.79,695.79,695.34,18,695.49,12377,695.40784
2026-01-28 13:00:00+00:00,696.95,696.95,696.73,4,696.74,198,696.805056
2026-01-28 14:00:00+00:00,697.1,697.825,696.68,1640,696.68,124730,697.376547
2026-01-28 15:00:00+00:00,695.61,697.27,695.575,2171,697.11,148136,696.542568
2026-01-28 16:00:00+00:00,694.72,696.31,694.51,1913,695.59,123432,695.310025
2026-01-28 17:00:00+00:00,694.82,695.665,694.54,1696,694.73,85353,695.041947
2026-01-28 18:00:00+00:00,695.17,695.41,694.58,1535,694.84,61973,695.074254
2026-01-28 19:00:00+00:00,694.89,696.04,694.16,2199,695.14,132345,695.06908
2026-01-28 20:00:00+00:00,695.39,696.26,694.79,3936,694.9,237189,695.666156
2026-01-28 21:00:00+00:00,696.48,696.81,693.41,36,693.45,1955,696.081767
2026-01-29 13:00:00+00:00,696.75,696.76,696.62,10,696.62,720,696.704632
2026-01-29 14:00:00+00:00,691.495,697.06,691.48,1861,696.19,146209,694.270833
2026-01-29 15:00:00+00:00,686.03,691.58,685.24,3426,691.535,245833,688.37663
2026-01-29 16:00:00+00:00,688.69,689.0,684.85,3041,686.04,212918,687.641594
2026-01-29 17:00:00+00:00,688.725,691.64,688.725,2447,688.77,178915,690.3102
2026-01-29 18:00:00+00:00,690.66,691.8,688.79,1621,689.03,123470,690.755245
2026-01-29 19:00:00+00:00,691.12,692.21,690.25,2291,690.56,170888,691.598941
2026-01-29 20:00:00+00:00,693.965,694.78,691.11,4859,691.15,365586,693.081039
2026-01-29 21:00:00+00:00,694.17,694.89,693.72,32,694.11,3565,693.929445
2026-01-30 13:00:00+00:00,690.86,692.12,690.24,33,691.96,2092,691.421503
2026-01-30 14:00:00+00:00,691.695,693.63,691.25,1638,691.29,126114,692.677169
2026-01-30 15:00:00+00:00,692.16,694.17,690.905,2046,691.74,146351,692.960561
2026-01-30 16:00:00+00:00,690.61,692.69,690.3,1777,692.1,107970,691.394636
2026-01-30 17:00:00+00:00,689.22,691.5,688.73,1825,690.68,120070,690.001573
2026-01-30 18:00:00+00:00,691.39,692.06,687.17,2299,689.09,141017,689.183951
2026-01-30 19:00:00+00:00,690.545,692.69,690.46,3010,691.36,200400,691.817712
2026-01-30 20:00:00+00:00,691.8,692.8,689.3,7134,690.665,544712,691.347347
2026-01-30 21:00:00+00:00,691.44,691.56,691.0,28,691.56,2246,691.442275
2026-02-02 13:00:00+00:00,689.58,689.68,688.29,20,688.64,1242,689.180044
2026-02-02 14:00:00+00:00,692.69,693.835,689.445,2052,689.75,157092,692.188383
2026-02-02 15:00:00+00:00,694.72,695.74,692.45,4433,692.57,311751,694.741378
2026-02-02 16:00:00+00:00,695.75,695.86,693.93,2812,694.74,177422,695.097687
2026-02-02 17:00:00+00:00,696.39,696.93,695.64,2463,695.715,156812,696.286887
2026-02-02 18:00:00+00:00,696.515,696.75,695.695,2813,696.43,152467,696.308995
2026-02-02 19:00:00+00:00,695.52,696.875,695.38,3317,696.475,196284,696.517103
2026-02-02 20:00:00+00:00,695.39,696.46,695.05,8517,695.52,647801,695.690212
2026-02-02 21:00:00+00:00,695.51,695.75,694.97,13,695.41,4073,695.110063
2026-02-03 13:00:00+00:00,696.86,697.26,696.86,15,697.17,1091,696.994678
2026-02-03 14:00:00+00:00,693.48,696.945,693.45,1916,696.72,122889,695.398003
2026-02-03 15:00:00+00:00,693.11,693.68,690.8,3728,693.405,241877,692.401472
2026-02-03 16:00:00+00:00,690.61,693.18,690.325,2650,693.17,173643,691.287662
2026-02-03 17:00:00+00:00,687.71,690.73,687.43,3866,690.64,273964,688.876198
2026-02-03 18:00:00+00:00,684.87,688.55,684.86,3631,687.745,243505,686.469867
2026-02-03 19:00:00+00:00,686.89,687.19,684.035,4238,684.83,297485,685.855016
2026-02-03 20:00:00+00:00,689.435,689.74,686.28,6741,686.75,468317,688.533398
2026-02-03 21:00:00+00:00,689.2,689.85,689.02,18,689.46,3464,689.09168
2026-02-04 13:00:00+00:00,690.26,690.81,690.12,7,690.12,440,690.5155
2026-02-04 14:00:00+00:00,688.1,691.4,687.85,2349,689.96,148178,689.919369
2026-02-04 15:00:00+00:00,688.59,690.77,686.54,3644,687.97,246896,688.649304
2026-02-04 16:00:00+00:00,686.59,688.895,684.39,3268,688.53,181107,686.600006
2026-02-04 17:00:00+00:00,683.585,687.07,681.78,3427,686.51,217047,683.878275
2026-02-04 18:00:00+00:00,684.63,685.51,682.365,3212,683.63,230269,683.733215
2026-02-04 19:00:00+00:00,688.215,688.405,683.42,4127,684.63,265032,686.077589
2026-02-04 20:00:00+00:00,686.1,688.45,685.65,7045,688.24,542770,687.172531
2026-02-04 21:00:00+00:00,689.16,689.43,685.26,43,685.26,2481,687.553521
2026-02-05 13:00:00+00:00,681.82,683.37,681.2,18,683.22,1168,682.408947
2026-02-05 14:00:00+00:00,680.68,683.64,678.79,2952,680.92,251774,681.450968
2026-02-05 15:00:00+00:00,677.34,681.3,675.97,3761,680.59,289286,677.907882
2026-02-05 16:00:00+00:00,681.26,681.535,675.81,2616,677.15,195382,679.128255
2026-02-05 17:00:00+00:00,680.495,682.6,679.0,2266,681.25,161343,680.736287
2026-02-05 18:00:00+00:00,678.33,681.3,677.75,2084,680.41,128340,679.295406
2026-02-05 19:00:00+00:00,679.06,681.46,678.03,1927,678.14,123751,679.622467
2026-02-05 20:00:00+00:00,677.44,680.86,676.2,5589,679.08,402374,677.684459
2026-02-05 21:00:00+00:00,674.55,677.45,674.28,55,676.82,3181,675.511297
2026-02-06 13:00:00+00:00,681.55,681.55,680.71,8,680.72,740,681.07973
2026-02-06 14:00:00+00:00,684.855,686.49,681.14,3097,681.66,233073,684.63886
2026-02-06 15:00:00+00:00,685.8,687.01,683.2,3199,684.82,212293,685.161298
2026-02-06 16:00:00+00:00,687.47,688.01,685.55,3505,685.7,202758,687.248342
2026-02-06 17:00:00+00:00,688.94,689.48,687.2,3178,687.41,190813,688.436713
2026-02-06 18:00:00+00:00,689.03,689.63,688.61,3167,688.965,166850,689.199351
2026-02-06 19:00:00+00:00,689.345,689.745,688.755,3564,689.05,196197,689.242725
2026-02-06 20:00:00+00:00,690.72,692.29,689.13,9450,689.27,597354,690.654784
2026-02-06 21:00:00+00:00,690.15,690.95,690.15,20,690.95,846,690.329442
2026-02-09 13:00:00+00:00,689.73,691.2,689.73,13,690.76,1126,690.365175
2026-02-09 14:00:00+00:00,690.515,691.62,688.39,1461,689.22,96040,690.459676
2026-02-09 15:00:00+00:00,694.24,694.44,690.275,2655,690.335,166045,692.849588
2026-02-09 16:00:00+00:00,695.395,695.58,694.065,2530,694.255,153520,694.710443
2026-02-09 17:00:00+00:00,694.57,695.655,694.495,2095,695.375,92961,695.201467
2026-02-09 18:00:00+00:00,694.69,695.18,693.6,2037,694.58,93664,694.652442
2026-02-09 19:00:00+00:00,695.42,695.855,694.52,2330,694.68,113964,695.377762
2026-02-09 20:00:00+00:00,694.0,695.69,693.89,5282,695.425,321551,694.632239
2026-02-09 21:00:00+00:00,694.17,694.17,694.17,5,694.17,234,694.17
2026-02-10 13:00:00+00:00,693.98,694.19,693.32,8,693.32,765,693.917974
2026-02-10 14:00:00+00:00,695.76,696.12,693.465,1530,694.48,82989,694.831914
2026-02-10 15:00:00+00:00,695.4,696.53,694.83,1957,695.77,113894,695.770496
2026-02-10 16:00:00+00:00,694.79,695.545,694.1,1847,695.38,106729,694.838223
2026-02-10 17:00:00+00:00,695.435,695.79,694.225,1576,694.78,68763,695.294154
2026-02-10 18:00:00+00:00,693.67,695.38,692.88,2115,695.355,128048,693.737727
2026-02-10 19:00:00+00:00,693.76,694.12,693.185,1901,693.71,103348,693.664078
2026-02-10 20:00:00+00:00,692.11,693.96,691.66,6152,693.7,482361,692.576979
2026-02-11 13:00:00+00:00,696.37,696.37,692.94,35,692.94,2335,695.333871
2026-02-11 14:00:00+00:00,694.105,697.08,693.835,1155,696.24,93430,695.732776
2026-02-11 15:00:00+00:00,692.26,694.66,689.22,2691,694.15,182734,691.357491
2026-02-11 16:00:00+00:00,692.03,693.44,691.47,1674,692.355,99605,692.56411
2026-02-11 17:00:00+00:00,692.775,693.98,691.4,2068,692.015,120121,692.957007
2026-02-11 18:00:00+00:00,692.72,692.99,691.44,2703,692.75,166978,692.320792
2026-02-11 19:00:00+00:00,693.0,693.91,692.13,1440,692.74,85966,693.250131
2026-02-11 20:00:00+00:00,691.81,693.09,691.77,5301,692.865,303604,692.456642
2026-02-12 13:00:00+00:00,694.8,695.16,693.65,19,693.73,1620,694.336605
2026-02-12 14:00:00+00:00,692.66,695.34,692.34,1476,694.5,110575,694.069771
2026-02-12 15:00:00+00:00,688.675,693.7,688.595,2321,692.77,157101,691.207462
2026-02-12 16:00:00+00:00,684.545,688.77,683.555,3676,688.71,291793,685.757618
2026-02-12 17:00:00+00:00,683.06,685.57,682.98,2341,684.48,130824,684.32736
2026-02-12 18:00:00+00:00,684.69,685.325,682.25,2916,682.82,173081,683.816612
2026-02-12 19:00:00+00:00,685.12,685.96,683.645,3155,684.855,188536,684.976796
2026-02-12 20:00:00+00:00,681.19,685.49,680.4,7438,685.36,501884,682.175957
2026-02-12 21:00:00+00:00,680.95,680.95,680.94,4,680.94,2360,680.940169
2026-02-13 13:00:00+00:00,682.35,682.69,678.84,34,680.42,2512,681.422384
2026-02-13 14:00:00+00:00,679.8,682.745,677.53,2961,681.54,216389,680.81023
2026-02-13 15:00:00+00:00,682.51,684.57,679.885,4721,679.885,287100,682.220335
2026-02-13 16:00:00+00:00,684.81,685.49,681.865,3134,682.53,198746,683.880618
2026-02-13 17:00:00+00:00,685.11,686.24,684.49,3230,684.78,203602,685.553683
2026-02-13 18:00:00+00:00,684.65,686.26,684.13,3844,685.12,188775,685.189357
2026-02-13 19:00:00+00:00,682.41,685.34,682.28,3997,684.725,240266,684.175157
2026-02-13 20:00:00+00:00,681.61,683.25,679.83,8245,682.48,556368,681.2564
2026-02-17 13:00:00+00:00,679.68,679.87,677.3,19,678.34,1340,678.991493
2026-02-17 14:00:00+00:00,676.62,682.77,676.51,1552,679.4,109204,679.351227
2026-02-17 15:00:00+00:00,678.6,679.745,675.79,2525,676.42,166146,677.675717
2026-02-17 16:00:00+00:00,682.47,683.2,678.52,2422,678.6,174727,681.83413
2026-02-17 17:00:00+00:00,681.03,682.48,679.19,986,682.44,65415,680.917326
2026-02-17 18:00:00+00:00,684.08,684.71,679.88,1300,681.02,99943,682.418325
2026-02-17 19:00:00+00:00,683.54,684.92,683.44,1546,684.06,102601,684.176133
2026-02-17 20:00:00+00:00,682.76,684.09,681.94,4032,683.57,243129,682.683794
2026-02-17 21:00:00+00:00,682.58,682.58,682.58,5,682.58,269,682.58
2026-02-18 13:00:00+00:00,683.83,685.5,683.83,9,685.41,720,685.333472
2026-02-18 14:00:00+00:00,686.09,686.345,682.87,1895,683.84,137685,684.523905
2026-02-18 15:00:00+00:00,688.515,688.71,686.11,3720,686.205,257558,687.829758
2026-02-18 16:00:00+00:00,687.55,688.96,687.52,3033,688.51,158149,688.307199
2026-02-18 17:00:00+00:00,688.5,688.885,687.38,2355,687.56,127806,688.279345
2026-02-18 18:00:00+00:00,686.965,689.14,686.09,3202,688.52,176701,687.57745
2026-02-18 19:00:00+00:00,684.6,687.38,684.07,4151,686.92,251637,685.829024
2026-02-18 20:00:00+00:00,686.19,687.17,683.92,8177,684.62,546641,685.828009
2026-02-19 13:00:00+00:00,683.94,684.35,683.2,19,684.08,1339,683.893757
2026-02-19 14:00:00+00:00,684.96,685.82,682.48,1769,683.68,109287,684.143648
2026-02-19 15:00:00+00:00,685.35,686.135,683.79,2569,684.9,162886,684.931954
2026-02-19 16:00:00+00:00,683.68,685.77,682.76,3572,685.32,211863,684.322496
2026-02-19 17:00:00+00:00,682.42,684.78,682.17,3387,683.55,175958,683.398127
2026-02-19 18:00:00+00:00,683.74,683.8,681.59,3008,682.42,158555,682.651904
2026-02-19 19:00:00+00:00,682.57,684.04,681.915,3626,683.73,193507,683.068866
2026-02-19 20:00:00+00:00,684.505,684.56,682.54,6280,682.555,391311,683.531577
2026-02-20 13:00:00+00:00,682.53,684.54,682.28,12,684.54,830,683.336875
2026-02-20 14:00:00+00:00,684.79,685.35,681.865,1603,683.17,104941,684.094557
2026-02-20 15:00:00+00:00,688.82,689.32,684.24,4558,684.89,328902,687.122285
2026-02-20 16:00:00+00:00,688.57,689.18,685.94,2953,688.81,167467,688.180268
2026-02-20 17:00:00+00:00,687.51,688.81,684.1,2926,688.61,150872,686.353235
2026-02-20 18:00:00+00:00,689.27,690.06,685.75,2920,687.49,177835,688.068084
2026-02-20 19:00:00+00:00,688.07,689.74,687.82,1908,689.27,104370,688.636094
2026-02-20 20:00:00+00:00,689.44,689.49,688.03,5078,688.04,283927,688.89772
2026-02-20 21:00:00+00:00,689.29,689.46,689.21,11,689.44,5541,689.289403
2026-02-23 13:00:00+00:00,687.06,687.06,686.43,7,686.43,340,686.774444
2026-02-23 14:00:00+00:00,686.52,690.0,686.33,1746,687.805,105339,688.285598
2026-02-23 15:00:00+00:00,682.31,687.17,682.19,2951,686.47,183991,684.23011
2026-02-23 16:00:00+00:00,681.95,683.06,680.385,3072,682.24,192915,681.904156
2026-02-23 17:00:00+00:00,681.95,682.42,680.6,2478,681.96,131295,681.642994
2026-02-23 18:00:00+00:00,682.04,683.9,681.88,2959,681.98,156885,683.053121
2026-02-23 19:00:00+00:00,681.05,682.27,680.54,3802,682.07,213618,681.458301
2026-02-23 20:00:00+00:00,682.39,682.43,680.66,6933,681.0,563484,681.42463
2026-02-23 21:00:00+00:00,682.67,682.77,682.62,16,682.76,675,682.672
2026-02-24 13:00:00+00:00,683.58,683.58,682.14,38,682.4,2308,682.769811
2026-02-24 14:00:00+00:00,683.21,685.41,680.0,1594,682.95,123984,683.008511
2026-02-24 15:00:00+00:00,685.39,686.51,682.07,3053,683.125,196885,684.973807
2026-02-24 16:00:00+00:00,686.47,686.86,685.18,1898,685.36,119571,685.959821
2026-02-24 17:00:00+00:00,687.4,687.77,686.41,2255,686.5,114579,687.247432
2026-02-24 18:00:00+00:00,687.45,688.09,686.905,2409,687.43,130024,687.528552
2026-02-24 19:00:00+00:00,687.14,687.65,686.66,2758,687.5,126137,687.162874
2026-02-24 20:00:00+00:00,687.37,688.325,686.46,6598,687.1,457362,687.344164
2026-02-24 21:00:00+00:00,687.03,687.5,687.03,38,687.45,16336,687.381769
2026-02-25 13:00:00+00:00,689.99,689.99,689.48,28,689.74,2284,689.749987
2026-02-25 14:00:00+00:00,691.39,691.94,689.87,1038,690.09,60986,691.130399
2026-02-25 15:00:00+00:00,690.83,691.48,690.2,1456,691.37,89790,690.639368
2026-02-25 16:00:00+00:00,692.07,692.34,690.73,1099,690.83,71816,691.461336
2026-02-25 17:00:00+00:00,692.55,692.57,691.83,800,692.02,40362,692.214795
2026-02-25 18:00:00+00:00,692.51,692.66,692.22,437,692.54,17300,692.431788
2026-02-25 19:00:00+00:00,693.08,693.32,692.59,647,692.59,50712,693.039391
2026-02-25 20:00:00+00:00,693.1,693.66,692.75,4174,693.08,370410,693.217521
2026-02-25 21:00:00+00:00,694.49,695.07,693.03,23,693.1,7060,693.303839
2026-02-26 13:00:00+00:00,693.83,693.98,693.6,17,693.6,1110,693.822917
2026-02-26 14:00:00+00:00,690.68,693.81,690.48,1630,693.8,111967,691.661793
2026-02-26 15:00:00+00:00,687.65,690.9,684.37,3682,690.7,240407,687.081341
2026-02-26 16:00:00+00:00,686.22,689.07,686.085,2239,687.685,132239,687.849964
2026-02-26 17:00:00+00:00,685.59,687.07,685.03,1564,686.24,85368,686.145175
2026-02-26 18:00:00+00:00,687.41,688.11,684.77,1868,685.48,113385,686.179548
2026-02-26 19:00:00+00:00,689.03,689.65,687.17,1980,687.31,117529,688.858293
2026-02-26 20:00:00+00:00,689.32,689.77,688.63,4575,688.995,276200,689.048971
2026-02-26 21:00:00+00:00,688.86,689.24,688.86,4,689.24,160,688.976923
2026-02-27 13:00:00+00:00,683.76,685.53,682.75,73,685.42,4990,683.898434
2026-02-27 14:00:00+00:00,682.92,684.13,681.66,2856,683.52,207988,683.12487
2026-02-27 15:00:00+00:00,685.26,686.03,682.69,5597,682.81,352201,684.694605
2026-02-27 16:00:00+00:00,684.84,686.28,684.58,3817,685.24,233233,685.476518
2026-02-27 17:00:00+00:00,684.37,686.25,683.29,3716,684.85,217959,684.487635
2026-02-27 18:00:00+00:00,683.96,684.68,683.07,2846,684.37,163653,683.769251
2026-02-27 19:00:00+00:00,683.38,684.98,683.0,4489,683.95,296883,683.757308
2026-02-27 20:00:00+00:00,686.16,686.85,683.33,15410,683.33,1157197,685.307604
2026-02-27 21:00:00+00:00,684.98,686.1,684.98,74,685.71,5900,685.992068
2026-03-02 13:00:00+00:00,678.24,680.62,678.24,36,678.64,2763,679.413366
2026-03-02 14:00:00+00:00,683.0,683.31,678.03,3676,678.21,255784,681.645924
2026-03-02 15:00:00+00:00,684.19,685.35,682.0,4541,682.84,318353,684.124554
2026-03-02 16:00:00+00:00,686.27,686.965,682.92,3720,684.22,247554,685.105015
2026-03-02 17:00:00+00:00,687.22,687.3,685.72,3060,686.25,179649,686.585417
2026-03-02 18:00:00+00:00,685.3,687.42,685.24,3424,687.22,179128,686.401916
2026-03-02 19:00:00+00:00,688.2,688.59,685.2,5313,685.27,300270,687.587225
2026-03-02 20:00:00+00:00,686.35,688.32,684.94,10351,688.18,747840,686.417553
2026-03-02 21:00:00+00:00,685.95,686.28,685.5,18,686.27,1060,685.895381
2026-03-03 13:00:00+00:00,674.35,677.01,673.76,64,676.79,6732,674.975361
2026-03-03 14:00:00+00:00,672.4,677.05,671.97,5118,674.43,458461,674.360869
2026-03-03 15:00:00+00:00,671.99,673.82,669.675,9357,672.34,730652,671.502686
2026-03-03 16:00:00+00:00,677.52,678.425,671.76,7115,671.95,527052,675.609895
2026-03-03 17:00:00+00:00,677.37,678.46,676.16,4337,677.57,348876,677.426292
2026-03-03 18:00:00+00:00,681.25,681.89,677.47,4029,677.47,337247,680.213704
2026-03-03 19:00:00+00:00,681.25,682.58,679.32,4594,681.27,392496,680.943501
2026-03-03 20:00:00+00:00,680.29,681.94,679.24,8052,681.32,533056,680.47856
2026-03-04 13:00:00+00:00,682.86,683.26,681.27,31,681.27,2415,682.619563
2026-03-04 14:00:00+00:00,681.01,683.47,679.63,1650,682.59,123597,681.301632
2026-03-04 15:00:00+00:00,685.83,686.26,680.945,6123,681.64,397701,684.53857
2026-03-04 16:00:00+00:00,685.8,686.615,684.19,7051,685.86,451938,685.474447
2026-03-04 17:00:00+00:00,686.19,686.42,684.59,4619,685.78,294430,685.811221
2026-03-04 18:00:00+00:00,686.54,686.86,685.38,5382,686.195,327677,686.244803
2026-03-04 19:00:00+00:00,686.8,687.085,686.4,4168,686.57,231593,686.745992
2026-03-04 20:00:00+00:00,685.13,686.99,685.13,9454,686.84,620638,685.972243
2026-03-04 21:00:00+00:00,685.56,685.56,685.35,13,685.42,606,685.471923
2026-03-05 13:00:00+00:00,683.46,683.9,683.02,20,683.68,1990,683.357427
2026-03-05 14:00:00+00:00,685.04,685.04,681.54,1768,682.44,122034,683.441953
2026-03-05 15:00:00+00:00,681.99,685.51,679.37,3434,685.08,220876,681.987988
2026-03-05 16:00:00+00:00,680.99,682.3,679.02,3092,682.12,208372,680.217195
2026-03-05 17:00:00+00:00,676.49,682.39,676.05,3523,680.9,209231,678.568552
2026-03-05 18:00:00+00:00,676.63,678.23,675.87,2497,676.335,152996,677.037814
2026-03-05 19:00:00+00:00,677.07,677.785,675.63,2483,676.51,159517,676.792179
2026-03-05 20:00:00+00:00,681.405,681.73,676.42,10570,677.1,776500,680.42909
2026-03-05 21:00:00+00:00,680.46,681.42,680.25,8,681.42,460,680.748667
2026-03-06 13:00:00+00:00,672.95,678.33,672.95,91,677.28,6989,676.249156
2026-03-06 14:00:00+00:00,671.06,674.01,669.78,2029,672.96,146184,671.324768
2026-03-06 15:00:00+00:00,674.97,675.89,670.8,3070,670.94,219152,673.472822
2026-03-06 16:00:00+00:00,675.09,676.01,673.42,2263,674.92,133530,674.800528
2026-03-06 17:00:00+00:00,673.11,675.8,672.08,1958,674.95,101129,673.761965
2026-03-06 18:00:00+00:00,674.04,676.1,673.02,2190,673.03,126928,674.717559
2026-03-06 19:00:00+00:00,675.015,675.61,673.835,2787,674.16,151320,674.775013
2026-03-06 20:00:00+00:00,672.44,675.97,671.24,9723,674.99,844571,672.874849
2026-03-06 21:00:00+00:00,672.24,672.24,671.31,16,671.9,1029,671.754722
2026-03-09 12:00:00+00:00,665.19,667.23,664.92,31,666.31,3309,665.729565
2026-03-09 13:00:00+00:00,663.97,667.51,662.74,2532,665.95,219529,664.898896
2026-03-09 14:00:00+00:00,667.58,668.31,662.42,4645,664.06,340815,664.908428
2026-03-09 15:00:00+00:00,669.45,669.9,667.75,2931,667.78,192192,668.912592
2026-03-09 16:00:00+00:00,671.25,672.25,669.245,3022,669.47,202009,670.801803
2026-03-09 17:00:00+00:00,668.81,671.21,668.11,2988,671.18,191030,669.513416
2026-03-09 18:00:00+00:00,670.03,671.26,668.92,3345,668.92,199729,670.214609
2026-03-09 19:00:00+00:00,678.3,679.88,669.92,9171,670.14,669504,676.42806
2026-03-09 20:00:00+00:00,677.64,677.82,676.68,18,677.67,1094,677.268756
2026-03-10 12:00:00+00:00,676.59,676.77,675.19,19,676.77,2532,675.888543
2026-03-10 13:00:00+00:00,675.94,678.73,675.51,1408,677.42,99873,677.083218
2026-03-10 14:00:00+00:00,681.11,681.12,674.81,2618,675.95,185928,678.01725
2026-03-10 15:00:00+00:00,681.39,681.9,680.34,2119,681.1,122607,681.059095
2026-03-10 16:00:00+00:00,681.47,681.79,679.78,1751,681.4,119927,680.959566
2026-03-10 17:00:00+00:00,682.05,683.33,680.68,2351,681.45,154761,682.162842
2026-03-10 18:00:00+00:00,678.5,682.18,677.43,2891,682.07,244222,680.014735
2026-03-10 19:00:00+00:00,677.13,679.47,676.23,5239,678.68,396911,677.267588
2026-03-10 20:00:00+00:00,678.12,678.15,677.06,7,677.06,343,677.592054
2026-03-11 12:00:00+00:00,675.35,677.24,675.35,26,676.07,1711,676.378291
2026-03-11 13:00:00+00:00,677.745,678.43,675.8,1194,675.8,65745,677.469882
2026-03-11 14:00:00+00:00,678.07,680.06,675.21,2475,677.93,134102,677.736955
2026-03-11 15:00:00+00:00,674.22,678.59,673.64,2170,678.13,92456,675.306757
2026-03-11 16:00:00+00:00,676.275,676.3,673.55,1491,674.22,104735,674.502902
2026-03-11 17:00:00+00:00,675.01,676.72,673.36,1484,676.21,84770,675.069856
2026-03-11 18:00:00+00:00,675.275,675.73,673.74,1600,675.0,109880,675.036679
2026-03-11 19:00:00+00:00,676.34,676.54,674.325,4063,675.37,252443,675.717967
2026-03-11 20:00:00+00:00,675.62,676.48,675.62,9,676.31,8490,676.195259
2026-03-12 12:00:00+00:00,671.46,672.31,671.46,28,672.25,2585,671.991263
2026-03-12 13:00:00+00:00,668.81,672.23,668.27,2412,672.23,151458,669.927362
2026-03-12 14:00:00+00:00,668.51,671.17,667.32,4119,668.83,310925,668.860174
2026-03-12 15:00:00+00:00,669.32,670.28,666.96,3856,668.43,288376,668.188556
2026-03-12 16:00:00+00:00,668.85,671.3,667.78,3128,669.31,238233,669.314114
2026-03-12 17:00:00+00:00,668.175,670.23,667.29,2984,668.82,220571,668.706003
2026-03-12 18:00:00+00:00,667.36,669.2,667.21,3071,668.2,223873,668.09899
2026-03-12 19:00:00+00:00,666.05,668.64,665.91,6515,667.3,414804,666.847996
2026-03-12 20:00:00+00:00,667.1,667.1,666.41,4,666.41,610,666.64
2026-03-13 12:00:00+00:00,669.6,669.6,668.48,27,669.53,1537,669.202471
2026-03-13 13:00:00+00:00,670.57,672.335,669.01,2418,669.39,142573,670.871703
2026-03-13 14:00:00+00:00,665.16,671.22,665.01,3733,670.59,243018,668.137518
2026-03-13 15:00:00+00:00,663.44,666.91,663.11,4483,665.39,272164,664.886807
2026-03-13 16:00:00+00:00,663.3,665.155,663.145,3544,663.5,204988,664.08849
2026-03-13 17:00:00+00:00,662.61,665.0,662.1,3106,663.42,199491,663.564362
2026-03-13 18:00:00+00:00,664.185,664.75,662.5,3976,662.7,224508,663.678526
2026-03-13 19:00:00+00:00,662.3,664.18,661.37,9409,664.17,612701,662.471708
2026-03-13 20:00:00+00:00,661.94,662.12,661.59,32,661.73,3752,661.669831
2026-03-16 12:00:00+00:00,668.42,668.65,667.7,33,667.77,2870,668.372517
2026-03-16 13:00:00+00:00,670.81,670.89,667.8,3334,668.16,232413,669.578448
2026-03-16 14:00:00+00:00,669.8,671.36,667.58,5788,670.69,368549,669.83975
2026-03-16 15:00:00+00:00,668.56,670.62,668.49,3464,669.83,191589,669.665622
2026-03-16 16:00:00+00:00,668.41,669.16,667.16,3506,668.35,205939,668.264511
2026-03-16 17:00:00+00:00,668.76,669.74,668.0,3168,668.435,177076,669.097147
2026-03-16 18:00:00+00:00,669.605,670.29,668.67,4447,668.8,269879,669.728496
2026-03-16 19:00:00+00:00,668.97,672.05,668.42,9835,669.61,673009,669.214219
2026-03-16 20:00:00+00:00,668.45,668.45,668.45,1,668.45,100,668.45
2026-03-17 12:00:00+00:00,670.75,670.75,669.41,28,669.42,1805,670.046194
2026-03-17 13:00:00+00:00,673.85,674.4,671.38,1438,671.38,113316,673.633316
2026-03-17 14:00:00+00:00,672.99,673.91,671.605,2519,673.91,154236,672.841405
2026-03-17 15:00:00+00:00,671.02,673.25,670.35,2050,673.02,128105,671.624893
2026-03-17 16:00:00+00:00,670.96,671.58,670.09,1374,671.0,92880,670.977831
2026-03-17 17:00:00+00:00,671.68,671.96,671.03,1652,671.05,108547,671.498989
2026-03-17 18:00:00+00:00,671.09,672.25,670.76,1883,671.76,126574,671.429333
2026-03-17 19:00:00+00:00,670.75,671.58,670.48,4207,671.09,309594,670.880844
2026-03-18 12:00:00+00:00,667.33,672.1,667.33,76,672.1,5794,670.087571
2026-03-18 13:00:00+00:00,669.22,669.65,667.2,2284,667.39,148126,668.875858
2026-03-18 14:00:00+00:00,667.14,669.4,665.74,3435,669.38,221052,666.819555
2026-03-18 15:00:00+00:00,667.09,668.0,666.43,2867,667.13,183948,667.266955
2026-03-18 16:00:00+00:00,666.56,667.52,665.85,1996,666.93,109133,666.840818
2026-03-18 17:00:00+00:00,666.72,666.86,665.34,2913,666.55,164893,666.089651
2026-03-18 18:00:00+00:00,663.42,667.42,663.32,4881,666.71,311681,665.328323
2026-03-18 19:00:00+00:00,661.54,664.7,661.23,9729,663.42,690429,662.430964
2026-03-18 20:00:00+00:00,660.62,661.61,660.62,14,661.57,641,661.322
2026-03-19 12:00:00+00:00,657.09,659.59,657.09,30,658.86,1796,658.043764
2026-03-19 13:00:00+00:00,658.68,658.91,655.2,2414,656.52,153260,656.84298
2026-03-19 14:00:00+00:00,657.94,659.41,656.17,2429,658.64,107397,658.070725
2026-03-19 15:00:00+00:00,657.79,659.655,656.21,2303,657.78,135979,657.795763
2026-03-19 16:00:00+00:00,657.215,659.02,656.68,1697,657.83,88001,657.713496
2026-03-19 17:00:00+00:00,657.31,657.86,655.65,2335,657.22,99777,656.641104
2026-03-19 18:00:00+00:00,658.42,658.79,656.34,2650,657.21,140746,657.515678
2026-03-19 19:00:00+00:00,659.87,662.93,658.415,5591,658.415,350263,660.370883
2026-03-19 20:00:00+00:00,660.5,660.5,660.09,10,660.09,9000,660.097462
2026-03-20 12:00:00+00:00,656.34,656.87,655.6,26,656.14,2090,656.334376
2026-03-20 13:00:00+00:00,653.17,656.65,653.03,1991,656.22,128451,655.172197
2026-03-20 14:00:00+00:00,652.13,653.73,651.22,3268,653.09,252973,652.444186
2026-03-20 15:00:00+00:00,652.95,654.14,651.64,2143,652.15,143757,652.500849
2026-03-20 16:00:00+00:00,652.525,653.9,651.97,2108,652.96,109829,652.914159
2026-03-20 17:00:00+00:00,651.43,653.21,650.59,2447,652.815,137192,651.923493
2026-03-20 18:00:00+00:00,648.06,651.695,647.64,4891,651.48,370972,649.109349
2026-03-20 19:00:00+00:00,648.48,648.63,644.75,13519,648.13,991795,647.123943
2026-03-20 20:00:00+00:00,649.43,649.43,649.03,30,649.03,2800,649.357312
2026-03-23 12:00:00+00:00,658.53,659.6,655.36,52,655.52,4613,657.935487
2026-03-23 13:00:00+00:00,660.2,660.2,656.22,3002,658.06,249223,658.226116
2026-03-23 14:00:00+00:00,661.05,662.25,658.64,4120,660.2,304542,660.597852
2026-03-23 15:00:00+00:00,656.07,662.605,655.83,5233,661.22,376708,659.817105
2026-03-23 16:00:00+00:00,655.52,657.55,653.94,4741,655.97,276989,656.063821
2026-03-23 17:00:00+00:00,658.12,658.23,654.34,3458,655.71,196986,656.484877
2026-03-23 18:00:00+00:00,658.94,659.65,656.59,3954,658.04,296766,658.200809
2026-03-23 19:00:00+00:00,655.37,658.98,655.37,8731,658.98,612457,657.061776
2026-03-24 12:00:00+00:00,653.17,655.02,653.03,25,655.02,2199,653.776964
2026-03-24 13:00:00+00:00,651.45,653.03,649.92,1692,652.27,127402,651.133454
2026-03-24 14:00:00+00:00,653.89,655.83,651.4,4663,651.99,298637,653.60137
2026-03-24 15:00:00+00:00,655.03,657.03,653.95,3482,653.95,200265,655.739689
2026-03-24 16:00:00+00:00,655.15,656.18,654.07,2526,655.0,173101,655.108229
2026-03-24 17:00:00+00:00,654.24,655.35,652.415,4442,655.12,279359,653.303569
2026-03-24 18:00:00+00:00,654.93,656.59,653.22,3802,654.25,247098,654.694243
2026-03-24 19:00:00+00:00,653.2,655.665,652.56,7071,654.89,415387,653.932203
2026-03-24 20:00:00+00:00,657.46,659.01,656.5,35,656.5,2480,657.956098
2026-03-25 12:00:00+00:00,658.78,660.15,656.53,121,659.97,10888,658.133195
2026-03-25 13:00:00+00:00,656.51,660.83,656.43,2345,658.665,146979,658.886987
2026-03-25 14:00:00+00:00,658.67,659.19,655.69,3965,656.64,239660,658.011024
2026-03-25 15:00:00+00:00,656.99,658.99,654.27,4215,658.71,256356,656.681947
2026-03-25 16:00:00+00:00,657.75,658.3,656.03,2906,656.99,128672,657.265832
2026-03-25 17:00:00+00:00,657.96,659.32,656.95,3429,657.74,141198,657.928239
2026-03-25 18:00:00+00:00,656.485,658.49,655.68,3338,657.88,141793,657.386938
2026-03-25 19:00:00+00:00,656.74,657.31,655.59,6956,656.425,313161,656.392971
2026-03-25 20:00:00+00:00,656.33,657.04,656.17,8,657.04,308,656.672148
2026-03-26 12:00:00+00:00,651.0,651.95,650.31,40,650.67,2777,651.115095
2026-03-26 13:00:00+00:00,654.46,654.595,650.73,2088,652.06,113667,652.891289
2026-03-26 14:00:00+00:00,652.19,654.82,650.845,1846,654.47,111802,653.318806
2026-03-26 15:00:00+00:00,651.45,652.81,650.93,1654,652.31,76339,651.866733
2026-03-26 16:00:00+00:00,649.7,651.63,648.945,1640,651.46,76807,650.011573
2026-03-26 17:00:00+00:00,646.68,650.09,646.495,2069,649.66,91263,648.379731
2026-03-26 18:00:00+00:00,647.38,647.6,646.525,1805,646.73,107356,647.138761
2026-03-26 19:00:00+00:00,645.11,647.505,644.83,5391,647.455,313955,645.525103
2026-03-26 20:00:00+00:00,646.23,650.92,645.09,76,645.09,6242,646.185185
2026-03-27 12:00:00+00:00,641.82,642.83,641.82,44,642.3,2538,642.430396
2026-03-27 13:00:00+00:00,639.06,642.61,638.61,2725,641.99,176779,640.854037
2026-03-27 14:00:00+00:00,640.22,640.76,638.37,2941,639.01,154954,639.586516
2026-03-27 15:00:00+00:00,640.29,641.95,639.0,2857,640.25,172619,640.466381
2026-03-27 16:00:00+00:00,638.71,640.41,638.1,2610,640.24,153525,639.11224
2026-03-27 17:00:00+00:00,636.155,639.9,635.98,3339,638.7,177911,637.192703
2026-03-27 18:00:00+00:00,635.42,636.72,635.13,3610,636.1,203824,635.75542
2026-03-27 19:00:00+00:00,634.04,635.65,633.105,9006,635.37,597052,634.497228
2026-03-30 12:00:00+00:00,639.54,639.76,637.84,44,637.86,2290,639.274686
2026-03-30 13:00:00+00:00,635.09,640.28,634.69,3570,639.88,225705,637.195625
2026-03-30 14:00:00+00:00,637.49,637.54,634.76,4065,635.04,238167,635.953025
2026-03-30 15:00:00+00:00,637.31,638.69,635.59,3567,637.5,238037,637.433569
2026-03-30 16:00:00+00:00,635.37,637.42,634.99,2750,637.415,121878,635.882195
2026-03-30 17:00:00+00:00,633.56,635.8,632.72,4280,635.36,195099,633.794193
2026-03-30 18:00:00+00:00,631.78,633.75,631.46,6304,633.585,236473,632.700634
2026-03-30 19:00:00+00:00,632.02,632.64,629.29,9148,631.76,553820,630.990076
2026-03-31 12:00:00+00:00,639.78,639.82,637.03,165,638.96,12934,638.217832
2026-03-31 13:00:00+00:00,642.66,642.66,638.41,2607,638.91,200403,640.704936
2026-03-31 14:00:00+00:00,638.72,642.95,638.01,5542,642.66,382673,640.993564
2026-03-31 15:00:00+00:00,639.79,642.26,638.68,4423,638.68,212857,640.67733
2026-03-31 16:00:00+00:00,646.75,649.31,639.59,5494,639.7,416804,644.5947
2026-03-31 17:00:00+00:00,646.44,648.54,646.19,5339,646.63,343159,647.352673
2026-03-31 18:00:00+00:00,648.66,648.89,646.39,4814,646.39,277592,647.903852
2026-03-31 19:00:00+00:00,650.12,651.5,648.0,12934,648.6,974421,649.91313
2026-03-31 20:00:00+00:00,649.85,650.74,649.54,24,649.63,1036,650.122046
2026-04-01 12:00:00+00:00,652.7,656.68,652.7,47,655.7,3833,654.63037
2026-04-01 13:00:00+00:00,654.27,656.02,652.32,3355,652.55,215060,654.345559
2026-04-01 14:00:00+00:00,656.4,656.74,653.75,3305,654.33,213127,655.077794
2026-04-01 15:00:00+00:00,657.83,658.08,655.95,2235,656.43,158912,656.904924
2026-04-01 16:00:00+00:00,657.82,658.08,656.85,1995,657.885,126081,657.619034
2026-04-01 17:00:00+00:00,656.785,658.52,656.78,2231,657.8,135526,658.013616
2026-04-01 18:00:00+00:00,654.44,656.94,653.68,3885,656.805,250092,655.156527
2026-04-01 19:00:00+00:00,655.18,656.725,654.275,6721,654.38,439445,655.548072
2026-04-01 20:00:00+00:00,655.44,655.44,655.07,16,655.34,684,655.18203
2026-04-02 12:00:00+00:00,645.41,645.6,644.36,19,644.42,1153,644.815108
2026-04-02 13:00:00+00:00,649.63,649.86,645.13,3513,645.53,253925,647.078369
2026-04-02 14:00:00+00:00,655.385,658.1,648.58,6102,649.64,432447,652.645753
2026-04-02 15:00:00+00:00,654.09,655.9,653.09,3127,655.47,198873,654.744642
2026-04-02 16:00:00+00:00,653.66,654.91,652.33,2569,653.995,113970,653.484991
2026-04-02 17:00:00+00:00,653.24,655.02,652.63,1871,653.54,79495,653.758825
2026-04-02 18:00:00+00:00,654.44,654.98,653.37,1931,653.39,88886,654.054069
2026-04-02 19:00:00+00:00,655.76,656.1,654.09,5358,654.505,335706,655.256759
2026-04-02 20:00:00+00:00,655.93,656.09,655.75,11,655.75,686,655.878572
2026-04-06 12:00:00+00:00,656.03,656.27,656.03,3,656.27,251,656.160909
2026-04-06 13:00:00+00:00,658.52,658.52,655.52,1630,656.0,113130,657.112585
2026-04-06 14:00:00+00:00,657.51,659.4,656.09,2305,658.025,163808,657.683866
2026-04-06 15:00:00+00:00,657.87,658.03,656.36,1547,657.505,85086,657.22117
2026-04-06 16:00:00+00:00,657.99,658.46,657.3,1269,657.88,70341,657.883761
2026-04-06 17:00:00+00:00,656.51,657.99,655.55,1976,657.95,109187,656.760606
2026-04-06 18:00:00+00:00,658.32,658.62,656.25,1705,656.435,99721,657.739336
2026-04-06 19:00:00+00:00,658.885,658.92,657.82,4076,658.32,597222,658.42833
2026-04-06 20:00:00+00:00,658.79,658.9,658.78,4,658.9,173,658.816081
2026-04-07 12:00:00+00:00,656.68,657.02,653.96,89,655.58,7887,655.141619
2026-04-07 13:00:00+00:00,654.02,657.54,654.02,1339,656.7,92414,655.253746
2026-04-07 14:00:00+00:00,652.61,655.26,651.945,3094,654.02,230864,653.465097
2026-04-07 15:00:00+00:00,653.71,654.4,651.06,2443,652.6,149084,652.500516
2026-04-07 16:00:00+00:00,656.04,656.96,653.86,2134,653.935,148131,655.807602
2026-04-07 17:00:00+00:00,656.71,658.34,655.5,1892,655.96,123150,656.469873
2026-04-07 18:00:00+00:00,653.98,657.01,653.44,2294,656.725,160455,655.433838
2026-04-07 19:00:00+00:00,659.23,659.54,653.42,7542,653.92,898453,656.808955
2026-04-07 20:00:00+00:00,659.74,659.98,659.13,14,659.13,592,659.589531
2026-04-08 12:00:00+00:00,676.49,677.89,675.63,61,677.57,5880,676.69872
2026-04-08 13:00:00+00:00,674.66,677.06,674.02,4270,676.69,308743,675.428658
2026-04-08 14:00:00+00:00,672.85,675.25,671.55,5503,674.62,419373,674.144567
2026-04-08 15:00:00+00:00,674.9,675.08,672.48,3583,672.88,207292,673.790472
2026-04-08 16:00:00+00:00,676.06,676.23,674.51,2809,674.925,145304,675.297549
2026-04-08 17:00:00+00:00,675.79,676.4,674.77,3174,676.08,167019,675.531824
2026-04-08 18:00:00+00:00,672.95,676.605,672.84,3856,675.795,264697,674.923496
2026-04-08 19:00:00+00:00,676.0,676.02,672.83,7647,672.9,628136,674.89016
2026-04-08 20:00:00+00:00,676.01,676.03,675.98,4,676.03,1520,675.989474
2026-04-09 12:00:00+00:00,674.43,674.43,673.67,21,673.67,1581,673.937947
2026-04-09 13:00:00+00:00,675.265,675.77,674.46,1800,674.98,115118,675.168301
2026-04-09 14:00:00+00:00,675.275,675.64,673.8,3050,675.33,201061,674.63618
2026-04-09 15:00:00+00:00,678.83,678.86,674.66,3841,675.275,257374,676.649313
2026-04-09 16:00:00+00:00,679.77,680.735,678.84,2881,678.84,196236,679.808909
2026-04-09 17:00:00+00:00,680.52,681.1,679.66,2064,679.92,123502,680.530105
2026-04-09 18:00:00+00:00,679.14,680.6,678.54,2379,680.57,134782,679.178005
2026-04-09 19:00:00+00:00,679.87,680.65,679.03,4822,679.03,354578,680.098673
2026-04-09 20:00:00+00:00,679.5,680.0,679.5,34,679.79,9804,679.583455
2026-04-10 12:00:00+00:00,681.16,681.67,680.38,18,680.38,1445,681.316143
2026-04-10 13:00:00+00:00,680.7,681.915,680.2,1743,681.2,115602,680.84691
2026-04-10 14:00:00+00:00,681.34,681.94,680.05,2382,680.58,117648,681.082967
2026-04-10 15:00:00+00:00,679.46,682.03,679.12,2149,681.37,125059,680.784
2026-04-10 16:00:00+00:00,679.4,680.1,678.5,2343,679.44,160912,679.231518
2026-04-10 17:00:00+00:00,679.385,679.52,678.47,1676,679.29,81158,679.01981
2026-04-10 18:00:00+00:00,679.27,679.69,678.855,1560,679.35,70886,679.232898
2026-04-10 19:00:00+00:00,679.35,679.98,678.66,4315,679.345,286385,679.203353
2026-04-13 12:00:00+00:00,676.21,676.21,674.44,10,674.44,484,675.436898
2026-04-13 13:00:00+00:00,679.67,679.69,676.55,1606,676.58,118043,678.089573
2026-04-13 14:00:00+00:00,680.52,680.64,678.49,2224,679.63,113794,679.473708
2026-04-13 15:00:00+00:00,679.43,680.52,679.23,1925,680.52,122333,679.758947
2026-04-13 16:00:00+00:00,682.3,682.82,679.03,2383,679.52,148096,681.054256
2026-04-13 17:00:00+00:00,682.14,682.81,681.94,1734,682.42,95154,682.263012
2026-04-13 18:00:00+00:00,683.28,683.45,682.155,1829,682.155,100088,682.713856
2026-04-13 19:00:00+00:00,686.0,686.28,683.05,6434,683.285,633394,685.060726
2026-04-13 20:00:00+00:00,685.99,685.99,685.99,5,685.99,180,685.99
2026-04-14 12:00:00+00:00,687.89,688.83,687.75,41,687.91,2441,688.095422
2026-04-14 13:00:00+00:00,689.5,689.965,687.69,2574,687.69,190207,689.113354
2026-04-14 14:00:00+00:00,691.55,691.67,689.48,3861,689.48,231766,690.736158
2026-04-14 15:00:00+00:00,692.86,693.28,690.9,3525,691.54,184932,692.144372
2026-04-14 16:00:00+00:00,692.95,693.71,692.795,3153,692.84,150189,693.281758
2026-04-14 17:00:00+00:00,693.715,694.1,692.99,2962,693.02,145019,693.701425
2026-04-14 18:00:00+00:00,692.765,693.92,692.15,3684,693.75,210079,693.033478
2026-04-14 19:00:00+00:00,694.36,694.58,692.69,6677,692.735,443996,693.943411
2026-04-14 20:00:00+00:00,694.17,694.31,694.16,25,694.23,15634,694.225315
2026-04-15 12:00:00+00:00,694.97,694.97,694.18,12,694.33,1101,694.478457
2026-04-15 13:00:00+00:00,695.62,696.33,694.3,2130,694.76,136077,695.558307
2026-04-15 14:00:00+00:00,696.74,697.13,695.04,3442,695.68,210795,696.339369
2026-04-15 15:00:00+00:00,697.0,697.55,696.44,3217,696.75,174547,697.175047
2026-04-15 16:00:00+00:00,696.55,697.8,695.73,3094,697.02,174002,697.023679
2026-04-15 17:00:00+00:00,697.51,697.99,696.455,2620,696.57,155778,697.450965
2026-04-15 18:00:00+00:00,699.65,699.83,697.2,3942,697.49,305578,698.630845
2026-04-15 19:00:00+00:00,699.75,700.28,699.28,6885,699.64,493974,699.816746
2026-04-15 20:00:00+00:00,699.4,700.09,699.4,20,700.0,13202,699.935619
2026-04-16 12:00:00+00:00,700.83,701.13,700.67,11,700.72,900,700.856742
2026-04-16 13:00:00+00:00,699.485,701.19,698.54,2195,701.01,157231,700.202527
2026-04-16 14:00:00+00:00,699.96,700.19,698.66,2783,699.5,202370,699.383502
2026-04-16 15:00:00+00:00,702.21,702.33,699.97,3568,699.97,242576,701.431026
2026-04-16 16:00:00+00:00,700.81,702.78,700.2,2757,702.25,164185,701.815718
2026-04-16 17:00:00+00:00,700.7,701.51,699.83,2281,700.81,135408,700.684118
2026-04-16 18:00:00+00:00,700.69,701.08,699.5,2628,700.61,160899,700.516287
2026-04-16 19:00:00+00:00,701.53,701.93,700.61,4798,700.71,330926,701.425399
2026-04-17 12:00:00+00:00,707.28,707.3,704.44,42,704.57,2954,705.454086
2026-04-17 13:00:00+00:00,708.345,708.59,705.8,2429,707.3,182040,706.970707
2026-04-17 14:00:00+00:00,710.455,711.335,708.18,3658,708.325,237988,709.761127
2026-04-17 15:00:00+00:00,710.735,711.34,709.86,3038,710.49,221381,710.758083
2026-04-17 16:00:00+00:00,711.915,712.345,710.56,1881,710.665,106521,711.672394
2026-04-17 17:00:00+00:00,710.35,712.13,709.08,2221,711.91,132135,710.522996
2026-04-17 18:00:00+00:00,709.67,710.46,709.14,2374,710.335,133895,709.917772
2026-04-17 19:00:00+00:00,710.06,710.39,709.0,3870,709.66,295423,709.964991
2026-04-17 20:00:00+00:00,710.13,710.49,710.07,24,710.07,2039,710.386254
2026-04-20 12:00:00+00:00,707.67,707.78,706.86,13,706.86,921,707.378444
2026-04-20 13:00:00+00:00,709.7,709.905,707.54,1703,707.69,89390,708.994759
2026-04-20 14:00:00+00:00,707.1,709.7,706.49,2879,709.68,185179,708.582031
2026-04-20 15:00:00+00:00,707.6,708.5,706.15,2924,707.29,178666,707.215273
2026-04-20 16:00:00+00:00,707.62,708.1,707.06,1419,707.58,65784,707.557934
2026-04-20 17:00:00+00:00,707.72,708.38,707.285,1406,707.64,63931,707.888547
2026-04-20 18:00:00+00:00,708.255,708.6,707.505,2425,707.755,115123,708.133778
2026-04-20 19:00:00+00:00,708.79,708.79,707.6,4972,708.28,276098,708.217375
2026-04-20 20:00:00+00:00,708.55,708.72,708.55,12,708.66,5757,708.640484
2026-04-21 12:00:00+00:00,710.45,711.51,710.45,21,711.46,1820,711.112971
2026-04-21 13:00:00+00:00,710.74,710.85,708.76,1483,710.19,90809,709.705862
2026-04-21 14:00:00+00:00,707.58,711.25,707.47,2517,710.71,181909,709.962597
2026-04-21 15:00:00+00:00,706.73,708.2,706.09,2932,707.69,165223,707.099511
2026-04-21 16:00:00+00:00,705.61,707.8,705.53,1820,706.99,81577,706.672487
2026-04-21 17:00:00+00:00,705.77,707.4,703.865,2977,705.62,194211,705.384038
2026-04-21 18:00:00+00:00,706.32,706.88,704.75,1795,705.795,87946,705.777374
2026-04-21 19:00:00+00:00,703.91,707.86,702.67,7109,706.37,468435,704.964899
2026-04-21 20:00:00+00:00,706.78,706.78,706.41,18,706.41,6920,706.774939
2026-04-22 12:00:00+00:00,708.53,709.62,708.53,26,708.67,1775,709.055786
2026-04-22 13:00:00+00:00,709.4,709.4,708.14,1680,708.14,116302,708.858381
2026-04-22 14:00:00+00:00,710.05,710.68,708.77,3143,709.43,199591,710.006144
2026-04-22 15:00:00+00:00,709.6,710.5,709.17,2434,710.07,110550,709.862577
2026-04-22 16:00:00+00:00,708.96,710.11,708.82,1873,709.66,97350,709.438915
2026-04-22 17:00:00+00:00,710.03,710.42,708.91,1997,708.91,104103,709.997352
2026-04-22 18:00:00+00:00,709.66,710.22,709.22,2219,709.94,146688,709.826569
2026-04-22 19:00:00+00:00,711.2,711.44,709.22,5249,709.66,320314,710.710271
2026-04-22 20:00:00+00:00,710.42,711.25,710.35,71,711.2,11196,711.009827
2026-04-23 12:00:00+00:00,709.32,711.11,709.32,17,710.27,1330,710.547675
2026-04-23 13:00:00+00:00,710.205,711.24,709.3,1746,709.37,107452,710.332393
2026-04-23 14:00:00+00:00,711.75,712.05,709.16,2786,710.185,175884,710.59944
2026-04-23 15:00:00+00:00,711.06,712.35,710.7,2574,711.72,131066,711.655008
2026-04-23 16:00:00+00:00,710.88,711.21,710.305,1583,711.105,82875,710.813959
2026-04-23 17:00:00+00:00,706.71,711.005,702.34,5911,710.89,397814,706.035158
2026-04-23 18:00:00+00:00,707.14,709.46,706.27,4229,706.66,236848,707.970676
2026-04-23 19:00:00+00:00,708.41,708.91,706.55,5874,707.16,336104,708.045244
2026-04-24 12:00:00+00:00,710.64,711.98,710.64,21,711.47,1510,711.445571
2026-04-24 13:00:00+00:00,709.94,711.34,709.02,1449,711.33,98751,709.979784
2026-04-24 14:00:00+00:00,711.48,711.57,709.14,2295,709.765,194554,710.051187
2026-04-24 15:00:00+00:00,713.79,714.1,711.22,1755,711.47,126553,712.862876
2026-04-24 16:00:00+00:00,713.605,713.9,712.87,1502,713.77,89958,713.520511
2026-04-24 17:00:00+00:00,713.65,714.38,712.73,1593,713.61,89562,713.392021
2026-04-24 18:00:00+00:00,713.55,713.79,712.97,2047,713.695,125562,713.395571
2026-04-24 19:00:00+00:00,713.97,714.46,713.47,4573,713.59,333364,713.946822
2026-04-24 20:00:00+00:00,713.96,714.08,713.91,6,714.07,3029,714.024064
2026-04-27 12:00:00+00:00,713.71,714.03,713.34,13,713.99,884,713.721059
2026-04-27 13:00:00+00:00,714.095,714.395,712.62,2775,713.18,187468,713.706482
2026-04-27 14:00:00+00:00,713.63,714.4,713.1,3014,714.06,193234,713.670473
2026-04-27 15:00:00+00:00,713.39,713.78,712.33,2647,713.66,153334,713.038992
2026-04-27 16:00:00+00:00,714.12,714.31,713.23,2485,713.42,114359,713.974617
2026-04-27 17:00:00+00:00,714.89,715.21,713.9,3209,714.18,148728,714.639728
2026-04-27 18:00:00+00:00,714.875,715.23,714.72,3009,714.85,154944,715.021609
2026-04-27 19:00:00+00:00,715.165,715.59,714.71,5985,714.855,369637,715.175832
2026-04-27 20:00:00+00:00,714.8,715.21,714.8,18,715.21,6878,715.011126
2026-04-28 12:00:00+00:00,711.06,711.28,709.68,39,710.6,3398,710.53015
2026-04-28 13:00:00+00:00,711.59,712.88,710.8,2660,711.54,202574,711.75873
2026-04-28 14:00:00+00:00,710.51,712.34,709.27,3941,711.585,257215,710.811368
2026-04-28 15:00:00+00:00,709.92,711.04,709.43,1973,710.53,117239,710.149475
2026-04-28 16:00:00+00:00,710.18,710.58,709.37,1679,709.97,78828,710.072628
2026-04-28 17:00:00+00:00,711.03,711.15,709.48,1919,710.13,108074,710.420333
2026-04-28 18:00:00+00:00,711.525,711.63,710.76,2483,711.07,132406,711.232447
2026-04-28 19:00:00+00:00,711.68,712.17,711.21,4670,711.52,322143,711.679931
2026-04-28 20:00:00+00:00,711.62,711.67,711.56,9,711.67,3433,711.583352
2026-04-29 12:00:00+00:00,711.24,711.92,711.12,9,711.87,760,711.679889
2026-04-29 13:00:00+00:00,710.8,711.66,709.69,1550,711.66,100783,710.346314
2026-04-29 14:00:00+00:00,711.41,712.19,710.3,2324,710.755,114115,711.302321
2026-04-29 15:00:00+00:00,710.095,711.51,709.25,2006,711.46,133963,710.563559
2026-04-29 16:00:00+00:00,709.65,710.69,708.93,1174,710.01,53902,709.803425
2026-04-29 17:00:00+00:00,710.6,710.72,709.25,1356,709.72,65100,709.902252
2026-04-29 18:00:00+00:00,710.61,710.61,708.435,2260,710.61,110370,709.463431
2026-04-29 19:00:00+00:00,711.59,711.59,710.0,4716,710.6,307151,710.918749
2026-04-29 20:00:00+00:00,711.23,713.37,711.23,8,713.37,3047,712.157171
2026-04-30 12:00:00+00:00,715.11,715.66,714.44,19,714.52,1231,714.98439
2026-04-30 13:00:00+00:00,711.21,714.675,710.85,2437,714.67,170680,712.359289
2026-04-30 14:00:00+00:00,713.89,714.13,710.465,3711,711.265,288280,711.838823
2026-04-30 15:00:00+00:00,714.6,715.03,713.47,2574,714.13,138262,714.233665
2026-04-30 16:00:00+00:00,714.34,715.37,713.92,2129,714.575,119152,714.786359
2026-04-30 17:00:00+00:00,717.06,717.16,714.33,2404,714.34,167598,715.992092
2026-04-30 18:00:00+00:00,718.37,718.81,717.05,4204,717.09,299308,718.138562
2026-04-30 19:00:00+00:00,718.41,719.71,718.29,9244,718.355,792186,719.11487
2026-05-01 12:00:00+00:00,720.71,721.59,720.66,14,720.66,968,721.168409
2026-05-01 13:00:00+00:00,724.065,724.07,720.77,2460,721.0,189935,722.416657
2026-05-01 14:00:00+00:00,722.78,724.85,722.315,3400,724.19,233951,723.833903
2026-05-01 15:00:00+00:00,723.39,724.37,722.04,2595,722.66,155254,723.234028
2026-05-01 16:00:00+00:00,721.9,723.59,721.54,3950,723.48,251154,722.444148
2026-05-01 17:00:00+00:00,722.8,723.19,721.86,2247,721.88,120679,722.668614
2026-05-01 18:00:00+00:00,721.17,722.91,720.79,2940,722.79,144616,721.757096
2026-05-01 19:00:00+00:00,720.49,722.58,720.485,5472,721.17,330412,721.663205
2026-05-01 20:00:00+00:00,719.72,720.67,719.7,23,720.67,10014,720.306938
2026-05-04 12:00:00+00:00,720.07,720.41,719.73,10,719.73,550,720.135283
2026-05-04 13:00:00+00:00,720.64,720.755,719.305,2121,719.93,124239,720.028273
2026-05-04 14:00:00+00:00,720.97,722.12,719.9,2770,720.73,145090,721.426602
2026-05-04 15:00:00+00:00,717.58,721.41,716.99,3682,720.92,234202,719.084289
2026-05-04 16:00:00+00:00,716.54,717.78,715.01,1895,717.54,107092,716.759565
2026-05-04 17:00:00+00:00,718.33,718.62,716.515,1593,716.54,83490,717.976593
2026-05-04 18:00:00+00:00,717.435,718.995,716.86,1740,718.4,100251,718.030198
2026-05-04 19:00:00+00:00,718.09,718.25,717.13,4249,717.53,277154,717.813566
2026-05-04 20:00:00+00:00,717.8,717.87,717.8,8,717.83,6500,717.851077
2026-05-05 12:00:00+00:00,721.47,721.73,721.2,8,721.2,730,721.526575
2026-05-05 13:00:00+00:00,722.51,722.76,721.58,2205,721.81,133780,722.270129
2026-05-05 14:00:00+00:00,723.14,723.615,721.85,3624,722.46,236632,722.797212
2026-05-05 15:00:00+00:00,723.04,723.65,722.93,2014,723.14,116501,723.280768
2026-05-05 16:00:00+00:00,723.47,723.84,723.01,1704,723.14,91056,723.512432
2026-05-05 17:00:00+00:00,724.03,724.22,723.14,2013,723.45,110903,723.747389
2026-05-05 18:00:00+00:00,724.32,724.7,724.01,2151,724.01,105262,724.349408
2026-05-05 19:00:00+00:00,723.75,725.03,723.275,7022,724.33,481644,724.265667
2026-05-05 20:00:00+00:00,723.94,723.94,723.71,16,723.71,12082,723.747137
2026-05-06 12:00:00+00:00,729.1,729.59,728.01,71,729.24,6067,728.976993
2026-05-06 13:00:00+00:00,729.66,729.795,727.82,2185,728.67,136360,729.067137
2026-05-06 14:00:00+00:00,732.155,732.19,728.72,3978,729.68,230063,730.678298
2026-05-06 15:00:00+00:00,731.715,732.46,730.94,2584,732.15,120712,731.899753
2026-05-06 16:00:00+00:00,731.01,732.025,730.62,1981,731.66,103263,731.63349
2026-05-06 17:00:00+00:00,732.1,732.11,730.67,2076,731.01,99492,731.651486
2026-05-06 18:00:00+00:00,732.96,733.435,732.03,3118,732.15,269531,732.951948
2026-05-06 19:00:00+00:00,733.77,734.59,732.94,9487,732.96,781243,733.970646
2026-05-06 20:00:00+00:00,734.22,734.22,733.95,10,733.95,4658,734.192284
2026-05-07 12:00:00+00:00,735.12,735.36,734.61,18,734.69,1230,735.028898
2026-05-07 13:00:00+00:00,733.935,735.07,733.55,2339,734.93,128713,734.202737
2026-05-07 14:00:00+00:00,736.07,736.1,733.91,2738,733.96,150127,734.919604
2026-05-07 15:00:00+00:00,734.0,736.1,733.82,2201,736.09,91517,735.133126
2026-05-07 16:00:00+00:00,732.02,734.0,731.61,2174,733.985,137666,732.726383
2026-05-07 17:00:00+00:00,731.73,732.605,729.83,2423,732.09,193133,731.351789
2026-05-07 18:00:00+00:00,731.12,732.185,729.75,2683,731.77,166755,731.115427
2026-05-07 19:00:00+00:00,731.53,731.9,730.01,6415,731.1,382600,731.154406
2026-05-07 20:00:00+00:00,731.42,731.99,731.3,13,731.3,340,731.57
2026-05-08 12:00:00+00:00,735.5,736.57,735.05,12,735.23,866,735.716074
2026-05-08 13:00:00+00:00,736.64,736.66,734.6,2304,734.66,118079,735.550014
2026-05-08 14:00:00+00:00,737.11,737.52,736.11,4003,736.665,215370,736.86438
2026-05-08 15:00:00+00:00,736.78,737.36,736.07,2720,737.04,146795,736.849422
2026-05-08 16:00:00+00:00,736.92,737.73,736.82,2317,736.905,122567,737.240888
2026-05-08 17:00:00+00:00,737.19,737.88,736.82,2433,736.85,137605,737.46248
2026-05-08 18:00:00+00:00,736.39,737.95,736.135,3100,737.205,173618,737.343884
2026-05-08 19:00:00+00:00,737.54,737.585,736.37,6550,736.37,510354,737.180735
2026-05-08 20:00:00+00:00,737.54,737.8,737.37,13,737.43,2338,737.413391
2026-05-11 12:00:00+00:00,736.16,736.63,736.12,13,736.49,961,736.338438
2026-05-11 13:00:00+00:00,738.65,739.115,736.52,2611,736.52,182824,738.070922
2026-05-11 14:00:00+00:00,739.64,739.94,737.61,3810,738.655,206160,738.914505
2026-05-11 15:00:00+00:00,740.22,740.29,739.0,4541,739.67,218107,739.801311
2026-05-11 16:00:00+00:00,739.33,740.43,738.97,3104,740.22,132625,739.940143
2026-05-11 17:00:00+00:00,740.2,740.73,738.88,2367,739.5,94238,739.69954
2026-05-11 18:00:00+00:00,738.54,740.65,738.52,3863,740.19,167095,739.953137
2026-05-11 19:00:00+00:00,739.2,739.2,738.17,6024,738.59,327618,738.704033
2026-05-11 20:00:00+00:00,738.29,739.26,738.29,9,739.25,4986,739.222065
2026-05-12 12:00:00+00:00,737.32,737.35,735.42,28,736.32,2079,736.433813
2026-05-12 13:00:00+00:00,735.105,737.43,734.89,2595,737.43,155313,735.93603
2026-05-12 14:00:00+00:00,733.785,736.355,733.55,4446,735.205,222141,734.769186
2026-05-12 15:00:00+00:00,732.51,734.02,731.84,4273,733.785,241081,733.140138
2026-05-12 16:00:00+00:00,732.07,733.45,731.83,2331,732.5,126561,732.573966
2026-05-12 17:00:00+00:00,735.08,735.2,732.05,3387,732.22,187093,734.1169
2026-05-12 18:00:00+00:00,735.99,736.56,734.7,2966,735.02,152536,735.782165
2026-05-12 19:00:00+00:00,738.19,738.84,736.02,5827,736.02,416108,737.868983
2026-05-12 20:00:00+00:00,737.58,737.92,737.56,22,737.92,14398,737.664254
2026-05-13 12:00:00+00:00,737.61,738.82,737.2,112,738.82,10004,737.852901
2026-05-13 13:00:00+00:00,736.99,738.41,735.505,2147,737.87,175485,736.762431
2026-05-13 14:00:00+00:00,738.83,738.98,736.83,2637,736.95,176077,738.173231
2026-05-13 15:00:00+00:00,739.75,740.22,738.7,2070,738.87,112175,739.463477
2026-05-13 16:00:00+00:00,742.025,742.26,739.65,1643,739.7,79826,741.284716
2026-05-13 17:00:00+00:00,742.12,742.885,742.1,1590,742.17,69115,742.554273
2026-05-13 18:00:00+00:00,742.65,743.9,742.105,1991,742.105,100175,743.203955
2026-05-13 19:00:00+00:00,742.3,743.71,742.22,5424,742.67,369432,742.827287
2026-05-13 20:00:00+00:00,742.77,742.77,742.13,6,742.4,1740,742.274853
2026-05-14 12:00:00+00:00,744.5,745.26,744.5,16,744.84,1130,744.746698
2026-05-14 13:00:00+00:00,744.43,745.875,743.6,2378,743.655,116617,745.103348
2026-05-14 14:00:00+00:00,747.19,747.53,744.295,2829,744.39,134847,746.076864
2026-05-14 15:00:00+00:00,749.26,749.28,747.15,2444,747.21,143584,748.373119
2026-05-14 16:00:00+00:00,747.75,749.47,747.19,1870,749.26,76186,748.495157
2026-05-14 17:00:00+00:00,747.74,748.275,746.35,2658,747.82,135184,747.41138
2026-05-14 18:00:00+00:00,748.31,748.35,746.65,2524,747.705,109356,747.676522
2026-05-14 19:00:00+00:00,748.1,748.69,747.78,4538,748.25,294056,748.235131
2026-05-14 20:00:00+00:00,747.8,748.55,747.5,20,748.11,9127,748.021088
2026-05-15 12:00:00+00:00,739.64,740.1,738.99,26,740.1,1807,739.485294
2026-05-15 13:00:00+00:00,739.17,741.9,737.96,2939,739.68,180718,739.762797
2026-05-15 14:00:00+00:00,740.97,742.66,738.99,3915,739.35,202643,741.200141
2026-05-15 15:00:00+00:00,740.29,741.92,739.14,3224,740.99,169635,740.741944
2026-05-15 16:00:00+00:00,740.99,741.67,739.72,2420,740.43,103763,740.837216
2026-05-15 17:00:00+00:00,742.95,743.0,740.73,3009,740.76,110472,742.24408
2026-05-15 18:00:00+00:00,741.62,743.43,740.52,3363,742.995,145176,742.066877
2026-05-15 19:00:00+00:00,739.1,741.71,738.55,5904,741.64,401193,739.781245
2026-05-15 20:00:00+00:00,737.71,739.12,737.64,28,739.12,8103,738.368514
2026-05-18 12:00:00+00:00,741.01,741.22,737.99,39,738.2,2575,740.160925
2026-05-18 13:00:00+00:00,740.48,741.38,737.58,2219,739.83,168379,740.027101
2026-05-18 14:00:00+00:00,738.37,740.77,736.525,3897,740.45,192749,738.656953
2026-05-18 15:00:00+00:00,736.305,738.88,735.23,2907,738.37,138428,736.825675
2026-05-18 16:00:00+00:00,736.48,737.88,734.24,2370,736.38,138260,736.003488
2026-05-18 17:00:00+00:00,737.1,737.42,735.94,2064,736.43,104999,736.882438
2026-05-18 18:00:00+00:00,733.63,737.13,733.42,3475,737.04,208854,734.767966
2026-05-18 19:00:00+00:00,738.4,738.74,733.725,6766,733.725,413712,737.25078
2026-05-18 20:00:00+00:00,738.3,738.3,738.3,1,738.3,100,738.3
2026-05-19 12:00:00+00:00,736.19,736.19,735.19,12,735.19,764,735.453158
2026-05-19 13:00:00+00:00,735.25,736.27,733.09,2842,735.03,148898,734.740577
2026-05-19 14:00:00+00:00,733.17,735.25,731.57,4434,735.25,254899,732.876409
2026-05-19 15:00:00+00:00,732.89,733.96,731.73,2943,733.165,146499,733.161159
2026-05-19 16:00:00+00:00,736.15,736.26,732.32,3675,733.04,184786,734.713223
2026-05-19 17:00:00+00:00,736.75,737.62,735.93,4070,736.11,238607,736.829974
2026-05-19 18:00:00+00:00,734.47,737.31,734.21,3601,736.84,190771,736.03185
2026-05-19 19:00:00+00:00,733.8,736.09,732.58,7259,734.44,622229,733.911086
2026-05-19 20:00:00+00:00,733.42,733.42,733.42,1,733.42,40,733.42
2026-05-20 12:00:00+00:00,736.82,737.6,736.5,16,736.5,1320,736.960457
2026-05-20 13:00:00+00:00,736.045,737.18,734.32,2032,735.585,102750,735.795335
2026-05-20 14:00:00+00:00,739.23,739.46,733.9,3768,736.18,211985,737.477088
2026-05-20 15:00:00+00:00,740.26,741.8,738.59,3270,739.2,196812,739.95791
2026-05-20 16:00:00+00:00,739.385,740.48,738.55,2249,740.26,123468,739.407102
2026-05-20 17:00:00+00:00,739.83,740.69,738.77,2017,739.39,87309,739.765359
2026-05-20 18:00:00+00:00,740.11,740.83,739.39,2426,739.86,110593,740.171234
2026-05-20 19:00:00+00:00,741.31,741.56,740.04,6853,740.14,416194,740.976117
2026-05-20 20:00:00+00:00,740.86,740.86,740.86,1,740.86,40,740.86
2026-05-21 12:00:00+00:00,738.17,739.44,738.17,13,739.44,848,739.188924
2026-05-21 13:00:00+00:00,739.805,740.08,737.43,2005,738.44,140648,738.217176
2026-05-21 14:00:00+00:00,738.97,740.54,737.49,2730,739.76,142875,738.834258
2026-05-21 15:00:00+00:00,739.28,739.74,737.2,2616,739.105,141502,738.668179
2026-05-21 16:00:00+00:00,738.9,739.95,738.1,2352,739.31,128025,738.969048
2026-05-21 17:00:00+00:00,743.7,744.84,738.97,5281,738.98,319798,741.963581
2026-05-21 18:00:00+00:00,741.0,744.09,740.205,3830,743.65,241537,742.771543
2026-05-21 19:00:00+00:00,742.71,743.12,741.06,4239,741.06,228509,742.596998
2026-05-21 20:00:00+00:00,742.91,743.12,742.91,9,742.97,447,742.962771
2026-05-22 12:00:00+00:00,746.18,746.31,744.52,34,744.7,2851,745.792188
2026-05-22 13:00:00+00:00,747.51,748.09,745.76,1683,746.51,107905,747.361631
2026-05-22 14:00:00+00:00,746.465,747.55,744.53,2792,747.55,150589,745.931122
2026-05-22 15:00:00+00:00,747.61,748.0,746.48,2552,746.56,120115,747.425121
2026-05-22 16:00:00+00:00,747.24,747.73,746.89,2108,747.6,114250,747.261594
2026-05-22 17:00:00+00:00,747.36,748.92,746.75,3165,747.305,166315,747.880572
2026-05-22 18:00:00+00:00,747.12,747.66,746.81,2623,747.42,121230,747.255945
2026-05-22 19:00:00+00:00,745.67,747.23,744.96,6146,747.1,361414,745.846226
2026-05-22 20:00:00+00:00,745.92,745.92,745.91,4,745.91,186,745.912857
2026-05-26 12:00:00+00:00,751.02,751.02,750.81,3,750.81,360,750.908889
2026-05-26 13:00:00+00:00,750.725,751.11,749.16,2361,750.14,131947,750.235307
2026-05-26 14:00:00+00:00,751.36,752.11,750.55,2458,750.79,127382,751.55132
2026-05-26 15:00:00+00:00,748.89,751.43,748.37,3408,751.43,184893,749.901779
2026-05-26 16:00:00+00:00,749.01,750.03,748.63,2302,748.95,137276,749.264203
2026-05-26 17:00:00+00:00,749.04,749.43,748.5,2220,748.98,107432,749.014744
2026-05-26 18:00:00+00:00,749.09,750.0,748.8,2922,749.07,137691,749.573598
2026-05-26 19:00:00+00:00,750.46,750.87,748.86,6867,749.13,446795,750.175434
2026-05-27 12:00:00+00:00,752.7,753.74,752.38,38,752.39,2575,753.102422
2026-05-27 13:00:00+00:00,750.51,751.26,749.24,3045,751.26,195923,750.321663
2026-05-27 14:00:00+00:00,749.68,751.355,749.32,3384,750.51,187803,750.430794
2026-05-27 15:00:00+00:00,749.09,750.19,748.37,3033,749.705,166903,749.375132
2026-05-27 16:00:00+00:00,749.78,750.61,748.59,2347,749.095,119604,749.740755
2026-05-27 17:00:00+00:00,749.7,750.04,748.25,2762,749.78,146444,749.305729
2026-05-27 18:00:00+00:00,750.81,751.05,749.31,2668,749.7,131425,750.38304
2026-05-27 19:00:00+00:00,750.59,751.11,750.13,5430,750.81,366525,750.532966
2026-05-27 20:00:00+00:00,751.32,751.32,750.41,19,750.43,9427,750.487522
2026-05-28 12:00:00+00:00,750.03,750.03,748.8,5,748.8,298,749.402416
2026-05-28 13:00:00+00:00,750.22,750.42,749.25,1797,750.42,121453,749.637924
2026-05-28 14:00:00+00:00,752.83,753.99,750.0,3622,750.175,196307,752.10452
2026-05-28 15:00:00+00:00,754.11,754.29,752.84,2665,752.86,140769,753.767855
2026-05-28 16:00:00+00:00,754.73,754.84,753.69,2160,754.07,106503,754.338195
2026-05-28 17:00:00+00:00,754.7,754.915,754.1,2273,754.71,109461,754.50779
2026-05-28 18:00:00+00:00,754.29,754.87,754.18,3265,754.7,162359,754.533546
2026-05-28 19:00:00+00:00,754.68,755.14,754.12,5476,754.25,380693,754.686399
2026-05-28 20:00:00+00:00,755.36,755.36,755.25,5,755.25,280,755.292308
2026-05-29 12:00:00+00:00,755.88,756.2,755.58,8,756.18,640,756.000312
2026-05-29 13:00:00+00:00,757.825,757.905,755.57,2972,755.865,165251,757.075964
2026-05-29 14:00:00+00:00,756.05,758.06,754.72,5612,757.8,293131,756.388553
2026-05-29 15:00:00+00:00,756.5,757.41,755.93,3863,756.07,171137,756.781993
2026-05-29 16:00:00+00:00,756.8,757.79,756.365,2553,756.425,101026,757.077883
2026-05-29 17:00:00+00:00,755.29,757.02,755.24,3237,756.85,122644,756.349201
2026-05-29 18:00:00+00:00,755.52,756.755,755.14,4244,755.3,215507,756.000617
2026-05-29 19:00:00+00:00,756.34,757.62,755.36,7540,755.495,593598,756.725917
2026-05-29 20:00:00+00:00,755.95,756.64,755.95,29,756.34,11118,756.46568
2026-06-01 12:00:00+00:00,758.19,758.34,757.81,15,758.34,1099,758.033162
2026-06-01 13:00:00+00:00,755.61,757.78,754.74,2772,757.77,176744,755.982056
2026-06-01 14:00:00+00:00,755.66,756.71,755.29,3523,755.56,211703,755.847798
2026-06-01 15:00:00+00:00,756.72,757.42,755.47,3749,755.71,209908,756.622747
2026-06-01 16:00:00+00:00,757.95,757.98,755.88,3015,756.7,153992,756.953369
2026-06-01 17:00:00+00:00,759.59,760.26,757.05,3500,757.92,212486,758.561057
2026-06-01 18:00:00+00:00,759.53,759.88,759.33,2352,759.53,110183,759.655313
2026-06-01 19:00:00+00:00,758.44,759.74,758.12,5248,759.525,354978,758.856005
2026-06-01 20:00:00+00:00,758.65,758.65,758.4,24,758.5,15493,758.505291
2026-06-02 12:00:00+00:00,757.16,757.37,756.75,5,756.75,350,757.12353
2026-06-02 13:00:00+00:00,757.57,757.74,756.75,2227,757.21,133998,757.403342
2026-06-02 14:00:00+00:00,759.725,759.725,757.255,3658,757.63,207081,758.293695
2026-06-02 15:00:00+00:00,759.7,760.4,759.4,2351,759.73,125411,759.857388
2026-06-02 16:00:00+00:00,759.85,760.0,759.14,2082,759.74,96949,759.53886
2026-06-02 17:00:00+00:00,758.87,759.965,758.78,1938,759.865,86371,759.390791
2026-06-02 18:00:00+00:00,759.04,759.31,758.635,2548,758.845,113808,758.956959
2026-06-02 19:00:00+00:00,759.47,759.69,759.06,5614,759.06,397287,759.406834
2026-06-02 20:00:00+00:00,760.0,760.0,759.53,11,759.55,2998,759.566793
2026-06-03 12:00:00+00:00,758.25,758.72,757.93,9,758.69,700,758.392286
2026-06-03 13:00:00+00:00,755.92,758.79,754.79,4102,758.2,244828,756.683175
2026-06-03 14:00:00+00:00,756.15,757.0,755.75,4109,755.95,246676,756.513427
2026-06-03 15:00:00+00:00,755.21,756.52,754.8,3403,756.175,196623,755.6892
2026-06-03 16:00:00+00:00,755.06,755.455,753.59,4215,755.21,202947,754.595456
2026-06-03 17:00:00+00:00,755.565,755.76,754.0,2630,755.13,185492,755.110804
2026-06-03 18:00:00+00:00,755.59,756.05,755.0,3262,755.57,189020,755.596101
2026-06-03 19:00:00+00:00,754.18,755.585,753.92,7569,755.585,640036,754.706486
2026-06-03 20:00:00+00:00,753.45,753.45,753.45,5,753.45,305,753.45
2026-06-04 12:00:00+00:00,752.28,752.28,751.16,12,751.16,740,751.574157
2026-06-04 13:00:00+00:00,753.22,753.655,751.47,2747,752.28,178201,752.523292
2026-06-04 14:00:00+00:00,754.15,754.29,752.25,3444,753.15,195620,753.511784
2026-06-04 15:00:00+00:00,755.31,755.96,754.21,4433,754.24,241573,755.375738
2026-06-04 16:00:00+00:00,756.795,756.925,755.21,2834,755.35,136244,756.379512
2026-06-04 17:00:00+00:00,757.685,757.74,756.6,2130,756.77,95922,757.086405
2026-06-04 18:00:00+00:00,757.62,757.99,757.51,3657,757.7,198963,757.773752
2026-06-04 19:00:00+00:00,756.97,758.3,756.96,7612,757.64,498254,757.712213
2026-06-04 20:00:00+00:00,756.16,756.7,756.16,6,756.7,1115,756.374081
2026-06-05 12:00:00+00:00,753.68,753.68,753.48,9,753.64,719,753.632296
2026-06-05 13:00:00+00:00,748.7,752.8,748.67,3835,752.49,214336,750.632221
2026-06-05 14:00:00+00:00,750.0,750.95,748.25,5486,748.76,343093,749.659109
2026-06-05 15:00:00+00:00,746.61,750.16,746.205,4814,749.88,276418,747.582442
2026-06-05 16:00:00+00:00,744.54,746.59,742.495,6637,746.55,388072,744.584672
2026-06-05 17:00:00+00:00,744.615,745.29,742.83,4270,744.525,247662,743.902954
2026-06-05 18:00:00+00:00,739.19,744.78,738.5,7194,744.68,433330,740.686393
2026-06-05 19:00:00+00:00,737.45,739.8,735.59,14329,739.11,922634,737.984657
2026-06-05 20:00:00+00:00,734.47,737.44,733.66,12,737.44,3031,734.44317
2026-06-08 12:00:00+00:00,743.76,743.76,742.2,30,742.2,2392,743.006276
2026-06-08 13:00:00+00:00,740.845,744.505,740.82,2893,743.79,200575,742.698009
2026-06-08 14:00:00+00:00,744.98,744.98,740.63,4704,740.8,272860,742.83613
2026-06-08 15:00:00+00:00,742.72,745.32,741.88,3891,745.0,208577,744.027032
2026-06-08 16:00:00+00:00,742.015,743.96,741.53,2896,742.7,129618,742.592896
2026-06-08 17:00:00+00:00,741.13,742.39,740.09,3746,741.93,201136,740.981124
2026-06-08 18:00:00+00:00,740.99,742.42,740.77,4223,741.15,251532,741.568767
2026-06-08 19:00:00+00:00,739.235,741.14,738.2,7368,740.99,442298,739.481153
2026-06-09 12:00:00+00:00,742.71,743.08,742.24,6,742.24,535,742.443738
2026-06-09 13:00:00+00:00,744.34,746.89,743.31,3412,743.31,255806,744.847733
2026-06-09 14:00:00+00:00,737.73,745.0,734.71,7580,744.09,546942,739.623437
2026-06-09 15:00:00+00:00,729.075,738.39,728.96,5813,737.81,430460,732.782795
2026-06-09 16:00:00+00:00,726.68,730.54,722.605,8779,729.135,591062,726.282517
2026-06-09 17:00:00+00:00,732.56,733.91,726.41,6343,726.85,528947,730.073046
2026-06-09 18:00:00+00:00,736.75,737.11,732.15,4927,732.63,329685,734.585843
2026-06-09 19:00:00+00:00,737.07,737.645,732.54,11066,736.82,739906,735.352762
2026-06-09 20:00:00+00:00,736.42,736.5,736.35,50,736.5,4085,736.484774
2026-06-10 12:00:00+00:00,733.71,734.55,730.27,72,731.11,6012,732.970026
2026-06-10 13:00:00+00:00,735.53,736.97,731.6,2820,733.06,181695,734.855358
2026-06-10 14:00:00+00:00,732.86,738.38,732.31,5330,735.775,383092,735.929047
2026-06-10 15:00:00+00:00,731.95,734.42,728.515,6846,732.92,444262,730.971383
2026-06-10 16:00:00+00:00,730.36,732.51,729.42,3574,731.97,191921,730.829849
2026-06-10 17:00:00+00:00,730.69,731.37,727.89,4822,730.39,292158,729.474868
2026-06-10 18:00:00+00:00,727.4,731.73,727.0,4055,730.725,240097,729.689851
2026-06-10 19:00:00+00:00,725.58,728.09,725.37,8085,727.45,548631,726.636339
2026-06-10 20:00:00+00:00,724.73,724.73,724.6,3,724.6,147,724.682294
2026-06-11 12:00:00+00:00,729.24,730.56,726.93,52,730.56,5316,728.495453
2026-06-11 13:00:00+00:00,729.71,731.53,726.37,3602,728.8,245327,728.899974
2026-06-11 14:00:00+00:00,725.645,731.575,725.15,5724,729.76,329079,728.531307
2026-06-11 15:00:00+00:00,728.1,729.44,724.46,5913,725.57,330057,727.354658
2026-06-11 16:00:00+00:00,726.54,730.3,726.505,5695,728.025,328085,728.581061
2026-06-11 17:00:00+00:00,734.96,736.58,725.3,8133,726.52,467819,731.551317
2026-06-11 18:00:00+00:00,735.76,736.285,732.61,8298,734.94,468390,734.719524
2026-06-11 19:00:00+00:00,737.67,740.0,735.33,14516,735.72,939798,738.081939
2026-06-11 20:00:00+00:00,738.15,738.15,738.12,8,738.12,4860,738.120847
2026-06-12 12:00:00+00:00,739.98,741.4,739.98,3,741.4,207,740.932367
2026-06-12 13:00:00+00:00,736.61,740.79,735.03,2970,738.81,200771,737.119218
2026-06-12 14:00:00+00:00,742.41,742.72,736.54,4534,736.8,319265,739.365702
2026-06-12 15:00:00+00:00,738.91,744.41,738.47,4033,742.46,283861,741.721222
2026-06-12 16:00:00+00:00,741.53,742.18,738.17,4356,738.89,326148,740.127304
2026-06-12 17:00:00+00:00,741.32,742.96,740.88,4060,741.58,240709,741.942062
2026-06-12 18:00:00+00:00,741.025,742.32,740.44,5019,741.27,309521,741.312369
2026-06-12 19:00:00+00:00,741.67,742.21,740.075,9863,740.99,558356,741.237665
2026-06-15 12:00:00+00:00,751.06,751.62,750.93,9,751.42,728,751.302899
2026-06-15 13:00:00+00:00,753.315,754.08,751.78,3986,751.8,234536,753.128208
2026-06-15 14:00:00+00:00,754.16,754.37,752.53,4719,753.32,262951,753.418573
2026-06-15 15:00:00+00:00,756.14,756.21,754.2,4178,754.23,221430,755.080153
2026-06-15 16:00:00+00:00,755.87,756.68,755.53,3407,756.15,174832,756.115715
2026-06-15 17:00:00+00:00,755.195,756.33,755.08,3289,755.84,174749,755.814188
2026-06-15 18:00:00+00:00,755.0,755.46,754.455,3798,755.32,187163,755.035482
2026-06-15 19:00:00+00:00,754.75,755.24,753.4,9456,755.0,681712,754.246254
2026-06-15 20:00:00+00:00,754.5,754.5,754.39,6,754.39,540,754.47963
2026-06-16 13:00:00+00:00,754.1,755.44,754.01,2371,754.2,143905,754.941546
2026-06-16 14:00:00+00:00,752.87,755.17,752.31,4284,754.08,297030,753.513577
2026-06-16 15:00:00+00:00,752.77,753.72,751.72,3564,753.11,202250,752.899212
2026-06-16 16:00:00+00:00,752.74,753.95,752.34,2309,752.73,107468,753.184036
2026-06-16 17:00:00+00:00,752.11,752.8,751.48,2182,752.73,101684,752.197336
2026-06-16 18:00:00+00:00,751.78,752.34,751.66,2891,752.1,149916,752.02125
2026-06-16 19:00:00+00:00,750.58,751.86,749.89,9374,751.75,797949,750.748539
2026-06-17 12:00:00+00:00,751.29,751.29,750.61,8,750.61,580,750.970576
2026-06-17 13:00:00+00:00,749.89,751.77,749.86,2229,751.49,129909,750.949984
2026-06-17 14:00:00+00:00,749.07,752.13,747.98,3804,749.895,242112,750.276098
2026-06-17 15:00:00+00:00,750.625,750.85,748.62,3051,749.05,157837,749.927785
2026-06-17 16:00:00+00:00,750.015,751.02,749.93,2725,750.63,138706,750.501211
2026-06-17 17:00:00+00:00,750.87,750.87,748.61,3303,749.97,155249,749.747182
2026-06-17 18:00:00+00:00,745.97,750.835,743.48,9989,750.82,631382,747.002575
2026-06-17 19:00:00+00:00,741.1,747.13,739.26,15203,746.05,1100841,741.63909
2026-06-17 20:00:00+00:00,742.43,742.43,741.02,23,741.02,3157,742.319574
2026-06-18 12:00:00+00:00,745.59,745.72,744.55,18,744.55,2165,745.468186
2026-06-18 13:00:00+00:00,744.76,748.18,743.88,2549,746.79,151359,745.63449
2026-06-18 14:00:00+00:00,746.82,747.26,744.25,3913,744.745,203239,745.890176
2026-06-18 15:00:00+00:00,746.27,746.98,744.35,3620,746.93,161143,745.747131
2026-06-18 16:00:00+00:00,746.62,747.25,745.75,2777,746.37,116859,746.467194
2026-06-18 17:00:00+00:00,747.05,748.13,746.42,2888,746.7,165159,747.514142
2026-06-18 18:00:00+00:00,746.42,747.08,746.16,3508,747.03,173801,746.604322
2026-06-18 19:00:00+00:00,746.75,748.1,745.21,8365,746.4,518681,747.080297
2026-06-18 20:00:00+00:00,748.46,748.46,747.7,7,747.7,1038,748.183892
2026-06-22 13:00:00+00:00,749.84,749.89,747.57,2451,747.65,158204,748.957574
2026-06-22 14:00:00+00:00,744.67,750.14,743.15,3954,749.89,239133,746.349068
2026-06-22 15:00:00+00:00,744.62,746.28,743.92,3533,744.6,192941,744.877045
2026-06-22 16:00:00+00:00,744.95,745.35,743.62,2555,744.64,125756,744.50628
2026-06-22 17:00:00+00:00,744.7,745.325,743.98,1912,744.92,87237,744.675667
2026-06-22 18:00:00+00:00,743.69,745.74,743.62,3381,744.71,162707,744.792121
2026-06-22 19:00:00+00:00,744.27,744.83,743.13,8873,743.76,707710,744.052602
2026-06-23 12:00:00+00:00,734.13,734.22,734.13,2,734.22,195,734.201538
2026-06-23 13:00:00+00:00,737.185,737.205,732.3,3939,733.735,244958,734.62351
2026-06-23 14:00:00+00:00,737.01,739.6,736.54,4774,737.125,262385,738.040195
2026-06-23 15:00:00+00:00,735.94,737.37,734.24,3923,737.0,214413,735.357024
2026-06-23 16:00:00+00:00,737.55,737.98,735.93,2486,736.0,133231,737.190872
2026-06-23 17:00:00+00:00,735.84,738.09,735.76,2396,737.425,138669,737.103827
2026-06-23 18:00:00+00:00,734.03,736.57,733.33,3941,735.82,210660,734.879288
2026-06-23 19:00:00+00:00,733.62,735.6,733.62,9284,734.06,700973,734.673087
2026-06-24 12:00:00+00:00,736.8,737.0,736.48,9,736.48,667,736.795672
2026-06-24 13:00:00+00:00,735.94,737.62,734.3,2079,734.7,129124,736.196763
2026-06-24 14:00:00+00:00,739.6,739.705,734.12,2989,736.05,160187,736.814873
2026-06-24 15:00:00+00:00,738.34,739.93,737.84,2676,739.71,123721,738.954105
2026-06-24 16:00:00+00:00,735.64,738.87,735.4,2168,738.12,90942,737.184318
2026-06-24 17:00:00+00:00,731.83,736.46,731.31,3100,735.69,151461,733.305511
2026-06-24 18:00:00+00:00,731.92,734.65,731.26,3387,731.89,175035,732.952848
2026-06-24 19:00:00+00:00,733.32,733.33,730.86,7287,732.0,589500,732.097275
2026-06-24 20:00:00+00:00,738.02,738.16,734.5,16,734.5,1032,736.838763
2026-06-25 12:00:00+00:00,739.11,739.22,738.26,9,738.26,700,738.700571
2026-06-25 13:00:00+00:00,729.88,739.31,729.63,4200,738.51,257276,734.044771
2026-06-25 14:00:00+00:00,735.26,737.79,729.83,5681,729.88,361240,734.989676
2026-06-25 15:00:00+00:00,734.14,736.48,731.86,4107,735.34,253173,734.186162
2026-06-25 16:00:00+00:00,732.49,736.22,731.5,3066,734.16,152079,733.98969
2026-06-25 17:00:00+00:00,733.42,734.22,731.66,3793,732.69,209656,732.96692
2026-06-25 18:00:00+00:00,733.81,736.04,731.4,4096,733.47,194653,733.899416
2026-06-25 19:00:00+00:00,733.33,733.905,731.33,9148,733.905,566671,732.281606
2026-06-25 20:00:00+00:00,734.85,735.36,733.32,27,733.32,1453,734.56668
2026-06-26 12:00:00+00:00,729.81,730.57,729.81,3,730.33,300,730.236667
2026-06-26 13:00:00+00:00,730.81,731.27,726.88,2147,728.875,132254,729.025085
2026-06-26 14:00:00+00:00,732.47,734.2,730.65,3730,730.85,233319,732.681473
2026-06-26 15:00:00+00:00,735.47,736.5,731.67,3617,732.6,192895,734.257325
2026-06-26 16:00:00+00:00,734.46,735.49,732.78,3501,735.38,194018,734.192551
2026-06-26 17:00:00+00:00,733.67,735.83,733.48,3332,734.475,168361,734.522577
2026-06-26 18:00:00+00:00,731.62,734.58,731.32,4373,733.69,266815,732.828051
2026-06-26 19:00:00+00:00,729.35,733.85,716.58,10019,731.64,874317,732.470974
2026-06-26 20:00:00+00:00,732.14,732.24,730.75,37,731.75,3105,731.29468
2026-06-29 13:00:00+00:00,736.83,739.86,735.38,2085,736.61,138134,738.156645
2026-06-29 14:00:00+00:00,737.8,738.29,732.12,4613,736.95,291918,735.480091
2026-06-29 15:00:00+00:00,738.505,738.57,736.44,3207,737.905,196732,737.58697
2026-06-29 16:00:00+00:00,738.68,739.12,737.985,2722,738.59,139077,738.543947
2026-06-29 17:00:00+00:00,740.42,740.82,738.74,2849,738.74,125022,739.918768
2026-06-29 18:00:00+00:00,740.67,741.18,740.135,2765,740.44,140731,740.621789
2026-06-29 19:00:00+00:00,740.86,741.54,740.23,8236,740.685,583145,740.698405
2026-06-29 20:00:00+00:00,740.89,740.95,740.89,4,740.95,480,740.945
2026-06-30 12:00:00+00:00,741.61,741.81,741.61,2,741.81,200,741.71
2026-06-30 13:00:00+00:00,743.875,743.94,740.9,3390,741.3,292159,742.245623
2026-06-30 14:00:00+00:00,743.33,745.36,742.86,3456,743.85,216479,744.074921
2026-06-30 15:00:00+00:00,745.78,745.99,743.25,2295,743.32,139783,745.039732
2026-06-30 16:00:00+00:00,746.775,747.02,745.76,2069,745.79,111964,746.390484
2026-06-30 17:00:00+00:00,746.48,747.14,746.16,2114,746.77,95244,746.572764
2026-06-30 18:00:00+00:00,747.13,747.44,746.335,2767,746.46,131787,746.934259
2026-06-30 19:00:00+00:00,746.65,748.01,746.37,7935,747.12,521406,747.177277
2026-07-01 12:00:00+00:00,744.26,745.3,744.26,4,745.3,300,744.977857
2026-07-01 13:00:00+00:00,745.31,745.31,742.385,3273,744.965,257465,743.92392
2026-07-01 14:00:00+00:00,746.96,747.1,745.04,3586,745.42,244233,746.440473
2026-07-01 15:00:00+00:00,748.81,749.345,746.91,2934,746.98,192508,748.503774
2026-07-01 16:00:00+00:00,747.47,749.41,747.36,2138,748.82,110342,748.691611
2026-07-01 17:00:00+00:00,747.18,748.395,747.05,2326,747.51,128422,747.722852
2026-07-01 18:00:00+00:00,746.86,747.67,746.47,2569,747.21,143386,747.092665
2026-07-01 19:00:00+00:00,745.665,747.67,745.16,6541,746.84,469774,746.33043
2026-07-02 12:00:00+00:00,749.37,749.54,746.89,30,747.13,2931,748.81015
2026-07-02 13:00:00+00:00,750.77,751.23,747.12,2494,747.415,169200,749.381123
2026-07-02 14:00:00+00:00,747.62,751.23,746.03,4260,750.78,258708,748.854936
2026-07-02 15:00:00+00:00,744.645,747.78,744.08,3729,747.715,225434,745.592563
2026-07-02 16:00:00+00:00,742.17,744.85,741.88,3205,744.65,169111,743.49237
2026-07-02 17:00:00+00:00,740.23,742.24,740.04,3136,742.2,185613,741.181217
2026-07-02 18:00:00+00:00,742.97,743.46,740.06,3387,740.21,201447,742.277741
2026-07-02 19:00:00+00:00,744.86,745.58,741.35,8646,742.98,743119,743.981779
2026-07-02 20:00:00+00:00,744.07,744.26,744.07,4,744.26,220,744.156364
2026-07-06 13:00:00+00:00,748.42,749.53,747.455,2445,748.22,174787,748.615059
2026-07-06 14:00:00+00:00,750.27,750.27,748.05,2857,748.54,174485,749.468711
2026-07-06 15:00:00+00:00,750.82,750.95,749.63,2403,750.29,147802,750.39677
2026-07-06 16:00:00+00:00,750.42,751.12,750.4,2544,750.79,138276,750.77333
2026-07-06 17:00:00+00:00,750.095,751.52,749.64,2695,750.425,165631,750.627474
2026-07-06 18:00:00+00:00,751.915,752.01,750.18,2921,750.185,177667,751.20834
2026-07-06 19:00:00+00:00,751.27,752.4,750.82,7134,751.945,540516,751.555474
2026-07-06 20:00:00+00:00,751.63,751.68,751.31,17,751.31,2226,751.650121
2026-07-07 13:00:00+00:00,748.775,750.935,748.25,1968,750.21,124571,749.576489
2026-07-07 14:00:00+00:00,746.62,749.13,745.27,3862,748.79,238443,746.793931
2026-07-07 15:00:00+00:00,747.43,747.43,745.48,2883,746.47,170941,746.400509
2026-07-07 16:00:00+00:00,748.96,749.11,747.25,2716,747.37,146944,748.379688
2026-07-07 17:00:00+00:00,749.13,749.34,748.42,2060,748.97,89970,748.95548
2026-07-07 18:00:00+00:00,747.51,749.27,747.43,3386,749.19,169188,748.549474
2026-07-07 19:00:00+00:00,747.77,747.93,746.04,8334,747.5,494824,747.144873
2026-07-07 20:00:00+00:00,747.49,747.5,747.49,14,747.5,1216,747.496324
2026-07-08 12:00:00+00:00,743.74,743.74,743.2,4,743.39,400,743.39
2026-07-08 13:00:00+00:00,744.09,744.92,742.74,2091,743.135,127788,743.917439
2026-07-08 14:00:00+00:00,741.85,744.65,740.98,3899,744.08,226450,742.954406
2026-07-08 15:00:00+00:00,740.7,742.005,739.55,3795,741.96,192604,740.719747
2026-07-08 16:00:00+00:00,744.69,744.74,740.63,3065,740.63,159805,742.777634
2026-07-08 17:00:00+00:00,744.39,746.09,743.96,2438,744.54,120593,744.900576
2026-07-08 18:00:00+00:00,745.31,745.49,744.0,2167,744.365,102368,744.963947
2026-07-08 19:00:00+00:00,745.28,746.14,744.485,4502,745.36,292998,745.324799
2026-07-08 20:00:00+00:00,744.41,745.2,744.41,6,745.2,240,744.805
2026-07-09 12:00:00+00:00,747.5,747.5,747.5,1,747.5,100,747.5
2026-07-09 13:00:00+00:00,748.59,749.2,745.715,2318,747.29,133975,747.958275
2026-07-09 14:00:00+00:00,748.73,749.02,745.6,3727,748.735,256523,747.373463
2026-07-09 15:00:00+00:00,749.86,750.23,748.605,2213,748.73,138537,749.491152
2026-07-09 16:00:00+00:00,750.43,750.885,749.91,1801,749.91,104964,750.528904
2026-07-09 17:00:00+00:00,751.61,751.97,750.4,1975,750.42,111956,751.498282
2026-07-09 18:00:00+00:00,751.05,751.865,750.89,2960,751.64,183938,751.362719
2026-07-09 19:00:00+00:00,751.55,751.58,750.67,6707,751.05,534603,751.146881
2026-07-10 12:00:00+00:00,751.89,751.89,751.89,1,751.89,100,751.89
2026-07-10 13:00:00+00:00,752.925,753.22,751.81,1726,752.1,106256,752.611338
2026-07-10 14:00:00+00:00,751.23,753.33,748.14,3554,752.92,224469,751.873167
2026-07-10 15:00:00+00:00,752.82,753.42,750.66,2531,751.25,150607,752.362976
2026-07-10 16:00:00+00:00,754.015,754.13,752.85,1972,752.88,114430,753.43756
2026-07-10 17:00:00+00:00,753.99,754.41,753.48,1716,753.98,101641,754.043051
2026-07-10 18:00:00+00:00,754.48,754.71,753.935,1986,753.995,130561,754.339539
2026-07-10 19:00:00+00:00,754.94,755.42,754.47,5899,754.5,444441,755.029489
2026-07-10 20:00:00+00:00,755.1,755.1,754.94,8,754.94,824,755.051436
2026-07-13 12:00:00+00:00,751.81,752.43,751.68,9,752.43,752,752.097541
2026-07-13 13:00:00+00:00,753.59,753.835,751.93,2703,752.62,131931,753.023058
2026-07-13 14:00:00+00:00,752.74,753.91,750.4,3327,753.68,234366,752.354156
2026-07-13 15:00:00+00:00,751.24,753.01,751.12,2412,752.79,172368,751.882992
2026-07-13 16:00:00+00:00,749.95,751.8,748.94,3091,751.185,233846,750.426309
2026-07-13 17:00:00+00:00,749.22,750.63,749.22,1813,749.95,115470,749.902217
2026-07-13 18:00:00+00:00,749.55,750.16,748.98,2351,749.32,153573,749.529155
2026-07-13 19:00:00+00:00,749.13,749.95,748.06,6223,749.51,469787,749.09506
2026-07-14 12:00:00+00:00,751.91,753.93,748.15,29,748.15,2400,752.522956
2026-07-14 13:00:00+00:00,751.37,751.755,749.54,1767,750.93,119930,750.691065
2026-07-14 14:00:00+00:00,751.68,753.31,748.71,2828,751.35,209379,750.854422
2026-07-14 15:00:00+00:00,751.01,753.04,750.68,2381,751.79,157149,751.987926
2026-07-14 16:00:00+00:00,751.83,751.83,750.02,1843,751.04,120855,750.779091
2026-07-14 17:00:00+00:00,752.28,752.61,751.59,1128,751.87,71190,752.071595
2026-07-14 18:00:00+00:00,752.17,752.74,751.74,2061,752.29,122530,752.262653
2026-07-14 19:00:00+00:00,751.94,752.52,751.75,4582,752.16,300851,752.172745
2026-07-14 20:00:00+00:00,752.05,752.05,751.95,11,751.95,1477,751.975186
2026-07-15 12:00:00+00:00,753.46,753.52,753.11,8,753.11,660,753.349375
2026-07-15 13:00:00+00:00,754.41,755.54,753.19,2609,754.225,153580,754.25433
2026-07-15 14:00:00+00:00,753.49,755.54,752.77,4115,754.51,273952,754.231285
2026-07-15 15:00:00+00:00,752.67,754.11,752.25,3050,753.52,140881,753.167345
2026-07-15 16:00:00+00:00,751.625,752.79,750.25,3805,752.67,218024,751.218082
2026-07-15 17:00:00+00:00,754.13,754.45,751.59,2568,751.69,155838,752.918157
2026-07-15 18:00:00+00:00,753.16,754.92,753.12,2517,754.18,138799,754.257925
2026-07-15 19:00:00+00:00,754.77,754.8,753.1,5191,753.11,364306,753.995934
2026-07-16 12:00:00+00:00,751.83,752.4,751.83,6,752.4,322,752.23354
2026-07-16 13:00:00+00:00,751.92,753.51,750.7,2398,752.8,200957,751.834712
2026-07-16 14:00:00+00:00,754.16,754.55,751.74,2701,751.78,191339,753.51943
2026-07-16 15:00:00+00:00,753.57,754.44,752.98,1744,754.225,109237,753.62427
2026-07-16 16:00:00+00:00,752.855,753.585,751.46,2435,753.585,158471,752.353881
2026-07-16 17:00:00+00:00,751.355,752.905,751.09,1913,752.89,108412,752.108111
2026-07-16 18:00:00+00:00,750.24,751.71,749.94,3032,751.3,200331,750.785969
2026-07-16 19:00:00+00:00,750.87,751.04,747.88,7983,750.22,687489,749.516614
2026-07-17 12:00:00+00:00,744.22,744.82,744.22,10,744.82,880,744.413809
2026-07-17 13:00:00+00:00,744.82,744.83,740.8,3053,742.17,286812,742.381763
2026-07-17 14:00:00+00:00,745.07,747.24,744.71,3821,744.8,315977,746.164244
2026-07-17 15:00:00+00:00,746.85,747.06,743.96,2873,745.15,219481,745.060028
2026-07-17 16:00:00+00:00,746.32,747.25,744.94,2647,746.89,185777,746.048645
2026-07-17 17:00:00+00:00,744.59,747.1,744.38,2420,746.33,160291,746.111212
2026-07-17 18:00:00+00:00,744.44,745.1,743.11,2937,744.6,178140,744.021479
2026-07-17 19:00:00+00:00,743.28,744.39,742.16,8892,744.39,662771,743.515393
2026-07-20 12:00:00+00:00,746.43,746.43,745.96,4,745.96,340,746.206471
2026-07-20 13:00:00+00:00,745.725,748.69,745.535,2324,747.04,154808,747.470357
2026-07-20 14:00:00+00:00,744.115,746.315,743.77,2735,745.61,212439,745.018899
2026-07-20 15:00:00+00:00,745.995,746.42,743.82,1893,744.12,137486,745.248685
2026-07-20 16:00:00+00:00,745.01,746.98,744.65,2252,746.0,161031,745.896545
2026-07-20 17:00:00+00:00,744.54,745.16,743.59,2000,744.99,151643,744.233956
2026-07-20 18:00:00+00:00,742.78,745.355,742.46,2839,744.64,208097,744.001261
2026-07-20 19:00:00+00:00,742.15,743.335,741.56,5931,742.77,484230,742.304927
2026-07-20 20:00:00+00:00,741.85,741.93,741.85,2,741.93,200,741.89
2026-07-21 13:00:00+00:00,745.325,746.6,744.25,2200,746.31,152409,745.19495
2026-07-21 14:00:00+00:00,746.77,747.26,744.79,2519,745.37,173902,746.064711
2026-07-21 15:00:00+00:00,747.51,748.01,745.88,2581,746.86,149681,747.356639
2026-07-21 16:00:00+00:00,748.71,749.03,747.495,1987,747.495,111107,748.505584
2026-07-21 17:00:00+00:00,748.58,748.93,748.23,1975,748.72,155657,748.524934
2026-07-21 18:00:00+00:00,748.36,748.735,747.955,2233,748.54,126372,748.284233
2026-07-21 19:00:00+00:00,748.155,748.65,748.09,5117,748.4,348364,748.367446
2026-07-21 20:00:00+00:00,747.95,748.25,747.95,2,748.25,1540,748.242208
