timestamp,close,high,low,n,open,volume,vw
2023-07-24 13:00:00+00:00,256.61,259.1,254.17,2179,255.79,164232,256.790514
2023-07-24 14:00:00+00:00,261.3,262.56,256.8,1800,256.8,121341,260.25
2023-07-24 15:00:00+00:00,265.785,266.14,260.9,1763,261.3,104070,263.99968
2023-07-24 16:00:00+00:00,266.97,267.49,265.375,1144,265.88,62321,266.462755
2023-07-24 17:00:00+00:00,269.14,269.44,265.96,1090,266.915,61952,267.676467
2023-07-24 18:00:00+00:00,269.3,269.74,267.67,937,269.16,61536,268.716103
2023-07-24 19:00:00+00:00,269.12,269.525,267.53,1459,269.35,78127,268.645439
2023-07-25 13:00:00+00:00,270.33,272.82,268.86,2421,272.51,162409,270.811297
2023-07-25 14:00:00+00:00,266.15,270.95,265.43,1820,270.255,122421,267.871264
2023-07-25 15:00:00+00:00,268.22,269.34,265.63,916,266.11,62092,267.47338
2023-07-25 16:00:00+00:00,268.81,269.12,266.96,611,267.81,34238,267.960599
2023-07-25 17:00:00+00:00,268.62,270.12,268.315,460,268.75,22042,269.152076
2023-07-25 18:00:00+00:00,267.55,269.93,267.39,658,268.725,43027,268.786693
2023-07-25 19:00:00+00:00,265.235,268.32,265.0,1369,267.77,67362,266.532557
2023-07-26 13:00:00+00:00,266.81,267.43,261.81,1243,263.155,66302,264.602729
2023-07-26 14:00:00+00:00,264.0,268.0,263.71,1139,267.25,68145,266.468492
2023-07-26 15:00:00+00:00,264.42,264.99,263.23,828,264.01,57325,264.195424
2023-07-26 16:00:00+00:00,263.5,264.96,262.83,545,264.48,36679,263.892734
2023-07-26 17:00:00+00:00,263.49,264.62,263.48,351,263.64,22143,264.075035
2023-07-26 18:00:00+00:00,265.57,266.28,263.6,991,264.21,52281,265.208739
2023-07-26 19:00:00+00:00,264.3,265.74,263.44,1345,265.53,76509,264.233012
2023-07-27 13:00:00+00:00,266.17,269.07,265.82,1434,268.21,70030,267.813253
2023-07-27 14:00:00+00:00,264.63,266.95,263.415,1568,266.36,81232,264.898152
2023-07-27 15:00:00+00:00,266.42,266.47,264.31,910,264.7,41716,265.609752
2023-07-27 16:00:00+00:00,265.385,267.45,265.17,1151,266.4,50498,266.383897
2023-07-27 17:00:00+00:00,262.75,265.605,261.85,1322,265.285,62803,263.235956
2023-07-27 18:00:00+00:00,256.84,262.95,256.83,1746,262.48,107375,259.418672
2023-07-27 19:00:00+00:00,255.73,258.04,255.305,2650,256.635,156168,256.412192
2023-07-28 13:00:00+00:00,261.82,262.95,258.26,1676,259.89,104111,261.156949
2023-07-28 14:00:00+00:00,262.83,263.98,260.59,1431,262.14,81485,262.432108
2023-07-28 15:00:00+00:00,266.22,266.41,262.31,1592,263.02,110434,264.851056
2023-07-28 16:00:00+00:00,265.67,266.98,264.63,1117,266.24,69759,265.891235
2023-07-28 17:00:00+00:00,265.31,266.35,263.91,911,265.56,62269,265.322271
2023-07-28 18:00:00+00:00,266.88,267.23,264.7,917,265.26,60537,266.032693
2023-07-28 19:00:00+00:00,266.54,266.965,265.19,1800,266.965,124209,266.079889
2023-07-31 13:00:00+00:00,264.78,269.01,263.88,1731,267.45,100498,266.292514
2023-07-31 14:00:00+00:00,266.74,266.87,263.97,1129,264.87,56144,265.479731
2023-07-31 15:00:00+00:00,266.98,267.19,265.27,861,266.87,30863,266.515982
2023-07-31 16:00:00+00:00,267.415,268.63,267.12,895,267.12,37093,267.906878
2023-07-31 17:00:00+00:00,267.32,267.89,266.51,696,267.275,26887,267.328186
2023-07-31 18:00:00+00:00,267.48,268.3,266.78,677,267.57,25117,267.631155
2023-07-31 19:00:00+00:00,267.53,267.68,265.92,1006,267.67,46376,267.021901
2023-08-01 13:00:00+00:00,262.845,266.415,262.32,1217,266.25,68664,263.913856
2023-08-01 14:00:00+00:00,263.58,263.96,261.69,858,262.71,54809,262.891767
2023-08-01 15:00:00+00:00,262.51,264.03,262.22,475,263.76,26985,263.121425
2023-08-01 16:00:00+00:00,261.64,262.5,260.29,682,262.47,44461,261.31175
2023-08-01 17:00:00+00:00,261.16,262.09,260.32,568,261.56,41767,261.119258
2023-08-01 18:00:00+00:00,261.1,261.86,260.78,531,261.195,35587,261.36986
2023-08-01 19:00:00+00:00,261.1,262.12,260.405,1432,261.13,62107,261.298633
2023-08-02 13:00:00+00:00,259.105,259.405,254.1,1467,255.57,73123,256.893274
2023-08-02 14:00:00+00:00,254.77,259.235,254.655,1600,259.11,85245,256.386209
2023-08-02 15:00:00+00:00,251.76,255.54,251.76,1547,254.695,88169,254.012367
2023-08-02 16:00:00+00:00,252.57,252.83,250.545,1121,251.74,67577,251.724243
2023-08-02 17:00:00+00:00,253.685,254.86,252.64,842,252.64,42952,253.813515
2023-08-02 18:00:00+00:00,254.71,255.34,253.0,672,253.62,32465,254.568866
2023-08-02 19:00:00+00:00,254.325,255.43,253.05,1725,254.59,106782,254.151537
2023-08-03 13:00:00+00:00,256.7,257.47,252.05,907,252.05,55420,255.123662
2023-08-03 14:00:00+00:00,254.755,257.32,253.05,880,256.78,61772,254.755815
2023-08-03 15:00:00+00:00,255.81,257.17,254.86,803,254.86,55064,256.188831
2023-08-03 16:00:00+00:00,257.63,257.65,255.58,391,255.78,21084,256.646447
2023-08-03 17:00:00+00:00,257.68,258.67,257.53,459,257.77,31124,258.013761
2023-08-03 18:00:00+00:00,260.215,260.475,257.135,752,257.81,56123,259.145241
2023-08-03 19:00:00+00:00,259.31,260.2,258.34,1476,260.135,112957,259.571876
2023-08-04 13:00:00+00:00,260.07,264.67,259.44,1347,261.05,84407,262.195824
2023-08-04 14:00:00+00:00,258.39,259.74,256.62,1101,259.62,59077,258.241153
2023-08-04 15:00:00+00:00,260.365,260.43,258.03,684,258.22,40471,259.197709
2023-08-04 16:00:00+00:00,260.61,261.03,258.63,1618,260.26,122816,260.155147
2023-08-04 17:00:00+00:00,258.47,260.82,258.38,2173,260.63,163421,259.942524
2023-08-04 18:00:00+00:00,254.88,258.42,254.23,862,258.42,65330,255.91536
2023-08-04 19:00:00+00:00,253.76,255.08,253.13,1297,254.7,92104,253.975216
2023-08-07 13:00:00+00:00,246.25,253.545,246.11,2093,251.62,144698,249.900433
2023-08-07 14:00:00+00:00,246.9,249.565,245.0,1113,246.0,69301,247.382762
2023-08-07 15:00:00+00:00,245.46,247.14,242.88,1342,246.73,95899,244.75747
2023-08-07 16:00:00+00:00,245.96,246.99,245.46,548,245.67,29582,246.154926
2023-08-07 17:00:00+00:00,248.35,248.5,245.39,354,246.08,20822,247.015154
2023-08-07 18:00:00+00:00,249.3,249.66,247.93,542,248.4,41101,248.905791
2023-08-07 19:00:00+00:00,251.44,251.535,249.33,1407,249.53,85045,250.623629
2023-08-08 13:00:00+00:00,246.93,248.99,245.08,1031,247.605,59199,247.05434
2023-08-08 14:00:00+00:00,249.185,250.88,246.145,1513,246.66,98725,249.353539
2023-08-08 15:00:00+00:00,247.405,249.35,246.34,837,249.35,50621,247.931738
2023-08-08 16:00:00+00:00,248.57,248.7,246.78,538,246.84,32221,247.588155
2023-08-08 17:00:00+00:00,249.18,249.58,248.38,555,248.38,31360,248.991672
2023-08-08 18:00:00+00:00,250.16,250.45,248.83,565,249.14,37650,249.708754
2023-08-08 19:00:00+00:00,249.72,250.32,248.71,1505,250.115,67236,249.649892
2023-08-09 13:00:00+00:00,247.2,250.99,245.82,820,250.99,47853,248.464754
2023-08-09 14:00:00+00:00,245.185,248.39,244.8,989,247.09,69494,246.486066
2023-08-09 15:00:00+00:00,243.44,245.72,242.24,900,244.92,61572,243.99061
2023-08-09 16:00:00+00:00,243.2,244.69,243.07,442,243.5,26375,243.72754
2023-08-09 17:00:00+00:00,245.035,245.68,243.195,578,243.225,34779,245.110356
2023-08-09 18:00:00+00:00,245.28,246.55,244.71,455,244.85,22709,245.865156
2023-08-09 19:00:00+00:00,242.08,245.57,241.91,1485,245.32,121565,242.901683
2023-08-09 20:00:00+00:00,241.98,241.98,241.6,8,241.6,500,241.853333
2023-08-10 13:00:00+00:00,250.445,250.5,244.54,1304,245.5,90714,248.549423
2023-08-10 14:00:00+00:00,249.07,251.74,248.3,1526,250.63,104661,250.342729
2023-08-10 15:00:00+00:00,244.75,248.82,244.5,1045,248.69,65138,246.663925
2023-08-10 16:00:00+00:00,244.98,246.36,243.815,902,244.69,61428,245.021816
2023-08-10 17:00:00+00:00,243.93,245.47,243.055,880,245.01,50074,244.566632
2023-08-10 18:00:00+00:00,245.58,245.81,243.96,801,244.07,50651,244.930122
2023-08-10 19:00:00+00:00,245.38,246.15,244.49,1292,245.44,78420,245.381189
2023-08-11 13:00:00+00:00,239.67,242.58,238.2,1410,241.77,89263,240.133579
2023-08-11 14:00:00+00:00,242.0,242.49,239.88,1495,239.93,158435,241.298031
2023-08-11 15:00:00+00:00,240.425,242.63,239.41,821,242.125,62126,241.090975
2023-08-11 16:00:00+00:00,241.71,243.14,240.41,663,240.41,54771,241.878188
2023-08-11 17:00:00+00:00,242.11,242.61,240.81,355,241.855,21499,241.776615
2023-08-11 18:00:00+00:00,243.67,243.74,242.16,528,242.2,37276,243.035491
2023-08-11 19:00:00+00:00,242.58,243.555,242.02,1215,243.555,92863,242.630426
2023-08-14 13:00:00+00:00,236.47,237.035,233.79,1847,235.55,127904,235.186493
2023-08-14 14:00:00+00:00,239.96,240.65,236.09,1026,236.37,55601,238.639428
2023-08-14 15:00:00+00:00,237.06,240.02,237.01,1070,239.905,64590,238.648306
2023-08-14 16:00:00+00:00,239.05,239.51,236.77,962,237.165,42846,238.251282
2023-08-14 17:00:00+00:00,238.18,239.53,237.77,579,238.975,27207,238.564233
2023-08-14 18:00:00+00:00,238.48,239.03,237.53,708,238.23,36602,238.303858
2023-08-14 19:00:00+00:00,239.8,239.82,238.13,1390,238.47,86163,239.095886
2023-08-15 13:00:00+00:00,236.52,240.44,235.93,900,238.73,75647,238.783274
2023-08-15 14:00:00+00:00,234.89,236.75,234.28,995,236.48,73602,235.593288
2023-08-15 15:00:00+00:00,235.86,236.335,234.755,575,234.78,48839,235.584004
2023-08-15 16:00:00+00:00,234.02,236.04,233.86,667,235.985,50800,234.954846
2023-08-15 17:00:00+00:00,233.58,234.39,232.88,542,233.86,39964,233.536411
2023-08-15 18:00:00+00:00,233.66,234.115,233.115,416,233.55,30239,233.637296
2023-08-15 19:00:00+00:00,232.88,234.35,232.615,1215,233.87,84712,233.168918
2023-08-16 13:00:00+00:00,233.53,233.68,227.45,1791,228.01,147405,231.086268
2023-08-16 14:00:00+00:00,230.45,233.7,230.365,1030,233.435,78239,232.054357
2023-08-16 15:00:00+00:00,228.45,230.65,227.82,1092,230.36,78513,229.004055
2023-08-16 16:00:00+00:00,227.67,229.11,226.73,853,228.46,64351,227.893579
2023-08-16 17:00:00+00:00,228.965,229.215,227.29,638,227.85,48241,228.411589
2023-08-16 18:00:00+00:00,228.3,229.44,227.04,538,228.69,34866,228.36881
2023-08-16 19:00:00+00:00,225.59,228.265,225.445,1427,228.11,103571,226.260902
2023-08-16 20:00:00+00:00,224.8,224.9,224.21,12,224.24,1050,224.437778
2023-08-17 13:00:00+00:00,223.14,226.63,221.64,1416,226.11,98916,223.188006
2023-08-17 14:00:00+00:00,224.62,225.65,222.33,1125,223.065,75211,224.038384
2023-08-17 15:00:00+00:00,223.96,224.97,222.86,743,224.58,40193,224.015542
2023-08-17 16:00:00+00:00,225.28,225.49,223.64,460,223.86,35070,224.59893
2023-08-17 17:00:00+00:00,223.16,225.505,222.72,496,225.505,24988,223.841964
2023-08-17 18:00:00+00:00,221.05,223.27,220.64,900,222.945,56361,221.631418
2023-08-17 19:00:00+00:00,219.22,221.37,218.84,1828,221.05,155965,219.669246
2023-08-18 13:00:00+00:00,215.825,217.53,213.56,1811,213.93,182566,215.584381
2023-08-18 14:00:00+00:00,214.68,217.245,213.9,2102,215.78,178302,215.869167
2023-08-18 15:00:00+00:00,214.82,215.39,212.46,1539,214.71,133472,213.426916
2023-08-18 16:00:00+00:00,215.13,216.885,214.56,921,214.775,94622,215.72731
2023-08-18 17:00:00+00:00,215.0,216.155,214.26,776,215.23,47381,215.18698
2023-08-18 18:00:00+00:00,215.16,216.24,214.31,716,215.135,42767,215.398233
2023-08-18 19:00:00+00:00,215.485,216.26,214.25,1638,215.07,83361,215.304209
2023-08-21 13:00:00+00:00,228.39,228.675,220.62,2147,221.55,218945,224.971333
2023-08-21 14:00:00+00:00,225.805,229.8,225.65,2228,228.41,199115,227.725399
2023-08-21 15:00:00+00:00,225.595,226.8,224.56,1081,225.8,69645,225.514828
2023-08-21 16:00:00+00:00,228.4,228.54,225.75,771,225.75,43223,227.213966
2023-08-21 17:00:00+00:00,228.77,229.59,227.28,964,228.44,66284,228.670085
2023-08-21 18:00:00+00:00,230.645,231.04,228.5,834,228.87,51552,230.012604
2023-08-21 19:00:00+00:00,231.24,232.08,229.515,1901,230.6,124126,231.031277
2023-08-22 13:00:00+00:00,235.17,240.65,234.88,2097,240.27,172047,237.763312
2023-08-22 14:00:00+00:00,236.32,238.35,233.555,1458,235.19,114249,235.718071
2023-08-22 15:00:00+00:00,231.915,236.48,231.52,929,236.3,97688,233.359867
2023-08-22 16:00:00+00:00,233.885,234.1,229.63,923,232.09,62817,231.547722
2023-08-22 17:00:00+00:00,232.35,233.905,231.0,511,233.62,36367,232.233126
2023-08-22 18:00:00+00:00,233.27,233.745,231.96,556,231.97,33103,232.899143
2023-08-22 19:00:00+00:00,233.26,234.105,231.89,1199,233.21,75581,233.063504
2023-08-23 12:00:00+00:00,227.5,227.5,227.5,22,227.5,497,227.5
2023-08-23 13:00:00+00:00,231.595,232.925,229.325,1837,229.35,152247,231.254979
2023-08-23 14:00:00+00:00,233.99,235.12,231.04,1551,231.99,110931,233.903769
2023-08-23 15:00:00+00:00,236.89,236.99,233.57,945,233.925,68714,235.197935
2023-08-23 16:00:00+00:00,235.33,237.035,235.33,649,236.97,46561,236.194166
2023-08-23 17:00:00+00:00,238.42,238.42,235.295,693,235.32,46757,236.881481
2023-08-23 18:00:00+00:00,237.55,238.93,237.09,602,238.33,42376,237.846523
2023-08-23 19:00:00+00:00,236.805,238.25,236.51,1543,237.47,95470,237.275333
2023-08-23 20:00:00+00:00,240.0,240.0,240.0,6,240.0,602,240.0
2023-08-24 13:00:00+00:00,233.11,238.855,232.42,1765,238.7,113131,234.857054
2023-08-24 14:00:00+00:00,230.22,233.59,228.335,1350,233.29,85734,230.416054
2023-08-24 15:00:00+00:00,230.91,231.32,229.37,867,230.23,60586,230.448879
2023-08-24 16:00:00+00:00,232.79,234.36,230.9,663,231.27,41315,232.629868
2023-08-24 17:00:00+00:00,232.37,233.29,231.95,404,232.995,26939,232.590824
2023-08-24 18:00:00+00:00,231.96,233.64,231.2,479,232.75,30221,232.545384
2023-08-24 19:00:00+00:00,230.04,232.41,229.9,1456,231.95,95696,230.981827
2023-08-25 13:00:00+00:00,234.54,235.815,231.04,965,231.35,86891,233.91513
2023-08-25 14:00:00+00:00,230.445,237.67,230.44,1649,234.53,116983,234.072884
2023-08-25 15:00:00+00:00,232.92,235.21,230.66,960,230.66,73831,233.186344
2023-08-25 16:00:00+00:00,235.24,235.69,232.84,562,233.35,40323,234.441645
2023-08-25 17:00:00+00:00,235.67,235.93,234.35,455,235.36,24769,235.184539
2023-08-25 18:00:00+00:00,238.3,238.66,235.63,813,235.63,61595,237.619576
2023-08-25 19:00:00+00:00,238.56,238.92,237.575,1211,238.475,90162,238.487246
2023-08-28 13:00:00+00:00,238.69,244.37,237.27,1771,242.71,142127,240.412339
2023-08-28 14:00:00+00:00,238.87,240.78,238.105,1088,238.67,86267,239.102332
2023-08-28 15:00:00+00:00,237.67,240.14,236.42,800,238.93,58857,238.462475
2023-08-28 16:00:00+00:00,236.92,237.535,235.35,743,237.5,49571,236.499184
2023-08-28 17:00:00+00:00,236.46,239.05,236.06,484,237.14,32897,237.566516
2023-08-28 18:00:00+00:00,237.97,238.005,236.34,352,236.41,28513,237.169632
2023-08-28 19:00:00+00:00,238.76,239.45,237.16,1219,238.0,93668,238.640723
2023-08-29 13:00:00+00:00,242.23,242.35,237.835,1336,238.55,70838,240.440674
2023-08-29 14:00:00+00:00,249.0,251.14,242.3,3574,242.415,289828,247.144166
2023-08-29 15:00:00+00:00,253.43,253.64,248.99,1649,248.99,102100,251.05118
2023-08-29 16:00:00+00:00,254.365,254.85,253.05,1299,253.48,66887,253.907683
2023-08-29 17:00:00+00:00,253.91,254.54,252.67,1171,254.41,75297,253.567153
2023-08-29 18:00:00+00:00,255.345,255.55,253.86,1394,254.06,83642,254.914326
2023-08-29 19:00:00+00:00,257.2,257.41,254.87,2067,255.27,139700,256.417453
2023-08-30 13:00:00+00:00,254.52,255.38,250.65,2025,254.27,173576,252.820525
2023-08-30 14:00:00+00:00,255.075,256.34,251.88,1852,255.16,125093,254.198461
2023-08-30 15:00:00+00:00,257.465,258.58,254.05,973,254.96,63501,256.643451
2023-08-30 16:00:00+00:00,259.02,260.5,257.85,1004,257.85,56617,259.334481
2023-08-30 17:00:00+00:00,256.65,259.23,256.05,916,258.96,43571,257.914053
2023-08-30 18:00:00+00:00,256.96,257.31,255.0,703,256.62,40804,256.312827
2023-08-30 19:00:00+00:00,257.05,257.475,255.085,1485,257.015,92323,256.656271
2023-08-31 13:00:00+00:00,257.26,259.55,255.05,1463,256.215,125224,256.844418
2023-08-31 14:00:00+00:00,258.69,259.75,255.73,1003,257.57,69769,257.863216
2023-08-31 15:00:00+00:00,259.665,259.87,258.0,640,258.56,44212,258.821421
2023-08-31 16:00:00+00:00,257.02,259.66,255.775,715,259.66,48816,257.486393
2023-08-31 17:00:00+00:00,257.16,258.1,256.68,485,256.68,29842,257.402529
2023-08-31 18:00:00+00:00,258.57,259.1,257.38,582,257.38,41278,258.495582
2023-08-31 19:00:00+00:00,258.06,261.1,257.91,1412,258.55,104790,259.117931
2023-09-01 13:00:00+00:00,252.665,258.99,251.87,2429,257.37,187979,254.854255
2023-09-01 14:00:00+00:00,247.025,253.72,246.89,2248,252.52,123819,250.545135
2023-09-01 15:00:00+00:00,246.395,248.985,245.58,1447,247.15,80992,247.586851
2023-09-01 16:00:00+00:00,247.4,247.95,245.5,1094,246.14,66514,246.79866
2023-09-01 17:00:00+00:00,245.47,247.9,244.65,884,247.29,47584,246.439841
2023-09-01 18:00:00+00:00,244.23,245.74,242.525,1139,245.5,77027,243.574772
2023-09-01 19:00:00+00:00,244.965,245.465,242.84,1914,244.11,124446,244.477045
2023-09-05 13:00:00+00:00,249.72,252.94,244.88,2020,245.01,143836,249.488983
2023-09-05 14:00:00+00:00,253.11,253.795,249.36,2240,249.725,123501,252.241395
2023-09-05 15:00:00+00:00,252.8,253.99,252.11,959,253.27,55617,252.962095
2023-09-05 16:00:00+00:00,256.47,256.89,252.71,891,252.77,51308,255.348674
2023-09-05 17:00:00+00:00,255.93,256.65,255.18,782,256.65,44256,255.83943
2023-09-05 18:00:00+00:00,257.94,257.985,255.58,894,255.98,62352,256.998038
2023-09-05 19:00:00+00:00,256.49,257.88,256.0,1901,257.85,112339,256.899645
2023-09-06 13:00:00+00:00,249.58,255.17,248.18,1801,255.0,136042,250.999249
2023-09-06 14:00:00+00:00,246.17,249.55,245.11,2113,249.55,187210,246.742022
2023-09-06 15:00:00+00:00,248.65,248.79,245.6,862,246.155,56905,247.356835
2023-09-06 16:00:00+00:00,248.39,249.68,247.41,589,248.73,35288,248.679923
2023-09-06 17:00:00+00:00,251.075,251.94,248.38,652,248.38,56800,250.911353
2023-09-06 18:00:00+00:00,251.78,252.39,250.26,457,251.02,31405,251.337888
2023-09-06 19:00:00+00:00,251.99,252.27,251.11,1133,251.84,76708,251.782296
2023-09-07 12:00:00+00:00,245.51,245.51,245.51,4,245.51,224,245.51
2023-09-07 13:00:00+00:00,246.2,248.58,243.355,1904,244.95,117917,245.395571
2023-09-07 14:00:00+00:00,245.3,247.14,243.56,1479,246.24,98460,245.369176
2023-09-07 15:00:00+00:00,247.23,247.46,245.46,1283,245.52,71484,246.511578
2023-09-07 16:00:00+00:00,249.86,250.585,246.94,1139,247.14,64231,249.030371
2023-09-07 17:00:00+00:00,251.91,252.15,249.6,1127,249.98,83556,250.923448
2023-09-07 18:00:00+00:00,251.74,252.77,250.31,1167,252.09,69109,251.824315
2023-09-07 19:00:00+00:00,251.48,252.29,250.98,1347,251.85,74576,251.607514
2023-09-08 13:00:00+00:00,253.83,256.49,250.44,1422,251.415,121952,254.796399
2023-09-08 14:00:00+00:00,251.685,255.45,251.67,1307,253.915,105913,254.037573
2023-09-08 15:00:00+00:00,253.07,254.32,251.44,916,251.6,98590,252.641702
2023-09-08 16:00:00+00:00,249.94,253.08,249.13,1109,253.07,69770,250.900288
2023-09-08 17:00:00+00:00,248.05,249.925,246.85,1175,249.925,82149,247.806854
2023-09-08 18:00:00+00:00,247.68,248.82,246.89,809,248.145,60198,247.636945
2023-09-08 19:00:00+00:00,248.42,248.76,247.02,1314,247.53,92124,248.183622
2023-09-11 13:00:00+00:00,264.375,265.89,260.67,3728,265.17,260585,263.04193
2023-09-11 14:00:00+00:00,266.06,266.29,262.66,3242,264.345,221512,264.696374
2023-09-11 15:00:00+00:00,271.59,272.49,265.97,2755,265.97,216638,269.84318
2023-09-11 16:00:00+00:00,270.72,272.41,270.38,1500,271.55,103997,271.467122
2023-09-11 17:00:00+00:00,273.0,273.015,270.68,1204,270.68,68079,272.003952
2023-09-11 18:00:00+00:00,274.365,274.59,272.36,1470,273.005,85456,273.610732
2023-09-11 19:00:00+00:00,273.63,274.825,272.58,2454,274.22,187996,273.664307
2023-09-11 20:00:00+00:00,273.77,273.77,273.77,1,273.77,100,273.77
2023-09-12 13:00:00+00:00,277.58,278.11,268.43,3027,270.745,227869,272.399414
2023-09-12 14:00:00+00:00,271.89,278.22,271.685,2577,277.51,142936,275.008199
2023-09-12 15:00:00+00:00,271.15,273.17,269.89,1448,271.92,97621,271.484601
2023-09-12 16:00:00+00:00,269.34,272.16,268.94,927,271.23,64543,270.735555
2023-09-12 17:00:00+00:00,267.515,271.06,267.0,1105,269.21,62327,269.26013
2023-09-12 18:00:00+00:00,267.51,268.12,266.72,906,267.3,51549,267.597572
2023-09-12 19:00:00+00:00,267.41,268.32,266.93,2147,267.26,146884,267.610566
2023-09-13 12:00:00+00:00,269.11,270.16,267.95,488,268.11,27018,269.109434
2023-09-13 13:00:00+00:00,272.82,274.955,268.61,2277,270.29,136650,272.48208
2023-09-13 14:00:00+00:00,272.13,273.0,268.19,2223,272.89,112153,270.535876
2023-09-13 15:00:00+00:00,271.25,273.13,270.345,1355,272.5,77535,272.027408
2023-09-13 16:00:00+00:00,271.95,272.41,270.02,1275,271.27,82473,271.211552
2023-09-13 17:00:00+00:00,272.76,273.66,271.19,892,271.91,53816,272.423364
2023-09-13 18:00:00+00:00,271.19,272.92,270.56,1037,272.84,57279,271.892554
2023-09-13 19:00:00+00:00,271.27,271.44,270.02,2026,271.11,99437,270.9286
2023-09-14 13:00:00+00:00,273.87,274.47,270.48,1557,271.71,88874,272.348663
2023-09-14 14:00:00+00:00,274.67,275.65,271.64,1123,274.08,86218,274.075263
2023-09-14 15:00:00+00:00,274.92,276.08,273.37,921,274.62,61133,274.896308
2023-09-14 16:00:00+00:00,275.13,275.5,274.17,820,274.92,73432,274.875007
2023-09-14 17:00:00+00:00,274.995,275.77,274.44,762,275.0,83109,275.033274
2023-09-14 18:00:00+00:00,276.39,276.48,274.98,731,274.98,47033,275.765505
2023-09-14 19:00:00+00:00,276.0,276.64,275.32,1620,276.4,123914,276.042222
2023-09-15 13:00:00+00:00,272.13,278.805,271.755,1639,277.82,130589,275.266082
2023-09-15 14:00:00+00:00,273.27,275.98,271.98,1692,272.41,113041,274.159699
2023-09-15 15:00:00+00:00,275.2,275.46,273.26,1163,273.26,58889,274.505806
2023-09-15 16:00:00+00:00,276.27,276.53,274.32,975,275.31,51142,275.569184
2023-09-15 17:00:00+00:00,274.39,276.34,274.02,878,276.34,59397,274.751628
2023-09-15 18:00:00+00:00,273.17,274.35,271.135,1013,274.35,73154,272.499884
2023-09-15 19:00:00+00:00,274.44,274.6,272.45,1439,272.91,112537,273.701284
2023-09-18 13:00:00+00:00,266.19,271.31,263.8,2944,271.1,212932,267.510268
2023-09-18 14:00:00+00:00,266.44,268.31,264.51,1496,266.03,98759,265.923462
2023-09-18 15:00:00+00:00,267.23,268.56,265.93,848,266.49,45701,267.225522
2023-09-18 16:00:00+00:00,267.37,267.885,266.33,523,266.86,29240,267.025874
2023-09-18 17:00:00+00:00,267.09,268.23,266.73,606,267.3,25728,267.593315
2023-09-18 18:00:00+00:00,265.42,267.45,264.89,631,267.22,36293,266.106662
2023-09-18 19:00:00+00:00,265.27,266.22,264.72,1308,265.29,81151,265.445671
2023-09-19 13:00:00+00:00,261.99,267.83,261.57,1479,264.2,96027,264.730427
2023-09-19 14:00:00+00:00,263.09,264.91,261.3,1130,261.91,69620,262.925744
2023-09-19 15:00:00+00:00,264.915,265.22,262.99,720,262.99,36107,264.436647
2023-09-19 16:00:00+00:00,265.18,265.4,263.61,677,264.785,32049,264.390697
2023-09-19 17:00:00+00:00,267.18,267.31,265.08,1045,265.09,69523,266.244005
2023-09-19 18:00:00+00:00,265.73,267.45,265.61,902,267.12,63066,266.785968
2023-09-19 19:00:00+00:00,266.48,266.76,265.25,963,265.84,57024,266.257772
2023-09-20 13:00:00+00:00,267.12,268.29,265.52,908,267.05,61049,266.806681
2023-09-20 14:00:00+00:00,266.76,268.6,266.53,1014,267.03,88567,267.667694
2023-09-20 15:00:00+00:00,267.03,267.11,265.465,567,266.67,29332,266.450512
2023-09-20 16:00:00+00:00,268.29,268.29,266.82,528,266.82,30273,267.722132
2023-09-20 17:00:00+00:00,271.14,273.78,268.16,1722,268.5,110193,271.516103
2023-09-20 18:00:00+00:00,270.4,273.49,269.3,1585,271.25,109189,270.805859
2023-09-20 19:00:00+00:00,262.565,270.99,262.49,3026,270.24,197781,265.07218
2023-09-21 13:00:00+00:00,255.75,260.37,254.25,2742,257.75,178612,256.920917
2023-09-21 14:00:00+00:00,257.07,258.33,255.165,2003,255.75,133964,257.039841
2023-09-21 15:00:00+00:00,257.85,258.55,256.675,1218,257.34,79379,257.672058
2023-09-21 16:00:00+00:00,259.48,260.37,257.23,1046,257.76,53300,258.770857
2023-09-21 17:00:00+00:00,258.62,260.74,258.57,860,258.965,46637,259.674708
2023-09-21 18:00:00+00:00,257.0,258.845,256.45,696,258.66,43368,257.473959
2023-09-21 19:00:00+00:00,255.68,257.66,255.32,1670,257.035,147696,256.501048
2023-09-22 13:00:00+00:00,254.72,257.68,252.32,1490,257.43,119912,254.577933
2023-09-22 14:00:00+00:00,255.57,256.015,253.52,1306,254.25,100476,254.84582
2023-09-22 15:00:00+00:00,254.28,256.06,254.16,802,255.645,67659,255.19636
2023-09-22 16:00:00+00:00,253.035,254.66,252.95,711,254.1,50710,254.065313
2023-09-22 17:00:00+00:00,248.54,253.07,248.46,1261,253.05,96641,250.412325
2023-09-22 18:00:00+00:00,245.885,248.57,245.48,1307,248.42,109189,246.87423
2023-09-22 19:00:00+00:00,244.85,248.115,244.49,2128,245.795,170226,245.856285
2023-09-22 20:00:00+00:00,244.99,244.99,244.99,1,244.99,100,244.99
2023-09-25 13:00:00+00:00,243.83,244.62,238.51,1431,243.29,102102,241.810221
2023-09-25 14:00:00+00:00,242.41,244.82,241.515,1561,243.96,105543,243.343679
2023-09-25 15:00:00+00:00,246.06,246.51,242.17,1360,242.24,87152,244.966316
2023-09-25 16:00:00+00:00,245.18,247.05,244.59,657,246.11,47845,246.044087
2023-09-25 17:00:00+00:00,245.925,246.15,244.89,537,245.135,27081,245.614319
2023-09-25 18:00:00+00:00,245.64,246.49,245.005,534,246.36,31873,245.683681
2023-09-25 19:00:00+00:00,247.05,247.08,244.14,1293,245.49,83644,246.2672
2023-09-26 13:00:00+00:00,244.115,246.55,241.735,1398,242.955,115045,243.670555
2023-09-26 14:00:00+00:00,247.65,249.51,244.07,1733,244.07,104951,246.84438
2023-09-26 15:00:00+00:00,246.67,248.62,246.53,979,247.675,67908,247.179966
2023-09-26 16:00:00+00:00,246.11,247.61,245.96,614,246.73,37973,246.891157
2023-09-26 17:00:00+00:00,244.42,246.67,243.62,951,246.21,60189,245.069022
2023-09-26 18:00:00+00:00,244.69,244.83,242.93,799,244.33,51645,243.934099
2023-09-26 19:00:00+00:00,244.24,244.86,243.58,1389,244.46,99842,244.195899
2023-09-27 13:00:00+00:00,243.985,245.25,241.76,1437,244.43,113011,243.736116
2023-09-27 14:00:00+00:00,241.8,244.5,241.5,1615,244.115,108219,243.165091
2023-09-27 15:00:00+00:00,241.34,242.91,240.775,1320,241.82,89586,241.990004
2023-09-27 16:00:00+00:00,236.4,241.415,236.4,1486,241.415,107318,238.677782
2023-09-27 17:00:00+00:00,236.57,237.63,234.69,1382,236.85,115494,236.129132
2023-09-27 18:00:00+00:00,239.79,240.365,235.495,1322,236.44,82137,238.399291
2023-09-27 19:00:00+00:00,240.58,242.27,239.54,1869,239.875,136557,240.990707
2023-09-28 13:00:00+00:00,242.64,243.16,238.75,1231,240.24,82202,241.37697
2023-09-28 14:00:00+00:00,241.61,243.09,238.81,1192,242.54,74574,240.747808
2023-09-28 15:00:00+00:00,247.26,247.36,241.21,1299,241.68,83715,244.467967
2023-09-28 16:00:00+00:00,245.44,247.45,245.08,719,247.36,37559,246.550203
2023-09-28 17:00:00+00:00,246.0,246.43,244.65,745,245.59,45119,245.634497
2023-09-28 18:00:00+00:00,245.1,247.04,244.31,702,245.915,39911,245.798463
2023-09-28 19:00:00+00:00,246.335,246.9,244.63,1745,245.3,85120,246.062962
2023-09-29 13:00:00+00:00,253.25,253.5,248.69,1804,250.03,158932,251.239566
2023-09-29 14:00:00+00:00,252.94,254.655,251.985,1711,253.35,140860,253.554975
2023-09-29 15:00:00+00:00,252.02,253.21,250.75,870,252.93,68510,252.153349
2023-09-29 16:00:00+00:00,250.845,252.63,250.57,610,251.975,42459,251.810283
2023-09-29 17:00:00+00:00,246.84,250.835,246.81,810,250.835,63352,248.590042
2023-09-29 18:00:00+00:00,250.18,250.26,246.46,1015,246.75,77115,248.121573
2023-09-29 19:00:00+00:00,250.22,251.11,249.37,1418,250.295,107837,250.178974
2023-10-02 13:00:00+00:00,246.32,248.73,239.55,3169,243.34,199800,244.916938
2023-10-02 14:00:00+00:00,250.5,251.65,245.92,2087,245.92,154554,249.301728
2023-10-02 15:00:00+00:00,251.49,254.235,250.19,1691,250.23,119408,252.910124
2023-10-02 16:00:00+00:00,250.62,253.18,250.59,865,251.295,61789,252.069518
2023-10-02 17:00:00+00:00,249.33,250.93,248.55,1015,250.58,77776,249.863655
2023-10-02 18:00:00+00:00,248.75,249.83,247.945,909,249.38,80106,248.915672
2023-10-02 19:00:00+00:00,251.61,251.72,248.13,1238,248.61,96631,250.584817
2023-10-02 20:00:00+00:00,251.75,251.75,251.75,1,251.75,100,251.75
2023-10-03 13:00:00+00:00,249.71,250.0,246.54,1037,248.635,79040,248.080625
2023-10-03 14:00:00+00:00,244.75,249.775,244.66,1834,249.775,162356,246.49809
2023-10-03 15:00:00+00:00,248.04,248.4,244.465,969,244.735,71479,246.708165
2023-10-03 16:00:00+00:00,248.31,249.61,247.95,854,248.105,61254,248.900862
2023-10-03 17:00:00+00:00,248.055,249.03,247.2,501,248.32,39194,248.194152
2023-10-03 18:00:00+00:00,246.88,248.2,246.22,739,247.98,55091,246.934612
2023-10-03 19:00:00+00:00,246.63,246.97,245.21,1201,246.84,84930,246.135368
2023-10-04 13:00:00+00:00,252.67,253.24,247.62,1356,248.25,101934,251.437673
2023-10-04 14:00:00+00:00,254.5,255.42,250.5,2007,252.58,155204,253.003216
2023-10-04 15:00:00+00:00,257.36,257.45,253.915,1499,254.48,99775,256.177094
2023-10-04 16:00:00+00:00,257.73,257.97,256.24,944,257.35,68456,257.235471
2023-10-04 17:00:00+00:00,256.63,258.38,256.56,777,257.815,58871,257.429562
2023-10-04 18:00:00+00:00,258.83,258.98,256.435,915,256.59,64699,257.895903
2023-10-04 19:00:00+00:00,261.07,261.83,258.41,2342,258.83,155696,260.731488
2023-10-05 13:00:00+00:00,259.45,263.46,258.28,1695,259.8,181774,261.149341
2023-10-05 14:00:00+00:00,257.06,259.835,256.64,1707,259.43,127389,258.427822
2023-10-05 15:00:00+00:00,258.79,259.05,256.295,1097,257.01,71094,257.688436
2023-10-05 16:00:00+00:00,258.82,260.06,258.01,789,259.0,60908,259.031911
2023-10-05 17:00:00+00:00,260.78,260.78,258.12,691,258.805,47276,259.694361
2023-10-05 18:00:00+00:00,262.06,262.25,260.83,990,260.83,62936,261.653637
2023-10-05 19:00:00+00:00,260.08,262.04,259.865,1362,262.04,88501,260.630222
2023-10-06 12:00:00+00:00,251.99,253.54,251.71,472,253.46,29206,252.418793
2023-10-06 13:00:00+00:00,252.13,255.05,250.68,1510,252.21,120156,252.627534
2023-10-06 14:00:00+00:00,253.74,255.42,251.72,1424,252.03,119190,253.435601
2023-10-06 15:00:00+00:00,257.64,257.82,253.41,1309,254.0,91995,255.618536
2023-10-06 16:00:00+00:00,259.17,259.59,256.905,998,257.655,108767,257.966944
2023-10-06 17:00:00+00:00,259.23,260.2,258.58,1022,259.36,79826,259.725164
2023-10-06 18:00:00+00:00,261.11,261.22,258.87,668,258.89,51506,260.423443
2023-10-06 19:00:00+00:00,260.52,261.61,260.27,1299,260.92,91168,260.918458
2023-10-09 13:00:00+00:00,255.58,256.5,253.62,1192,255.28,88434,254.938566
2023-10-09 14:00:00+00:00,253.36,256.29,252.935,1105,255.97,81519,254.311379
2023-10-09 15:00:00+00:00,253.65,254.03,252.12,703,253.155,55122,253.263098
2023-10-09 16:00:00+00:00,254.89,255.63,253.74,517,253.74,40576,254.858062
2023-10-09 17:00:00+00:00,258.52,258.59,254.92,743,255.04,55075,256.820912
2023-10-09 18:00:00+00:00,260.31,260.63,258.18,1061,258.72,102242,259.302342
2023-10-09 19:00:00+00:00,259.68,261.31,259.31,1208,260.23,86965,260.117756
2023-10-10 13:00:00+00:00,265.425,265.58,257.79,1879,257.91,96083,262.293361
2023-10-10 14:00:00+00:00,267.07,268.185,263.7,1821,265.42,123010,266.399447
2023-10-10 15:00:00+00:00,267.64,268.91,266.71,1053,266.98,78712,267.78589
2023-10-10 16:00:00+00:00,265.33,267.68,265.21,844,267.68,70611,266.39775
2023-10-10 17:00:00+00:00,263.98,265.21,263.02,883,265.21,57802,263.896563
2023-10-10 18:00:00+00:00,264.405,265.58,262.8,782,263.72,59679,264.129094
2023-10-10 19:00:00+00:00,263.67,264.74,263.38,1172,264.435,67489,263.952126
2023-10-11 13:00:00+00:00,264.96,268.495,264.57,1199,266.21,85880,266.662007
2023-10-11 14:00:00+00:00,266.05,266.09,263.11,1181,264.92,78567,264.589178
2023-10-11 15:00:00+00:00,262.77,266.45,262.05,937,266.12,62913,264.397778
2023-10-11 16:00:00+00:00,262.435,262.84,261.06,831,262.84,58677,261.998874
2023-10-11 17:00:00+00:00,261.82,263.15,260.91,589,262.38,41472,261.862345
2023-10-11 18:00:00+00:00,263.52,263.91,261.82,643,261.82,40148,263.108156
2023-10-11 19:00:00+00:00,262.94,263.95,262.26,1059,263.57,79676,263.215579
2023-10-12 13:00:00+00:00,262.835,265.28,261.0,998,262.89,63001,262.859323
2023-10-12 14:00:00+00:00,262.39,265.17,261.71,1289,263.1,88763,263.404005
2023-10-12 15:00:00+00:00,263.98,264.1,261.52,799,262.05,55250,263.112882
2023-10-12 16:00:00+00:00,263.355,265.36,263.29,759,264.07,49514,264.36493
2023-10-12 17:00:00+00:00,258.51,263.44,258.46,1365,263.32,108708,260.465538
2023-10-12 18:00:00+00:00,258.08,259.355,256.64,1212,258.45,76872,258.093783
2023-10-12 19:00:00+00:00,259.005,259.7,258.14,1211,258.31,70495,258.935905
2023-10-13 13:00:00+00:00,257.93,259.59,256.22,1101,259.0,88161,257.672068
2023-10-13 14:00:00+00:00,254.1,257.76,253.5,1568,257.76,106925,255.717551
2023-10-13 15:00:00+00:00,253.1,255.04,252.74,1034,254.1,85727,253.739772
2023-10-13 16:00:00+00:00,253.12,254.28,252.48,742,252.96,47806,253.307297
2023-10-13 17:00:00+00:00,251.685,253.385,250.81,973,253.05,61879,251.913083
2023-10-13 18:00:00+00:00,251.07,251.92,250.41,832,251.71,53542,251.144824
2023-10-13 19:00:00+00:00,251.19,252.39,250.23,1407,251.01,101883,251.195155
2023-10-16 13:00:00+00:00,251.49,254.13,248.48,1334,250.05,84044,251.733004
2023-10-16 14:00:00+00:00,253.23,253.64,251.08,983,251.76,55592,252.590713
2023-10-16 15:00:00+00:00,252.04,253.77,251.47,1110,253.38,78229,252.307206
2023-10-16 16:00:00+00:00,252.5,253.15,251.68,809,251.97,84505,252.883766
2023-10-16 17:00:00+00:00,253.19,253.355,250.92,730,252.79,59664,252.752736
2023-10-16 18:00:00+00:00,254.96,255.39,253.12,868,253.25,52707,254.57182
2023-10-16 19:00:00+00:00,253.79,255.17,253.71,1823,254.94,87454,254.416701
2023-10-17 13:00:00+00:00,248.795,251.35,247.11,1046,250.07,65408,249.239504
2023-10-17 14:00:00+00:00,253.465,253.86,248.52,1061,248.72,74411,251.212331
2023-10-17 15:00:00+00:00,255.0,255.0,252.82,866,253.45,55672,254.029467
2023-10-17 16:00:00+00:00,255.84,257.15,254.855,935,254.96,66631,256.187625
2023-10-17 17:00:00+00:00,254.34,255.91,253.76,601,255.91,36892,254.697799
2023-10-17 18:00:00+00:00,254.98,256.2,254.16,811,254.36,55099,255.142564
2023-10-17 19:00:00+00:00,254.93,255.53,253.93,1075,254.95,68765,254.672204
2023-10-18 13:00:00+00:00,252.6,254.535,251.3,1121,252.79,48401,252.673085
2023-10-18 14:00:00+00:00,247.66,252.69,247.33,2187,252.69,144395,249.496353
2023-10-18 15:00:00+00:00,246.91,248.695,246.63,1759,247.715,123726,247.71997
2023-10-18 16:00:00+00:00,243.11,247.77,243.11,1729,246.925,126054,245.462818
2023-10-18 17:00:00+00:00,244.84,246.19,243.15,1242,243.35,107268,244.781943
2023-10-18 18:00:00+00:00,242.74,245.1,242.58,1278,244.83,116816,244.045032
2023-10-18 19:00:00+00:00,242.55,243.38,242.12,2525,242.67,212863,242.78719
2023-10-18 20:00:00+00:00,243.65,245.52,238.4,917,238.87,39738,243.545578
2023-10-19 13:00:00+00:00,223.945,230.525,222.85,5550,225.93,398250,226.851115
2023-10-19 14:00:00+00:00,221.45,226.01,220.37,4299,223.68,275122,223.1816
2023-10-19 15:00:00+00:00,221.21,222.39,218.68,3496,221.26,230729,220.400038
2023-10-19 16:00:00+00:00,220.77,223.06,219.08,2406,220.96,132787,221.128273
2023-10-19 17:00:00+00:00,220.12,222.33,219.57,2048,221.14,125553,220.737646
2023-10-19 18:00:00+00:00,217.32,220.27,216.81,2209,220.01,131815,218.3587
2023-10-19 19:00:00+00:00,220.14,221.0,217.22,3741,217.43,277799,219.141509
2023-10-19 20:00:00+00:00,218.72,219.35,218.72,3,219.35,300,219.14
2023-10-20 13:00:00+00:00,216.69,217.79,214.17,2300,216.22,239425,215.681278
2023-10-20 14:00:00+00:00,213.75,218.74,213.46,2370,216.81,185961,215.95338
2023-10-20 15:00:00+00:00,212.89,214.2,210.51,3323,213.83,187866,212.165854
2023-10-20 16:00:00+00:00,215.02,215.285,211.37,1604,212.92,80141,213.221453
2023-10-20 17:00:00+00:00,213.745,215.68,213.1,1460,215.19,109690,214.824489
2023-10-20 18:00:00+00:00,212.77,213.84,211.51,1261,213.75,142118,212.349817
2023-10-20 19:00:00+00:00,211.94,213.39,211.72,2327,212.75,162393,212.385757
2023-10-23 13:00:00+00:00,206.34,210.41,202.53,2911,209.84,252722,206.078364
2023-10-23 14:00:00+00:00,213.335,213.51,205.42,2255,206.31,153876,209.137903
2023-10-23 15:00:00+00:00,214.48,216.08,213.275,2010,213.46,141662,214.424968
2023-10-23 16:00:00+00:00,216.73,216.79,213.95,1139,214.47,78090,215.094654
2023-10-23 17:00:00+00:00,214.26,216.72,212.97,1124,216.72,70887,214.642103
2023-10-23 18:00:00+00:00,213.55,215.35,213.04,1016,214.08,57214,213.99804
2023-10-23 19:00:00+00:00,212.02,214.48,211.42,1771,213.71,107388,212.308416
2023-10-24 13:00:00+00:00,220.275,220.4,214.91,3034,216.53,236713,218.507698
2023-10-24 14:00:00+00:00,217.96,221.945,217.58,2933,220.255,166192,220.054448
2023-10-24 15:00:00+00:00,217.345,218.585,215.97,1406,217.72,88970,217.091809
2023-10-24 16:00:00+00:00,215.56,217.53,214.23,1101,217.45,76318,215.451277
2023-10-24 17:00:00+00:00,217.7,218.29,215.6,975,215.64,63888,217.129371
2023-10-24 18:00:00+00:00,216.03,217.95,215.8,706,217.82,42440,216.997599
2023-10-24 19:00:00+00:00,216.51,216.89,215.74,1477,216.0,93871,216.374635
2023-10-25 13:00:00+00:00,217.66,218.43,214.32,4292,215.93,207308,216.091924
2023-10-25 14:00:00+00:00,217.47,219.73,215.78,3426,217.46,175124,217.847091
2023-10-25 15:00:00+00:00,215.68,220.07,215.59,1181,217.35,71757,217.794414
2023-10-25 16:00:00+00:00,216.4,216.97,215.05,1398,215.68,78933,215.952352
2023-10-25 17:00:00+00:00,214.57,216.78,213.0,1466,216.38,112527,214.721178
2023-10-25 18:00:00+00:00,214.28,215.71,213.45,835,214.59,43190,214.614237
2023-10-25 19:00:00+00:00,212.37,214.13,212.2,2035,214.12,127316,212.965563
2023-10-26 13:00:00+00:00,208.305,214.755,207.19,1998,211.35,123867,210.589279
2023-10-26 14:00:00+00:00,211.57,213.0,207.13,2142,208.59,146597,209.905343
2023-10-26 15:00:00+00:00,208.24,211.585,206.65,1398,211.585,84603,208.934621
2023-10-26 16:00:00+00:00,205.49,208.3,204.94,1419,208.05,109442,206.083767
2023-10-26 17:00:00+00:00,207.18,207.36,205.24,976,205.47,74637,206.505655
2023-10-26 18:00:00+00:00,209.12,209.12,206.56,1039,207.16,67394,207.626725
2023-10-26 19:00:00+00:00,205.72,209.54,205.37,1741,209.28,111925,206.674519
2023-10-27 13:00:00+00:00,208.84,212.355,208.76,2052,210.57,245045,210.784454
2023-10-27 14:00:00+00:00,208.14,211.66,206.7,1902,208.77,119809,208.89733
2023-10-27 15:00:00+00:00,210.53,210.55,207.7,1237,208.16,79877,209.427273
2023-10-27 16:00:00+00:00,207.96,210.84,207.7,933,210.59,55352,209.1711
2023-10-27 17:00:00+00:00,207.27,208.28,206.98,938,207.82,63826,207.688839
2023-10-27 18:00:00+00:00,206.49,207.72,205.87,825,207.27,54003,206.855637
2023-10-27 19:00:00+00:00,207.305,207.73,206.02,1723,206.56,112536,206.901902
2023-10-30 13:00:00+00:00,206.815,210.66,206.33,1578,209.43,104578,208.724965
2023-10-30 14:00:00+00:00,199.39,206.875,198.03,3227,206.8,225113,202.000283
2023-10-30 15:00:00+00:00,199.39,200.82,196.86,1869,199.42,127208,198.624139
2023-10-30 16:00:00+00:00,195.93,199.985,194.7,1760,199.36,146204,197.516551
2023-10-30 17:00:00+00:00,198.185,198.25,195.27,1508,196.18,129566,196.862123
2023-10-30 18:00:00+00:00,196.4,198.39,195.56,1156,198.19,90402,196.876541
2023-10-30 19:00:00+00:00,197.36,198.85,196.23,2295,196.48,192816,197.46237
2023-10-31 13:00:00+00:00,198.75,198.98,194.07,2604,195.78,126633,196.534674
2023-10-31 14:00:00+00:00,198.25,201.14,197.37,3457,198.86,173168,198.896183
2023-10-31 15:00:00+00:00,197.89,199.34,196.45,1949,198.295,100625,197.81535
2023-10-31 16:00:00+00:00,199.14,199.35,197.08,1383,198.18,64819,198.193923
2023-10-31 17:00:00+00:00,201.3,201.575,198.43,1229,199.205,53429,199.75842
2023-10-31 18:00:00+00:00,201.51,202.55,201.14,1472,201.66,60728,201.753897
2023-10-31 19:00:00+00:00,200.88,202.78,200.48,2725,201.6,113365,201.331343
2023-11-01 13:00:00+00:00,202.25,204.66,201.75,1455,204.09,62824,203.037041
2023-11-01 14:00:00+00:00,198.74,203.04,197.89,3248,202.93,160402,200.242108
2023-11-01 15:00:00+00:00,200.8,201.04,198.15,1954,198.76,82390,199.728354
2023-11-01 16:00:00+00:00,201.34,201.635,199.78,1162,200.71,41327,200.869428
2023-11-01 17:00:00+00:00,201.545,202.16,199.86,1158,201.54,61902,201.18196
2023-11-01 18:00:00+00:00,203.4,203.62,200.31,3055,202.24,161881,201.980628
2023-11-01 19:00:00+00:00,205.63,205.96,203.245,3076,203.36,170574,204.675031
2023-11-02 13:00:00+00:00,215.74,216.95,211.54,2523,212.97,191441,214.271849
2023-11-02 14:00:00+00:00,216.94,217.15,213.57,2376,215.745,114033,215.602101
2023-11-02 15:00:00+00:00,217.45,217.78,215.7,1936,216.96,98781,216.854571
2023-11-02 16:00:00+00:00,216.78,218.06,216.39,1201,217.485,80366,217.383447
2023-11-02 17:00:00+00:00,217.75,217.75,216.24,928,216.83,43969,217.025323
2023-11-02 18:00:00+00:00,219.14,219.14,217.08,992,217.72,49824,218.135442
2023-11-02 19:00:00+00:00,218.56,219.14,217.23,2343,219.14,159929,218.176495
2023-11-02 20:00:00+00:00,216.63,217.66,216.63,3,217.66,300,217.13
2023-11-03 12:00:00+00:00,222.13,222.61,221.01,301,221.21,14373,221.82069
2023-11-03 13:00:00+00:00,225.085,226.22,220.68,2096,222.13,176996,223.544198
2023-11-03 14:00:00+00:00,221.81,225.39,221.0,2085,225.24,121429,222.912292
2023-11-03 15:00:00+00:00,219.0,221.735,219.0,1397,221.735,73720,220.482608
2023-11-03 16:00:00+00:00,219.77,221.35,218.505,1545,219.05,122186,220.041963
2023-11-03 17:00:00+00:00,219.43,220.23,218.52,1169,219.53,53533,219.333346
2023-11-03 18:00:00+00:00,219.87,220.77,218.91,983,219.45,58803,219.8503
2023-11-03 19:00:00+00:00,219.95,220.15,218.72,2293,219.855,109838,219.437362
2023-11-03 20:00:00+00:00,219.15,219.35,219.15,24,219.35,853,219.18643
2023-11-06 14:00:00+00:00,220.96,226.21,220.12,1998,224.21,92847,223.480509
2023-11-06 15:00:00+00:00,219.73,222.03,219.07,1301,221.015,75245,220.469687
2023-11-06 16:00:00+00:00,219.42,220.94,218.66,767,219.86,33503,219.895121
2023-11-06 17:00:00+00:00,217.41,219.55,216.33,998,219.51,57524,217.729221
2023-11-06 18:00:00+00:00,215.68,217.44,215.01,976,217.44,62081,215.733043
2023-11-06 19:00:00+00:00,217.93,218.52,215.1,878,215.51,43105,217.169309
2023-11-06 20:00:00+00:00,219.33,219.72,217.59,1530,217.97,72137,219.013778
2023-11-07 14:00:00+00:00,217.35,220.91,215.94,1364,220.02,96392,218.465547
2023-11-07 15:00:00+00:00,216.645,217.88,215.76,1253,217.43,82716,216.910726
2023-11-07 16:00:00+00:00,217.8,219.7,216.49,881,216.62,53602,218.421746
2023-11-07 17:00:00+00:00,218.465,218.64,216.99,532,217.795,36447,217.835045
2023-11-07 18:00:00+00:00,220.72,221.14,218.44,801,218.44,39727,219.862059
2023-11-07 19:00:00+00:00,220.98,222.11,220.55,734,220.94,40450,221.314227
2023-11-07 20:00:00+00:00,222.26,223.06,220.69,1323,220.925,80441,222.211395
2023-11-08 14:00:00+00:00,219.91,224.02,219.65,1202,223.09,74055,221.376957
2023-11-08 15:00:00+00:00,219.96,220.195,217.95,1290,219.56,87822,219.101534
2023-11-08 16:00:00+00:00,219.42,221.19,219.25,719,219.57,39031,220.276597
2023-11-08 17:00:00+00:00,218.81,219.54,217.65,676,219.42,40833,218.412303
2023-11-08 18:00:00+00:00,220.495,220.81,218.64,480,218.69,28177,219.916454
2023-11-08 19:00:00+00:00,220.69,221.36,220.31,542,220.69,29781,220.880755
2023-11-08 20:00:00+00:00,222.1,222.94,220.8,1336,220.8,73910,221.997286
2023-11-09 14:00:00+00:00,216.98,220.8,215.935,1784,219.69,107231,217.326628
2023-11-09 15:00:00+00:00,214.065,217.21,213.43,2112,217.02,127879,214.674411
2023-11-09 16:00:00+00:00,212.11,215.27,211.87,1619,213.99,99586,213.577293
2023-11-09 17:00:00+00:00,209.745,212.16,208.99,2040,212.16,140865,210.285242
2023-11-09 18:00:00+00:00,208.58,210.405,207.03,1915,209.75,106597,208.821097
2023-11-09 19:00:00+00:00,207.47,209.52,207.21,1451,208.61,77603,208.124425
2023-11-09 20:00:00+00:00,209.98,210.5,206.82,3404,207.27,188201,209.264642
2023-11-10 13:00:00+00:00,208.82,208.82,208.82,3,208.82,128,208.82
2023-11-10 14:00:00+00:00,212.435,213.525,208.295,1319,210.04,89784,211.172167
2023-11-10 15:00:00+00:00,209.145,212.24,205.73,2058,211.835,144566,208.715106
2023-11-10 16:00:00+00:00,212.31,212.31,208.17,925,209.14,64672,210.425469
2023-11-10 17:00:00+00:00,212.72,213.24,211.785,1003,212.13,59170,212.562047
2023-11-10 18:00:00+00:00,214.65,215.16,211.94,868,212.76,57258,213.611844
2023-11-10 19:00:00+00:00,214.97,215.32,214.08,705,214.58,52264,214.718351
2023-11-10 20:00:00+00:00,214.71,215.0,213.73,1430,214.945,109936,214.489649
2023-11-13 14:00:00+00:00,215.925,217.21,211.7,1223,215.57,77303,214.524444
2023-11-13 15:00:00+00:00,221.03,222.085,215.67,1656,216.01,135084,219.40922
2023-11-13 16:00:00+00:00,224.3,225.34,221.22,1305,221.25,84960,223.416023
2023-11-13 17:00:00+00:00,222.2,224.66,221.78,868,224.25,55864,223.207625
2023-11-13 18:00:00+00:00,223.28,223.86,221.62,735,222.28,40110,222.7255
2023-11-13 19:00:00+00:00,223.59,224.93,223.38,661,223.525,43017,224.260755
2023-11-13 20:00:00+00:00,223.76,224.43,222.895,1465,223.43,110284,223.751654
2023-11-14 13:00:00+00:00,236.25,236.31,232.27,683,232.69,26167,233.87301
2023-11-14 14:00:00+00:00,233.85,236.25,231.51,3799,236.17,278437,233.623199
2023-11-14 15:00:00+00:00,232.81,234.27,230.81,1281,234.02,77538,232.776971
2023-11-14 16:00:00+00:00,233.82,235.91,232.89,991,232.89,63480,234.331987
2023-11-14 17:00:00+00:00,235.53,235.7,233.22,846,233.925,52683,234.473978
2023-11-14 18:00:00+00:00,235.275,236.52,234.96,586,235.51,32968,235.717336
2023-11-14 19:00:00+00:00,236.84,237.02,234.07,729,234.82,45411,236.042232
2023-11-14 20:00:00+00:00,237.42,238.125,236.55,1583,236.825,95844,237.43714
2023-11-15 13:00:00+00:00,239.79,242.69,238.69,677,241.89,29091,240.333204
2023-11-15 14:00:00+00:00,240.425,241.9,236.635,2307,239.81,172882,239.885082
2023-11-15 15:00:00+00:00,246.4,246.63,240.11,1719,240.425,140665,243.293055
2023-11-15 16:00:00+00:00,241.99,246.66,241.84,1116,246.465,69990,244.243515
2023-11-15 17:00:00+00:00,244.25,245.11,241.67,971,241.965,81588,244.077231
2023-11-15 18:00:00+00:00,243.375,244.235,240.5,843,244.23,50466,242.376156
2023-11-15 19:00:00+00:00,243.9,244.38,242.61,763,243.35,43299,243.623397
2023-11-15 20:00:00+00:00,242.9,244.27,242.49,1360,243.85,83815,243.257412
2023-11-16 14:00:00+00:00,239.81,240.74,237.7,1376,239.46,155263,239.16658
2023-11-16 15:00:00+00:00,235.29,240.745,234.35,1866,239.74,174033,237.127199
2023-11-16 16:00:00+00:00,235.23,237.12,234.715,1182,235.39,92205,236.227415
2023-11-16 17:00:00+00:00,236.27,236.615,234.76,804,235.31,60088,235.692135
2023-11-16 18:00:00+00:00,231.83,236.31,231.52,979,236.3,72419,233.729595
2023-11-16 19:00:00+00:00,232.22,233.4,230.97,1158,231.71,83564,232.257921
2023-11-16 20:00:00+00:00,233.41,234.495,231.68,1746,232.255,132238,233.117683
2023-11-17 14:00:00+00:00,230.61,232.09,226.57,1891,232.01,148840,228.628547
2023-11-17 15:00:00+00:00,234.53,234.87,229.29,1837,230.33,117639,231.554684
2023-11-17 16:00:00+00:00,235.21,236.26,233.54,1171,234.54,71929,234.989073
2023-11-17 17:00:00+00:00,236.25,236.39,234.28,574,234.99,38297,235.092172
2023-11-17 18:00:00+00:00,235.865,237.37,235.16,710,236.29,40801,236.490752
2023-11-17 19:00:00+00:00,234.67,236.12,233.48,849,235.87,55267,234.523696
2023-11-17 20:00:00+00:00,234.37,235.31,234.155,1273,234.635,78473,234.567945
2023-11-20 14:00:00+00:00,234.34,236.15,231.22,1237,234.23,86315,233.789543
2023-11-20 15:00:00+00:00,233.39,235.06,231.99,1102,234.285,82248,233.287282
2023-11-20 16:00:00+00:00,234.19,235.17,232.75,688,233.12,52846,234.252809
2023-11-20 17:00:00+00:00,232.99,234.735,232.84,568,234.14,30941,233.779602
2023-11-20 18:00:00+00:00,233.86,234.54,232.85,543,233.09,37129,233.780796
2023-11-20 19:00:00+00:00,235.25,235.49,233.94,583,233.94,42026,235.008796
2023-11-20 20:00:00+00:00,235.73,237.08,235.12,2430,235.205,126354,236.145701
2023-11-21 14:00:00+00:00,241.37,241.89,233.43,1689,235.055,190843,237.709109
2023-11-21 15:00:00+00:00,241.3,243.57,239.295,2006,241.315,155746,241.378471
2023-11-21 16:00:00+00:00,242.57,242.94,240.51,936,241.11,63547,241.807846
2023-11-21 17:00:00+00:00,241.95,242.82,241.07,820,242.595,60291,241.593583
2023-11-21 18:00:00+00:00,240.74,242.06,239.86,620,242.06,36990,240.741175
2023-11-21 19:00:00+00:00,241.44,242.0,240.58,770,240.73,52553,241.408085
2023-11-21 20:00:00+00:00,241.26,242.13,240.865,1205,241.37,84281,241.380271
2023-11-22 13:00:00+00:00,243.35,243.35,243.35,5,243.35,152,243.35
2023-11-22 14:00:00+00:00,236.67,243.85,235.9,1520,242.055,105059,239.536554
2023-11-22 15:00:00+00:00,232.54,236.76,232.335,1344,236.72,88379,234.252256
2023-11-22 16:00:00+00:00,233.1,233.5,231.505,679,232.39,39077,232.651002
2023-11-22 17:00:00+00:00,232.62,233.62,231.73,680,233.035,41391,232.652422
2023-11-22 18:00:00+00:00,233.91,234.53,232.29,662,232.69,40731,233.822866
2023-11-22 19:00:00+00:00,232.885,234.8,231.54,622,234.08,35993,233.204657
2023-11-22 20:00:00+00:00,234.25,234.355,232.385,1303,232.97,68901,233.600641
2023-11-24 13:00:00+00:00,233.66,233.74,233.66,3,233.74,300,233.713333
2023-11-24 14:00:00+00:00,235.95,236.505,232.4,846,233.86,46433,235.011305
2023-11-24 15:00:00+00:00,238.035,238.17,234.81,964,236.315,61214,236.73266
2023-11-24 16:00:00+00:00,237.09,238.72,237.05,859,238.185,61227,238.095155
2023-11-24 17:00:00+00:00,235.51,237.6,235.43,1225,237.05,87234,236.080886
2023-11-27 14:00:00+00:00,234.05,237.46,232.195,1196,236.87,72694,233.962013
2023-11-27 15:00:00+00:00,235.51,236.34,233.03,1280,234.425,84455,234.468213
2023-11-27 16:00:00+00:00,235.41,235.41,233.67,674,235.21,42959,234.30523
2023-11-27 17:00:00+00:00,237.39,237.69,235.14,663,235.445,37437,236.691712
2023-11-27 18:00:00+00:00,237.28,238.325,236.53,645,237.41,51031,237.384222
2023-11-27 19:00:00+00:00,236.26,237.88,235.79,658,237.48,40623,236.913934
2023-11-27 20:00:00+00:00,236.14,237.08,235.87,1107,236.25,68431,236.354725
2023-11-28 14:00:00+00:00,235.43,239.17,234.39,1376,236.83,82695,237.015896
2023-11-28 15:00:00+00:00,237.61,237.62,234.045,1068,235.405,69046,235.886566
2023-11-28 16:00:00+00:00,241.95,242.69,237.31,1652,237.7,161478,240.495797
2023-11-28 17:00:00+00:00,243.34,243.34,241.43,1254,241.86,98704,242.411698
2023-11-28 18:00:00+00:00,245.09,245.39,241.65,1144,243.19,84850,243.487552
2023-11-28 19:00:00+00:00,245.68,246.17,244.87,991,245.38,71871,245.461929
2023-11-28 20:00:00+00:00,246.725,246.935,245.18,1497,245.775,103798,246.219935
2023-11-29 14:00:00+00:00,252.25,252.58,247.78,2222,249.37,192526,250.820789
2023-11-29 15:00:00+00:00,249.23,252.7,247.43,1649,251.96,105022,250.246006
2023-11-29 16:00:00+00:00,248.1,249.42,245.38,1369,249.21,102063,247.240597
2023-11-29 17:00:00+00:00,248.445,249.04,247.59,660,248.15,38060,248.420411
2023-11-29 18:00:00+00:00,246.98,248.74,245.78,567,248.51,34027,247.005346
2023-11-29 19:00:00+00:00,245.46,247.47,244.42,690,247.04,39900,246.025188
2023-11-29 20:00:00+00:00,244.19,245.34,242.79,1397,245.34,100349,243.862465
2023-11-30 14:00:00+00:00,242.41,245.17,239.57,1637,245.17,116273,241.654819
2023-11-30 15:00:00+00:00,241.84,244.45,240.26,1602,241.86,109031,242.122747
2023-11-30 16:00:00+00:00,239.73,242.13,239.16,943,241.97,64634,240.229582
2023-11-30 17:00:00+00:00,241.4,241.48,239.1,814,239.635,50153,240.4281
2023-11-30 18:00:00+00:00,239.11,241.49,238.26,902,241.31,62033,239.719363
2023-11-30 19:00:00+00:00,240.99,241.35,239.15,799,239.33,49917,240.092974
2023-11-30 20:00:00+00:00,239.79,241.67,236.985,2507,241.36,180843,239.582478
2023-12-01 14:00:00+00:00,234.45,235.525,231.98,2044,233.11,142839,233.895349
2023-12-01 15:00:00+00:00,234.98,236.3,232.395,1766,235.01,124755,234.144832
2023-12-01 16:00:00+00:00,237.33,237.9,234.41,1248,235.14,86072,236.414916
2023-12-01 17:00:00+00:00,238.7,240.15,237.36,673,237.36,40170,239.140505
2023-12-01 18:00:00+00:00,237.38,239.62,237.37,464,238.64,26572,238.515845
2023-12-01 19:00:00+00:00,238.71,238.75,236.69,633,237.4,37490,237.574861
2023-12-01 20:00:00+00:00,238.75,239.01,237.65,1329,238.575,76302,238.539394
2023-12-04 14:00:00+00:00,237.77,239.125,234.75,1017,235.57,67482,236.535461
2023-12-04 15:00:00+00:00,233.74,239.3,233.73,1202,238.26,74798,236.079788
2023-12-04 16:00:00+00:00,236.84,237.07,233.35,888,233.685,61003,235.440958
2023-12-04 17:00:00+00:00,237.92,237.96,236.4,493,236.77,29004,237.106928
2023-12-04 18:00:00+00:00,236.98,238.31,236.205,508,237.785,36719,237.150543
2023-12-04 19:00:00+00:00,236.9,237.42,235.95,452,237.03,29143,236.897015
2023-12-04 20:00:00+00:00,235.59,237.1,235.47,887,236.71,64382,236.010985
2023-12-05 14:00:00+00:00,238.125,238.7,233.76,1011,233.79,73919,237.41281
2023-12-05 15:00:00+00:00,245.735,246.64,238.095,2155,238.095,155234,243.149197
2023-12-05 16:00:00+00:00,243.48,246.57,242.84,1204,245.575,78470,244.662197
2023-12-05 17:00:00+00:00,241.275,243.67,240.75,878,243.485,55207,242.619663
2023-12-05 18:00:00+00:00,238.47,241.29,238.28,908,241.29,59348,239.483967
2023-12-05 19:00:00+00:00,239.81,239.9,237.69,797,238.48,47283,238.628395
2023-12-05 20:00:00+00:00,238.84,240.44,238.19,1107,239.67,70093,239.152221
2023-12-06 14:00:00+00:00,244.4,246.01,242.44,1789,243.265,177662,244.563241
2023-12-06 15:00:00+00:00,244.22,245.36,241.435,1283,244.41,86384,243.852797
2023-12-06 16:00:00+00:00,244.64,245.36,243.11,1108,244.42,114450,244.591056
2023-12-06 17:00:00+00:00,244.15,246.49,243.63,636,244.66,42198,245.004501
2023-12-06 18:00:00+00:00,242.44,244.08,241.43,626,243.9,39030,242.725474
2023-12-06 19:00:00+00:00,242.34,243.06,241.61,569,242.44,36600,242.285076
2023-12-06 20:00:00+00:00,239.4,242.46,239.19,1422,242.32,95525,240.197028
2023-12-07 13:00:00+00:00,241.32,241.32,241.32,1,241.32,100,241.32
2023-12-07 14:00:00+00:00,238.025,242.56,236.99,919,241.465,73562,239.013438
2023-12-07 15:00:00+00:00,243.06,243.06,237.48,1387,238.02,101029,240.173956
2023-12-07 16:00:00+00:00,242.49,244.0,241.39,707,242.98,48050,242.658981
2023-12-07 17:00:00+00:00,240.51,242.99,239.645,621,242.82,36365,241.113802
2023-12-07 18:00:00+00:00,241.26,241.33,239.5,459,240.515,30284,240.540507
2023-12-07 19:00:00+00:00,240.87,241.82,240.44,490,241.52,24124,241.126064
2023-12-07 20:00:00+00:00,242.59,242.84,240.73,874,240.89,52358,242.035638
2023-12-08 14:00:00+00:00,242.23,243.585,239.455,891,240.21,57260,241.574275
2023-12-08 15:00:00+00:00,245.17,245.17,242.49,1156,242.49,80563,243.857936
2023-12-08 16:00:00+00:00,241.995,244.975,241.74,643,244.975,37829,243.431637
2023-12-08 17:00:00+00:00,241.53,242.28,240.71,510,242.04,29208,241.328264
2023-12-08 18:00:00+00:00,243.425,243.44,241.44,449,241.67,26366,242.571427
2023-12-08 19:00:00+00:00,243.6,244.68,243.505,620,243.505,42682,244.014836
2023-12-08 20:00:00+00:00,243.77,244.08,243.075,833,243.685,54142,243.69227
2023-12-11 14:00:00+00:00,241.98,243.195,240.74,967,242.98,69436,241.998796
2023-12-11 15:00:00+00:00,241.99,242.48,239.45,1122,242.01,82547,240.739172
2023-12-11 16:00:00+00:00,238.07,241.985,237.49,864,241.985,51318,239.236053
2023-12-11 17:00:00+00:00,239.3,239.52,237.535,616,237.92,38000,238.808097
2023-12-11 18:00:00+00:00,239.1,239.64,238.34,506,239.205,31886,238.926397
2023-12-11 19:00:00+00:00,239.92,240.485,239.1,466,239.16,31671,239.760984
2023-12-11 20:00:00+00:00,239.52,240.615,239.18,1305,239.99,108453,239.846371
2023-12-12 14:00:00+00:00,236.215,238.51,233.98,1261,238.345,68730,235.702487
2023-12-12 15:00:00+00:00,235.26,237.31,234.785,1000,236.415,79240,235.893205
2023-12-12 16:00:00+00:00,235.02,236.11,234.45,730,235.34,49846,235.261932
2023-12-12 17:00:00+00:00,235.05,235.25,233.94,604,234.84,43364,234.675781
2023-12-12 18:00:00+00:00,236.3,236.58,234.435,709,234.95,50535,235.608506
2023-12-12 19:00:00+00:00,236.49,237.07,236.15,593,236.29,38655,236.602605
2023-12-12 20:00:00+00:00,237.04,237.52,236.41,1083,236.49,69110,236.87146
2023-12-13 14:00:00+00:00,232.77,236.85,232.61,722,234.21,48866,234.706566
2023-12-13 15:00:00+00:00,232.66,234.43,232.31,1142,232.81,77983,233.56453
2023-12-13 16:00:00+00:00,229.52,232.915,228.23,1757,232.665,133836,229.983069
2023-12-13 17:00:00+00:00,231.49,231.49,228.88,861,229.525,57684,230.274414
2023-12-13 18:00:00+00:00,231.33,231.81,230.035,658,231.51,46994,231.036373
2023-12-13 19:00:00+00:00,237.25,238.1,231.645,1700,231.67,128127,235.400641
2023-12-13 20:00:00+00:00,239.28,240.265,235.9,2604,237.3,181017,238.203554
2023-12-14 14:00:00+00:00,246.585,247.0,240.855,2032,241.125,181985,245.472071
2023-12-14 15:00:00+00:00,246.625,249.86,245.2,2590,246.61,292940,247.600239
2023-12-14 16:00:00+00:00,249.78,250.97,246.21,1468,246.58,336642,248.748386
2023-12-14 17:00:00+00:00,251.0,253.87,249.31,2107,249.715,259445,251.454288
2023-12-14 18:00:00+00:00,248.39,252.315,247.23,1621,251.0,117523,249.981625
2023-12-14 19:00:00+00:00,251.02,251.18,247.88,1284,248.34,85773,249.891422
2023-12-14 20:00:00+00:00,251.125,252.09,249.945,2290,250.99,141330,250.939677
2023-12-15 14:00:00+00:00,249.5,252.84,248.45,2662,251.35,186619,250.365699
2023-12-15 15:00:00+00:00,252.38,253.3,249.265,1431,249.645,100384,251.902911
2023-12-15 16:00:00+00:00,252.82,252.925,250.165,1421,252.52,108733,251.35201
2023-12-15 17:00:00+00:00,252.08,253.68,251.82,1494,252.815,112558,252.692042
2023-12-15 18:00:00+00:00,251.16,253.03,250.9,1132,252.045,81985,252.252472
2023-12-15 19:00:00+00:00,251.56,251.94,250.6,1034,251.06,61759,251.411412
2023-12-15 20:00:00+00:00,253.35,254.12,251.52,2324,251.575,169270,252.864248
2023-12-18 14:00:00+00:00,256.76,257.47,252.6,1350,253.91,117164,255.289399
2023-12-18 15:00:00+00:00,255.57,258.675,255.57,1460,256.845,103739,257.390057
2023-12-18 16:00:00+00:00,253.845,257.225,253.335,1138,255.56,72837,255.563829
2023-12-18 17:00:00+00:00,254.73,255.14,253.37,581,253.96,36632,254.443928
2023-12-18 18:00:00+00:00,254.34,255.35,253.62,646,254.935,37298,254.500456
2023-12-18 19:00:00+00:00,253.37,254.89,252.25,710,254.22,46766,253.492335
2023-12-18 20:00:00+00:00,252.06,253.35,251.44,1301,253.12,89601,252.332227
2023-12-19 14:00:00+00:00,254.75,255.75,253.065,1091,253.44,80055,254.733295
2023-12-19 15:00:00+00:00,257.615,257.7,253.61,1248,254.655,94869,256.42703
2023-12-19 16:00:00+00:00,256.445,258.3,256.43,1062,257.61,81604,257.641272
2023-12-19 17:00:00+00:00,255.36,256.64,254.84,941,256.32,77419,255.881681
2023-12-19 18:00:00+00:00,255.57,256.93,254.8,704,255.45,40690,256.041521
2023-12-19 19:00:00+00:00,256.67,256.78,255.61,630,255.83,36160,256.150993
2023-12-19 20:00:00+00:00,257.18,257.23,255.87,1233,256.62,80134,256.653126
2023-12-20 14:00:00+00:00,258.95,259.13,254.97,1395,256.47,82245,257.221797
2023-12-20 15:00:00+00:00,257.86,259.82,257.56,1201,258.8,77574,258.600014
2023-12-20 16:00:00+00:00,256.68,257.985,256.42,927,257.85,97268,257.436139
2023-12-20 17:00:00+00:00,256.29,256.935,255.26,775,256.67,53343,256.10445
2023-12-20 18:00:00+00:00,256.72,257.42,255.8,588,256.27,40186,256.743652
2023-12-20 19:00:00+00:00,249.78,256.84,248.95,1260,256.77,88830,253.169658
2023-12-20 20:00:00+00:00,247.21,250.41,247.01,2125,249.405,164543,248.52509
2023-12-21 14:00:00+00:00,249.84,253.81,249.565,1508,251.81,87293,252.036336
2023-12-21 15:00:00+00:00,251.17,251.26,248.58,1238,249.87,76009,250.034623
2023-12-21 16:00:00+00:00,252.54,253.98,251.02,1079,251.12,70783,252.496362
2023-12-21 17:00:00+00:00,250.63,252.44,250.62,797,252.44,47728,251.434055
2023-12-21 18:00:00+00:00,252.82,252.88,250.1,742,250.9,42255,251.358643
2023-12-21 19:00:00+00:00,253.24,253.84,252.61,799,252.79,43240,253.200269
2023-12-21 20:00:00+00:00,254.47,254.745,253.11,2163,253.26,128388,254.260562
2023-12-21 21:00:00+00:00,254.15,254.15,254.15,1,254.15,100,254.15
2023-12-22 13:00:00+00:00,256.85,256.85,256.45,18,256.45,614,256.583333
2023-12-22 14:00:00+00:00,256.23,258.185,255.84,971,256.63,71543,257.101813
2023-12-22 15:00:00+00:00,255.67,257.7,255.18,844,256.4,55954,256.230059
2023-12-22 16:00:00+00:00,255.73,255.995,254.34,647,255.135,40756,255.243092
2023-12-22 17:00:00+00:00,256.03,256.38,255.35,430,255.94,24656,255.949347
2023-12-22 18:00:00+00:00,254.8,255.945,254.8,510,255.895,30344,255.524703
2023-12-22 19:00:00+00:00,253.24,254.915,251.405,787,254.75,50770,252.82709
2023-12-22 20:00:00+00:00,252.57,253.355,252.2,1156,253.355,74371,252.727221
2023-12-22 21:00:00+00:00,252.77,252.77,252.77,3,252.77,296,252.77
2023-12-26 14:00:00+00:00,254.8,255.37,252.97,502,254.49,35076,254.270258
2023-12-26 15:00:00+00:00,256.18,256.97,254.43,765,254.745,59402,256.235197
2023-12-26 16:00:00+00:00,257.15,257.465,255.86,736,256.07,50481,256.743301
2023-12-26 17:00:00+00:00,256.94,257.72,256.51,555,257.02,34558,257.132022
2023-12-26 18:00:00+00:00,257.47,257.94,256.66,405,256.81,25024,257.364071
2023-12-26 19:00:00+00:00,256.67,257.73,256.22,390,257.455,26833,257.156804
2023-12-26 20:00:00+00:00,256.68,257.435,256.25,971,256.59,64199,256.775096
2023-12-27 14:00:00+00:00,262.5,262.775,257.63,907,258.24,48039,260.843851
2023-12-27 15:00:00+00:00,261.93,263.285,261.15,910,262.77,67583,262.271511
2023-12-27 16:00:00+00:00,262.68,262.845,260.755,685,261.91,37653,261.889212
2023-12-27 17:00:00+00:00,261.97,262.92,261.9,395,262.73,20076,262.34685
2023-12-27 18:00:00+00:00,262.71,263.15,261.95,612,262.055,37099,262.657557
2023-12-27 19:00:00+00:00,261.57,262.63,261.06,599,262.63,37950,261.893299
2023-12-27 20:00:00+00:00,261.47,261.64,260.185,1118,261.57,65777,261.07329
2023-12-28 14:00:00+00:00,261.51,265.06,260.905,986,263.52,61370,263.395162
2023-12-28 15:00:00+00:00,261.02,261.7,259.85,1378,261.66,51575,260.939788
2023-12-28 16:00:00+00:00,258.88,261.105,258.36,1113,261.02,49246,259.172802
2023-12-28 17:00:00+00:00,259.11,259.85,258.6,602,258.94,28030,259.158837
2023-12-28 18:00:00+00:00,255.76,259.01,255.59,1348,259.01,85287,257.028837
2023-12-28 19:00:00+00:00,254.16,256.32,253.97,1036,255.86,61717,255.437497
2023-12-28 20:00:00+00:00,253.26,254.4,252.75,1810,254.14,120686,253.665121
2023-12-29 14:00:00+00:00,252.91,255.14,251.59,621,255.09,40303,253.387464
2023-12-29 15:00:00+00:00,249.66,253.64,248.42,1746,252.965,70312,251.136759
2023-12-29 16:00:00+00:00,249.575,249.69,247.49,1191,249.545,71486,248.580509
2023-12-29 17:00:00+00:00,248.155,249.7,247.85,880,249.45,56843,248.617428
2023-12-29 18:00:00+00:00,250.68,251.01,247.95,587,248.04,26408,249.918836
2023-12-29 19:00:00+00:00,250.605,250.985,249.46,803,250.77,35080,250.07857
2023-12-29 20:00:00+00:00,248.46,250.68,248.2,1514,250.59,95614,249.33977
2024-01-02 14:00:00+00:00,248.735,250.86,244.55,1569,250.1,125304,247.265615
2024-01-02 15:00:00+00:00,248.85,251.17,246.9,2206,248.86,110065,249.021539
2024-01-02 16:00:00+00:00,250.33,250.93,248.37,1077,249.02,50614,249.99915
2024-01-02 17:00:00+00:00,247.645,250.56,247.51,770,250.56,35483,248.769355
2024-01-02 18:00:00+00:00,248.0,249.37,247.02,728,247.5,37774,248.293612
2024-01-02 19:00:00+00:00,247.74,248.405,247.39,740,248.155,33080,247.905692
2024-01-02 20:00:00+00:00,248.48,248.66,246.09,1541,247.755,85900,247.630197
2024-01-03 14:00:00+00:00,239.15,245.64,238.89,1607,245.05,247836,241.386114
2024-01-03 15:00:00+00:00,239.47,240.32,236.4,2292,238.99,231771,238.164627
2024-01-03 16:00:00+00:00,240.17,240.18,238.1,1172,239.83,101910,239.211608
2024-01-03 17:00:00+00:00,240.9,241.06,239.27,712,240.19,47140,240.288193
2024-01-03 18:00:00+00:00,240.82,241.24,239.725,597,241.16,41632,240.486941
2024-01-03 19:00:00+00:00,240.01,241.5,238.82,781,240.315,56988,240.371459
2024-01-03 20:00:00+00:00,238.44,240.38,238.03,1495,240.05,94747,238.926448
2024-01-04 14:00:00+00:00,239.67,240.86,237.8,942,239.21,56958,239.487714
2024-01-04 15:00:00+00:00,241.11,242.17,239.32,1181,239.595,77072,241.159818
2024-01-04 16:00:00+00:00,240.6,242.67,240.365,719,241.22,56575,241.82224
2024-01-04 17:00:00+00:00,240.865,241.75,239.98,397,240.53,22535,240.793865
2024-01-04 18:00:00+00:00,240.71,241.605,240.42,351,241.045,20926,241.058534
2024-01-04 19:00:00+00:00,239.64,241.02,238.75,630,240.73,32791,239.683173
2024-01-04 20:00:00+00:00,237.94,240.22,237.83,1541,239.73,79638,238.895254
2024-01-05 14:00:00+00:00,237.87,238.5,235.03,820,236.74,60988,237.225743
2024-01-05 15:00:00+00:00,239.36,239.99,238.0,911,238.0,61039,239.203522
2024-01-05 16:00:00+00:00,238.125,239.7,237.7,581,239.19,35072,238.739875
2024-01-05 17:00:00+00:00,237.7,238.25,236.32,619,238.22,36072,237.171841
2024-01-05 18:00:00+00:00,238.74,239.13,236.83,395,237.65,21632,238.002041
2024-01-05 19:00:00+00:00,237.085,239.31,236.91,742,238.8,52780,237.975545
2024-01-05 20:00:00+00:00,237.48,237.82,236.7,1269,237.055,71816,237.325627
2024-01-08 14:00:00+00:00,238.54,239.19,235.385,923,237.12,70747,236.9407
2024-01-08 15:00:00+00:00,236.62,238.56,236.08,1183,238.54,83026,237.128807
2024-01-08 16:00:00+00:00,238.4,238.78,236.46,562,236.49,33028,238.058184
2024-01-08 17:00:00+00:00,239.49,239.965,238.72,553,238.72,46508,239.425144
2024-01-08 18:00:00+00:00,240.0,240.045,238.75,531,239.475,37852,239.510418
2024-01-08 19:00:00+00:00,240.58,240.83,239.34,607,240.03,41118,239.99072
2024-01-08 20:00:00+00:00,240.42,241.18,240.23,1299,240.55,105851,240.687591
2024-01-09 14:00:00+00:00,235.63,238.9,234.76,1079,238.01,63198,236.39796
2024-01-09 15:00:00+00:00,233.405,235.97,232.11,1794,235.7,110820,233.555875
2024-01-09 16:00:00+00:00,235.12,235.33,233.49,988,233.49,64687,234.438735
2024-01-09 17:00:00+00:00,234.63,235.53,233.935,542,235.085,34586,234.832999
2024-01-09 18:00:00+00:00,234.57,235.39,233.35,652,234.68,37269,234.430296
2024-01-09 19:00:00+00:00,234.05,235.03,233.73,590,234.8,34555,234.35075
2024-01-09 20:00:00+00:00,234.88,235.13,233.8,1178,234.45,72577,234.694864
2024-01-10 13:00:00+00:00,235.49,235.72,235.27,35,235.27,1695,235.497273
2024-01-10 14:00:00+00:00,232.51,235.49,231.35,868,235.4,60247,233.455676
2024-01-10 15:00:00+00:00,234.33,234.52,231.435,938,232.49,87061,232.646013
2024-01-10 16:00:00+00:00,233.3,235.04,232.51,676,234.49,68388,233.490201
2024-01-10 17:00:00+00:00,233.27,233.99,232.2,484,233.16,35309,233.000527
2024-01-10 18:00:00+00:00,234.17,234.37,232.12,573,232.83,39604,233.587251
2024-01-10 19:00:00+00:00,235.18,235.19,234.05,602,234.14,40651,234.703198
2024-01-10 20:00:00+00:00,233.89,235.165,232.795,1188,235.165,71571,233.676091
2024-01-11 14:00:00+00:00,228.02,230.75,227.64,1140,230.44,91404,229.342119
2024-01-11 15:00:00+00:00,227.25,228.585,226.21,1362,228.125,103656,227.091463
2024-01-11 16:00:00+00:00,226.09,227.385,225.73,1071,227.385,83800,226.411932
2024-01-11 17:00:00+00:00,226.62,227.36,225.37,739,226.02,56575,226.28362
2024-01-11 18:00:00+00:00,227.65,227.885,226.34,484,226.56,38911,226.885988
2024-01-11 19:00:00+00:00,228.24,228.465,226.41,624,227.66,43535,227.169963
2024-01-11 20:00:00+00:00,227.23,228.6,226.34,1236,228.34,78324,227.473031
2024-01-11 21:00:00+00:00,226.2,227.05,226.2,3,227.05,300,226.683333
2024-01-12 14:00:00+00:00,224.42,225.31,219.71,1854,220.05,179296,222.468961
2024-01-12 15:00:00+00:00,221.0,224.41,220.51,1466,224.41,124007,222.293679
2024-01-12 16:00:00+00:00,218.18,222.09,217.695,1453,220.9,97027,220.174946
2024-01-12 17:00:00+00:00,219.51,219.555,217.48,827,218.2,60148,218.466483
2024-01-12 18:00:00+00:00,218.56,219.84,217.95,671,219.62,48048,218.96763
2024-01-12 19:00:00+00:00,217.72,218.94,217.18,795,218.73,67908,217.920895
2024-01-12 20:00:00+00:00,218.83,219.31,217.52,1399,217.73,89159,218.613353
2024-01-12 21:00:00+00:00,217.98,218.54,217.98,3,218.54,300,218.31
2024-01-16 14:00:00+00:00,218.71,218.78,212.21,1682,215.17,137322,214.484394
2024-01-16 15:00:00+00:00,221.14,223.41,218.445,1919,218.67,129796,220.980276
2024-01-16 16:00:00+00:00,219.65,221.97,219.31,975,221.375,57129,220.835047
2024-01-16 17:00:00+00:00,219.96,220.18,218.63,819,219.56,53685,219.523939
2024-01-16 18:00:00+00:00,220.21,221.28,219.97,650,220.12,38721,220.520382
2024-01-16 19:00:00+00:00,220.34,220.77,219.42,702,220.54,45560,220.122464
2024-01-16 20:00:00+00:00,219.97,220.67,219.22,1230,220.49,67733,219.772423
2024-01-17 14:00:00+00:00,214.0,215.41,212.38,1739,214.85,149784,214.169899
2024-01-17 15:00:00+00:00,213.92,215.35,212.4,1498,213.87,153077,213.950124
2024-01-17 16:00:00+00:00,213.97,214.61,212.53,819,214.02,71775,213.614768
2024-01-17 17:00:00+00:00,213.88,214.17,213.025,971,214.09,100546,213.759466
2024-01-17 18:00:00+00:00,212.5,214.2,212.01,865,213.98,108173,212.683992
2024-01-17 19:00:00+00:00,214.57,214.88,212.28,712,212.58,72759,213.526513
2024-01-17 20:00:00+00:00,215.54,215.65,214.02,1388,214.69,140607,215.175619
2024-01-17 21:00:00+00:00,215.63,215.63,215.63,1,215.63,100,215.63
2024-01-18 14:00:00+00:00,216.0,217.39,213.73,1491,216.83,145595,215.209482
2024-01-18 15:00:00+00:00,211.55,216.08,211.36,1290,216.055,132979,214.150341
2024-01-18 16:00:00+00:00,211.9,212.65,210.55,1173,211.35,96263,211.515351
2024-01-18 17:00:00+00:00,210.09,211.925,209.405,1021,211.925,73049,210.344709
2024-01-18 18:00:00+00:00,209.72,210.27,208.78,977,210.135,78125,209.387253
2024-01-18 19:00:00+00:00,210.97,211.78,209.68,811,209.72,63275,210.876884
2024-01-18 20:00:00+00:00,211.8,211.97,210.65,1425,211.04,88643,211.52119
2024-01-19 14:00:00+00:00,211.475,213.15,209.16,1217,209.84,97930,211.699322
2024-01-19 15:00:00+00:00,209.275,211.98,208.33,1497,211.79,131471,209.768134
2024-01-19 16:00:00+00:00,208.62,209.87,207.61,1025,209.37,80936,208.807162
2024-01-19 17:00:00+00:00,209.42,210.08,208.38,701,208.66,54224,209.145054
2024-01-19 18:00:00+00:00,210.88,210.98,209.2,841,209.2,53073,210.469316
2024-01-19 19:00:00+00:00,211.99,212.27,210.75,807,211.02,54658,211.552959
2024-01-19 20:00:00+00:00,212.13,212.8,210.75,1194,211.93,82145,211.696103
2024-01-22 13:00:00+00:00,212.63,212.63,212.63,7,212.63,230,212.63
2024-01-22 14:00:00+00:00,216.93,216.93,210.285,2112,212.29,209229,213.644284
2024-01-22 15:00:00+00:00,210.04,217.8,208.91,2631,216.94,231676,214.461323
2024-01-22 16:00:00+00:00,210.2,210.88,208.61,903,209.95,63373,209.729981
2024-01-22 17:00:00+00:00,209.33,210.36,209.0,681,210.03,47967,209.636659
2024-01-22 18:00:00+00:00,208.95,209.265,207.67,1120,209.25,196569,208.226017
2024-01-22 19:00:00+00:00,207.21,209.18,206.27,1598,208.955,223695,207.054175
2024-01-22 20:00:00+00:00,208.8,209.64,206.87,1513,207.21,125994,208.860246
2024-01-23 14:00:00+00:00,212.35,215.585,211.17,1638,211.49,158670,213.717635
2024-01-23 15:00:00+00:00,211.035,213.19,210.02,1311,212.42,105426,211.32247
2024-01-23 16:00:00+00:00,209.95,211.83,209.03,1222,211.15,97868,209.951281
2024-01-23 17:00:00+00:00,209.36,210.07,208.39,830,209.91,61570,209.141718
2024-01-23 18:00:00+00:00,208.56,209.57,207.76,1061,209.27,90697,208.415722
2024-01-23 19:00:00+00:00,208.77,209.28,208.41,922,208.64,58928,208.77139
2024-01-23 20:00:00+00:00,209.13,209.65,208.35,1498,208.74,108439,209.022835
2024-01-24 14:00:00+00:00,209.15,212.67,208.635,1494,211.835,125756,210.635795
2024-01-24 15:00:00+00:00,211.9,212.42,208.88,1727,209.19,112578,210.69097
2024-01-24 16:00:00+00:00,211.39,212.125,210.025,1284,211.94,90044,211.087362
2024-01-24 17:00:00+00:00,210.93,211.78,210.59,880,211.455,44912,211.18001
2024-01-24 18:00:00+00:00,209.33,211.04,208.96,1138,210.96,71118,210.120109
2024-01-24 19:00:00+00:00,208.67,209.785,208.15,1256,209.405,97497,208.827069
2024-01-24 20:00:00+00:00,207.86,209.3,206.78,2558,208.495,162271,207.791542
2024-01-24 21:00:00+00:00,201.56,209.47,195.52,1408,208.7,60429,200.830214
2024-01-25 13:00:00+00:00,189.81,189.81,189.81,1,189.81,430,189.81
2024-01-25 14:00:00+00:00,189.13,192.71,186.5,7086,189.74,727449,189.080108
2024-01-25 15:00:00+00:00,185.06,190.58,185.06,4065,189.45,361451,186.896735
2024-01-25 16:00:00+00:00,184.29,186.55,184.22,2198,185.04,186088,185.575838
2024-01-25 17:00:00+00:00,181.5,184.3,180.07,2775,184.215,188106,181.881238
2024-01-25 18:00:00+00:00,180.765,182.645,180.76,2174,181.63,194318,181.57772
2024-01-25 19:00:00+00:00,182.93,183.0,180.22,3104,180.645,317352,181.379991
2024-01-25 20:00:00+00:00,182.63,183.46,181.84,2917,182.94,236136,182.621812
2024-01-25 21:00:00+00:00,183.45,183.45,182.64,2,182.64,200,183.045
2024-01-26 14:00:00+00:00,185.11,186.465,183.605,1515,185.67,140182,185.132304
2024-01-26 15:00:00+00:00,185.27,185.62,182.565,1404,185.05,127677,184.297327
2024-01-26 16:00:00+00:00,184.685,185.62,183.62,864,185.25,62846,184.410029
2024-01-26 17:00:00+00:00,183.76,184.95,183.47,849,184.605,61020,184.139799
2024-01-26 18:00:00+00:00,182.61,183.69,182.325,655,183.69,50968,182.909628
2024-01-26 19:00:00+00:00,183.37,183.37,182.15,652,182.46,48114,182.737482
2024-01-26 20:00:00+00:00,183.225,183.47,182.4,1732,183.02,135105,183.002907
2024-01-29 13:00:00+00:00,184.95,184.95,184.95,2,184.95,101,184.95
2024-01-29 14:00:00+00:00,184.15,186.85,183.71,1588,185.55,173195,185.438414
2024-01-29 15:00:00+00:00,187.27,188.38,183.81,2006,184.07,222729,186.168117
2024-01-29 16:00:00+00:00,189.35,190.84,187.215,2052,187.43,225036,189.374522
2024-01-29 17:00:00+00:00,188.37,189.41,187.68,986,189.41,88343,188.506311
2024-01-29 18:00:00+00:00,188.55,188.59,187.23,697,188.36,38477,187.8384
2024-01-29 19:00:00+00:00,188.72,189.43,188.305,747,188.57,38204,188.807056
2024-01-29 20:00:00+00:00,190.965,191.41,188.9,1686,188.9,108208,190.415385
2024-01-30 13:00:00+00:00,195.2,195.2,195.2,6,195.2,491,195.2
2024-01-30 14:00:00+00:00,194.33,195.44,192.22,1513,195.21,125403,193.793534
2024-01-30 15:00:00+00:00,194.54,196.35,192.675,1468,194.445,124604,194.383053
2024-01-30 16:00:00+00:00,193.76,194.435,192.68,915,194.435,75989,193.533355
2024-01-30 17:00:00+00:00,191.37,193.915,190.76,1191,193.84,82420,191.910478
2024-01-30 18:00:00+00:00,191.35,192.39,190.63,805,191.43,59149,191.557766
2024-01-30 19:00:00+00:00,192.19,192.23,191.2,846,191.315,56765,191.642736
2024-01-30 20:00:00+00:00,191.59,192.34,191.59,1463,192.27,82713,191.933513
2024-01-30 21:00:00+00:00,186.75,190.91,186.0,9,190.91,900,187.932222
2024-01-31 14:00:00+00:00,189.27,190.07,185.95,1373,186.775,109624,188.924833
2024-01-31 15:00:00+00:00,190.055,190.82,188.53,1446,189.24,139666,189.657338
2024-01-31 16:00:00+00:00,190.22,191.34,189.55,992,190.34,95616,190.18531
2024-01-31 17:00:00+00:00,191.48,191.82,190.01,557,190.09,41587,190.96326
2024-01-31 18:00:00+00:00,191.74,192.21,190.88,850,191.43,62316,191.502093
2024-01-31 19:00:00+00:00,191.77,193.93,189.18,1434,191.87,114771,191.495592
2024-01-31 20:00:00+00:00,187.24,191.77,187.15,1757,191.77,132337,188.416901
2024-02-01 14:00:00+00:00,188.01,189.83,187.67,898,189.25,79206,188.622134
2024-02-01 15:00:00+00:00,184.6,188.41,184.49,1356,187.96,125088,186.824301
2024-02-01 16:00:00+00:00,185.64,186.33,184.3,868,184.72,68768,185.261111
2024-02-01 17:00:00+00:00,187.45,188.02,185.53,835,185.69,60339,186.608132
2024-02-01 18:00:00+00:00,187.58,187.905,186.72,454,187.545,33394,187.451595
2024-02-01 19:00:00+00:00,188.52,188.63,187.16,617,187.67,42624,187.950425
2024-02-01 20:00:00+00:00,188.81,189.01,188.135,1167,188.55,86090,188.599801
2024-02-02 13:00:00+00:00,186.39,186.39,186.39,1,186.39,100,186.39
2024-02-02 14:00:00+00:00,184.3,186.77,183.68,1284,184.955,118546,184.840122
2024-02-02 15:00:00+00:00,182.9,184.42,182.39,2096,184.05,195109,183.373472
2024-02-02 16:00:00+00:00,183.38,183.95,182.45,1459,182.84,168168,183.126936
2024-02-02 17:00:00+00:00,184.08,184.08,182.2,1184,183.39,142248,182.957549
2024-02-02 18:00:00+00:00,186.24,186.36,184.04,1022,184.12,92388,185.201981
2024-02-02 19:00:00+00:00,187.83,188.62,186.36,1447,186.36,125946,187.566873
2024-02-02 20:00:00+00:00,187.83,188.33,187.285,1348,187.86,105533,187.90724
2024-02-05 14:00:00+00:00,182.58,184.64,181.92,1156,184.39,116831,182.91805
2024-02-05 15:00:00+00:00,175.65,182.52,175.02,3706,182.52,292522,178.618486
2024-02-05 16:00:00+00:00,178.78,178.85,175.6,1607,175.74,114054,177.415505
2024-02-05 17:00:00+00:00,181.94,181.97,178.54,1444,178.72,115911,180.206359
2024-02-05 18:00:00+00:00,181.225,182.55,180.8,1149,182.0,88718,181.684024
2024-02-05 19:00:00+00:00,181.07,182.315,180.97,1050,181.255,87296,181.657843
2024-02-05 20:00:00+00:00,181.05,181.3,179.28,1607,181.08,99628,180.519936
2024-02-06 14:00:00+00:00,183.95,185.19,177.23,1436,177.23,194361,183.66766
2024-02-06 15:00:00+00:00,185.04,186.47,182.695,1782,183.58,186028,184.152987
2024-02-06 16:00:00+00:00,181.45,185.15,181.45,1088,184.96,121754,183.374905
2024-02-06 17:00:00+00:00,183.03,183.26,181.24,807,181.535,58537,182.378755
2024-02-06 18:00:00+00:00,183.315,183.54,182.36,951,182.98,81567,182.876109
2024-02-06 19:00:00+00:00,184.99,185.1,182.61,851,183.38,89571,183.621832
2024-02-06 20:00:00+00:00,185.07,185.68,183.95,1534,185.065,145134,184.556583
2024-02-07 13:00:00+00:00,189.89,189.89,189.89,7,189.89,285,189.89
2024-02-07 14:00:00+00:00,184.79,189.18,184.55,1774,188.03,177919,187.302745
2024-02-07 15:00:00+00:00,185.88,187.26,182.77,1861,184.775,179834,185.262495
2024-02-07 16:00:00+00:00,186.97,187.5,185.67,728,185.98,57063,186.886545
2024-02-07 17:00:00+00:00,187.7,187.81,186.39,586,187.01,41633,186.97311
2024-02-07 18:00:00+00:00,189.545,189.77,187.16,1209,187.43,109684,188.907207
2024-02-07 19:00:00+00:00,188.98,189.69,187.78,859,189.565,62182,188.742687
2024-02-07 20:00:00+00:00,187.61,188.96,187.43,1232,188.94,95791,188.18317
2024-02-08 14:00:00+00:00,187.935,188.87,185.59,785,188.785,81564,187.245248
2024-02-08 15:00:00+00:00,189.275,189.465,187.68,901,187.97,91258,188.620513
2024-02-08 16:00:00+00:00,190.84,191.6,189.06,919,189.29,87957,190.586892
2024-02-08 17:00:00+00:00,188.95,191.29,188.95,564,190.805,49795,190.183633
2024-02-08 18:00:00+00:00,189.89,189.93,188.63,509,189.11,35806,189.252545
2024-02-08 19:00:00+00:00,189.35,190.145,188.82,614,189.955,35385,189.543633
2024-02-08 20:00:00+00:00,189.59,190.12,189.16,1114,189.56,75483,189.587994
2024-02-09 14:00:00+00:00,193.555,194.01,189.76,765,190.11,52734,192.489708
2024-02-09 15:00:00+00:00,192.02,193.975,191.44,822,193.6,76537,192.64742
2024-02-09 16:00:00+00:00,191.44,192.41,190.625,665,192.085,50893,191.508529
2024-02-09 17:00:00+00:00,192.695,192.695,191.35,609,191.46,33734,191.821604
2024-02-09 18:00:00+00:00,192.68,193.235,192.55,407,192.59,26447,192.888751
2024-02-09 19:00:00+00:00,192.81,193.25,192.48,440,192.56,26190,192.947639
2024-02-09 20:00:00+00:00,193.53,193.65,192.2,905,192.72,56005,192.954818
2024-02-12 14:00:00+00:00,194.23,194.59,191.55,798,192.14,55565,193.326168
2024-02-12 15:00:00+00:00,190.57,194.67,190.48,979,194.32,87072,192.119696
2024-02-12 16:00:00+00:00,191.11,191.96,190.38,669,190.62,51117,191.187892
2024-02-12 17:00:00+00:00,189.82,191.04,187.73,876,191.04,75190,188.920108
2024-02-12 18:00:00+00:00,188.73,190.11,188.01,603,189.72,37690,189.076432
2024-02-12 19:00:00+00:00,187.72,188.98,187.33,784,188.66,59241,188.027294
2024-02-12 20:00:00+00:00,188.16,188.76,187.72,1356,187.73,92623,188.336675
2024-02-13 14:00:00+00:00,186.35,186.515,182.86,1735,182.86,154350,184.873948
2024-02-13 15:00:00+00:00,183.82,187.245,183.73,1076,186.12,75074,185.311658
2024-02-13 16:00:00+00:00,184.12,185.22,183.8,864,183.935,58009,184.549862
2024-02-13 17:00:00+00:00,183.55,184.19,183.09,969,184.12,86925,183.665582
2024-02-13 18:00:00+00:00,183.68,184.64,183.43,493,183.7,25053,183.916236
2024-02-13 19:00:00+00:00,182.54,183.58,182.3,866,183.54,57719,182.778579
2024-02-13 20:00:00+00:00,184.06,184.1,182.17,1362,182.62,84213,183.195782
2024-02-14 14:00:00+00:00,184.765,186.74,183.48,850,185.1,75967,184.440698
2024-02-14 15:00:00+00:00,184.79,187.04,183.705,830,184.84,63072,185.73794
2024-02-14 16:00:00+00:00,185.9,186.035,183.93,570,184.84,42358,185.06352
2024-02-14 17:00:00+00:00,186.09,186.225,184.97,495,185.725,34554,185.656704
2024-02-14 18:00:00+00:00,186.67,187.45,186.02,534,186.085,36749,186.645789
2024-02-14 19:00:00+00:00,186.845,187.29,185.945,449,186.79,38723,186.763561
2024-02-14 20:00:00+00:00,188.64,188.88,187.0,1163,187.05,103546,188.294714
2024-02-14 21:00:00+00:00,190.4,193.44,189.35,54,189.54,5045,191.530244
2024-02-15 14:00:00+00:00,192.94,193.54,188.99,1112,189.185,100180,192.275466
2024-02-15 15:00:00+00:00,193.08,195.69,192.72,2195,193.015,179706,194.203172
2024-02-15 16:00:00+00:00,194.67,194.75,192.455,662,193.15,42694,193.582788
2024-02-15 17:00:00+00:00,195.9,196.52,194.96,846,194.96,63599,195.80932
2024-02-15 18:00:00+00:00,198.2,198.68,195.65,983,195.88,80768,197.761545
2024-02-15 19:00:00+00:00,198.34,198.63,197.09,726,197.89,65126,198.122287
2024-02-15 20:00:00+00:00,200.49,200.87,197.59,1966,198.3,194095,199.704032
2024-02-16 14:00:00+00:00,198.695,203.15,197.43,1573,202.13,121919,200.494227
2024-02-16 15:00:00+00:00,200.315,201.01,197.76,1259,198.64,89041,199.328814
2024-02-16 16:00:00+00:00,202.29,202.58,199.9,1035,200.13,73740,201.467911
2024-02-16 17:00:00+00:00,200.015,202.83,199.69,908,202.34,57061,200.663266
2024-02-16 18:00:00+00:00,199.66,199.91,198.22,810,199.91,46936,199.274121
2024-02-16 19:00:00+00:00,200.45,201.31,199.12,880,199.68,59725,200.501962
2024-02-16 20:00:00+00:00,199.99,200.76,199.37,1545,200.42,96207,199.941355
2024-02-20 14:00:00+00:00,193.26,198.55,192.48,1393,196.21,126464,195.019108
2024-02-20 15:00:00+00:00,193.1,194.49,191.11,1435,193.21,113764,192.73225
2024-02-20 16:00:00+00:00,191.45,193.59,191.34,847,193.17,59420,192.330748
2024-02-20 17:00:00+00:00,189.71,191.33,189.17,1039,191.33,80731,189.933049
2024-02-20 18:00:00+00:00,191.42,191.52,189.675,514,189.76,40620,190.776829
2024-02-20 19:00:00+00:00,192.08,192.35,190.59,627,191.485,48121,191.522015
2024-02-20 20:00:00+00:00,193.74,193.86,191.83,1082,192.16,80642,193.055081
2024-02-21 14:00:00+00:00,197.025,198.3,193.15,1001,193.15,68279,196.287128
2024-02-21 15:00:00+00:00,194.9,199.425,194.86,1253,197.12,98767,197.018179
2024-02-21 16:00:00+00:00,193.96,195.33,193.66,913,195.0,65956,194.530857
2024-02-21 17:00:00+00:00,193.73,193.86,192.51,662,193.86,47979,193.173573
2024-02-21 18:00:00+00:00,193.795,194.17,191.98,740,193.73,51396,193.078083
2024-02-21 19:00:00+00:00,192.87,194.6,192.33,552,193.75,36005,193.298734
2024-02-21 20:00:00+00:00,194.77,194.81,192.56,1119,192.7,63681,193.950152
2024-02-22 14:00:00+00:00,193.035,194.2,191.41,918,194.12,81256,192.973606
2024-02-22 15:00:00+00:00,193.19,195.34,191.415,1733,193.01,270027,193.140093
2024-02-22 16:00:00+00:00,194.48,195.0,192.78,653,193.23,54099,193.903961
2024-02-22 17:00:00+00:00,196.47,196.47,194.37,706,194.52,42071,195.801593
2024-02-22 18:00:00+00:00,196.895,197.85,196.32,872,196.5,76888,197.016385
2024-02-22 19:00:00+00:00,197.14,197.58,196.55,648,196.965,46831,197.08544
2024-02-22 20:00:00+00:00,197.34,198.3,196.66,1960,196.96,161252,197.541052
2024-02-23 14:00:00+00:00,194.94,197.47,194.53,1009,196.04,79504,195.835515
2024-02-23 15:00:00+00:00,195.13,195.54,193.495,1044,194.865,83452,194.251664
2024-02-23 16:00:00+00:00,194.945,195.225,193.5,562,195.04,33628,194.3477
2024-02-23 17:00:00+00:00,193.66,195.35,193.14,576,195.06,43723,193.925962
2024-02-23 18:00:00+00:00,193.27,194.0,192.75,592,193.77,39868,193.458024
2024-02-23 19:00:00+00:00,193.01,193.125,192.16,671,193.09,46479,192.695831
2024-02-23 20:00:00+00:00,191.97,193.15,191.73,1495,193.1,115326,192.187585
2024-02-26 13:00:00+00:00,192.23,192.23,192.23,3,192.23,200,192.23
2024-02-26 14:00:00+00:00,196.35,197.66,192.035,933,192.15,88109,195.790928
2024-02-26 15:00:00+00:00,198.81,200.19,196.26,1697,196.36,198073,198.37577
2024-02-26 16:00:00+00:00,200.93,201.75,197.93,1249,198.785,89911,200.049016
2024-02-26 17:00:00+00:00,199.89,201.555,199.48,712,200.97,53999,200.384824
2024-02-26 18:00:00+00:00,199.605,200.68,198.87,584,199.99,35484,199.660125
2024-02-26 19:00:00+00:00,199.08,200.0,198.685,658,199.575,48552,199.470339
2024-02-26 20:00:00+00:00,199.39,199.845,198.54,1194,199.04,79781,199.375781
2024-02-27 13:00:00+00:00,204.77,204.77,204.77,13,204.77,1294,204.77
2024-02-27 14:00:00+00:00,202.5,205.5,201.09,1486,203.75,123448,203.861238
2024-02-27 15:00:00+00:00,202.435,203.71,201.99,968,202.395,74102,202.838191
2024-02-27 16:00:00+00:00,201.95,202.665,201.12,836,202.435,74506,201.934608
2024-02-27 17:00:00+00:00,198.95,202.5,198.69,921,201.83,61627,200.354529
2024-02-27 18:00:00+00:00,200.24,200.24,198.27,1121,198.52,77060,199.023118
2024-02-27 19:00:00+00:00,200.55,200.88,199.24,1078,200.24,81325,200.231713
2024-02-27 20:00:00+00:00,199.79,200.64,198.88,1156,200.64,59322,199.703169
2024-02-27 21:00:00+00:00,199.54,199.54,199.54,2,199.54,353,199.54
2024-02-28 14:00:00+00:00,199.78,202.37,198.55,802,200.285,57305,200.525599
2024-02-28 15:00:00+00:00,203.74,203.74,199.43,991,199.62,81633,202.573304
2024-02-28 16:00:00+00:00,204.15,205.125,203.72,830,203.72,76423,204.43456
2024-02-28 17:00:00+00:00,203.48,204.21,202.56,530,203.95,32036,203.268704
2024-02-28 18:00:00+00:00,203.685,203.695,202.46,518,203.32,27701,203.182383
2024-02-28 19:00:00+00:00,202.28,203.73,201.68,555,203.69,39223,202.403685
2024-02-28 20:00:00+00:00,202.09,202.4,201.315,808,202.08,71470,201.848382
2024-02-29 13:00:00+00:00,204.32,204.32,204.32,2,204.32,288,204.32
2024-02-29 14:00:00+00:00,202.41,205.26,202.37,742,204.21,58881,203.718865
2024-02-29 15:00:00+00:00,200.36,203.485,199.98,1053,202.45,80101,201.483324
2024-02-29 16:00:00+00:00,200.03,200.605,198.5,1102,200.25,84788,199.719069
2024-02-29 17:00:00+00:00,200.24,200.405,199.56,399,199.965,21249,200.017529
2024-02-29 18:00:00+00:00,200.77,201.015,200.06,477,200.36,24663,200.572715
2024-02-29 19:00:00+00:00,200.55,201.045,199.86,497,200.67,27654,200.391137
2024-02-29 20:00:00+00:00,201.81,202.185,200.645,1240,200.645,87422,201.49264
2024-03-01 14:00:00+00:00,199.84,201.38,198.5,798,200.53,68471,199.858028
2024-03-01 15:00:00+00:00,199.18,200.71,198.93,770,199.95,48697,199.713137
2024-03-01 16:00:00+00:00,200.72,201.01,199.23,669,199.25,50615,200.682972
2024-03-01 17:00:00+00:00,203.12,203.24,200.65,682,200.65,51952,202.214964
2024-03-01 18:00:00+00:00,203.72,204.43,202.9,763,203.14,59441,203.703082
2024-03-01 19:00:00+00:00,203.1,203.81,202.77,456,203.805,29993,203.236545
2024-03-01 20:00:00+00:00,202.6,203.43,202.51,1064,203.02,75773,202.881207
2024-03-04 14:00:00+00:00,193.43,199.62,192.88,1840,198.73,151965,195.598119
2024-03-04 15:00:00+00:00,191.37,193.44,190.74,2090,193.255,173621,192.2631
2024-03-04 16:00:00+00:00,190.22,191.5,189.28,1296,191.27,97687,190.471759
2024-03-04 17:00:00+00:00,187.755,190.34,186.95,1146,190.1,70474,188.376614
2024-03-04 18:00:00+00:00,187.21,188.35,186.79,1127,187.755,69757,187.65502
2024-03-04 19:00:00+00:00,188.99,189.13,186.76,1361,187.22,93771,187.741458
2024-03-04 20:00:00+00:00,188.21,190.09,188.12,1622,189.125,109786,189.100913
2024-03-05 14:00:00+00:00,182.455,184.445,181.65,1860,183.35,155687,183.085817
2024-03-05 15:00:00+00:00,178.765,184.245,178.355,2722,182.52,214540,179.952333
2024-03-05 16:00:00+00:00,178.945,179.15,177.57,1668,178.865,139223,178.535748
2024-03-05 17:00:00+00:00,181.165,181.715,178.9,1357,178.93,87906,180.237552
2024-03-05 18:00:00+00:00,181.05,181.875,180.12,884,181.03,68426,181.088115
2024-03-05 19:00:00+00:00,179.29,181.65,179.28,1227,181.0,70875,180.432514
2024-03-05 20:00:00+00:00,180.83,181.08,179.33,2602,179.455,164784,180.344102
2024-03-06 14:00:00+00:00,176.31,181.53,175.81,2003,180.03,130731,178.53726
2024-03-06 15:00:00+00:00,176.95,178.14,173.715,2897,176.1,183143,175.72121
2024-03-06 16:00:00+00:00,177.91,178.0,176.075,1224,176.96,71255,177.113257
2024-03-06 17:00:00+00:00,178.64,179.0,177.47,898,177.83,55364,178.293962
2024-03-06 18:00:00+00:00,177.83,180.045,177.62,1245,178.785,68194,178.639246
2024-03-06 19:00:00+00:00,177.77,178.04,176.35,1386,177.59,81038,177.102676
2024-03-06 20:00:00+00:00,176.48,177.99,176.28,2163,177.81,162270,176.915235
2024-03-07 14:00:00+00:00,177.86,179.74,173.75,1563,174.31,148087,177.47937
2024-03-07 15:00:00+00:00,178.39,178.8,175.33,2130,177.65,167408,176.889783
2024-03-07 16:00:00+00:00,177.0,179.1,176.675,933,178.375,82763,177.828826
2024-03-07 17:00:00+00:00,177.31,177.74,176.17,789,176.89,56113,177.010253
2024-03-07 18:00:00+00:00,178.71,179.71,177.32,933,177.32,70971,178.752987
2024-03-07 19:00:00+00:00,179.705,180.0,178.22,922,178.69,75476,179.205482
2024-03-07 20:00:00+00:00,178.58,179.665,178.495,1310,179.62,96870,179.007778
2024-03-08 14:00:00+00:00,180.25,182.71,179.28,1266,181.55,85367,180.708683
2024-03-08 15:00:00+00:00,175.71,180.35,175.71,1589,180.34,103567,177.65769
2024-03-08 16:00:00+00:00,176.39,176.63,174.72,1299,175.65,84378,175.535414
2024-03-08 17:00:00+00:00,175.53,176.8,175.16,852,176.4,38321,176.024724
2024-03-08 18:00:00+00:00,175.43,176.31,174.92,620,175.335,32980,175.637087
2024-03-08 19:00:00+00:00,176.255,176.8,175.24,582,175.41,33930,175.999821
2024-03-08 20:00:00+00:00,175.27,176.44,175.04,1455,176.23,115159,175.552469
2024-03-11 13:00:00+00:00,181.87,182.27,174.91,2089,175.37,182194,179.376349
2024-03-11 14:00:00+00:00,178.51,182.76,178.2,1625,181.745,83070,180.130577
2024-03-11 15:00:00+00:00,178.21,178.95,177.17,775,178.56,45811,178.154081
2024-03-11 16:00:00+00:00,178.76,179.05,177.86,545,178.15,26235,178.532533
2024-03-11 17:00:00+00:00,179.27,179.38,177.94,869,178.87,42398,178.791298
2024-03-11 18:00:00+00:00,178.68,179.515,178.5,917,179.32,43295,179.009974
2024-03-11 19:00:00+00:00,177.86,178.64,176.625,2139,178.64,128096,177.331487
2024-03-12 13:00:00+00:00,173.2,177.92,172.43,1810,177.7,129080,174.260547
2024-03-12 14:00:00+00:00,176.94,177.25,172.67,1994,173.19,130246,174.964403
2024-03-12 15:00:00+00:00,178.2,178.76,176.665,1257,177.0,83223,177.958127
2024-03-12 16:00:00+00:00,177.29,179.015,176.85,804,178.2,40740,178.05603
2024-03-12 17:00:00+00:00,178.45,178.48,176.92,625,177.36,31838,177.857677
2024-03-12 18:00:00+00:00,178.9,179.41,178.15,687,178.47,37581,178.820071
2024-03-12 19:00:00+00:00,177.44,179.07,177.42,1159,178.98,68484,178.166131
2024-03-12 20:00:00+00:00,177.4,177.4,177.4,1,177.4,100,177.4
2024-03-13 13:00:00+00:00,173.55,175.98,172.78,1473,173.05,111381,174.264314
2024-03-13 14:00:00+00:00,170.89,173.64,170.61,2129,173.59,151326,172.243922
2024-03-13 15:00:00+00:00,172.12,173.115,170.67,1013,170.71,66285,172.231531
2024-03-13 16:00:00+00:00,170.94,172.34,170.88,704,172.165,43394,171.618044
2024-03-13 17:00:00+00:00,170.845,172.04,170.71,975,170.995,75115,171.236947
2024-03-13 18:00:00+00:00,170.23,171.185,170.07,840,170.945,63037,170.400085
2024-03-13 19:00:00+00:00,169.5,170.98,169.16,1983,170.38,140370,169.757411
2024-03-14 13:00:00+00:00,165.36,171.07,165.0,2159,167.58,185558,167.924593
2024-03-14 14:00:00+00:00,165.43,167.29,165.12,1678,165.265,128928,166.217773
2024-03-14 15:00:00+00:00,162.795,165.42,162.755,2896,165.33,284944,163.770451
2024-03-14 16:00:00+00:00,162.87,163.72,161.91,1980,162.79,143873,162.867294
2024-03-14 17:00:00+00:00,163.16,163.27,161.69,1739,162.87,123058,162.685516
2024-03-14 18:00:00+00:00,161.03,163.53,160.85,1947,163.15,185393,162.225512
2024-03-14 19:00:00+00:00,162.51,162.67,160.54,2222,160.96,157592,161.529955
2024-03-15 13:00:00+00:00,161.3,165.11,161.28,1484,162.87,130165,163.104994
2024-03-15 14:00:00+00:00,162.72,164.07,161.13,1436,161.39,89356,162.334311
2024-03-15 15:00:00+00:00,162.93,163.74,162.215,1374,162.77,124236,162.813614
2024-03-15 16:00:00+00:00,160.86,162.79,160.84,1918,162.79,155557,161.757992
2024-03-15 17:00:00+00:00,162.88,163.27,160.8,845,160.85,59793,162.204669
2024-03-15 18:00:00+00:00,163.54,163.87,162.4,709,162.86,93185,162.925588
2024-03-15 19:00:00+00:00,163.6,163.74,162.68,1662,163.425,134221,163.239144
2024-03-18 13:00:00+00:00,167.35,170.15,165.91,1314,170.07,140900,167.927368
2024-03-18 14:00:00+00:00,173.01,173.01,166.85,2410,167.41,200608,170.483183
2024-03-18 15:00:00+00:00,173.6,174.62,172.75,2370,172.995,215789,173.534623
2024-03-18 16:00:00+00:00,172.97,173.705,172.5,1067,173.645,84181,173.019226
2024-03-18 17:00:00+00:00,173.285,173.39,171.96,884,173.03,79454,172.478521
2024-03-18 18:00:00+00:00,173.47,174.205,173.11,1141,173.27,82138,173.765447
2024-03-18 19:00:00+00:00,173.79,174.39,173.24,2614,173.425,244149,173.880003
2024-03-19 13:00:00+00:00,168.83,172.745,167.445,1797,172.19,180397,169.806046
2024-03-19 14:00:00+00:00,170.51,171.41,168.36,1949,168.79,155294,170.148995
2024-03-19 15:00:00+00:00,171.5,172.3,170.35,1173,170.5,66987,171.595558
2024-03-19 16:00:00+00:00,171.78,172.39,171.02,1071,171.385,60995,171.711922
2024-03-19 17:00:00+00:00,171.46,172.64,171.22,933,171.94,55389,171.689806
2024-03-19 18:00:00+00:00,171.6,172.2,170.59,854,171.43,58641,171.463556
2024-03-19 19:00:00+00:00,171.345,171.93,171.035,1542,171.58,121028,171.49833
2024-03-20 13:00:00+00:00,172.25,174.31,171.48,879,172.84,61194,172.851476
2024-03-20 14:00:00+00:00,172.91,173.1,170.855,981,171.88,68719,171.878317
2024-03-20 15:00:00+00:00,172.79,173.5,172.61,711,172.9,47280,173.068674
2024-03-20 16:00:00+00:00,172.83,173.01,171.78,455,172.81,27672,172.302313
2024-03-20 17:00:00+00:00,173.17,173.36,172.57,557,172.81,34983,173.051684
2024-03-20 18:00:00+00:00,174.99,175.57,172.52,1403,173.28,111573,174.298197
2024-03-20 19:00:00+00:00,175.56,176.225,174.57,2147,175.1,202056,175.405073
2024-03-21 13:00:00+00:00,174.39,178.15,174.35,1078,176.36,80568,176.128674
2024-03-21 14:00:00+00:00,175.29,175.795,173.8,1627,174.35,123944,174.531709
2024-03-21 15:00:00+00:00,174.13,175.87,173.77,735,175.24,45431,174.733045
2024-03-21 16:00:00+00:00,174.09,174.71,173.8,481,174.2,22951,174.244149
2024-03-21 17:00:00+00:00,172.35,173.95,172.32,959,173.95,53845,173.099253
2024-03-21 18:00:00+00:00,172.95,172.97,171.81,775,172.38,44237,172.251757
2024-03-21 19:00:00+00:00,172.77,173.335,172.73,1517,172.91,92153,173.00838
2024-03-22 13:00:00+00:00,168.14,168.95,166.345,1385,166.97,112563,167.569817
2024-03-22 14:00:00+00:00,169.78,170.015,168.13,1561,168.13,122617,169.456144
2024-03-22 15:00:00+00:00,169.4,170.71,169.04,1037,169.67,55211,169.659297
2024-03-22 16:00:00+00:00,169.66,169.815,168.74,631,169.61,32788,169.284078
2024-03-22 17:00:00+00:00,170.14,170.78,169.625,559,169.655,30886,170.282836
2024-03-22 18:00:00+00:00,170.74,171.17,170.18,565,170.19,36504,170.678049
2024-03-22 19:00:00+00:00,170.8,171.135,170.245,936,170.73,66854,170.758108
2024-03-25 13:00:00+00:00,172.59,175.13,168.74,1397,168.74,129527,173.129538
2024-03-25 14:00:00+00:00,169.985,172.64,169.58,1338,172.64,84087,170.588513
2024-03-25 15:00:00+00:00,171.93,172.05,170.03,679,170.03,42436,171.082485
2024-03-25 16:00:00+00:00,172.79,173.07,171.7,744,171.97,84797,172.374954
2024-03-25 17:00:00+00:00,172.65,172.72,172.2,558,172.71,48651,172.480102
2024-03-25 18:00:00+00:00,172.705,173.715,172.535,884,172.58,85672,173.099355
2024-03-25 19:00:00+00:00,172.64,172.75,171.92,1351,172.64,116082,172.469018
2024-03-26 13:00:00+00:00,182.0,183.28,177.71,3931,178.625,367358,180.459339
2024-03-26 14:00:00+00:00,183.315,184.23,180.95,2058,182.09,180864,182.790005
2024-03-26 15:00:00+00:00,180.99,183.38,180.83,1476,183.33,122121,181.805536
2024-03-26 16:00:00+00:00,179.96,182.01,179.79,951,180.85,64555,180.748589
2024-03-26 17:00:00+00:00,179.09,180.16,178.71,938,180.08,64379,179.315582
2024-03-26 18:00:00+00:00,179.54,179.87,178.91,700,179.21,40890,179.381985
2024-03-26 19:00:00+00:00,177.7,179.47,177.38,1564,179.47,113792,178.342861
2024-03-27 13:00:00+00:00,176.255,181.44,176.235,1102,181.44,116581,178.168615
2024-03-27 14:00:00+00:00,178.58,178.83,176.03,949,176.325,66254,177.493773
2024-03-27 15:00:00+00:00,179.43,179.51,178.17,668,178.49,42775,178.875852
2024-03-27 16:00:00+00:00,180.71,181.89,179.42,1035,179.46,85144,180.815778
2024-03-27 17:00:00+00:00,179.62,180.6,179.43,616,180.55,39668,179.944618
2024-03-27 18:00:00+00:00,180.2,180.79,179.63,691,179.63,70208,180.323116
2024-03-27 19:00:00+00:00,179.88,180.235,179.15,1116,180.13,79482,179.759388
2024-03-28 13:00:00+00:00,176.77,179.54,176.32,1240,177.29,100632,177.477481
2024-03-28 14:00:00+00:00,177.53,177.805,175.73,994,176.89,72845,176.65455
2024-03-28 15:00:00+00:00,176.78,177.66,176.06,679,177.66,42285,176.65377
2024-03-28 16:00:00+00:00,177.6,177.945,176.29,575,176.72,42056,177.30903
2024-03-28 17:00:00+00:00,176.76,177.8,176.75,483,177.6,34278,177.152288
2024-03-28 18:00:00+00:00,176.27,176.97,176.08,769,176.79,53790,176.537769
2024-03-28 19:00:00+00:00,175.72,176.56,175.34,1364,176.295,106450,175.851889
2024-04-01 13:00:00+00:00,175.565,176.72,174.12,1570,176.15,170170,175.458186
2024-04-01 14:00:00+00:00,171.13,175.58,170.24,1897,175.17,173825,171.9225
2024-04-01 15:00:00+00:00,171.2,172.18,170.975,910,171.16,83042,171.545187
2024-04-01 16:00:00+00:00,173.02,173.265,171.13,860,171.16,69730,172.324695
2024-04-01 17:00:00+00:00,172.61,172.755,171.75,638,172.755,55102,172.110621
2024-04-01 18:00:00+00:00,172.97,173.16,172.16,614,172.625,48081,172.878634
2024-04-01 19:00:00+00:00,175.25,175.25,172.845,1872,173.04,166481,174.119906
2024-04-01 20:00:00+00:00,174.93,175.45,174.93,6,175.45,408,175.1675
2024-04-02 13:00:00+00:00,165.84,170.0,162.16,4494,170.0,390527,165.185417
2024-04-02 14:00:00+00:00,164.485,166.83,164.355,2428,165.935,207119,165.495636
2024-04-02 15:00:00+00:00,165.91,166.64,163.905,1770,164.53,172961,164.862832
2024-04-02 16:00:00+00:00,167.48,167.69,165.53,1279,165.84,145724,166.224586
2024-04-02 17:00:00+00:00,166.31,167.6,166.31,896,167.5,78996,166.846516
2024-04-02 18:00:00+00:00,165.39,166.55,165.31,931,166.335,81351,165.896066
2024-04-02 19:00:00+00:00,166.64,167.0,165.38,2018,165.38,196953,166.25587
2024-04-02 20:00:00+00:00,166.75,166.75,166.75,1,166.75,100,166.75
2024-04-03 13:00:00+00:00,164.76,166.46,163.3,1954,164.01,197933,164.556258
2024-04-03 14:00:00+00:00,167.37,167.61,164.825,2069,165.07,146410,166.24308
2024-04-03 15:00:00+00:00,167.37,168.52,167.27,1421,167.29,106410,167.921915
2024-04-03 16:00:00+00:00,167.955,168.76,167.08,1108,167.475,73594,167.856628
2024-04-03 17:00:00+00:00,167.64,168.29,167.36,1216,168.0,168636,167.82744
2024-04-03 18:00:00+00:00,168.21,168.52,167.54,653,167.62,46098,168.14589
2024-04-03 19:00:00+00:00,168.42,168.55,167.14,1766,168.32,124372,167.899438
2024-04-04 13:00:00+00:00,168.99,170.64,168.03,1165,170.21,77320,169.099669
2024-04-04 14:00:00+00:00,170.89,171.35,168.395,1833,168.96,113258,170.117677
2024-04-04 15:00:00+00:00,175.225,175.265,170.82,2461,171.06,181381,172.889778
2024-04-04 16:00:00+00:00,176.825,177.01,174.51,2272,175.25,165691,175.597636
2024-04-04 17:00:00+00:00,175.13,177.115,175.05,1005,176.77,92888,176.073122
2024-04-04 18:00:00+00:00,172.07,175.42,171.955,1502,175.245,98424,173.320802
2024-04-04 19:00:00+00:00,171.18,172.17,170.825,2149,172.115,140943,171.309429
2024-04-05 13:00:00+00:00,169.49,170.11,167.165,1224,169.175,106614,168.643294
2024-04-05 14:00:00+00:00,170.03,170.825,168.81,1421,169.36,90841,169.82576
2024-04-05 15:00:00+00:00,165.03,170.27,160.58,9411,170.04,1028272,164.766686
2024-04-05 16:00:00+00:00,168.94,168.945,165.04,1341,165.06,113611,167.04518
2024-04-05 17:00:00+00:00,165.55,168.82,165.52,1475,168.75,112724,167.457015
2024-04-05 18:00:00+00:00,165.04,165.81,164.05,1343,165.42,89304,164.893919
2024-04-05 19:00:00+00:00,164.86,165.68,164.83,1597,165.08,117853,165.147509
2024-04-05 20:00:00+00:00,170.23,170.23,169.79,20,169.79,854,170.03
2024-04-08 13:00:00+00:00,171.99,173.08,167.8,2455,169.36,280084,170.802938
2024-04-08 14:00:00+00:00,173.37,174.025,170.7,1414,172.08,119273,172.106771
2024-04-08 15:00:00+00:00,172.85,174.45,172.44,1105,173.645,97249,173.495642
2024-04-08 16:00:00+00:00,173.13,173.38,172.21,617,172.945,39358,172.793962
2024-04-08 17:00:00+00:00,173.94,173.98,173.07,645,173.13,42272,173.621332
2024-04-08 18:00:00+00:00,173.63,174.38,173.39,642,173.945,49927,173.890435
2024-04-08 19:00:00+00:00,172.99,173.7,172.57,1438,173.67,105044,173.036499
2024-04-09 13:00:00+00:00,176.02,176.31,172.07,1181,172.98,99084,174.113554
2024-04-09 14:00:00+00:00,176.15,179.175,175.57,2290,176.03,209066,177.488507
2024-04-09 15:00:00+00:00,175.15,176.445,174.4,772,176.115,56139,175.335158
2024-04-09 16:00:00+00:00,174.57,175.76,174.29,704,175.33,41859,175.000318
2024-04-09 17:00:00+00:00,175.85,176.32,174.53,412,174.6,27045,175.306124
2024-04-09 18:00:00+00:00,175.265,176.45,175.255,482,175.72,32088,175.79033
2024-04-09 19:00:00+00:00,176.96,176.96,174.84,1333,175.16,110916,176.021997
2024-04-10 13:00:00+00:00,171.9,174.9,170.735,1588,173.03,128742,172.629947
2024-04-10 14:00:00+00:00,171.565,173.1,171.13,1745,171.73,100129,172.049092
2024-04-10 15:00:00+00:00,171.38,172.46,171.21,931,171.56,43895,171.80184
2024-04-10 16:00:00+00:00,171.89,171.97,170.89,554,171.43,31574,171.381553
2024-04-10 17:00:00+00:00,171.16,172.0,170.475,597,171.93,44936,171.046549
2024-04-10 18:00:00+00:00,170.35,171.3,170.27,628,171.09,48653,170.835677
2024-04-10 19:00:00+00:00,171.78,172.12,170.02,1190,170.22,73694,171.421341
2024-04-11 13:00:00+00:00,170.37,174.03,170.26,1172,172.53,58624,171.903175
2024-04-11 14:00:00+00:00,169.455,170.36,168.57,1829,170.27,90682,169.507368
2024-04-11 15:00:00+00:00,172.06,172.06,169.44,1208,169.44,63511,170.872338
2024-04-11 16:00:00+00:00,172.24,172.75,171.815,1607,172.01,248270,172.308964
2024-04-11 17:00:00+00:00,174.52,174.685,172.04,1642,172.2,163209,173.706307
2024-04-11 18:00:00+00:00,174.09,175.19,174.045,1254,174.49,142585,174.702149
2024-04-11 19:00:00+00:00,174.6,175.87,174.1,1931,174.105,180468,175.134588
2024-04-12 13:00:00+00:00,172.78,173.585,171.75,1727,172.31,134803,172.488305
2024-04-12 14:00:00+00:00,171.7,173.75,171.3,1468,172.79,133308,172.188947
2024-04-12 15:00:00+00:00,172.485,172.86,171.62,708,171.64,59222,172.343777
2024-04-12 16:00:00+00:00,171.18,172.445,170.67,955,172.445,78749,171.383815
2024-04-12 17:00:00+00:00,171.33,171.72,170.375,868,171.18,66375,171.067357
2024-04-12 18:00:00+00:00,170.89,171.78,170.89,649,171.2,44892,171.379951
2024-04-12 19:00:00+00:00,171.06,171.37,170.71,1279,170.87,98500,171.116748
2024-04-12 20:00:00+00:00,172.0,172.0,172.0,1,172.0,4000,172.0
2024-04-15 13:00:00+00:00,165.2,170.59,164.87,1926,170.25,206366,166.985216
2024-04-15 14:00:00+00:00,165.4,166.33,164.65,1781,165.1,160561,165.501019
2024-04-15 15:00:00+00:00,166.05,166.92,164.41,877,165.58,66224,165.910638
2024-04-15 16:00:00+00:00,164.24,166.48,163.99,1032,165.89,102412,164.815023
2024-04-15 17:00:00+00:00,163.4,164.62,162.56,1049,164.125,62667,163.502616
2024-04-15 18:00:00+00:00,162.505,163.37,162.33,1033,163.37,69147,162.800939
2024-04-15 19:00:00+00:00,161.5,162.63,161.38,1961,162.425,163615,162.000516
2024-04-16 13:00:00+00:00,154.925,157.8,153.785,2884,156.67,268807,155.52338
2024-04-16 14:00:00+00:00,157.035,157.47,154.56,2022,154.97,183614,155.537265
2024-04-16 15:00:00+00:00,156.78,158.17,156.52,1273,157.08,74876,157.409467
2024-04-16 16:00:00+00:00,157.54,157.94,156.425,940,156.73,50780,157.072286
2024-04-16 17:00:00+00:00,156.04,157.74,155.52,985,157.67,65794,156.596389
2024-04-16 18:00:00+00:00,156.68,157.755,155.71,712,155.99,47258,156.527792
2024-04-16 19:00:00+00:00,157.07,157.67,156.11,1604,156.7,93678,157.045229
2024-04-17 13:00:00+00:00,154.7,157.67,154.485,1786,157.67,135713,155.86555
2024-04-17 14:00:00+00:00,154.805,155.565,153.81,1389,154.53,95825,154.392801
2024-04-17 15:00:00+00:00,156.28,156.44,154.95,725,155.02,41944,155.778883
2024-04-17 16:00:00+00:00,155.79,156.59,154.79,992,156.19,63040,155.806419
2024-04-17 17:00:00+00:00,157.73,158.0,155.66,991,155.69,67637,156.911195
2024-04-17 18:00:00+00:00,156.99,158.3,156.92,915,157.65,59418,157.494005
2024-04-17 19:00:00+00:00,155.45,157.14,155.3,1286,156.93,101290,156.123548
2024-04-18 12:00:00+00:00,151.78,151.78,151.78,1,151.78,200,151.78
2024-04-18 13:00:00+00:00,150.39,152.1,148.74,2478,151.21,181779,150.488621
2024-04-18 14:00:00+00:00,151.635,152.2,149.25,1683,150.135,122587,150.915408
2024-04-18 15:00:00+00:00,150.05,151.83,150.02,1295,151.66,74934,150.853892
2024-04-18 16:00:00+00:00,149.93,150.54,149.52,1040,150.05,64352,149.989658
2024-04-18 17:00:00+00:00,149.82,150.93,149.49,987,149.97,74150,150.042144
2024-04-18 18:00:00+00:00,150.34,150.775,149.42,1055,149.77,69383,150.102107
2024-04-18 19:00:00+00:00,149.89,151.38,149.85,1501,150.45,98716,150.499857
2024-04-19 13:00:00+00:00,148.59,150.73,148.1,1295,148.89,115659,149.338144
2024-04-19 14:00:00+00:00,150.09,150.5,148.35,1912,148.84,161764,149.63366
2024-04-19 15:00:00+00:00,149.36,150.76,149.27,941,150.055,79787,149.942086
2024-04-19 16:00:00+00:00,148.775,149.67,147.85,1193,149.28,84081,148.645819
2024-04-19 17:00:00+00:00,148.63,149.595,148.48,766,148.77,57666,149.079957
2024-04-19 18:00:00+00:00,147.135,148.65,146.7,1134,148.53,101381,147.692825
2024-04-19 19:00:00+00:00,147.01,147.42,146.24,2134,147.16,203213,146.903627
2024-04-22 12:00:00+00:00,140.5,140.5,140.5,7,140.5,194,140.5
2024-04-22 13:00:00+00:00,143.43,144.38,138.855,2394,140.43,213683,141.453098
2024-04-22 14:00:00+00:00,140.375,144.06,140.155,2017,143.37,153237,141.915841
2024-04-22 15:00:00+00:00,141.605,141.67,139.62,1558,140.35,123051,140.307342
2024-04-22 16:00:00+00:00,141.85,142.8,141.56,1064,141.63,75951,142.123171
2024-04-22 17:00:00+00:00,142.85,143.33,141.77,1175,141.885,78898,142.399155
2024-04-22 18:00:00+00:00,142.05,142.75,141.49,877,142.75,61692,141.923681
2024-04-22 19:00:00+00:00,142.04,142.565,141.68,2581,142.065,176568,142.102136
2024-04-22 20:00:00+00:00,142.02,142.02,141.96,5,141.96,500,141.984
2024-04-23 13:00:00+00:00,145.04,145.05,141.15,1416,143.17,92430,143.186961
2024-04-23 14:00:00+00:00,144.79,146.14,144.26,1654,144.98,92484,145.127047
2024-04-23 15:00:00+00:00,144.72,145.83,143.975,1348,144.645,80559,145.171554
2024-04-23 16:00:00+00:00,145.68,147.21,144.715,1451,144.715,108055,146.146526
2024-04-23 17:00:00+00:00,145.59,146.17,145.02,755,145.79,47297,145.544906
2024-04-23 18:00:00+00:00,145.62,145.865,145.05,1224,145.55,80805,145.376321
2024-04-23 19:00:00+00:00,144.63,145.295,144.475,2419,145.295,166462,144.794303
2024-04-23 20:00:00+00:00,156.11,158.75,148.42,934,155.9,51015,154.488906
2024-04-24 13:00:00+00:00,162.63,164.61,158.33,5423,160.58,594643,161.538745
2024-04-24 14:00:00+00:00,161.835,167.96,161.405,5527,162.63,546522,164.525928
2024-04-24 15:00:00+00:00,160.095,163.015,159.5,2508,161.92,186292,161.432656
2024-04-24 16:00:00+00:00,159.59,160.35,157.61,1921,159.99,173660,158.860901
2024-04-24 17:00:00+00:00,162.0,162.155,159.01,1216,159.79,105231,160.748617
2024-04-24 18:00:00+00:00,160.66,162.08,160.36,1468,162.03,96014,161.135621
2024-04-24 19:00:00+00:00,162.11,162.56,160.32,3298,160.66,330375,162.046917
2024-04-24 20:00:00+00:00,161.05,161.18,160.73,20,161.18,1600,160.944
2024-04-25 12:00:00+00:00,161.38,161.38,161.38,1,161.38,100,161.38
2024-04-25 13:00:00+00:00,162.47,164.83,158.14,1746,158.14,151815,161.788866
2024-04-25 14:00:00+00:00,164.935,166.3,161.27,2205,162.42,201171,164.570968
2024-04-25 15:00:00+00:00,164.72,166.87,164.19,1135,165.13,74473,165.755358
2024-04-25 16:00:00+00:00,164.5,164.86,162.82,936,164.54,71238,163.700439
2024-04-25 17:00:00+00:00,166.14,166.17,163.94,970,164.71,64167,165.20089
2024-04-25 18:00:00+00:00,167.63,167.63,165.75,1226,166.14,110379,166.639478
2024-04-25 19:00:00+00:00,170.29,170.75,167.5,2861,167.57,247371,169.349566
2024-04-26 12:00:00+00:00,168.22,168.22,168.22,2,168.22,234,168.22
2024-04-26 13:00:00+00:00,168.315,171.03,167.415,1521,169.1,117862,168.771894
2024-04-26 14:00:00+00:00,169.79,169.83,167.31,1446,168.3,109901,168.653658
2024-04-26 15:00:00+00:00,171.315,172.05,169.365,1129,169.9,100182,170.722049
2024-04-26 16:00:00+00:00,171.63,172.0,170.22,714,171.345,52967,171.255616
2024-04-26 17:00:00+00:00,169.61,171.92,169.48,871,171.795,49122,170.586349
2024-04-26 18:00:00+00:00,167.15,169.79,166.38,1326,169.65,105829,167.714997
2024-04-26 19:00:00+00:00,168.23,168.67,166.985,1514,167.21,93106,167.905369
2024-04-29 12:00:00+00:00,190.88,191.03,189.29,78,189.73,4626,189.973566
2024-04-29 13:00:00+00:00,186.595,191.73,184.585,5637,191.07,741984,187.421214
2024-04-29 14:00:00+00:00,189.5,190.22,184.92,4610,186.615,526551,187.427618
2024-04-29 15:00:00+00:00,196.12,196.34,188.65,6347,189.55,582715,192.571184
2024-04-29 16:00:00+00:00,196.53,198.86,193.0,4391,196.2,411052,196.825234
2024-04-29 17:00:00+00:00,194.06,197.05,193.36,1814,196.625,125349,194.943211
2024-04-29 18:00:00+00:00,193.24,194.39,192.05,1852,194.02,144477,193.100264
2024-04-29 19:00:00+00:00,194.08,195.16,191.14,2972,193.01,259880,193.159592
2024-04-29 20:00:00+00:00,193.45,194.34,193.45,8,194.13,800,193.8475
2024-04-30 12:00:00+00:00,189.4,189.4,189.38,10,189.38,1584,189.398582
2024-04-30 13:00:00+00:00,189.205,190.83,186.94,2590,186.96,278032,189.378106
2024-04-30 14:00:00+00:00,185.58,189.975,185.185,2181,189.71,192467,186.970941
2024-04-30 15:00:00+00:00,183.6,185.72,183.03,1617,185.57,132477,184.334284
2024-04-30 16:00:00+00:00,185.3,185.55,183.68,711,183.81,51059,184.54443
2024-04-30 17:00:00+00:00,184.88,185.58,184.19,600,185.285,38430,185.029843
2024-04-30 18:00:00+00:00,184.19,185.8,184.085,644,184.92,47996,184.982158
2024-04-30 19:00:00+00:00,183.34,184.83,182.86,1665,184.08,153790,183.728718
2024-05-01 13:00:00+00:00,182.7,183.975,180.48,719,181.97,72603,182.544198
2024-05-01 14:00:00+00:00,180.9,182.795,179.48,864,182.795,70785,180.77852
2024-05-01 15:00:00+00:00,180.025,181.925,179.11,718,180.885,54857,180.176378
2024-05-01 16:00:00+00:00,181.19,182.86,179.73,611,179.93,44922,181.203159
2024-05-01 17:00:00+00:00,181.02,181.125,179.84,427,180.99,32314,180.467547
2024-05-01 18:00:00+00:00,184.885,185.41,180.54,807,181.19,59618,183.348481
2024-05-01 19:00:00+00:00,180.01,185.805,180.01,1711,185.3,131783,182.103172
2024-05-02 13:00:00+00:00,178.36,184.5,178.36,1186,182.99,92781,181.185354
2024-05-02 14:00:00+00:00,179.57,179.72,176.05,1850,178.33,161081,177.769931
2024-05-02 15:00:00+00:00,180.12,180.43,178.5,1080,179.65,97016,179.569136
2024-05-02 16:00:00+00:00,179.79,180.36,178.43,693,180.15,44105,179.431208
2024-05-02 17:00:00+00:00,180.44,180.62,179.655,703,179.82,45875,180.14084
2024-05-02 18:00:00+00:00,181.485,181.75,180.04,817,180.505,48218,180.8791
2024-05-02 19:00:00+00:00,180.12,181.47,179.81,1689,181.47,121740,180.609115
2024-05-03 13:00:00+00:00,183.95,184.27,181.48,1114,182.08,111308,183.131891
2024-05-03 14:00:00+00:00,179.79,184.62,179.64,1071,184.25,85307,181.952794
2024-05-03 15:00:00+00:00,180.29,180.64,178.46,741,179.87,49755,179.542504
2024-05-03 16:00:00+00:00,180.02,180.87,179.57,639,180.34,35617,180.213749
2024-05-03 17:00:00+00:00,180.78,181.45,179.91,746,180.08,40225,180.928685
2024-05-03 18:00:00+00:00,181.02,181.83,180.79,654,180.79,42725,181.393131
2024-05-03 19:00:00+00:00,181.25,181.95,180.77,1162,180.99,93568,181.344599
2024-05-06 13:00:00+00:00,187.39,187.52,183.41,1201,183.995,113590,185.763969
2024-05-06 14:00:00+00:00,183.58,187.37,183.58,1335,187.23,71867,185.045979
2024-05-06 15:00:00+00:00,183.09,183.6,182.45,618,183.49,31491,183.056857
2024-05-06 16:00:00+00:00,184.05,184.15,182.25,567,182.75,34087,183.110526
2024-05-06 17:00:00+00:00,184.97,185.26,183.7,619,184.11,37170,184.423746
2024-05-06 18:00:00+00:00,184.27,185.36,184.13,764,184.965,53516,184.731074
2024-05-06 19:00:00+00:00,184.89,184.89,183.575,1165,184.195,78234,184.427162
2024-05-07 13:00:00+00:00,179.07,183.15,178.8,944,182.76,71521,180.092016
2024-05-07 14:00:00+00:00,179.94,180.23,178.21,979,179.0,69417,179.003055
2024-05-07 15:00:00+00:00,179.44,180.55,178.935,744,179.94,67868,179.668775
2024-05-07 16:00:00+00:00,179.065,180.03,179.03,568,179.63,35284,179.63661
2024-05-07 17:00:00+00:00,178.765,179.545,178.58,386,179.15,20909,179.157222
2024-05-07 18:00:00+00:00,177.93,178.9,177.4,732,178.885,51838,177.946506
2024-05-07 19:00:00+00:00,177.9,178.36,177.66,1007,177.96,48569,178.020687
2024-05-08 12:00:00+00:00,170.56,172.27,170.56,61,171.69,3096,171.293125
2024-05-08 13:00:00+00:00,172.9,173.49,170.15,1393,171.55,166518,171.802896
2024-05-08 14:00:00+00:00,174.955,175.69,172.06,1485,173.09,135957,173.689968
2024-05-08 15:00:00+00:00,174.985,176.03,174.06,806,174.975,67033,174.887649
2024-05-08 16:00:00+00:00,174.655,175.44,173.88,488,174.915,31889,174.515446
2024-05-08 17:00:00+00:00,174.385,175.06,174.07,627,174.7,49719,174.525212
2024-05-08 18:00:00+00:00,174.35,175.01,174.16,500,174.39,30277,174.561071
2024-05-08 19:00:00+00:00,174.69,174.925,174.11,1138,174.33,63575,174.59276
2024-05-08 20:00:00+00:00,174.31,174.31,174.31,1,174.31,100,174.31
2024-05-09 12:00:00+00:00,175.44,175.44,175.44,1,175.44,200,175.44
2024-05-09 13:00:00+00:00,174.12,175.54,173.17,668,174.965,49609,174.10161
2024-05-09 14:00:00+00:00,172.58,175.02,172.5,1274,174.085,85209,174.010518
2024-05-09 15:00:00+00:00,172.735,173.01,172.05,744,172.57,60708,172.661892
2024-05-09 16:00:00+00:00,173.03,173.38,172.44,939,172.67,70372,172.944581
2024-05-09 17:00:00+00:00,172.62,173.41,172.54,601,172.99,34965,172.947778
2024-05-09 18:00:00+00:00,171.91,172.545,171.85,720,172.545,48480,172.236837
2024-05-09 19:00:00+00:00,171.98,172.22,171.4,1085,172.065,77786,171.875166
2024-05-10 13:00:00+00:00,172.145,173.02,170.08,935,173.01,75546,171.385972
2024-05-10 14:00:00+00:00,168.215,172.6,167.9,1542,172.145,137287,169.558142
2024-05-10 15:00:00+00:00,169.055,169.25,167.99,829,168.15,76718,168.677616
2024-05-10 16:00:00+00:00,168.675,169.05,167.75,699,169.04,50211,168.442893
2024-05-10 17:00:00+00:00,168.59,169.035,168.24,579,168.66,43459,168.714574
2024-05-10 18:00:00+00:00,168.76,168.79,167.79,433,168.55,29747,168.419814
2024-05-10 19:00:00+00:00,168.49,169.29,168.45,1167,168.77,74148,168.804072
2024-05-13 13:00:00+00:00,174.89,175.03,169.05,1205,169.98,117472,172.387499
2024-05-13 14:00:00+00:00,172.85,175.14,172.57,1174,175.0,70879,173.930194
2024-05-13 15:00:00+00:00,172.84,173.455,172.05,645,172.92,52186,172.550748
2024-05-13 16:00:00+00:00,171.715,173.05,171.44,583,172.95,36193,171.879824
2024-05-13 17:00:00+00:00,171.46,171.67,170.895,316,171.67,19410,171.238139
2024-05-13 18:00:00+00:00,172.28,172.33,171.18,410,171.48,25919,171.921181
2024-05-13 19:00:00+00:00,171.92,172.38,171.64,881,172.31,53706,171.940699
2024-05-13 20:00:00+00:00,171.77,171.77,171.77,1,171.77,100,171.77
2024-05-14 13:00:00+00:00,176.16,177.79,174.11,1076,174.535,104374,176.498989
2024-05-14 14:00:00+00:00,177.92,177.925,174.5,738,176.12,59265,176.131491
2024-05-14 15:00:00+00:00,177.93,179.465,177.81,1138,177.92,89935,178.590966
2024-05-14 16:00:00+00:00,176.7,177.9,176.28,893,177.7,67862,177.011488
2024-05-14 17:00:00+00:00,176.66,176.74,175.77,430,176.54,25873,176.341663
2024-05-14 18:00:00+00:00,177.11,177.29,176.12,704,176.52,56010,176.780434
2024-05-14 19:00:00+00:00,177.64,178.0,177.01,1022,177.13,72176,177.550351
2024-05-15 12:00:00+00:00,179.0,179.0,178.09,27,178.09,1422,178.5975
2024-05-15 13:00:00+00:00,174.16,180.97,173.29,1128,180.97,96329,174.800344
2024-05-15 14:00:00+00:00,174.11,174.66,173.19,1322,174.165,106230,173.91162
2024-05-15 15:00:00+00:00,174.76,175.41,173.81,864,174.135,52616,174.620957
2024-05-15 16:00:00+00:00,175.2,175.4,174.48,272,174.75,14720,175.032702
2024-05-15 17:00:00+00:00,175.145,175.59,174.95,359,175.28,21630,175.280725
2024-05-15 18:00:00+00:00,174.78,175.21,174.56,416,175.06,22777,174.805017
2024-05-15 19:00:00+00:00,174.07,174.98,173.78,946,174.625,64374,174.373079
2024-05-16 13:00:00+00:00,172.665,174.125,171.5,926,174.06,71288,172.733027
2024-05-16 14:00:00+00:00,174.89,175.01,172.81,720,172.84,44597,174.200213
2024-05-16 15:00:00+00:00,174.75,175.77,173.88,986,175.0,71781,174.923262
2024-05-16 16:00:00+00:00,174.92,175.36,174.41,586,174.74,39481,175.036208
2024-05-16 17:00:00+00:00,174.33,174.95,173.97,518,174.8,37238,174.422616
2024-05-16 18:00:00+00:00,174.525,174.675,174.07,587,174.32,51826,174.352368
2024-05-16 19:00:00+00:00,174.86,175.21,174.53,1220,174.53,72352,174.902295
2024-05-17 13:00:00+00:00,173.28,174.28,172.775,563,173.475,43121,173.287524
2024-05-17 14:00:00+00:00,177.4,178.41,173.38,1973,173.38,189490,176.721236
2024-05-17 15:00:00+00:00,178.99,179.05,176.85,1194,177.43,101206,177.800541
2024-05-17 16:00:00+00:00,178.18,179.62,178.1,641,179.02,45241,178.909782
2024-05-17 17:00:00+00:00,176.55,178.0,176.49,595,178.0,50330,177.251344
2024-05-17 18:00:00+00:00,177.1,177.13,176.01,479,176.43,39406,176.455271
2024-05-17 19:00:00+00:00,177.54,177.65,176.825,1210,177.1,77681,177.283056
2024-05-20 13:00:00+00:00,174.015,177.65,173.96,745,177.57,89000,175.176514
2024-05-20 14:00:00+00:00,174.825,175.8,173.845,853,174.075,89012,174.664725
2024-05-20 15:00:00+00:00,174.08,175.0,173.635,739,174.96,80912,174.104821
2024-05-20 16:00:00+00:00,174.68,174.78,173.62,555,173.995,38123,174.229543
2024-05-20 17:00:00+00:00,174.55,175.225,173.955,558,174.615,37500,174.494712
2024-05-20 18:00:00+00:00,174.55,174.645,173.52,568,174.495,36507,174.193577
2024-05-20 19:00:00+00:00,175.0,175.02,174.485,771,174.575,54227,174.781208
2024-05-21 12:00:00+00:00,173.97,173.97,173.97,8,173.97,502,173.97
2024-05-21 13:00:00+00:00,178.17,179.22,174.82,1105,174.85,112659,178.416674
2024-05-21 14:00:00+00:00,178.55,179.67,177.62,1079,178.08,96658,178.431169
2024-05-21 15:00:00+00:00,180.08,180.12,178.14,894,178.5,77795,179.192082
2024-05-21 16:00:00+00:00,181.0,182.15,180.08,1416,180.08,103967,181.142677
2024-05-21 17:00:00+00:00,183.88,183.88,180.805,1400,181.0,142482,182.357883
2024-05-21 18:00:00+00:00,185.96,186.5,183.78,2579,183.88,288231,185.178682
2024-05-21 19:00:00+00:00,186.63,186.875,184.47,2513,185.89,229367,185.745222
2024-05-22 13:00:00+00:00,181.88,183.48,181.06,848,182.765,82507,182.220129
2024-05-22 14:00:00+00:00,181.22,182.765,180.445,694,181.915,54486,181.579471
2024-05-22 15:00:00+00:00,180.47,181.625,180.315,541,181.36,33260,180.892582
2024-05-22 16:00:00+00:00,179.71,181.03,179.625,578,180.445,43738,180.617451
2024-05-22 17:00:00+00:00,179.295,180.29,178.93,639,179.67,61315,179.53597
2024-05-22 18:00:00+00:00,178.85,179.29,178.22,759,179.26,64291,178.733398
2024-05-22 19:00:00+00:00,180.19,180.19,178.93,842,178.93,60656,179.587738
2024-05-23 12:00:00+00:00,181.88,181.88,181.88,2,181.88,125,181.88
2024-05-23 13:00:00+00:00,176.97,181.52,176.65,820,181.52,65233,178.712403
2024-05-23 14:00:00+00:00,175.56,177.72,175.16,1306,176.965,113273,176.349666
2024-05-23 15:00:00+00:00,176.97,177.15,175.39,608,175.51,43359,176.505215
2024-05-23 16:00:00+00:00,176.74,177.89,176.74,626,177.24,38769,177.379419
2024-05-23 17:00:00+00:00,174.27,177.09,174.12,817,176.69,54533,175.922588
2024-05-23 18:00:00+00:00,173.4,174.41,173.31,1171,174.215,84881,173.755719
2024-05-23 19:00:00+00:00,173.79,174.265,173.37,1670,173.37,125190,173.850575
2024-05-24 13:00:00+00:00,174.985,176.655,173.935,703,174.835,52009,175.569249
2024-05-24 14:00:00+00:00,177.97,178.29,175.96,964,175.96,81035,177.213386
2024-05-24 15:00:00+00:00,178.0,179.47,177.85,848,177.97,89356,178.732143
2024-05-24 16:00:00+00:00,178.73,179.205,177.93,397,178.19,26535,178.582704
2024-05-24 17:00:00+00:00,179.64,179.73,178.555,450,178.73,33684,179.177445
2024-05-24 18:00:00+00:00,179.535,179.89,179.17,474,179.68,31140,179.677766
2024-05-24 19:00:00+00:00,179.25,180.06,178.925,1089,179.41,71745,179.411207
2024-05-28 13:00:00+00:00,174.64,176.32,173.33,1302,176.32,133369,174.330224
2024-05-28 14:00:00+00:00,175.55,176.45,174.01,649,174.68,50327,175.526134
2024-05-28 15:00:00+00:00,176.8,177.23,174.73,468,175.47,27700,175.925874
2024-05-28 16:00:00+00:00,176.3,178.15,176.12,399,176.935,37097,177.625868
2024-05-28 17:00:00+00:00,175.69,176.625,175.305,419,176.465,30713,176.071218
2024-05-28 18:00:00+00:00,175.465,176.085,174.84,476,175.765,40267,175.312758
2024-05-28 19:00:00+00:00,176.74,176.795,175.425,1020,175.425,68763,176.38517
2024-05-29 13:00:00+00:00,175.67,178.04,174.0,627,174.15,57254,175.534636
2024-05-29 14:00:00+00:00,175.52,176.75,174.81,776,175.635,53673,175.762281
2024-05-29 15:00:00+00:00,175.88,175.97,174.82,566,175.46,37791,175.295219
2024-05-29 16:00:00+00:00,177.33,177.54,175.49,650,175.76,44430,176.813053
2024-05-29 17:00:00+00:00,177.135,177.485,176.23,667,177.44,58618,176.968024
2024-05-29 18:00:00+00:00,177.02,177.13,176.325,594,177.0,47652,176.782317
2024-05-29 19:00:00+00:00,176.26,178.0,176.08,1352,177.08,106104,177.010885
2024-05-30 13:00:00+00:00,180.95,181.135,177.34,1124,178.46,115860,179.739012
2024-05-30 14:00:00+00:00,178.1,182.615,177.69,1466,181.11,184801,179.958655
2024-05-30 15:00:00+00:00,176.63,177.97,175.47,1770,177.96,127929,176.148771
2024-05-30 16:00:00+00:00,177.34,177.42,176.43,530,177.23,39477,177.068972
2024-05-30 17:00:00+00:00,179.75,179.905,177.26,847,177.26,65183,178.867418
2024-05-30 18:00:00+00:00,179.775,180.23,178.99,829,179.71,82076,179.640456
2024-05-30 19:00:00+00:00,178.765,179.735,177.54,747,179.72,42997,178.602038
2024-05-31 12:00:00+00:00,180.5,180.5,180.5,8,180.5,670,180.5
2024-05-31 13:00:00+00:00,179.05,180.25,176.97,403,178.44,30101,178.446811
2024-05-31 14:00:00+00:00,176.21,179.98,175.54,1089,179.47,91295,177.024625
2024-05-31 15:00:00+00:00,174.92,176.2,174.89,585,176.2,57428,175.374742
2024-05-31 16:00:00+00:00,175.16,175.31,173.865,531,174.74,39163,174.471641
2024-05-31 17:00:00+00:00,175.945,176.315,175.245,285,175.245,18815,175.846992
2024-05-31 18:00:00+00:00,175.845,176.16,175.46,173,176.045,11430,175.764273
2024-05-31 19:00:00+00:00,178.12,178.24,175.585,790,175.835,53058,177.139763
2024-05-31 20:00:00+00:00,177.75,177.75,177.75,2,177.75,200,177.75
2024-06-03 13:00:00+00:00,180.76,182.575,177.35,1179,178.03,138279,181.220983
2024-06-03 14:00:00+00:00,180.03,181.54,179.08,539,181.28,53748,180.327025
2024-06-03 15:00:00+00:00,178.45,179.89,178.25,159,179.77,9329,179.232408
2024-06-03 16:00:00+00:00,175.88,178.0,175.47,760,178.0,94300,176.240763
2024-06-03 17:00:00+00:00,176.21,176.24,174.505,299,175.86,35506,175.27405
2024-06-03 18:00:00+00:00,176.19,176.765,175.88,215,176.44,14334,176.398751
2024-06-03 19:00:00+00:00,176.24,176.54,175.64,322,176.09,29050,176.156489
2024-06-04 13:00:00+00:00,175.45,177.05,174.46,626,174.73,49004,175.493161
2024-06-04 14:00:00+00:00,175.63,176.57,174.02,1103,175.67,83353,175.186658
2024-06-04 15:00:00+00:00,175.085,176.4,174.84,733,175.68,40042,175.638967
2024-06-04 16:00:00+00:00,175.465,175.97,174.74,331,175.125,22370,175.420887
2024-06-04 17:00:00+00:00,175.35,175.77,175.08,229,175.45,17321,175.443672
2024-06-04 18:00:00+00:00,176.93,177.755,175.26,751,175.32,76882,177.237535
2024-06-04 19:00:00+00:00,174.78,176.97,174.78,1206,176.97,102633,175.403102
2024-06-05 13:00:00+00:00,173.19,175.35,172.195,877,175.35,84965,173.231403
2024-06-05 14:00:00+00:00,174.05,174.81,172.41,570,173.01,39320,173.793992
2024-06-05 15:00:00+00:00,175.74,175.96,174.08,860,174.15,85129,175.299363
2024-06-05 16:00:00+00:00,175.73,175.905,175.13,430,175.745,26110,175.545525
2024-06-05 17:00:00+00:00,175.06,176.13,174.77,460,175.7,30506,175.438647
2024-06-05 18:00:00+00:00,175.23,175.44,174.66,492,174.93,31791,174.973746
2024-06-05 19:00:00+00:00,174.96,175.28,174.525,1209,175.19,92321,174.940159
2024-06-06 13:00:00+00:00,173.7,176.835,172.92,590,174.44,44231,174.872639
2024-06-06 14:00:00+00:00,173.77,174.07,172.76,662,173.82,45721,173.444208
2024-06-06 15:00:00+00:00,175.29,175.405,173.62,579,173.83,39292,174.620129
2024-06-06 16:00:00+00:00,177.49,177.61,175.03,995,175.42,98522,176.711699
2024-06-06 17:00:00+00:00,179.35,179.63,177.11,1205,177.38,116661,178.304854
2024-06-06 18:00:00+00:00,178.36,179.54,177.69,741,179.19,53071,178.588174
2024-06-06 19:00:00+00:00,177.99,179.08,177.82,1486,178.445,107749,178.376655
2024-06-07 13:00:00+00:00,177.78,179.065,176.26,445,176.26,29757,177.90583
2024-06-07 14:00:00+00:00,178.415,179.32,177.14,621,177.545,42047,178.276765
2024-06-07 15:00:00+00:00,178.66,178.805,177.6,503,178.36,35026,178.144491
2024-06-07 16:00:00+00:00,177.62,178.765,177.16,577,178.615,43789,178.127837
2024-06-07 17:00:00+00:00,177.235,177.9,177.15,344,177.585,24013,177.520669
2024-06-07 18:00:00+00:00,176.73,177.0,175.585,739,176.98,87699,176.077264
2024-06-07 19:00:00+00:00,177.47,177.715,176.39,735,176.575,44516,177.240185
2024-06-10 13:00:00+00:00,176.88,178.515,175.68,1051,176.02,100487,176.99437
2024-06-10 14:00:00+00:00,175.705,176.935,175.7,694,176.84,50643,176.283997
2024-06-10 15:00:00+00:00,175.705,176.66,175.31,571,175.71,57813,175.825298
2024-06-10 16:00:00+00:00,174.805,176.0,174.75,376,176.0,34607,175.497181
2024-06-10 17:00:00+00:00,174.24,175.06,174.2,506,174.725,56833,174.578524
2024-06-10 18:00:00+00:00,174.13,174.25,173.18,453,174.15,37719,173.793997
2024-06-10 19:00:00+00:00,173.89,174.95,173.52,689,174.15,54774,174.244266
2024-06-11 13:00:00+00:00,167.8,174.47,167.73,825,173.88,85595,170.131917
2024-06-11 14:00:00+00:00,169.29,170.0,167.75,1267,167.915,96733,169.277169
2024-06-11 15:00:00+00:00,168.83,169.9,168.28,788,169.265,60622,168.858714
2024-06-11 16:00:00+00:00,167.71,168.85,167.46,644,168.66,56718,167.925267
2024-06-11 17:00:00+00:00,169.5,169.57,167.69,440,167.69,29967,168.720296
2024-06-11 18:00:00+00:00,169.245,170.15,169.09,412,169.38,30557,169.644515
2024-06-11 19:00:00+00:00,170.58,170.72,169.27,1323,169.33,99593,170.007295
2024-06-12 13:00:00+00:00,174.055,174.19,169.94,1426,171.185,153570,172.421008
2024-06-12 14:00:00+00:00,176.28,177.35,173.18,1996,173.92,229442,175.634816
2024-06-12 15:00:00+00:00,179.565,179.66,176.06,1624,176.28,155497,177.785965
2024-06-12 16:00:00+00:00,179.405,180.19,178.55,1308,179.54,121126,179.212651
2024-06-12 17:00:00+00:00,178.99,179.78,177.975,1239,179.505,109657,178.996367
2024-06-12 18:00:00+00:00,179.355,180.51,177.76,1646,178.37,145541,179.417851
2024-06-12 19:00:00+00:00,177.31,180.2,176.96,1941,179.32,158165,178.330547
2024-06-13 12:00:00+00:00,190.73,190.73,190.25,9,190.35,810,190.38
2024-06-13 13:00:00+00:00,189.51,189.84,185.875,2387,188.275,378785,187.716743
2024-06-13 14:00:00+00:00,182.6,191.01,181.95,2694,189.475,281428,185.96395
2024-06-13 15:00:00+00:00,184.78,184.91,182.62,656,182.665,54702,183.813533
2024-06-13 16:00:00+00:00,183.655,185.535,182.82,631,184.75,41866,184.305299
2024-06-13 17:00:00+00:00,184.275,184.49,183.37,452,183.685,35846,184.006818
2024-06-13 18:00:00+00:00,183.79,184.85,183.73,568,184.37,82580,184.302965
2024-06-13 19:00:00+00:00,182.4,184.225,181.325,1337,183.75,114233,182.425744
2024-06-13 20:00:00+00:00,183.51,186.15,183.1,31,183.12,2539,184.532917
2024-06-14 13:00:00+00:00,182.685,185.97,181.9,1314,185.8,114578,183.594924
2024-06-14 14:00:00+00:00,178.8,182.46,178.28,1510,182.46,117917,179.526152
2024-06-14 15:00:00+00:00,177.93,179.64,176.93,1165,178.9,80240,178.384987
2024-06-14 16:00:00+00:00,179.59,179.66,177.785,974,177.85,81252,178.719361
2024-06-14 17:00:00+00:00,178.3,179.665,178.25,558,179.665,35738,179.144082
2024-06-14 18:00:00+00:00,177.97,178.45,177.57,808,178.25,52453,178.018175
2024-06-14 19:00:00+00:00,178.01,178.71,177.805,1380,178.065,98483,178.211055
2024-06-17 13:00:00+00:00,180.92,181.595,177.305,827,177.37,101086,180.129559
2024-06-17 14:00:00+00:00,185.83,185.85,180.64,2427,180.92,238577,183.509279
2024-06-17 15:00:00+00:00,185.83,186.58,184.495,1789,185.84,162130,185.8306
2024-06-17 16:00:00+00:00,184.92,187.095,184.61,898,185.865,84132,186.324523
2024-06-17 17:00:00+00:00,188.58,188.7,184.965,1418,185.2,111842,187.172116
2024-06-17 18:00:00+00:00,187.6,188.81,186.26,1054,188.58,76933,187.73396
2024-06-17 19:00:00+00:00,187.43,188.73,186.72,2186,187.61,217509,188.049039
2024-06-18 13:00:00+00:00,184.51,186.95,183.27,1124,186.505,109908,184.740433
2024-06-18 14:00:00+00:00,183.03,184.55,182.4,1598,184.55,183004,183.554432
2024-06-18 15:00:00+00:00,183.82,184.09,182.82,1309,183.11,120241,183.468212
2024-06-18 16:00:00+00:00,184.2,184.88,183.675,1064,183.77,100452,184.142954
2024-06-18 17:00:00+00:00,184.645,185.34,184.2,991,184.2,81129,184.764436
2024-06-18 18:00:00+00:00,184.87,185.09,183.86,1287,184.665,97137,184.753102
2024-06-18 19:00:00+00:00,184.885,185.085,184.2,1884,184.835,130148,184.739386
2024-06-20 13:00:00+00:00,182.16,185.15,180.81,865,184.7,71333,182.419912
2024-06-20 14:00:00+00:00,183.955,183.96,181.22,964,182.08,81371,182.284747
2024-06-20 15:00:00+00:00,182.55,184.15,182.29,492,183.93,31396,183.314679
2024-06-20 16:00:00+00:00,181.665,183.07,180.85,833,182.605,58645,181.835334
2024-06-20 17:00:00+00:00,180.64,181.45,179.7,675,181.39,47058,180.561614
2024-06-20 18:00:00+00:00,180.88,181.28,180.67,650,180.67,34604,181.062436
2024-06-20 19:00:00+00:00,181.49,181.94,180.15,1640,180.87,110259,181.254938
2024-06-21 13:00:00+00:00,181.41,183.875,180.73,579,182.13,47367,182.310899
2024-06-21 14:00:00+00:00,183.02,183.95,181.05,944,181.91,68356,182.256487
2024-06-21 15:00:00+00:00,182.58,183.105,181.765,807,182.945,54054,182.46167
2024-06-21 16:00:00+00:00,182.55,183.08,182.25,759,182.585,48239,182.668868
2024-06-21 17:00:00+00:00,181.345,182.56,181.095,628,182.5,40954,181.550744
2024-06-21 18:00:00+00:00,181.49,182.115,181.1,747,181.28,49796,181.701083
2024-06-21 19:00:00+00:00,183.03,183.58,181.35,1706,181.51,111464,182.453517
2024-06-24 13:00:00+00:00,187.72,188.33,184.3,1046,184.91,115837,187.00635
2024-06-24 14:00:00+00:00,183.94,188.22,182.665,1366,187.67,108208,184.668571
2024-06-24 15:00:00+00:00,184.81,185.58,183.68,819,183.945,68833,184.895143
2024-06-24 16:00:00+00:00,184.0,185.375,183.84,832,184.8,43295,184.752288
2024-06-24 17:00:00+00:00,183.7,184.205,183.135,536,184.19,26841,183.678628
2024-06-24 18:00:00+00:00,183.955,184.29,182.95,1014,183.68,65429,183.488723
2024-06-24 19:00:00+00:00,182.68,184.37,182.56,1411,183.93,92276,183.574305
2024-06-25 13:00:00+00:00,184.175,184.66,182.19,567,184.19,42049,183.771602
2024-06-25 14:00:00+00:00,185.56,186.99,183.99,1435,184.175,112068,186.006627
2024-06-25 15:00:00+00:00,187.255,187.955,185.155,748,185.69,40421,186.421518
2024-06-25 16:00:00+00:00,185.66,187.655,185.595,966,187.25,41849,186.526587
2024-06-25 17:00:00+00:00,185.435,185.74,184.78,524,185.67,35392,185.225948
2024-06-25 18:00:00+00:00,186.95,187.06,185.295,656,185.415,41844,186.558806
2024-06-25 19:00:00+00:00,187.39,187.71,186.54,1764,186.9,114180,187.185849
2024-06-26 13:00:00+00:00,191.885,193.39,186.45,1519,186.48,157763,191.606296
2024-06-26 14:00:00+00:00,192.815,194.01,191.59,1074,191.775,87857,192.753249
2024-06-26 15:00:00+00:00,195.47,195.5,191.8,869,193.01,83085,194.067465
2024-06-26 16:00:00+00:00,194.85,195.43,193.175,895,195.43,51916,194.268578
2024-06-26 17:00:00+00:00,195.81,195.81,193.945,708,194.94,52246,195.034619
2024-06-26 18:00:00+00:00,196.13,196.78,194.85,733,195.79,55061,195.827178
2024-06-26 19:00:00+00:00,196.325,197.73,195.49,1495,196.25,123392,196.770182
2024-06-27 13:00:00+00:00,197.135,197.375,194.18,2155,195.14,176106,195.381045
2024-06-27 14:00:00+00:00,195.1,198.63,194.95,1954,197.315,146012,196.785035
2024-06-27 15:00:00+00:00,195.25,195.84,194.23,1484,194.975,96800,195.053246
2024-06-27 16:00:00+00:00,196.35,196.67,195.09,1012,195.12,56473,196.000551
2024-06-27 17:00:00+00:00,196.26,197.07,196.12,757,196.385,37271,196.638401
2024-06-27 18:00:00+00:00,196.375,196.39,195.29,843,196.31,47110,195.884103
2024-06-27 19:00:00+00:00,197.41,197.93,196.32,2047,196.43,116365,197.158311
2024-06-28 13:00:00+00:00,202.02,202.5,198.605,1168,199.53,87910,200.970505
2024-06-28 14:00:00+00:00,202.79,203.115,200.29,1563,202.355,98090,201.833402
2024-06-28 15:00:00+00:00,199.58,203.0,199.26,925,202.78,70760,200.817594
2024-06-28 16:00:00+00:00,196.32,199.83,195.425,1533,199.65,117763,197.317507
2024-06-28 17:00:00+00:00,196.89,197.19,195.815,1001,196.245,58643,196.623509
2024-06-28 18:00:00+00:00,196.27,197.58,195.83,921,196.85,58737,196.676902
2024-06-28 19:00:00+00:00,197.99,198.08,195.28,1717,196.21,118011,196.582624
2024-07-01 13:00:00+00:00,206.13,207.505,200.93,1456,201.0,186383,205.130147
2024-07-01 14:00:00+00:00,207.995,211.465,206.245,2637,206.245,256317,209.077837
2024-07-01 15:00:00+00:00,210.805,211.22,207.98,1306,207.985,125464,210.012004
2024-07-01 16:00:00+00:00,209.725,211.1,209.42,1301,210.84,102947,210.150071
2024-07-01 17:00:00+00:00,210.745,210.86,208.99,1100,209.66,67114,209.724443
2024-07-01 18:00:00+00:00,211.415,213.17,210.735,1397,210.83,123561,212.22516
2024-07-01 19:00:00+00:00,209.97,212.03,209.335,2314,211.365,216528,210.484747
2024-07-01 20:00:00+00:00,209.5,209.71,209.5,4,209.56,390,209.59
2024-07-02 13:00:00+00:00,224.21,225.63,212.43,3593,212.43,381002,222.406854
2024-07-02 14:00:00+00:00,227.32,231.09,224.05,5126,224.13,471585,228.183191
2024-07-02 15:00:00+00:00,227.69,229.92,227.32,2554,227.32,185952,228.793029
2024-07-02 16:00:00+00:00,229.08,229.8,226.99,1588,227.75,107173,228.665585
2024-07-02 17:00:00+00:00,227.34,229.28,225.87,1420,229.05,100983,227.173102
2024-07-02 18:00:00+00:00,228.565,229.69,227.115,1057,227.31,78296,228.484344
2024-07-02 19:00:00+00:00,231.14,231.2,227.93,2029,228.57,150573,229.60182
2024-07-02 20:00:00+00:00,230.02,231.4,230.02,5,231.07,600,230.593333
2024-07-03 12:00:00+00:00,233.53,233.53,233.53,3,233.53,197,233.53
2024-07-03 13:00:00+00:00,238.8,239.75,234.255,2412,235.49,249444,237.800548
2024-07-03 14:00:00+00:00,242.85,248.29,237.71,4088,239.0,346406,243.809537
2024-07-03 15:00:00+00:00,244.87,245.61,240.22,2968,242.76,228929,242.909935
2024-07-03 16:00:00+00:00,246.6,246.685,242.7,3897,244.94,241125,244.942251
2024-07-05 12:00:00+00:00,250.91,252.88,250.91,29,252.88,1692,251.72
2024-07-05 13:00:00+00:00,248.59,252.29,242.5,2136,251.15,194980,246.441209
2024-07-05 14:00:00+00:00,247.88,249.88,245.49,1989,248.59,157437,247.730507
2024-07-05 15:00:00+00:00,247.635,250.47,247.56,956,247.93,75662,248.894067
2024-07-05 16:00:00+00:00,246.095,247.6,244.93,756,247.53,64521,246.100812
2024-07-05 17:00:00+00:00,248.73,248.84,244.01,785,246.11,52152,246.391478
2024-07-05 18:00:00+00:00,249.02,250.29,248.01,1138,248.725,109055,249.358809
2024-07-05 19:00:00+00:00,251.69,251.83,248.82,1850,248.82,168009,250.483503
2024-07-05 20:00:00+00:00,251.71,252.31,251.68,8,251.8,740,251.948571
2024-07-08 12:00:00+00:00,248.12,249.31,247.91,31,248.89,2437,248.942381
2024-07-08 13:00:00+00:00,249.585,249.595,244.64,1294,247.94,147586,246.661426
2024-07-08 14:00:00+00:00,253.16,254.06,248.945,1643,249.55,149352,252.447976
2024-07-08 15:00:00+00:00,259.24,259.39,253.09,2365,253.275,168874,256.63078
2024-07-08 16:00:00+00:00,253.225,259.24,253.01,1382,259.24,111469,255.731578
2024-07-08 17:00:00+00:00,252.1,253.425,248.89,1522,253.26,119475,251.920286
2024-07-08 18:00:00+00:00,252.09,252.55,250.75,1155,252.02,70370,251.660435
2024-07-08 19:00:00+00:00,252.88,254.3,250.11,2278,252.08,211248,252.659455
2024-07-09 12:00:00+00:00,251.26,251.26,251.23,5,251.23,350,251.245
2024-07-09 13:00:00+00:00,256.19,256.75,250.375,1540,251.29,148115,254.1162
2024-07-09 14:00:00+00:00,256.96,258.94,254.41,2434,256.31,271141,256.706576
2024-07-09 15:00:00+00:00,261.28,261.71,256.82,2736,256.87,204310,259.217647
2024-07-09 16:00:00+00:00,263.11,264.94,260.77,2312,261.34,149334,263.107249
2024-07-09 17:00:00+00:00,263.4,264.59,260.15,1729,263.28,112485,262.714318
2024-07-09 18:00:00+00:00,262.945,265.6,262.05,1330,263.41,102012,263.763404
2024-07-09 19:00:00+00:00,262.33,264.03,261.48,2157,262.94,197736,262.448863
2024-07-09 20:00:00+00:00,263.04,263.04,263.0,10,263.0,1100,263.00453
2024-07-10 13:00:00+00:00,262.43,265.62,261.1,1192,262.765,89114,263.221329
2024-07-10 14:00:00+00:00,261.23,262.29,257.95,1214,262.19,96645,260.726421
2024-07-10 15:00:00+00:00,263.32,263.87,260.345,824,261.23,68709,262.447341
2024-07-10 16:00:00+00:00,265.56,265.65,262.86,951,263.41,66303,264.362393
2024-07-10 17:00:00+00:00,266.62,267.5,264.27,764,265.2,51073,265.953637
2024-07-10 18:00:00+00:00,265.23,267.58,264.68,1090,266.53,80862,266.394599
2024-07-10 19:00:00+00:00,263.37,265.68,263.37,1883,265.16,138562,264.480702
2024-07-10 20:00:00+00:00,262.68,262.92,262.23,8,262.92,800,262.6125
2024-07-11 12:00:00+00:00,265.99,265.99,265.99,1,265.99,100,265.99
2024-07-11 13:00:00+00:00,269.67,270.12,262.78,1287,264.78,99597,267.023795
2024-07-11 14:00:00+00:00,263.5,270.8,263.5,2079,270.1,217964,267.488711
2024-07-11 15:00:00+00:00,246.66,263.91,242.54,4989,263.34,516814,252.708406
2024-07-11 16:00:00+00:00,246.1,250.89,241.38,2434,246.87,210234,246.720415
2024-07-11 17:00:00+00:00,242.83,248.22,242.83,1247,246.3,94537,245.984476
2024-07-11 18:00:00+00:00,244.89,245.65,241.64,1431,242.785,99654,243.644095
2024-07-11 19:00:00+00:00,240.72,244.86,239.71,2050,244.79,135969,242.053921
2024-07-11 20:00:00+00:00,239.15,241.19,238.98,35,241.19,3105,239.567931
2024-07-12 13:00:00+00:00,245.75,247.09,233.1,2162,235.85,193670,239.575887
2024-07-12 14:00:00+00:00,249.06,251.09,244.27,2369,246.225,182794,247.845281
2024-07-12 15:00:00+00:00,249.24,251.81,247.04,1433,249.19,72133,249.074317
2024-07-12 16:00:00+00:00,250.54,251.23,248.665,915,249.315,51716,249.668078
2024-07-12 17:00:00+00:00,249.83,250.7,249.01,755,250.57,46737,249.786989
2024-07-12 18:00:00+00:00,250.43,250.95,249.31,847,249.61,43778,250.335074
2024-07-12 19:00:00+00:00,248.32,250.76,247.74,1880,250.22,135814,249.317151
2024-07-12 20:00:00+00:00,248.75,248.75,248.54,7,248.54,504,248.619404
2024-07-15 13:00:00+00:00,260.96,262.79,252.9,1992,256.38,188054,258.47595
2024-07-15 14:00:00+00:00,262.84,265.23,259.74,1816,260.83,135282,263.358527
2024-07-15 15:00:00+00:00,259.65,263.99,258.695,1390,262.795,90064,261.046348
2024-07-15 16:00:00+00:00,261.18,261.82,257.56,1368,259.95,88309,259.545728
2024-07-15 17:00:00+00:00,259.11,261.395,258.54,809,261.06,41225,260.057111
2024-07-15 18:00:00+00:00,257.15,260.1,256.855,683,259.05,37094,258.587775
2024-07-15 19:00:00+00:00,252.76,258.19,251.78,2134,257.65,153765,254.290038
2024-07-16 13:00:00+00:00,249.5,258.59,248.85,1561,255.29,117917,254.627273
2024-07-16 14:00:00+00:00,251.82,252.35,245.925,1532,249.515,94889,249.118261
2024-07-16 15:00:00+00:00,253.63,254.085,250.79,732,252.275,45087,252.643434
2024-07-16 16:00:00+00:00,253.43,254.0,250.03,667,253.75,49499,251.92427
2024-07-16 17:00:00+00:00,255.57,255.79,253.345,766,253.38,67795,254.560487
2024-07-16 18:00:00+00:00,257.12,257.41,254.305,798,255.59,51810,256.106887
2024-07-16 19:00:00+00:00,256.565,257.335,254.96,1164,257.03,89410,256.211659
2024-07-16 20:00:00+00:00,256.56,256.86,256.56,2,256.86,200,256.71
2024-07-17 13:00:00+00:00,258.07,258.22,251.0,1513,251.0,102175,255.444426
2024-07-17 14:00:00+00:00,252.535,258.05,250.4,1752,257.89,128244,253.769847
2024-07-17 15:00:00+00:00,248.27,252.24,246.73,1365,252.24,93019,249.097929
2024-07-17 16:00:00+00:00,249.99,250.0,246.63,829,248.25,45667,248.252045
2024-07-17 17:00:00+00:00,248.45,250.78,248.34,733,249.89,47593,249.556604
2024-07-17 18:00:00+00:00,246.835,248.82,246.3,609,248.04,30216,247.531303
2024-07-17 19:00:00+00:00,248.45,249.27,246.31,1393,246.94,83765,248.091647
2024-07-18 13:00:00+00:00,252.105,252.62,247.44,1295,251.1,111769,250.543048
2024-07-18 14:00:00+00:00,253.45,255.385,250.58,1257,252.0,115625,253.428293
2024-07-18 15:00:00+00:00,253.72,255.58,251.71,822,253.4,55099,253.613852
2024-07-18 16:00:00+00:00,256.41,256.47,252.88,703,253.8,46971,254.730734
2024-07-18 17:00:00+00:00,254.38,257.06,254.38,532,256.53,34562,256.238963
2024-07-18 18:00:00+00:00,250.02,254.49,249.055,872,254.49,57312,251.184351
2024-07-18 19:00:00+00:00,249.085,250.59,247.545,1323,250.1,117041,248.974039
2024-07-19 13:00:00+00:00,245.76,248.99,244.515,1122,247.78,98826,246.12858
2024-07-19 14:00:00+00:00,243.34,245.575,240.61,1622,245.575,160424,242.942936
2024-07-19 15:00:00+00:00,240.97,244.3,238.9,1180,243.29,85835,240.73387
2024-07-19 16:00:00+00:00,238.44,241.13,236.91,977,240.96,63725,239.035485
2024-07-19 17:00:00+00:00,240.37,240.58,237.475,641,238.27,47252,239.075463
2024-07-19 18:00:00+00:00,239.28,240.4,238.46,669,240.27,47279,239.295329
2024-07-19 19:00:00+00:00,239.24,241.14,238.81,1497,239.33,139024,240.206101
2024-07-19 20:00:00+00:00,239.27,239.27,239.27,2,239.27,301,239.27
2024-07-22 12:00:00+00:00,243.94,244.28,243.94,5,244.28,270,244.11
2024-07-22 13:00:00+00:00,249.82,251.555,244.07,2587,244.21,241335,248.261777
2024-07-22 14:00:00+00:00,248.61,250.75,246.3,1537,250.335,119380,248.172073
2024-07-22 15:00:00+00:00,248.045,249.635,246.2,706,248.53,45572,247.692457
2024-07-22 16:00:00+00:00,249.87,250.91,247.03,461,247.965,29653,248.921697
2024-07-22 17:00:00+00:00,251.4,252.13,250.07,511,250.39,39015,251.001862
2024-07-22 18:00:00+00:00,251.93,253.17,251.0,697,251.47,49987,251.909007
2024-07-22 19:00:00+00:00,251.45,252.74,250.71,1675,251.85,117738,251.66699
2024-07-23 13:00:00+00:00,249.35,255.75,248.57,1395,253.4,131830,252.783243
2024-07-23 14:00:00+00:00,247.295,249.93,245.65,1074,249.87,83964,247.980121
2024-07-23 15:00:00+00:00,249.02,249.875,247.13,809,247.33,58379,248.932581
2024-07-23 16:00:00+00:00,246.67,249.29,246.04,848,248.89,66447,247.499044
2024-07-23 17:00:00+00:00,247.69,247.87,246.3,763,246.65,58131,247.333536
2024-07-23 18:00:00+00:00,248.01,248.46,247.11,769,247.68,51484,247.654716
2024-07-23 19:00:00+00:00,246.48,249.4,246.36,2028,247.89,150806,247.712539
2024-07-23 20:00:00+00:00,238.54,243.73,233.68,319,240.8,18560,239.475622
2024-07-24 12:00:00+00:00,225.16,225.16,225.16,1,225.16,100,225.16
2024-07-24 13:00:00+00:00,215.815,225.91,215.32,5373,225.39,564042,220.649012
2024-07-24 14:00:00+00:00,217.41,219.005,214.715,4348,215.675,291085,217.225046
2024-07-24 15:00:00+00:00,220.56,221.08,216.81,1733,217.4,150609,218.699798
2024-07-24 16:00:00+00:00,220.52,222.53,220.24,1112,220.505,73973,221.135099
2024-07-24 17:00:00+00:00,219.31,221.7,219.22,1532,220.775,54942,220.605132
2024-07-24 18:00:00+00:00,219.64,220.45,218.33,975,219.235,71689,219.453535
2024-07-24 19:00:00+00:00,215.72,219.725,215.69,2270,219.725,213228,217.258396
2024-07-24 20:00:00+00:00,215.29,216.17,215.29,17,216.08,1056,215.783333
2024-07-25 13:00:00+00:00,219.71,223.205,216.28,2045,216.795,225250,220.248978
2024-07-25 14:00:00+00:00,223.91,224.96,217.28,2199,219.63,229831,220.93605
2024-07-25 15:00:00+00:00,222.935,223.98,221.55,1276,223.93,73641,222.706569
2024-07-25 16:00:00+00:00,225.01,225.97,222.12,1345,223.01,94851,224.429192
2024-07-25 17:00:00+00:00,225.27,225.76,223.36,1103,224.97,76804,224.5334
2024-07-25 18:00:00+00:00,223.21,225.715,222.83,900,225.28,58601,224.45218
2024-07-25 19:00:00+00:00,220.29,224.71,220.27,1912,223.2,131793,222.092707
2024-07-25 20:00:00+00:00,219.1,220.34,218.62,30,220.34,2669,219.1075
2024-07-26 12:00:00+00:00,223.77,224.68,223.77,13,224.68,672,224.3775
2024-07-26 13:00:00+00:00,220.25,223.79,216.9,1064,223.79,92153,219.482499
2024-07-26 14:00:00+00:00,216.835,220.79,215.44,1262,219.74,105887,217.255603
2024-07-26 15:00:00+00:00,218.75,218.75,215.78,914,216.73,76662,217.014387
2024-07-26 16:00:00+00:00,221.065,221.215,218.91,582,219.005,44064,220.12185
2024-07-26 17:00:00+00:00,220.875,222.14,219.55,669,220.92,54911,221.019369
2024-07-26 18:00:00+00:00,219.47,221.595,219.095,853,220.62,73778,220.414377
2024-07-26 19:00:00+00:00,219.79,220.43,219.0,1106,219.46,87092,219.64825
2024-07-26 20:00:00+00:00,219.97,219.97,219.95,2,219.95,200,219.96
2024-07-29 12:00:00+00:00,224.05,224.05,224.05,5,224.05,275,224.05
2024-07-29 13:00:00+00:00,230.79,231.04,223.18,1087,223.18,126481,228.708445
2024-07-29 14:00:00+00:00,231.21,234.2,230.6,1607,230.875,145677,232.1028
2024-07-29 15:00:00+00:00,229.96,231.5,227.2,956,231.24,79129,229.183746
2024-07-29 16:00:00+00:00,232.79,232.97,229.5,549,230.03,48524,231.346908
2024-07-29 17:00:00+00:00,232.35,233.9,230.93,639,232.95,52001,232.613818
2024-07-29 18:00:00+00:00,231.715,232.65,230.845,525,232.28,39848,231.665239
2024-07-29 19:00:00+00:00,231.985,232.62,229.35,1015,231.43,83439,231.491642
2024-07-30 12:00:00+00:00,234.5,234.5,234.5,1,234.5,310,234.5
2024-07-30 13:00:00+00:00,228.36,232.37,227.74,892,232.31,91686,229.63722
2024-07-30 14:00:00+00:00,228.36,231.79,227.05,773,228.03,74156,229.643841
2024-07-30 15:00:00+00:00,223.13,228.54,223.13,748,228.53,56340,226.061952
2024-07-30 16:00:00+00:00,220.2,223.65,220.2,962,223.155,77162,222.399595
2024-07-30 17:00:00+00:00,223.44,224.225,220.12,616,220.265,54881,222.738052
2024-07-30 18:00:00+00:00,221.34,223.72,221.14,379,223.64,30920,222.303672
2024-07-30 19:00:00+00:00,222.58,224.08,220.53,1978,221.2,216248,221.92194
2024-07-30 20:00:00+00:00,221.73,221.73,221.73,1,221.73,100,221.73
2024-07-31 12:00:00+00:00,225.08,225.08,225.08,5,225.08,450,225.08
2024-07-31 13:00:00+00:00,233.5,233.73,226.79,1309,227.95,127045,231.418357
2024-07-31 14:00:00+00:00,230.8,234.49,230.37,839,233.84,62999,232.114027
2024-07-31 15:00:00+00:00,231.12,232.095,230.71,451,230.825,32225,231.440572
2024-07-31 16:00:00+00:00,231.74,231.97,230.855,254,231.26,19819,231.507224
2024-07-31 17:00:00+00:00,230.0,232.18,229.49,594,231.77,33817,230.84942
2024-07-31 18:00:00+00:00,232.96,233.14,229.95,531,230.26,29436,231.743151
2024-07-31 19:00:00+00:00,232.0,233.41,230.89,1469,232.91,98491,232.087506
2024-08-01 13:00:00+00:00,229.08,230.25,226.47,908,227.4,74925,227.967979
2024-08-01 14:00:00+00:00,225.035,231.845,224.625,1648,229.03,132877,227.30237
2024-08-01 15:00:00+00:00,222.92,225.43,222.36,1514,225.115,141867,223.985023
2024-08-01 16:00:00+00:00,221.56,223.98,220.965,1157,222.63,110974,222.14461
2024-08-01 17:00:00+00:00,220.23,221.76,217.63,1146,221.61,91303,219.915613
2024-08-01 18:00:00+00:00,215.02,220.59,214.945,1747,220.24,164512,217.433464
2024-08-01 19:00:00+00:00,216.94,217.47,214.4,3455,215.03,311206,216.437458
2024-08-02 12:00:00+00:00,211.2,211.2,211.2,8,211.2,346,211.2
2024-08-02 13:00:00+00:00,213.905,216.08,212.565,2065,214.885,229749,214.000186
2024-08-02 14:00:00+00:00,209.31,214.62,209.08,1812,214.2,168395,211.845123
2024-08-02 15:00:00+00:00,209.9,211.73,207.24,1748,209.33,152439,209.513245
2024-08-02 16:00:00+00:00,208.595,210.47,207.81,892,210.035,79505,208.87591
2024-08-02 17:00:00+00:00,206.875,208.81,205.84,843,208.62,65794,207.151559
2024-08-02 18:00:00+00:00,206.88,208.9,206.26,879,206.83,71847,207.544314
2024-08-02 19:00:00+00:00,207.68,208.04,205.8,3525,206.95,332426,206.580563
2024-08-02 20:00:00+00:00,207.51,207.51,207.51,1,207.51,100,207.51
2024-08-05 12:00:00+00:00,185.12,190.69,185.12,420,190.2,21447,187.591252
2024-08-05 13:00:00+00:00,197.76,198.88,182.01,4134,188.96,388495,191.511605
2024-08-05 14:00:00+00:00,197.11,201.49,194.55,3363,197.89,301798,197.160973
2024-08-05 15:00:00+00:00,200.58,203.85,195.96,1439,197.19,103822,200.34956
2024-08-05 16:00:00+00:00,198.86,202.885,198.75,880,200.42,51256,200.740734
2024-08-05 17:00:00+00:00,200.22,201.58,198.76,499,198.9,38760,200.387752
2024-08-05 18:00:00+00:00,196.39,200.29,196.07,698,200.29,50872,198.029757
2024-08-05 19:00:00+00:00,198.96,199.31,196.5,1424,196.5,108569,197.897512
2024-08-06 12:00:00+00:00,200.55,200.55,200.55,4,200.55,702,200.55
2024-08-06 13:00:00+00:00,197.37,201.99,192.775,1660,201.43,153416,196.069633
2024-08-06 14:00:00+00:00,196.485,198.76,194.88,2240,197.22,173156,196.677942
2024-08-06 15:00:00+00:00,199.39,199.51,195.1,1350,196.54,92024,196.872326
2024-08-06 16:00:00+00:00,201.515,201.7,199.11,1398,199.48,96343,200.276796
2024-08-06 17:00:00+00:00,201.805,202.1,200.83,934,201.73,59929,201.530754
2024-08-06 18:00:00+00:00,201.67,202.885,201.42,989,201.84,59610,202.320662
2024-08-06 19:00:00+00:00,200.37,201.79,199.505,2288,201.54,196180,200.926502
2024-08-07 13:00:00+00:00,199.17,203.45,198.29,1026,200.77,66813,200.616869
2024-08-07 14:00:00+00:00,198.6,200.645,197.18,1600,199.425,115743,198.607549
2024-08-07 15:00:00+00:00,197.63,200.39,196.9,1148,198.77,82383,198.827065
2024-08-07 16:00:00+00:00,197.69,198.55,196.18,971,197.445,65433,197.589933
2024-08-07 17:00:00+00:00,194.34,197.825,193.96,970,197.825,68456,195.921769
2024-08-07 18:00:00+00:00,192.22,194.68,191.875,1193,194.41,80676,192.770131
2024-08-07 19:00:00+00:00,191.82,194.41,191.495,1994,192.585,151461,192.72191
2024-08-07 20:00:00+00:00,191.5,191.5,191.43,8,191.43,1136,191.487676
2024-08-08 12:00:00+00:00,193.96,193.96,193.96,1,193.96,500,193.96
2024-08-08 13:00:00+00:00,194.18,196.01,192.13,1281,195.91,77435,193.919947
2024-08-08 14:00:00+00:00,199.425,199.425,193.5,1277,194.29,88990,196.816362
2024-08-08 15:00:00+00:00,198.04,199.34,197.25,849,199.34,45512,198.326424
2024-08-08 16:00:00+00:00,197.81,198.34,196.56,603,197.86,29175,197.440034
2024-08-08 17:00:00+00:00,199.4,199.94,197.33,797,197.98,43299,199.350537
2024-08-08 18:00:00+00:00,198.93,200.68,198.93,616,199.37,32326,199.835818
2024-08-08 19:00:00+00:00,198.97,199.38,197.785,1393,198.83,91611,198.610412
2024-08-09 12:00:00+00:00,198.01,198.01,198.01,1,198.01,100,198.01
2024-08-09 13:00:00+00:00,197.11,199.915,196.23,1115,196.92,96310,197.632025
2024-08-09 14:00:00+00:00,197.14,198.24,195.16,1067,196.915,74745,196.753857
2024-08-09 15:00:00+00:00,196.6,199.18,196.55,792,197.34,66002,198.07367
2024-08-09 16:00:00+00:00,197.895,198.19,196.41,406,196.715,24286,197.185292
2024-08-09 17:00:00+00:00,199.57,200.86,197.72,887,197.81,64184,199.929759
2024-08-09 18:00:00+00:00,199.68,200.47,199.26,450,199.585,29541,199.741331
2024-08-09 19:00:00+00:00,199.99,200.17,199.21,1157,199.8,77016,199.848219
2024-08-12 13:00:00+00:00,195.04,199.21,194.73,1446,198.94,127597,196.83702
2024-08-12 14:00:00+00:00,197.11,198.27,194.86,1468,195.07,105531,196.720161
2024-08-12 15:00:00+00:00,196.82,198.29,194.825,1276,197.235,107851,196.519872
2024-08-12 16:00:00+00:00,196.47,197.97,196.47,747,196.885,50375,197.154339
2024-08-12 17:00:00+00:00,198.06,198.19,196.22,824,196.43,103507,197.347614
2024-08-12 18:00:00+00:00,198.26,198.8,198.0,752,198.1,59951,198.382127
2024-08-12 19:00:00+00:00,197.55,198.33,197.07,1690,198.33,135102,197.67834
2024-08-13 13:00:00+00:00,203.36,203.93,197.1,1945,198.61,156497,200.985841
2024-08-13 14:00:00+00:00,205.65,206.53,202.97,2210,203.57,142171,204.955003
2024-08-13 15:00:00+00:00,204.88,205.78,204.3,1285,205.535,76752,205.038752
2024-08-13 16:00:00+00:00,206.4,206.69,204.52,1177,204.86,71700,205.661343
2024-08-13 17:00:00+00:00,206.54,208.44,205.84,1553,206.39,95208,207.340663
2024-08-13 18:00:00+00:00,207.395,207.4,205.82,1077,206.625,76165,206.646257
2024-08-13 19:00:00+00:00,207.9,208.42,206.065,2721,207.42,213562,207.468769
2024-08-13 20:00:00+00:00,207.11,207.11,207.11,1,207.11,100,207.11
2024-08-14 13:00:00+00:00,202.885,208.33,202.11,887,207.5,72324,204.42087
2024-08-14 14:00:00+00:00,202.08,203.7,199.81,1528,202.61,133820,201.633165
2024-08-14 15:00:00+00:00,203.16,203.3,200.87,762,202.215,56593,202.007265
2024-08-14 16:00:00+00:00,199.825,203.04,198.8,991,203.04,74251,200.468423
2024-08-14 17:00:00+00:00,200.4,200.84,199.72,499,199.72,29179,200.360031
2024-08-14 18:00:00+00:00,200.64,200.84,199.84,638,200.18,38189,200.349762
2024-08-14 19:00:00+00:00,201.37,201.64,199.73,1493,200.67,91111,200.593998
2024-08-15 13:00:00+00:00,210.99,212.37,205.04,1906,205.29,180392,209.943804
2024-08-15 14:00:00+00:00,214.59,215.74,210.98,2358,210.98,229791,213.981361
2024-08-15 15:00:00+00:00,213.88,215.44,213.21,1401,214.815,118515,214.160111
2024-08-15 16:00:00+00:00,213.635,214.33,212.86,907,213.85,57406,213.680927
2024-08-15 17:00:00+00:00,215.04,215.83,213.26,957,213.61,74946,214.585961
2024-08-15 18:00:00+00:00,213.82,215.0,213.66,960,215.0,69425,214.161445
2024-08-15 19:00:00+00:00,214.205,215.05,213.53,2230,213.81,182664,214.131808
2024-08-16 13:00:00+00:00,217.85,218.46,210.9,1520,211.08,139536,215.398381
2024-08-16 14:00:00+00:00,215.28,219.77,214.88,2394,217.92,214878,218.0665
2024-08-16 15:00:00+00:00,215.7,216.44,214.12,1350,215.42,100315,215.119645
2024-08-16 16:00:00+00:00,217.11,217.39,215.03,891,215.83,45596,216.212831
2024-08-16 17:00:00+00:00,217.705,218.04,216.825,971,217.16,54862,217.458191
2024-08-16 18:00:00+00:00,216.26,217.745,215.62,1021,217.745,66713,216.132793
2024-08-16 19:00:00+00:00,216.19,216.67,215.74,1832,216.25,120556,216.322957
2024-08-19 13:00:00+00:00,216.97,219.68,214.14,1248,217.09,125742,216.675976
2024-08-19 14:00:00+00:00,219.95,222.31,216.14,2250,217.27,175162,220.405188
2024-08-19 15:00:00+00:00,219.97,221.18,218.94,1297,220.14,78206,220.175497
2024-08-19 16:00:00+00:00,221.05,221.62,219.42,839,220.01,51363,220.802038
2024-08-19 17:00:00+00:00,220.96,221.28,220.47,922,221.18,59866,220.96961
2024-08-19 18:00:00+00:00,222.31,222.9,220.42,1101,220.97,64795,221.715403
2024-08-19 19:00:00+00:00,222.73,222.97,221.86,2059,222.3,133877,222.521404
2024-08-20 13:00:00+00:00,225.45,228.15,224.59,1971,224.74,165235,226.042927
2024-08-20 14:00:00+00:00,220.78,225.41,219.575,3165,225.41,255515,221.508731
2024-08-20 15:00:00+00:00,223.17,223.175,220.73,1400,220.89,115103,221.887911
2024-08-20 16:00:00+00:00,220.94,223.42,220.8,1603,223.19,85448,222.675657
2024-08-20 17:00:00+00:00,221.05,221.43,220.08,886,220.91,46244,220.82786
2024-08-20 18:00:00+00:00,221.83,221.935,220.61,888,220.85,79392,221.411028
2024-08-20 19:00:00+00:00,221.09,222.47,221.01,1624,221.755,112927,221.579505
2024-08-21 13:00:00+00:00,222.65,224.59,220.9,949,222.0,67321,222.734501
2024-08-21 14:00:00+00:00,221.06,223.25,218.88,1643,222.62,107081,221.084431
2024-08-21 15:00:00+00:00,221.15,221.9,220.295,799,220.93,48450,221.054443
2024-08-21 16:00:00+00:00,221.72,222.11,219.34,892,220.92,57065,220.864983
2024-08-21 17:00:00+00:00,222.5,222.95,221.65,883,221.67,45326,222.318894
2024-08-21 18:00:00+00:00,222.72,223.94,222.51,749,222.51,53608,223.177144
2024-08-21 19:00:00+00:00,223.21,223.37,221.58,1608,222.81,105080,222.612319
2024-08-22 13:00:00+00:00,222.86,224.7,221.315,741,223.99,48862,222.604876
2024-08-22 14:00:00+00:00,217.905,223.21,217.81,1561,223.2,111659,220.038723
2024-08-22 15:00:00+00:00,216.05,219.06,215.54,1570,217.94,91330,217.508813
2024-08-22 16:00:00+00:00,216.55,217.83,215.85,915,215.94,42805,216.765763
2024-08-22 17:00:00+00:00,213.73,217.03,213.095,2074,216.57,90725,214.94816
2024-08-22 18:00:00+00:00,213.05,214.09,212.93,1410,213.635,74527,213.643553
2024-08-22 19:00:00+00:00,210.75,214.1,210.33,3103,213.1,206457,211.855779
2024-08-23 13:00:00+00:00,216.6,217.27,214.48,1426,214.505,98760,216.159445
2024-08-23 14:00:00+00:00,217.715,221.45,216.64,3356,216.67,256167,219.403002
2024-08-23 15:00:00+00:00,217.835,219.54,216.0,1451,217.72,98044,217.976213
2024-08-23 16:00:00+00:00,217.38,217.635,215.79,1243,217.335,81797,216.772965
2024-08-23 17:00:00+00:00,219.42,219.68,217.295,865,217.43,55814,218.616647
2024-08-23 18:00:00+00:00,219.53,220.095,219.19,799,219.4,51489,219.661975
2024-08-23 19:00:00+00:00,220.25,220.84,218.86,2163,219.4,154924,220.266714
2024-08-23 20:00:00+00:00,220.42,220.42,220.42,1,220.42,100,220.42
2024-08-26 13:00:00+00:00,217.39,218.95,216.26,1213,218.725,85819,217.282251
2024-08-26 14:00:00+00:00,213.04,217.62,211.515,2797,217.57,190622,213.487746
2024-08-26 15:00:00+00:00,212.36,213.81,212.1,1405,212.91,103651,213.100368
2024-08-26 16:00:00+00:00,213.675,214.27,212.17,1087,212.2,75644,213.361228
2024-08-26 17:00:00+00:00,211.45,213.665,211.29,1160,213.665,53256,212.327916
2024-08-26 18:00:00+00:00,213.24,213.27,211.01,1049,211.48,68735,212.07779
2024-08-26 19:00:00+00:00,213.24,213.43,212.26,1622,213.23,117268,213.012627
2024-08-27 13:00:00+00:00,209.39,215.59,209.0,875,213.28,75527,210.901179
2024-08-27 14:00:00+00:00,210.22,210.52,207.025,1658,209.635,126841,208.876058
2024-08-27 15:00:00+00:00,209.405,210.5,208.61,719,210.38,40597,209.596888
2024-08-27 16:00:00+00:00,209.45,210.39,208.74,826,209.39,50702,209.443636
2024-08-27 17:00:00+00:00,210.115,210.52,209.47,340,209.55,21147,209.954218
2024-08-27 18:00:00+00:00,210.21,210.26,209.16,504,210.08,37854,209.726978
2024-08-27 19:00:00+00:00,209.14,210.385,209.09,1256,210.2,82249,209.758643
2024-08-28 13:00:00+00:00,208.55,211.48,206.36,1445,209.75,95411,208.311066
2024-08-28 14:00:00+00:00,206.295,208.77,205.265,1205,208.64,92966,207.100174
2024-08-28 15:00:00+00:00,205.895,206.21,204.34,970,206.21,62370,205.323604
2024-08-28 16:00:00+00:00,206.64,206.76,204.2,764,205.75,63351,205.177701
2024-08-28 17:00:00+00:00,203.02,207.075,203.0,737,206.705,48183,205.420631
2024-08-28 18:00:00+00:00,204.58,204.75,202.6,891,203.1,73857,203.348238
2024-08-28 19:00:00+00:00,205.71,206.06,204.39,1370,204.605,92706,205.387724
2024-08-29 13:00:00+00:00,213.315,214.79,209.61,1557,209.82,134774,212.752121
2024-08-29 14:00:00+00:00,210.825,213.95,210.22,1180,213.36,101470,211.476112
2024-08-29 15:00:00+00:00,210.97,211.25,209.09,830,210.77,64981,210.335049
2024-08-29 16:00:00+00:00,212.155,212.75,210.85,563,211.03,37921,211.975818
2024-08-29 17:00:00+00:00,212.59,212.64,211.27,934,212.03,134097,211.814343
2024-08-29 18:00:00+00:00,207.01,212.57,206.5,1142,212.57,97781,208.641737
2024-08-29 19:00:00+00:00,206.31,207.97,205.98,1455,207.07,106836,206.892568
2024-08-30 13:00:00+00:00,209.83,210.345,207.15,824,208.79,59984,208.613586
2024-08-30 14:00:00+00:00,208.59,210.82,208.44,1005,209.8,90051,209.401297
2024-08-30 15:00:00+00:00,210.24,210.73,208.37,818,208.44,66541,209.620743
2024-08-30 16:00:00+00:00,209.685,210.28,208.49,891,209.6,120590,208.947874
2024-08-30 17:00:00+00:00,211.085,212.005,209.68,774,209.735,48259,210.966525
2024-08-30 18:00:00+00:00,211.41,212.13,210.94,650,210.945,41998,211.49853
2024-08-30 19:00:00+00:00,214.2,214.565,210.925,1807,211.3,138315,213.060557
2024-09-03 13:00:00+00:00,213.93,219.79,212.86,1502,215.19,115566,216.409077
2024-09-03 14:00:00+00:00,213.87,218.62,212.69,2309,213.59,205303,216.317999
2024-09-03 15:00:00+00:00,214.72,215.36,213.37,1353,213.925,105179,214.398037
2024-09-03 16:00:00+00:00,214.89,215.62,214.17,637,214.955,38002,215.050558
2024-09-03 17:00:00+00:00,213.855,215.32,213.82,620,214.82,34546,214.563078
2024-09-03 18:00:00+00:00,210.65,214.02,210.49,1250,213.925,90349,211.781075
2024-09-03 19:00:00+00:00,210.66,212.0,209.65,2042,210.81,137819,210.870352
2024-09-04 13:00:00+00:00,217.95,218.195,210.57,1036,210.61,101197,215.190663
2024-09-04 14:00:00+00:00,220.155,220.53,215.75,1846,216.95,188060,218.858728
2024-09-04 15:00:00+00:00,218.86,221.33,218.53,1532,220.2,131341,220.086133
2024-09-04 16:00:00+00:00,221.83,222.13,218.79,820,219.015,67030,221.157383
2024-09-04 17:00:00+00:00,220.52,222.18,220.36,689,221.71,68870,221.352808
2024-09-04 18:00:00+00:00,218.33,221.56,218.33,862,220.5,60066,220.149585
2024-09-04 19:00:00+00:00,219.43,220.365,217.6,1607,218.435,105629,218.917584
2024-09-05 13:00:00+00:00,229.62,230.54,222.64,1521,223.67,138303,228.218587
2024-09-05 14:00:00+00:00,231.085,234.99,229.9,1759,230.6,188791,232.973753
2024-09-05 15:00:00+00:00,225.91,231.53,225.68,1137,231.22,77243,228.175557
2024-09-05 16:00:00+00:00,228.78,230.51,225.85,1242,225.85,160598,228.493721
2024-09-05 17:00:00+00:00,231.01,231.15,227.39,985,228.79,68779,229.518507
2024-09-05 18:00:00+00:00,230.3,231.19,229.33,1001,231.19,60319,230.249277
2024-09-05 19:00:00+00:00,230.04,230.24,228.41,1974,230.24,136823,229.335694
2024-09-06 12:00:00+00:00,234.14,234.14,234.14,1,234.14,100,234.14
2024-09-06 13:00:00+00:00,224.27,233.53,223.17,2094,232.645,239771,226.703324
2024-09-06 14:00:00+00:00,218.3,224.61,217.52,1907,223.625,185118,220.819677
2024-09-06 15:00:00+00:00,216.77,219.87,215.64,1499,218.33,126487,217.371868
2024-09-06 16:00:00+00:00,214.96,217.46,214.42,1167,216.83,80715,215.928417
2024-09-06 17:00:00+00:00,214.17,216.955,214.135,1200,214.995,86874,215.454719
2024-09-06 18:00:00+00:00,214.225,214.76,213.18,957,214.39,62853,213.958677
2024-09-06 19:00:00+00:00,210.62,215.09,210.585,2209,214.255,171869,212.764308
2024-09-09 13:00:00+00:00,218.455,218.89,213.7,1557,216.16,112444,216.441669
2024-09-09 14:00:00+00:00,215.085,219.81,215.06,1429,218.565,101705,217.670867
2024-09-09 15:00:00+00:00,216.48,216.48,214.44,818,215.0,48573,215.448795
2024-09-09 16:00:00+00:00,218.19,218.34,216.21,627,216.57,39451,217.374685
2024-09-09 17:00:00+00:00,216.6,218.78,216.6,575,218.2,37658,217.896127
2024-09-09 18:00:00+00:00,216.365,217.6,216.16,557,216.92,37816,216.816489
2024-09-09 19:00:00+00:00,216.41,217.11,215.4,1392,216.2,78738,216.471105
2024-09-10 12:00:00+00:00,219.95,219.95,219.95,9,219.95,638,219.95
2024-09-10 13:00:00+00:00,225.11,225.3,219.15,1495,220.02,135905,222.377538
2024-09-10 14:00:00+00:00,223.0,226.4,221.54,1225,225.41,95945,224.235928
2024-09-10 15:00:00+00:00,220.89,223.98,220.78,881,223.195,59077,222.98345
2024-09-10 16:00:00+00:00,219.5,220.88,218.72,1193,220.8,66939,219.73347
2024-09-10 17:00:00+00:00,222.06,222.34,219.195,785,219.22,44646,221.113183
2024-09-10 18:00:00+00:00,223.57,223.87,222.14,718,222.14,47977,223.181049
2024-09-10 19:00:00+00:00,226.32,226.35,222.93,1763,223.4,130529,224.910095
2024-09-11 13:00:00+00:00,221.79,224.45,219.86,1425,224.45,98467,222.01934
2024-09-11 14:00:00+00:00,217.89,223.65,216.83,2399,221.39,178766,219.464504
2024-09-11 15:00:00+00:00,221.81,221.91,217.11,1822,217.84,138852,219.979673
2024-09-11 16:00:00+00:00,222.0,223.1,221.78,1359,221.84,98994,222.362468
2024-09-11 17:00:00+00:00,223.67,224.39,221.95,1080,222.0,75608,223.326349
2024-09-11 18:00:00+00:00,224.76,227.11,223.45,1856,223.56,143068,225.477085
2024-09-11 19:00:00+00:00,228.14,228.4,224.59,2162,224.68,164724,226.908454
2024-09-11 20:00:00+00:00,227.54,227.96,227.54,5,227.96,400,227.693333
2024-09-12 13:00:00+00:00,229.75,231.435,224.06,1576,224.93,153835,229.253687
2024-09-12 14:00:00+00:00,227.255,230.54,226.61,1129,230.105,89689,229.019833
2024-09-12 15:00:00+00:00,227.125,230.2,226.7,645,227.415,40219,228.253174
2024-09-12 16:00:00+00:00,229.48,229.61,227.23,486,227.23,26438,228.588476
2024-09-12 17:00:00+00:00,230.11,230.78,229.26,561,229.565,37337,230.178832
2024-09-12 18:00:00+00:00,229.3,230.125,227.47,815,230.125,45672,229.140702
2024-09-12 19:00:00+00:00,229.8,230.23,228.9,1423,229.34,74446,229.614441
2024-09-13 13:00:00+00:00,229.8,232.62,226.42,1678,227.86,133133,230.664302
2024-09-13 14:00:00+00:00,229.54,230.615,226.89,1592,230.32,99124,228.799329
2024-09-13 15:00:00+00:00,229.29,230.93,229.195,1440,229.535,97305,229.939032
2024-09-13 16:00:00+00:00,228.68,229.5,227.57,1056,229.19,71676,228.327626
2024-09-13 17:00:00+00:00,229.62,229.82,228.645,864,228.68,51693,229.134234
2024-09-13 18:00:00+00:00,229.53,230.17,228.52,964,229.67,50216,229.386565
2024-09-13 19:00:00+00:00,230.23,230.37,229.05,1797,229.46,126336,229.967087
2024-09-13 20:00:00+00:00,230.21,230.21,230.21,2,230.21,101,230.21
2024-09-16 13:00:00+00:00,226.38,229.555,223.63,1661,229.275,131948,225.68191
2024-09-16 14:00:00+00:00,226.84,227.515,224.82,1816,226.33,119711,226.607569
2024-09-16 15:00:00+00:00,228.97,229.93,226.06,1414,226.87,101682,228.513649
2024-09-16 16:00:00+00:00,226.4,229.28,226.3,1207,229.09,71138,227.604593
2024-09-16 17:00:00+00:00,227.005,227.69,226.095,932,226.51,58856,226.863071
2024-09-16 18:00:00+00:00,227.93,227.93,226.34,1050,226.93,71053,227.273889
2024-09-16 19:00:00+00:00,226.9,228.44,226.675,1376,227.945,93630,227.445455
2024-09-17 13:00:00+00:00,232.525,233.76,229.49,971,229.49,91935,232.089097
2024-09-17 14:00:00+00:00,231.54,234.51,231.01,860,232.49,70306,232.626633
2024-09-17 15:00:00+00:00,232.0,233.15,231.41,317,231.53,21492,232.341706
2024-09-17 16:00:00+00:00,228.81,232.61,228.58,609,232.275,51928,230.236785
2024-09-17 17:00:00+00:00,229.02,230.02,227.31,560,228.95,49181,228.976395
2024-09-17 18:00:00+00:00,227.195,229.16,226.6,560,229.12,36741,227.805164
2024-09-17 19:00:00+00:00,227.575,228.41,227.02,979,227.37,59649,227.835098
2024-09-18 13:00:00+00:00,229.06,231.67,227.295,847,230.06,55969,228.803299
2024-09-18 14:00:00+00:00,229.2,229.97,227.685,507,228.995,39203,229.007703
2024-09-18 15:00:00+00:00,227.575,229.64,227.575,425,229.375,35252,228.345783
2024-09-18 16:00:00+00:00,230.025,230.025,226.93,377,227.4,29441,228.550124
2024-09-18 17:00:00+00:00,230.515,230.86,229.41,630,230.02,47105,230.11636
2024-09-18 18:00:00+00:00,231.97,235.625,229.75,1561,230.15,137636,233.103955
2024-09-18 19:00:00+00:00,227.12,231.71,227.005,1586,231.41,131646,229.255795
2024-09-19 12:00:00+00:00,234.11,234.11,234.11,2,234.11,282,234.11
2024-09-19 13:00:00+00:00,236.9,237.47,232.3,2452,234.02,190005,235.605297
2024-09-19 14:00:00+00:00,239.18,240.18,236.93,2995,237.11,223644,238.857162
2024-09-19 15:00:00+00:00,242.08,243.62,238.935,2514,239.0,203714,241.893556
2024-09-19 16:00:00+00:00,242.66,243.15,241.785,1271,242.09,103338,242.394236
2024-09-19 17:00:00+00:00,243.66,243.99,242.14,1336,242.705,93637,243.327733
2024-09-19 18:00:00+00:00,242.89,244.24,242.15,1566,243.63,107845,243.404321
2024-09-19 19:00:00+00:00,243.92,244.0,241.79,2530,242.8,202699,243.003466
2024-09-20 13:00:00+00:00,239.39,243.94,238.75,1920,243.24,153926,240.782106
2024-09-20 14:00:00+00:00,238.12,240.15,237.57,2541,239.59,207073,238.88104
2024-09-20 15:00:00+00:00,239.695,240.335,235.93,2405,238.01,175999,238.231545
2024-09-20 16:00:00+00:00,238.76,240.7,238.65,1445,239.82,103847,239.625307
2024-09-20 17:00:00+00:00,238.45,239.35,238.01,1107,239.04,70725,238.633114
2024-09-20 18:00:00+00:00,238.595,238.65,237.48,1285,238.36,80380,237.991296
2024-09-20 19:00:00+00:00,238.33,240.58,237.97,2442,238.56,151921,239.198296
2024-09-23 12:00:00+00:00,242.6,242.6,242.6,1,242.6,100,242.6
2024-09-23 13:00:00+00:00,247.0,247.93,241.98,1527,242.535,134404,245.82463
2024-09-23 14:00:00+00:00,248.46,249.355,245.97,1587,246.97,122469,247.831513
2024-09-23 15:00:00+00:00,249.63,250.0,247.42,1222,248.47,91843,248.639802
2024-09-23 16:00:00+00:00,248.51,249.695,247.33,931,249.65,62427,248.407831
2024-09-23 17:00:00+00:00,248.69,248.75,247.47,521,248.35,35727,248.033444
2024-09-23 18:00:00+00:00,248.85,249.39,248.51,779,248.92,54516,248.987509
2024-09-23 19:00:00+00:00,249.99,250.0,248.275,1593,248.84,151832,249.474082
2024-09-24 12:00:00+00:00,254.5,254.5,254.5,3,254.5,250,254.5
2024-09-24 13:00:00+00:00,256.3,257.07,251.32,2444,254.08,192370,254.877559
2024-09-24 14:00:00+00:00,253.15,256.02,249.3,4034,255.98,293959,252.221499
2024-09-24 15:00:00+00:00,251.94,254.295,251.49,2371,253.17,169035,252.98159
2024-09-24 16:00:00+00:00,251.49,253.2,251.23,1173,252.19,78723,252.250198
2024-09-24 17:00:00+00:00,252.55,252.75,251.42,859,251.47,63551,252.346149
2024-09-24 18:00:00+00:00,252.77,253.13,251.8,984,252.575,74769,252.661756
2024-09-24 19:00:00+00:00,254.27,254.54,252.42,1606,252.81,106273,253.552573
2024-09-24 20:00:00+00:00,254.7,255.1,254.34,8,254.46,612,254.633333
2024-09-25 13:00:00+00:00,255.45,256.31,252.32,1845,252.625,154231,254.338073
2024-09-25 14:00:00+00:00,255.09,256.39,254.23,2311,255.82,189363,254.986797
2024-09-25 15:00:00+00:00,256.24,256.33,253.96,1378,254.92,85910,255.145862
2024-09-25 16:00:00+00:00,255.17,256.855,254.515,1055,256.24,75258,255.66503
2024-09-25 17:00:00+00:00,255.86,256.305,254.46,1006,254.95,69241,255.559466
2024-09-25 18:00:00+00:00,255.98,256.39,255.12,634,256.03,52550,255.967326
2024-09-25 19:00:00+00:00,257.0,257.01,255.88,1594,255.965,96060,256.457693
2024-09-26 12:00:00+00:00,262.0,262.0,262.0,1,262.0,100,262.0
2024-09-26 13:00:00+00:00,260.07,261.55,258.37,1215,260.62,98933,259.7378
2024-09-26 14:00:00+00:00,251.97,260.4,251.59,2517,260.185,177355,256.416061
2024-09-26 15:00:00+00:00,255.51,255.72,251.63,1268,251.63,81637,253.787058
2024-09-26 16:00:00+00:00,253.98,255.8,253.82,939,255.14,45509,254.86138
2024-09-26 17:00:00+00:00,253.56,254.485,252.43,925,253.765,51123,253.331813
2024-09-26 18:00:00+00:00,253.755,254.72,253.565,1121,253.565,66094,254.068882
2024-09-26 19:00:00+00:00,254.125,254.34,252.69,1574,253.63,94751,253.667728
2024-09-26 20:00:00+00:00,254.4,254.4,254.03,2,254.03,200,254.215
2024-09-27 13:00:00+00:00,256.77,259.35,255.65,803,257.33,65848,257.788252
2024-09-27 14:00:00+00:00,256.01,257.18,254.29,950,256.825,61633,255.64867
2024-09-27 15:00:00+00:00,258.56,259.27,255.105,1088,255.87,76237,257.170591
2024-09-27 16:00:00+00:00,258.84,259.84,257.88,1248,258.68,85255,258.847211
2024-09-27 17:00:00+00:00,260.13,260.25,258.21,713,259.005,46940,259.402047
2024-09-27 18:00:00+00:00,259.79,260.29,258.22,832,260.07,50427,259.433281
2024-09-27 19:00:00+00:00,260.44,260.675,259.22,1955,259.3,123563,260.201702
2024-09-27 20:00:00+00:00,260.39,260.39,260.39,1,260.39,100,260.39
2024-09-30 13:00:00+00:00,262.99,264.74,258.36,1504,259.055,120150,262.65956
2024-09-30 14:00:00+00:00,257.6,264.27,256.95,3367,262.92,219418,259.860457
2024-09-30 15:00:00+00:00,259.71,260.33,256.93,1605,257.45,111323,258.607243
2024-09-30 16:00:00+00:00,259.505,261.415,259.42,935,260.38,59002,260.539246
2024-09-30 17:00:00+00:00,260.08,260.195,258.36,824,259.385,50199,259.150822
2024-09-30 18:00:00+00:00,258.29,260.25,255.92,1395,260.25,117244,257.736326
2024-09-30 19:00:00+00:00,261.68,261.85,257.81,2052,258.125,148883,259.82943
2024-10-01 13:00:00+00:00,256.42,263.95,256.04,909,262.73,66312,259.354006
2024-10-01 14:00:00+00:00,253.105,257.49,248.745,2000,256.255,141900,252.503022
2024-10-01 15:00:00+00:00,252.5,253.91,250.305,974,253.155,62069,252.205331
2024-10-01 16:00:00+00:00,255.0,255.71,252.32,761,252.45,51913,254.39486
2024-10-01 17:00:00+00:00,256.4,256.76,252.39,696,254.77,42258,254.432705
2024-10-01 18:00:00+00:00,258.51,259.08,256.51,871,256.51,56060,258.034392
2024-10-01 19:00:00+00:00,258.01,258.95,256.645,1121,258.47,71482,257.796265
2024-10-02 13:00:00+00:00,242.1,253.12,241.55,2255,253.12,211495,246.097798
2024-10-02 14:00:00+00:00,244.73,246.05,242.19,1992,242.27,189110,243.95556
2024-10-02 15:00:00+00:00,249.69,249.83,244.76,1504,244.785,123006,248.221359
2024-10-02 16:00:00+00:00,247.29,251.1,247.26,1003,250.0,67068,249.1768
2024-10-02 17:00:00+00:00,248.51,248.72,247.27,572,247.27,38144,248.044584
2024-10-02 18:00:00+00:00,249.37,249.94,248.21,791,248.485,50869,249.24218
2024-10-02 19:00:00+00:00,249.1,250.01,247.91,1476,249.23,93918,249.144487
2024-10-03 13:00:00+00:00,247.175,249.73,244.48,1055,244.48,81963,247.219629
2024-10-03 14:00:00+00:00,243.685,249.025,243.38,1101,247.13,77969,246.323484
2024-10-03 15:00:00+00:00,244.21,244.53,242.78,911,243.765,58940,243.656838
2024-10-03 16:00:00+00:00,239.74,244.26,239.67,905,244.18,68109,242.032747
2024-10-03 17:00:00+00:00,238.9,241.23,238.45,1121,239.52,105919,239.472777
2024-10-03 18:00:00+00:00,239.315,239.87,237.93,1226,238.91,102040,239.024008
2024-10-03 19:00:00+00:00,240.7,241.075,238.81,1280,239.25,88548,239.868418
2024-10-04 13:00:00+00:00,247.04,249.74,246.01,1424,246.01,146108,248.178495
2024-10-04 14:00:00+00:00,249.985,250.125,244.61,2428,246.87,129334,247.910674
2024-10-04 15:00:00+00:00,247.04,250.91,244.7,1763,250.06,142203,247.524029
2024-10-04 16:00:00+00:00,248.43,248.73,246.14,645,247.16,47623,247.458725
2024-10-04 17:00:00+00:00,248.82,249.795,248.12,673,248.495,41278,248.921624
2024-10-04 18:00:00+00:00,249.12,249.525,248.31,592,248.89,34842,249.037067
2024-10-04 19:00:00+00:00,250.035,250.275,248.63,1802,249.045,128538,249.867304
2024-10-07 13:00:00+00:00,245.95,249.575,244.93,789,249.05,62233,247.003563
2024-10-07 14:00:00+00:00,244.19,247.8,243.94,916,245.825,59226,245.502694
2024-10-07 15:00:00+00:00,245.03,245.03,242.6,878,244.125,57323,243.659526
2024-10-07 16:00:00+00:00,245.15,245.54,244.41,545,244.89,31649,244.87329
2024-10-07 17:00:00+00:00,243.865,245.195,243.51,651,245.06,46006,244.19513
2024-10-07 18:00:00+00:00,241.12,244.04,241.02,1052,244.005,73332,242.511917
2024-10-07 19:00:00+00:00,240.85,242.365,240.745,1686,241.205,123250,241.527651
2024-10-07 20:00:00+00:00,240.85,241.04,240.85,3,241.04,300,240.923333
2024-10-08 13:00:00+00:00,242.41,246.2,240.65,1433,243.715,145231,243.566227
2024-10-08 14:00:00+00:00,243.45,245.39,242.32,1606,242.69,108209,243.895997
2024-10-08 15:00:00+00:00,245.37,245.6,242.71,1209,243.51,90118,244.122783
2024-10-08 16:00:00+00:00,245.61,245.67,244.08,1010,245.49,70543,245.121515
2024-10-08 17:00:00+00:00,245.105,245.6,244.18,810,245.535,60604,244.761378
2024-10-08 18:00:00+00:00,245.22,245.3,244.09,790,245.02,57034,244.831755
2024-10-08 19:00:00+00:00,244.47,245.44,244.3,1456,245.18,101541,244.911698
2024-10-09 13:00:00+00:00,241.785,244.59,239.52,1607,243.46,139616,241.885851
2024-10-09 14:00:00+00:00,245.95,247.395,241.795,2445,241.9,182575,245.470158
2024-10-09 15:00:00+00:00,244.795,246.26,243.7,1558,245.89,102261,244.683739
2024-10-09 16:00:00+00:00,244.85,245.425,242.89,1209,244.665,93885,244.10113
2024-10-09 17:00:00+00:00,243.67,245.37,243.14,924,244.7,75698,243.93941
2024-10-09 18:00:00+00:00,241.62,243.95,241.29,1523,243.36,120533,242.373981
2024-10-09 19:00:00+00:00,241.02,242.23,241.02,1803,241.635,130976,241.588881
2024-10-10 12:00:00+00:00,242.13,242.13,242.07,2,242.07,200,242.1
2024-10-10 13:00:00+00:00,234.96,242.48,232.4,3705,242.48,314697,236.672003
2024-10-10 14:00:00+00:00,238.305,239.48,234.19,1265,234.9,88401,237.049358
2024-10-10 15:00:00+00:00,240.94,241.17,237.83,1069,238.14,82764,239.184244
2024-10-10 16:00:00+00:00,241.14,242.055,240.355,782,240.92,64725,241.157487
2024-10-10 17:00:00+00:00,241.345,242.75,240.145,783,241.12,54231,241.629629
2024-10-10 18:00:00+00:00,242.02,242.41,240.465,1347,241.42,61416,241.508302
2024-10-10 19:00:00+00:00,238.7,241.98,238.28,2612,241.98,153729,240.078779
2024-10-11 13:00:00+00:00,218.72,221.0,214.52,5642,220.05,517946,218.228938
2024-10-11 14:00:00+00:00,220.19,223.275,217.285,3497,217.8,284201,220.661166
2024-10-11 15:00:00+00:00,220.185,221.275,218.5,1925,220.225,149888,219.922352
2024-10-11 16:00:00+00:00,220.375,220.78,219.575,1661,220.2,167670,220.197371
2024-10-11 17:00:00+00:00,219.35,220.44,219.065,1458,220.36,122377,219.810766
2024-10-11 18:00:00+00:00,218.89,219.63,218.45,1585,219.28,133604,218.987017
2024-10-11 19:00:00+00:00,217.76,219.14,217.28,3113,218.89,249464,218.10962
2024-10-14 13:00:00+00:00,217.82,221.875,217.31,3309,220.135,279332,219.081178
2024-10-14 14:00:00+00:00,219.805,219.97,213.755,4868,217.91,384229,216.430198
2024-10-14 15:00:00+00:00,219.39,219.925,218.23,1964,219.735,130982,219.226752
2024-10-14 16:00:00+00:00,219.71,220.32,218.79,1359,219.545,86532,219.664479
2024-10-14 17:00:00+00:00,219.93,220.155,219.045,933,219.65,56681,219.633577
2024-10-14 18:00:00+00:00,218.86,219.945,218.86,1177,219.93,111671,219.397869
2024-10-14 19:00:00+00:00,219.16,219.59,218.365,2723,218.82,247869,219.123855
2024-10-14 20:00:00+00:00,219.12,219.12,219.12,4,219.12,248,219.12
2024-10-15 12:00:00+00:00,219.44,219.44,219.44,1,219.44,100,219.44
2024-10-15 13:00:00+00:00,221.54,224.26,219.51,1733,220.08,130413,222.386598
2024-10-15 14:00:00+00:00,219.19,222.23,217.2,2932,221.52,187456,219.858072
2024-10-15 15:00:00+00:00,219.4,220.66,218.74,1224,219.17,85464,219.724692
2024-10-15 16:00:00+00:00,220.375,221.25,219.57,1175,219.57,83546,220.573872
2024-10-15 17:00:00+00:00,220.19,220.9,219.66,908,220.49,63340,220.121509
2024-10-15 18:00:00+00:00,219.72,220.58,219.63,792,220.18,46385,220.176936
2024-10-15 19:00:00+00:00,219.575,219.84,218.775,1838,219.77,127477,219.352822
2024-10-16 12:00:00+00:00,220.9,220.9,220.9,1,220.9,200,220.9
2024-10-16 13:00:00+00:00,219.87,222.79,219.02,1027,221.41,85395,220.799169
2024-10-16 14:00:00+00:00,220.26,222.51,219.5,936,219.88,66389,220.885892
2024-10-16 15:00:00+00:00,220.04,220.87,219.18,855,220.28,59494,220.110824
2024-10-16 16:00:00+00:00,220.63,221.28,219.98,610,219.98,41214,220.601763
2024-10-16 17:00:00+00:00,221.16,221.4,220.41,576,220.8,42851,220.94018
2024-10-16 18:00:00+00:00,221.755,221.93,220.875,835,221.12,65176,221.546028
2024-10-16 19:00:00+00:00,221.32,222.12,221.15,937,221.79,66418,221.507148
2024-10-17 13:00:00+00:00,219.93,221.52,218.3,1497,221.44,123857,219.704397
2024-10-17 14:00:00+00:00,219.87,220.61,217.94,1740,219.955,127562,219.541719
2024-10-17 15:00:00+00:00,219.79,220.46,219.3,1401,219.79,148022,219.694308
2024-10-17 16:00:00+00:00,219.69,220.18,219.1,751,219.85,47157,219.70047
2024-10-17 17:00:00+00:00,221.6,222.07,219.6,1255,219.89,72184,221.013582
2024-10-17 18:00:00+00:00,220.61,221.59,219.9,703,221.59,42026,220.483336
2024-10-17 19:00:00+00:00,220.88,221.055,219.71,1343,220.54,88978,220.546684
2024-10-18 13:00:00+00:00,220.805,221.75,219.24,736,220.67,47947,220.647312
2024-10-18 14:00:00+00:00,221.6,222.27,219.665,1409,220.92,105543,220.8237
2024-10-18 15:00:00+00:00,220.73,222.08,220.66,805,221.56,53223,221.524141
2024-10-18 16:00:00+00:00,221.31,221.54,220.67,685,220.71,34534,221.174096
2024-10-18 17:00:00+00:00,221.28,221.52,220.86,660,221.11,33120,221.230356
2024-10-18 18:00:00+00:00,221.88,222.15,220.99,791,221.235,45363,221.688984
2024-10-18 19:00:00+00:00,220.69,221.92,220.49,1026,221.825,63547,221.08054
2024-10-21 13:00:00+00:00,218.965,219.59,215.74,1633,218.86,161511,218.02393
2024-10-21 14:00:00+00:00,219.35,220.46,217.9,1790,219.01,112015,219.428925
2024-10-21 15:00:00+00:00,218.95,219.25,217.55,1346,219.13,91202,218.274266
2024-10-21 16:00:00+00:00,218.14,219.0,217.86,875,218.99,42315,218.455972
2024-10-21 17:00:00+00:00,217.78,218.385,217.68,574,218.29,31997,218.034548
2024-10-21 18:00:00+00:00,217.67,218.09,216.96,984,217.79,59787,217.495394
2024-10-21 19:00:00+00:00,218.9,218.96,217.52,1561,217.6,87044,218.366357
2024-10-22 13:00:00+00:00,217.2,217.775,215.875,1111,217.31,84385,216.865604
2024-10-22 14:00:00+00:00,216.89,217.675,216.1,1532,217.39,118949,216.912651
2024-10-22 15:00:00+00:00,215.9,217.385,215.61,1362,216.885,91337,216.235481
2024-10-22 16:00:00+00:00,216.615,216.78,215.31,1315,215.92,131981,215.826945
2024-10-22 17:00:00+00:00,217.4,217.45,216.36,1044,216.67,71731,216.844398
2024-10-22 18:00:00+00:00,217.1,218.06,217.0,1115,217.34,95640,217.480431
2024-10-22 19:00:00+00:00,217.96,218.2,217.03,1520,217.075,96523,217.834598
2024-10-23 13:00:00+00:00,217.265,218.645,216.73,1303,216.88,76390,217.712682
2024-10-23 14:00:00+00:00,216.015,217.25,215.4,1531,217.225,98223,216.076178
2024-10-23 15:00:00+00:00,215.74,216.32,214.76,1766,215.88,126228,215.348063
2024-10-23 16:00:00+00:00,214.25,215.76,214.09,1176,215.76,94848,214.932256
2024-10-23 17:00:00+00:00,212.535,214.21,212.28,1992,214.18,127185,213.130229
2024-10-23 18:00:00+00:00,213.895,213.95,212.14,1259,212.47,82179,213.079442
2024-10-23 19:00:00+00:00,213.74,214.72,213.08,2152,213.85,188247,213.969605
2024-10-23 20:00:00+00:00,233.5,233.5,224.0,47,224.6,3570,226.863263
2024-10-24 12:00:00+00:00,244.02,244.02,243.86,2,243.86,200,243.94
2024-10-24 13:00:00+00:00,249.32,251.055,242.72,8814,244.94,829572,247.54503
2024-10-24 14:00:00+00:00,250.35,250.835,247.11,6350,249.49,459004,249.182036
2024-10-24 15:00:00+00:00,253.98,254.92,250.245,4892,250.245,367075,252.95392
2024-10-24 16:00:00+00:00,256.09,256.5,252.31,3119,253.99,230927,254.673151
2024-10-24 17:00:00+00:00,257.685,258.64,255.91,3104,256.075,201749,257.442662
2024-10-24 18:00:00+00:00,259.37,259.74,257.41,2705,257.73,174707,258.242857
2024-10-24 19:00:00+00:00,260.48,262.09,258.965,5239,259.32,395412,260.573191
2024-10-24 20:00:00+00:00,258.62,259.93,258.42,8,259.93,700,259.306667
2024-10-25 13:00:00+00:00,269.15,269.43,255.34,5957,255.91,528198,263.934478
2024-10-25 14:00:00+00:00,263.79,269.23,260.945,4563,269.16,398014,266.171136
2024-10-25 15:00:00+00:00,266.025,268.4,263.13,3712,263.44,281880,266.332239
2024-10-25 16:00:00+00:00,267.89,269.11,265.88,2306,266.03,185722,267.723167
2024-10-25 17:00:00+00:00,267.06,268.575,265.63,2215,267.835,172984,267.218849
2024-10-25 18:00:00+00:00,266.61,267.35,264.63,2770,267.1,216191,266.003822
2024-10-25 19:00:00+00:00,269.16,269.485,265.915,4336,266.58,350069,267.919104
2024-10-25 20:00:00+00:00,268.72,269.2,268.5,42,269.2,3829,268.820208
2024-10-28 13:00:00+00:00,267.44,270.89,266.03,2128,269.965,130422,268.182218
2024-10-28 14:00:00+00:00,271.52,273.49,267.535,2880,267.535,195472,271.149755
2024-10-28 15:00:00+00:00,269.39,272.76,269.39,1551,271.47,101869,271.388789
2024-10-28 16:00:00+00:00,268.22,270.715,267.77,1830,269.41,140760,269.393974
2024-10-28 17:00:00+00:00,268.67,269.675,267.95,1033,268.01,58811,268.896686
2024-10-28 18:00:00+00:00,265.85,268.665,265.05,2282,268.56,114454,266.771258
2024-10-28 19:00:00+00:00,262.495,266.2,262.3,3003,265.71,196007,263.751864
2024-10-28 20:00:00+00:00,261.55,262.4,261.29,35,262.09,2976,261.69
2024-10-29 13:00:00+00:00,259.48,264.94,259.05,2255,264.64,162361,262.414286
2024-10-29 14:00:00+00:00,258.525,262.94,258.315,2406,259.86,169286,260.635353
2024-10-29 15:00:00+00:00,258.605,259.97,257.47,1774,258.51,119700,258.831078
2024-10-29 16:00:00+00:00,256.18,258.935,255.545,1788,258.61,120589,256.887799
2024-10-29 17:00:00+00:00,258.65,259.57,256.14,1146,256.14,75158,258.344573
2024-10-29 18:00:00+00:00,258.72,259.72,257.75,967,258.6,53358,258.890435
2024-10-29 19:00:00+00:00,259.5,259.83,258.065,1952,258.79,133218,259.235398
2024-10-29 20:00:00+00:00,258.6,258.63,258.6,4,258.63,997,258.604657
2024-10-30 13:00:00+00:00,257.64,260.635,255.9,1175,257.99,85372,257.970251
2024-10-30 14:00:00+00:00,262.06,262.77,257.59,2268,257.67,138080,260.712218
2024-10-30 15:00:00+00:00,262.02,263.35,260.6,1512,261.9,93497,262.143353
2024-10-30 16:00:00+00:00,261.55,262.12,260.53,1203,261.85,83445,261.438398
2024-10-30 17:00:00+00:00,261.58,262.93,260.89,1221,261.36,89328,262.023579
2024-10-30 18:00:00+00:00,261.93,262.64,261.51,934,261.57,63882,261.944246
2024-10-30 19:00:00+00:00,257.595,261.8,257.39,2444,261.75,148801,259.221786
2024-10-31 13:00:00+00:00,253.31,259.65,252.81,946,258.13,60166,256.257617
2024-10-31 14:00:00+00:00,252.39,256.05,252.1,1702,253.19,112928,254.064481
2024-10-31 15:00:00+00:00,252.62,252.62,250.7,1465,252.26,95709,251.623109
2024-10-31 16:00:00+00:00,252.23,253.27,252.06,1087,252.79,64104,252.667128
2024-10-31 17:00:00+00:00,251.8,253.605,251.42,736,252.18,45790,252.337127
2024-10-31 18:00:00+00:00,250.32,251.98,249.31,1660,251.825,124150,250.313784
2024-10-31 19:00:00+00:00,249.82,251.435,249.44,2249,250.62,163452,250.365029
2024-11-01 12:00:00+00:00,251.9,251.9,251.9,3,251.9,200,251.9
2024-11-01 13:00:00+00:00,250.87,254.0,249.9,1277,251.93,86878,252.051715
2024-11-01 14:00:00+00:00,252.37,252.94,249.82,1582,250.94,110425,251.658012
2024-11-01 15:00:00+00:00,250.26,253.45,250.12,1239,252.335,76712,252.185672
2024-11-01 16:00:00+00:00,246.98,251.045,246.87,1387,250.25,91952,248.831498
2024-11-01 17:00:00+00:00,246.9,248.68,246.65,1062,246.9,73607,247.525324
2024-11-01 18:00:00+00:00,248.1,248.38,246.84,944,246.86,60684,247.703396
2024-11-01 19:00:00+00:00,248.85,249.5,247.71,2000,248.0,161637,248.799089
2024-11-04 14:00:00+00:00,243.61,245.29,238.955,1944,244.55,146302,241.83153
2024-11-04 15:00:00+00:00,248.02,248.505,242.45,1967,243.63,154128,246.210601
2024-11-04 16:00:00+00:00,245.1,248.84,244.0,1393,248.34,101427,246.052488
2024-11-04 17:00:00+00:00,245.06,245.48,243.42,709,245.12,41798,244.545098
2024-11-04 18:00:00+00:00,244.08,245.465,244.08,1262,245.07,61235,244.783604
2024-11-04 19:00:00+00:00,244.3,244.75,243.55,791,244.19,40444,244.214245
2024-11-04 20:00:00+00:00,242.91,244.59,241.89,1979,244.29,137933,243.008678
2024-11-05 14:00:00+00:00,251.05,253.18,246.36,1429,247.4,113522,250.646579
2024-11-05 15:00:00+00:00,250.97,253.49,250.28,1988,251.55,144073,251.540143
2024-11-05 16:00:00+00:00,253.08,253.68,250.48,1418,250.83,78832,252.431955
2024-11-05 17:00:00+00:00,254.45,254.9,252.44,1281,253.04,84116,253.761119
2024-11-05 18:00:00+00:00,254.875,255.155,253.5,1079,254.465,66063,254.341447
2024-11-05 19:00:00+00:00,251.82,255.19,251.65,1137,254.985,69845,253.544841
2024-11-05 20:00:00+00:00,251.44,253.17,250.85,2441,251.68,154813,252.032383
2024-11-05 21:00:00+00:00,251.3,251.3,251.3,1,251.3,100,251.3
2024-11-06 14:00:00+00:00,278.85,289.56,275.81,8425,281.14,745386,284.567643
2024-11-06 15:00:00+00:00,283.57,284.6,276.56,5136,279.015,351510,280.790397
2024-11-06 16:00:00+00:00,286.26,286.29,282.75,3167,283.44,189166,284.607301
2024-11-06 17:00:00+00:00,287.22,287.49,285.94,1892,286.03,127126,286.753659
2024-11-06 18:00:00+00:00,287.435,289.33,287.02,2582,287.2,185582,288.4137
2024-11-06 19:00:00+00:00,288.89,288.97,284.81,2447,287.4,162033,287.138718
2024-11-06 20:00:00+00:00,288.56,289.41,287.845,4819,288.78,377153,288.746401
2024-11-06 21:00:00+00:00,287.97,287.97,287.97,1,287.97,100,287.97
2024-11-07 14:00:00+00:00,291.36,291.37,285.64,3283,289.045,228010,288.267963
2024-11-07 15:00:00+00:00,297.61,298.33,290.7,4943,291.41,362737,294.983915
2024-11-07 16:00:00+00:00,298.97,299.72,296.645,3257,297.71,204282,297.953146
2024-11-07 17:00:00+00:00,298.7,299.13,297.25,1598,298.93,95333,298.239077
2024-11-07 18:00:00+00:00,298.045,298.71,295.49,2031,298.65,116977,296.867659
2024-11-07 19:00:00+00:00,297.9,298.975,296.31,2312,298.09,147681,297.819032
2024-11-07 20:00:00+00:00,297.01,299.61,296.69,3740,297.67,250189,298.115891
2024-11-08 14:00:00+00:00,308.455,308.455,297.715,3579,299.14,258693,304.328798
2024-11-08 15:00:00+00:00,313.44,319.42,307.33,8485,308.38,572588,313.099935
2024-11-08 16:00:00+00:00,317.95,318.715,312.03,3539,312.83,237588,316.018291
2024-11-08 17:00:00+00:00,317.555,318.95,315.96,2615,317.93,172055,317.560648
2024-11-08 18:00:00+00:00,324.84,325.65,317.17,4039,317.44,287949,322.307174
2024-11-08 19:00:00+00:00,322.91,328.59,321.155,4633,324.98,331160,325.40346
2024-11-08 20:00:00+00:00,321.175,323.55,316.75,5014,323.12,342189,320.171727
2024-11-08 21:00:00+00:00,322.5,322.88,319.8,19,321.15,1774,321.412353
2024-11-11 13:00:00+00:00,342.42,343.66,341.68,16,343.23,1433,342.456429
2024-11-11 14:00:00+00:00,344.93,350.7,341.0,7853,342.06,526087,345.504087
2024-11-11 15:00:00+00:00,349.21,349.38,336.56,6783,344.12,421138,343.413199
2024-11-11 16:00:00+00:00,345.67,358.56,342.99,5984,349.15,398359,352.03125
2024-11-11 17:00:00+00:00,341.82,348.37,339.59,3041,346.17,159119,344.411921
2024-11-11 18:00:00+00:00,347.58,347.75,336.02,3870,341.81,244392,342.86269
2024-11-11 19:00:00+00:00,344.05,349.89,342.2,2782,347.48,179795,347.011437
2024-11-11 20:00:00+00:00,350.315,350.75,342.93,4080,343.74,243393,347.450922
2024-11-11 21:00:00+00:00,352.89,354.23,349.5,49,349.5,4575,351.605227
2024-11-12 13:00:00+00:00,340.24,340.24,340.24,1,340.24,100,340.24
2024-11-12 14:00:00+00:00,340.2,345.62,335.47,3704,341.39,269311,340.791018
2024-11-12 15:00:00+00:00,341.09,345.41,336.0,3588,340.0,390511,341.702136
2024-11-12 16:00:00+00:00,336.89,341.85,336.6,2283,340.94,116802,338.969245
2024-11-12 17:00:00+00:00,328.34,337.76,328.25,3068,336.675,176075,332.516153
2024-11-12 18:00:00+00:00,331.88,332.64,323.39,3120,328.12,161971,327.9942
2024-11-12 19:00:00+00:00,331.59,333.99,327.5,2795,331.43,168234,330.825909
2024-11-12 20:00:00+00:00,328.54,332.69,326.17,4066,331.755,251469,328.794383
2024-11-13 14:00:00+00:00,336.58,344.48,334.92,2045,335.935,124201,340.066102
2024-11-13 15:00:00+00:00,324.76,336.5,324.67,3172,336.5,187323,330.011603
2024-11-13 16:00:00+00:00,331.35,331.47,322.6,2244,324.86,140798,327.707841
2024-11-13 17:00:00+00:00,329.715,333.69,328.095,1958,331.18,108766,331.671762
2024-11-13 18:00:00+00:00,329.87,330.615,327.35,1258,329.94,64993,329.333275
2024-11-13 19:00:00+00:00,326.01,329.825,324.985,1386,329.59,72284,327.156626
2024-11-13 20:00:00+00:00,330.29,332.24,324.25,3005,325.9,191139,329.301748
2024-11-13 21:00:00+00:00,330.75,330.99,330.3,5,330.3,500,330.658
2024-11-14 14:00:00+00:00,320.925,329.92,320.925,2028,327.81,108711,325.645952
2024-11-14 15:00:00+00:00,317.97,323.9,316.38,2473,320.86,138032,319.388627
2024-11-14 16:00:00+00:00,322.92,323.32,317.0,2407,317.94,186098,320.512003
2024-11-14 17:00:00+00:00,317.92,323.105,314.64,2418,323.105,151414,318.066329
2024-11-14 18:00:00+00:00,312.2,319.35,311.6,3348,317.68,140234,314.663495
2024-11-14 19:00:00+00:00,313.87,314.69,310.39,2854,312.1,170852,312.371702
2024-11-14 20:00:00+00:00,311.08,316.24,310.43,3710,313.855,221579,312.503003
2024-11-14 21:00:00+00:00,308.98,308.98,308.98,1,308.98,100,308.98
2024-11-15 14:00:00+00:00,318.14,320.08,309.33,2404,310.85,150774,315.125137
2024-11-15 15:00:00+00:00,316.225,320.55,312.54,2678,317.975,170233,316.75844
2024-11-15 16:00:00+00:00,320.395,324.63,315.995,2867,316.1,195900,321.758327
2024-11-15 17:00:00+00:00,318.74,321.58,317.54,1805,320.395,120757,319.712067
2024-11-15 18:00:00+00:00,317.57,320.12,316.5,1528,318.56,96173,318.131344
2024-11-15 19:00:00+00:00,319.95,320.07,317.05,1721,317.75,105858,319.03364
2024-11-15 20:00:00+00:00,320.95,322.04,318.655,2853,319.985,169499,320.271465
2024-11-18 14:00:00+00:00,343.02,345.2,335.12,4584,340.725,353273,341.679473
2024-11-18 15:00:00+00:00,345.27,348.49,342.3,4037,342.585,242652,346.361945
2024-11-18 16:00:00+00:00,342.8,346.27,340.2,3324,345.31,154641,343.046284
2024-11-18 17:00:00+00:00,340.21,344.51,337.82,2632,342.725,141531,341.591247
2024-11-18 18:00:00+00:00,337.19,340.17,334.37,2815,340.17,125868,337.386685
2024-11-18 19:00:00+00:00,332.61,337.31,330.01,2989,337.28,130727,332.364373
2024-11-18 20:00:00+00:00,338.71,339.49,332.46,3620,332.47,176557,336.663155
2024-11-19 14:00:00+00:00,337.21,338.84,332.99,1577,335.765,97930,336.654603
2024-11-19 15:00:00+00:00,341.91,347.31,336.61,3882,337.57,257649,342.866809
2024-11-19 16:00:00+00:00,345.43,346.3,341.94,2634,342.05,175466,344.154101
2024-11-19 17:00:00+00:00,345.025,346.7,343.32,2180,345.63,115142,344.820534
2024-11-19 18:00:00+00:00,345.56,346.33,344.215,1562,344.945,62612,345.302942
2024-11-19 19:00:00+00:00,343.81,345.75,341.03,2360,345.645,107348,343.228976
2024-11-19 20:00:00+00:00,345.88,346.36,342.75,2892,343.735,131954,344.995406
2024-11-20 14:00:00+00:00,341.1,346.58,339.33,2014,345.05,100445,342.637478
2024-11-20 15:00:00+00:00,339.21,343.29,335.95,1948,341.465,106171,339.054499
2024-11-20 16:00:00+00:00,338.26,339.8,334.33,1631,338.99,86685,336.961008
2024-11-20 17:00:00+00:00,337.24,339.22,335.93,1285,338.32,66053,337.701223
2024-11-20 18:00:00+00:00,338.57,341.11,337.59,1479,337.84,67254,339.45456
2024-11-20 19:00:00+00:00,339.18,340.16,337.445,951,338.235,36504,338.669145
2024-11-20 20:00:00+00:00,342.07,342.68,339.11,2631,339.11,141164,341.462568
2024-11-21 14:00:00+00:00,345.01,347.87,338.82,1250,343.825,81027,344.339392
2024-11-21 15:00:00+00:00,340.88,345.2,335.34,1571,344.98,110925,340.660855
2024-11-21 16:00:00+00:00,340.685,342.25,338.89,1068,341.335,69269,341.061728
2024-11-21 17:00:00+00:00,342.76,344.6,340.2,1153,340.755,85149,343.418616
2024-11-21 18:00:00+00:00,343.005,344.08,342.29,1003,343.24,76936,343.175059
2024-11-21 19:00:00+00:00,340.38,343.1,339.98,946,343.0,55176,340.858602
2024-11-21 20:00:00+00:00,339.69,341.29,338.225,1508,340.52,80686,339.938315
2024-11-22 14:00:00+00:00,342.38,343.54,337.8,1046,340.99,65044,340.656106
2024-11-22 15:00:00+00:00,355.27,355.46,341.44,2330,342.39,141755,348.505455
2024-11-22 16:00:00+00:00,352.9,356.54,351.46,2077,355.155,125124,353.940397
2024-11-22 17:00:00+00:00,354.87,355.73,352.33,1049,352.86,56359,353.889805
2024-11-22 18:00:00+00:00,354.04,354.96,350.825,1079,354.5,68912,352.892147
2024-11-22 19:00:00+00:00,353.7,354.73,352.89,962,354.02,56600,353.928054
2024-11-22 20:00:00+00:00,352.67,353.76,351.56,2436,353.69,158086,352.563532
2024-11-25 14:00:00+00:00,353.135,361.81,349.31,2288,360.495,145896,357.243293
2024-11-25 15:00:00+00:00,351.585,353.97,347.92,1880,353.16,106838,350.791411
2024-11-25 16:00:00+00:00,353.305,354.675,351.44,3092,351.62,112587,353.438012
2024-11-25 17:00:00+00:00,348.955,353.16,345.71,1253,353.04,57428,348.597417
2024-11-25 18:00:00+00:00,347.96,351.25,347.32,1025,348.88,53791,349.331043
2024-11-25 19:00:00+00:00,347.21,348.53,346.2,942,348.01,37778,347.272771
2024-11-25 20:00:00+00:00,338.57,347.45,338.2,2621,347.14,194019,341.45761
2024-11-26 14:00:00+00:00,340.55,344.7,338.49,1817,341.08,139426,341.06782
2024-11-26 15:00:00+00:00,342.83,346.96,339.61,1765,341.14,128870,342.98543
2024-11-26 16:00:00+00:00,342.76,343.75,341.42,759,343.03,42396,342.489269
2024-11-26 17:00:00+00:00,344.82,345.03,342.88,707,343.2,24490,343.944391
2024-11-26 18:00:00+00:00,340.27,345.32,339.65,1076,344.97,62221,342.151928
2024-11-26 19:00:00+00:00,339.19,341.15,337.0,1036,340.2,55003,338.632395
2024-11-26 20:00:00+00:00,338.19,339.67,335.69,1870,338.85,100806,337.77959
2024-11-27 14:00:00+00:00,339.48,342.44,336.81,1021,341.88,65232,339.439115
2024-11-27 15:00:00+00:00,330.315,340.09,326.83,2422,339.485,134362,331.911566
2024-11-27 16:00:00+00:00,331.4,333.31,328.945,1059,330.63,47639,331.073601
2024-11-27 17:00:00+00:00,332.87,333.03,329.5,862,331.02,33849,331.009442
2024-11-27 18:00:00+00:00,332.47,333.09,331.55,980,332.31,43324,332.437874
2024-11-27 19:00:00+00:00,332.46,334.36,332.0,927,332.42,37363,333.299323
2024-11-27 20:00:00+00:00,332.92,333.65,332.14,1737,332.61,81557,332.874445
2024-11-29 14:00:00+00:00,338.96,340.17,334.8,979,336.235,49989,337.942456
2024-11-29 15:00:00+00:00,339.28,342.16,338.33,1394,339.095,70181,340.249085
2024-11-29 16:00:00+00:00,340.54,341.12,337.82,1171,339.44,57466,339.38912
2024-11-29 17:00:00+00:00,345.13,345.2,339.4,1986,340.21,112325,342.38304
2024-11-29 18:00:00+00:00,345.46,345.46,345.46,1,345.46,100,345.46
2024-12-02 14:00:00+00:00,354.75,358.7,352.26,1237,352.44,76369,355.540551
2024-12-02 15:00:00+00:00,354.2,357.26,352.45,1500,354.795,84800,354.592739
2024-12-02 16:00:00+00:00,354.93,355.15,351.17,1283,354.21,81218,353.637383
2024-12-02 17:00:00+00:00,358.97,359.33,354.78,875,355.015,44963,356.810477
2024-12-02 18:00:00+00:00,356.98,358.54,355.425,600,358.49,25740,356.618161
2024-12-02 19:00:00+00:00,357.65,357.66,355.815,625,357.02,19523,356.467258
2024-12-02 20:00:00+00:00,356.91,359.98,356.38,1932,357.53,98494,357.829621
2024-12-02 21:00:00+00:00,350.91,357.0,350.77,62,357.0,3537,353.33875
2024-12-03 14:00:00+00:00,352.37,355.65,349.52,1379,351.325,76532,352.926849
2024-12-03 15:00:00+00:00,349.55,354.48,348.28,1633,352.35,96587,351.51727
2024-12-03 16:00:00+00:00,350.87,352.61,349.81,1288,349.81,64833,351.566417
2024-12-03 17:00:00+00:00,350.265,351.52,348.82,1432,350.725,82821,350.003618
2024-12-03 18:00:00+00:00,349.81,351.06,348.5,859,350.24,40615,349.630087
2024-12-03 19:00:00+00:00,349.79,350.24,348.725,838,349.5,47549,349.480168
2024-12-03 20:00:00+00:00,351.39,351.6,348.22,2165,349.85,115113,349.90428
2024-12-04 14:00:00+00:00,351.04,353.26,348.61,1017,353.26,65852,350.79592
2024-12-04 15:00:00+00:00,353.27,354.39,349.75,1370,351.36,72095,352.302055
2024-12-04 16:00:00+00:00,351.96,354.8,351.66,1019,353.295,42469,352.754164
2024-12-04 17:00:00+00:00,352.06,352.45,350.65,732,352.005,25611,351.551483
2024-12-04 18:00:00+00:00,352.915,353.14,351.09,785,352.105,28275,351.896133
2024-12-04 19:00:00+00:00,353.75,354.14,352.52,992,352.95,40558,353.502214
2024-12-04 20:00:00+00:00,357.73,358.09,352.9,2343,353.8,119976,355.727742
2024-12-05 14:00:00+00:00,372.43,374.18,359.64,3636,359.99,261957,368.90908
2024-12-05 15:00:00+00:00,368.395,375.39,368.11,4704,372.58,320167,372.101454
2024-12-05 16:00:00+00:00,369.7,371.855,368.03,2165,368.14,126080,370.168074
2024-12-05 17:00:00+00:00,372.51,372.79,369.29,1087,369.89,50801,370.9931
2024-12-05 18:00:00+00:00,369.26,373.3,368.34,1089,372.58,61866,370.223039
2024-12-05 19:00:00+00:00,372.11,372.38,366.57,1394,369.295,71320,370.619174
2024-12-05 20:00:00+00:00,369.4,372.62,369.01,1797,371.97,98423,370.654228
2024-12-05 21:00:00+00:00,368.82,368.82,368.82,1,368.82,167,368.82
2024-12-06 14:00:00+00:00,373.72,377.46,371.855,1485,377.19,90087,374.490817
2024-12-06 15:00:00+00:00,373.95,375.27,370.89,1248,373.75,57345,373.837266
2024-12-06 16:00:00+00:00,374.93,376.6,373.83,1425,374.05,76853,374.981094
2024-12-06 17:00:00+00:00,374.79,375.13,373.21,1061,374.855,40383,373.929861
2024-12-06 18:00:00+00:00,376.82,377.34,374.86,1301,374.895,91903,376.226802
2024-12-06 19:00:00+00:00,378.94,379.36,375.715,1414,376.805,67460,377.18604
2024-12-06 20:00:00+00:00,389.27,389.43,378.25,4093,378.845,256134,385.205565
2024-12-06 21:00:00+00:00,389.9,389.9,389.7,2,389.7,200,389.8
2024-12-09 14:00:00+00:00,398.29,404.75,393.84,3120,397.61,213387,398.543047
2024-12-09 15:00:00+00:00,383.77,398.98,381.005,2936,398.38,162789,388.447523
2024-12-09 16:00:00+00:00,382.77,384.32,378.22,2145,382.9,119740,381.486435
2024-12-09 17:00:00+00:00,383.16,384.87,380.8,926,382.67,45211,382.252597
2024-12-09 18:00:00+00:00,387.01,387.82,382.32,993,382.68,56559,385.678501
2024-12-09 19:00:00+00:00,384.83,387.815,383.32,765,386.93,31405,385.698547
2024-12-09 20:00:00+00:00,389.99,389.99,382.595,1623,385.06,80777,386.925722
2024-12-10 14:00:00+00:00,400.5,403.22,390.92,2927,392.64,256012,399.442175
2024-12-10 15:00:00+00:00,401.45,407.82,400.39,4010,400.825,265837,404.76803
2024-12-10 16:00:00+00:00,405.98,406.22,398.17,1395,401.38,77473,402.437524
2024-12-10 17:00:00+00:00,407.94,409.035,403.21,1228,405.92,71407,406.441004
2024-12-10 18:00:00+00:00,408.08,409.11,405.565,1384,408.085,82481,407.80848
2024-12-10 19:00:00+00:00,403.74,409.64,401.96,1452,407.96,109075,406.329651
2024-12-10 20:00:00+00:00,401.0,404.43,399.55,2431,403.7,170919,402.045108
2024-12-11 14:00:00+00:00,405.04,412.375,402.56,2027,409.83,139477,407.293985
2024-12-11 15:00:00+00:00,411.76,413.445,403.59,2098,404.955,148542,409.752745
2024-12-11 16:00:00+00:00,412.95,414.935,411.05,1916,412.0,135736,412.971667
2024-12-11 17:00:00+00:00,414.39,415.48,411.6,1169,412.63,65757,413.659718
2024-12-11 18:00:00+00:00,416.49,417.81,414.82,1707,414.82,93296,416.627596
2024-12-11 19:00:00+00:00,419.97,420.375,416.39,2659,416.85,199650,419.192744
2024-12-11 20:00:00+00:00,424.67,424.81,418.77,4008,419.87,267461,421.528396
2024-12-11 21:00:00+00:00,424.6,426.6,424.5,6,424.5,548,425.575
2024-12-12 14:00:00+00:00,421.31,426.88,416.89,2540,424.805,157282,421.350127
2024-12-12 15:00:00+00:00,427.77,428.85,419.48,2736,421.09,145602,424.349851
2024-12-12 16:00:00+00:00,422.675,429.25,421.66,2284,427.99,106860,425.526412
2024-12-12 17:00:00+00:00,422.38,424.53,418.64,1551,422.545,62459,421.55466
2024-12-12 18:00:00+00:00,420.57,423.79,419.94,1136,422.24,47913,422.459112
2024-12-12 19:00:00+00:00,419.375,420.81,416.675,1714,420.54,72684,418.769546
2024-12-12 20:00:00+00:00,418.18,420.93,415.0,2665,419.27,121172,417.827852
2024-12-13 13:00:00+00:00,421.8,421.8,421.8,1,421.8,100,421.8
2024-12-13 14:00:00+00:00,424.41,424.46,415.76,1340,421.84,99281,420.318533
2024-12-13 15:00:00+00:00,424.21,431.41,423.5,2346,424.595,178535,427.911687
2024-12-13 16:00:00+00:00,425.4,427.86,421.69,1174,423.745,64002,424.718068
2024-12-13 17:00:00+00:00,427.94,429.04,424.915,578,424.915,27667,427.374101
2024-12-13 18:00:00+00:00,433.71,434.03,427.535,1293,427.645,70416,430.103493
2024-12-13 19:00:00+00:00,432.47,434.2,431.37,1191,433.91,62805,432.766064
2024-12-13 20:00:00+00:00,436.24,436.255,429.03,2649,432.13,153281,433.547768
2024-12-13 21:00:00+00:00,435.23,435.23,435.23,1,435.23,200,435.23
2024-12-16 14:00:00+00:00,437.47,447.4,436.3,3095,441.07,184729,441.660438
2024-12-16 15:00:00+00:00,451.0,451.21,437.995,3235,438.05,175418,445.401143
2024-12-16 16:00:00+00:00,456.74,458.805,450.75,2485,450.89,126630,455.397784
2024-12-16 17:00:00+00:00,461.065,461.42,455.915,1467,456.54,80819,458.707694
2024-12-16 18:00:00+00:00,459.7,461.15,455.93,1692,460.74,82931,458.857431
2024-12-16 19:00:00+00:00,458.925,460.44,456.79,1623,459.5,69153,458.680437
2024-12-16 20:00:00+00:00,463.11,463.11,457.94,4109,458.85,343401,460.467389
2024-12-17 14:00:00+00:00,482.05,483.82,463.67,4263,475.39,225561,472.633308
2024-12-17 15:00:00+00:00,478.27,483.005,467.62,6302,482.085,296873,475.049669
2024-12-17 16:00:00+00:00,463.2,478.75,460.12,4301,478.415,206904,470.953943
2024-12-17 17:00:00+00:00,473.39,473.39,457.75,2591,462.21,133356,467.305857
2024-12-17 18:00:00+00:00,470.77,476.22,470.15,2003,473.08,88353,473.399683
2024-12-17 19:00:00+00:00,478.215,478.72,469.2,1907,470.84,86331,475.574544
2024-12-17 20:00:00+00:00,479.86,482.39,475.715,3277,478.19,211059,479.348051
2024-12-17 21:00:00+00:00,480.09,480.09,479.75,6,480.06,600,479.929347
2024-12-18 13:00:00+00:00,468.54,472.78,468.54,7,472.78,560,470.795
2024-12-18 14:00:00+00:00,469.55,472.41,461.2,2474,467.16,148757,466.598911
2024-12-18 15:00:00+00:00,476.01,477.99,469.535,2022,469.535,103976,474.135486
2024-12-18 16:00:00+00:00,484.78,488.45,473.57,2164,475.81,101026,480.949475
2024-12-18 17:00:00+00:00,477.195,485.025,475.0,1185,484.855,67603,478.992652
2024-12-18 18:00:00+00:00,476.195,477.77,472.02,850,477.4,46288,475.88491
2024-12-18 19:00:00+00:00,460.14,477.43,458.67,3723,473.57,218867,468.076468
2024-12-18 20:00:00+00:00,440.49,460.88,427.11,8853,460.785,586539,443.695899
2024-12-18 21:00:00+00:00,428.94,440.51,428.16,122,440.51,9355,431.842349
2024-12-19 13:00:00+00:00,450.86,454.45,450.86,15,454.45,1145,452.22
2024-12-19 14:00:00+00:00,450.79,456.32,440.84,2913,451.81,206095,448.043831
2024-12-19 15:00:00+00:00,441.075,451.13,437.72,2819,450.69,149838,444.331236
2024-12-19 16:00:00+00:00,433.85,442.055,431.54,2236,441.56,98070,436.926115
2024-12-19 17:00:00+00:00,432.915,435.0,420.03,3237,433.91,182301,425.447931
2024-12-19 18:00:00+00:00,439.225,439.23,427.56,1760,432.47,88679,433.455299
2024-12-19 19:00:00+00:00,433.09,439.27,429.495,1712,439.27,82189,432.553002
2024-12-19 20:00:00+00:00,436.16,440.79,432.615,3760,433.1,199997,436.168779
2024-12-19 21:00:00+00:00,441.05,441.05,437.29,10,437.29,720,439.15
2024-12-20 13:00:00+00:00,428.99,428.99,426.11,8,426.11,560,427.47
2024-12-20 14:00:00+00:00,423.67,428.49,417.925,1863,427.65,102349,423.515749
2024-12-20 15:00:00+00:00,439.36,444.2,423.7,2268,425.79,132027,435.607174
2024-12-20 16:00:00+00:00,439.99,445.27,436.96,1394,439.78,63730,441.281482
2024-12-20 17:00:00+00:00,443.66,446.44,438.48,1032,438.91,45558,442.337935
2024-12-20 18:00:00+00:00,439.98,447.015,439.915,1419,443.7,67685,443.216692
2024-12-20 19:00:00+00:00,439.57,441.37,434.77,1400,439.75,82374,437.767063
2024-12-20 20:00:00+00:00,421.13,440.14,420.11,3926,440.14,246687,426.99869
2024-12-20 21:00:00+00:00,421.88,421.88,421.88,1,421.88,100,421.88
2024-12-23 13:00:00+00:00,429.47,432.91,429.47,15,432.91,1002,431.005
2024-12-23 14:00:00+00:00,427.33,432.64,422.65,2174,431.35,114422,426.548879
2024-12-23 15:00:00+00:00,424.7,427.9,417.0,565,427.55,42033,421.386653
2024-12-24 14:00:00+00:00,449.58,451.8,435.28,1252,435.92,80202,444.925088
2024-12-24 15:00:00+00:00,451.665,452.45,445.62,1055,449.64,53795,449.149301
2024-12-24 16:00:00+00:00,452.5,453.5,449.0,1278,451.49,69903,452.153099
2024-12-24 17:00:00+00:00,462.27,462.4,450.85,2138,452.17,144034,457.401698
2024-12-24 18:00:00+00:00,465.02,465.14,462.53,9,462.53,743,464.587143
2024-12-26 13:00:00+00:00,465.95,466.87,465.95,5,466.87,314,466.41
2024-12-26 14:00:00+00:00,457.82,465.79,451.96,2115,464.95,139016,457.597648
2024-12-26 15:00:00+00:00,458.42,463.0,455.47,1621,457.915,87687,459.3951
2024-12-26 16:00:00+00:00,456.135,458.85,453.68,1030,457.95,54608,456.108065
2024-12-26 17:00:00+00:00,453.62,456.645,451.04,776,456.17,46518,454.772782
2024-12-26 18:00:00+00:00,452.325,456.23,452.28,784,454.11,37008,454.295569
2024-12-26 19:00:00+00:00,455.15,455.485,451.16,657,452.07,34407,453.366085
2024-12-26 20:00:00+00:00,454.15,459.015,453.92,1364,455.24,68518,456.116837
2024-12-27 14:00:00+00:00,439.91,449.82,437.93,1381,449.31,74568,442.670565
2024-12-27 15:00:00+00:00,437.175,439.49,426.59,2420,439.49,143523,433.235557
2024-12-27 16:00:00+00:00,435.44,439.28,433.22,1068,436.925,57577,436.440802
2024-12-27 17:00:00+00:00,433.85,435.55,431.71,878,435.315,46259,433.468943
2024-12-27 18:00:00+00:00,434.63,435.16,432.17,635,434.0,34465,433.627742
2024-12-27 19:00:00+00:00,431.3,434.69,429.455,1007,434.685,53915,431.592562
2024-12-27 20:00:00+00:00,431.7,432.61,428.74,1727,431.48,113014,430.561841
2024-12-30 14:00:00+00:00,418.24,427.0,417.36,2230,421.03,113780,421.837251
2024-12-30 15:00:00+00:00,419.77,423.05,415.76,2096,417.27,134939,418.953234
2024-12-30 16:00:00+00:00,423.41,424.39,418.79,986,420.05,52274,421.446521
2024-12-30 17:00:00+00:00,421.39,424.8,419.925,888,423.54,54974,422.113804
2024-12-30 18:00:00+00:00,422.36,423.56,419.82,723,421.48,44183,421.740694
2024-12-30 19:00:00+00:00,422.995,424.4,421.315,791,422.26,53680,422.711142
2024-12-30 20:00:00+00:00,417.41,423.2,416.93,1970,422.78,123725,419.699969
2024-12-31 13:00:00+00:00,423.47,423.47,422.49,9,422.49,474,422.98
2024-12-31 14:00:00+00:00,422.05,427.675,413.78,1312,423.79,75975,420.860134
2024-12-31 15:00:00+00:00,415.82,424.43,415.51,1512,421.755,73545,420.040029
2024-12-31 16:00:00+00:00,415.93,417.38,412.4,1287,415.41,61312,415.079402
2024-12-31 17:00:00+00:00,412.14,416.75,408.66,1371,415.4,68291,411.662358
2024-12-31 18:00:00+00:00,409.19,414.26,409.19,1330,412.17,73382,412.338268
2024-12-31 19:00:00+00:00,408.31,409.84,403.405,1427,409.215,70021,406.857499
2024-12-31 20:00:00+00:00,403.74,409.91,402.68,2501,408.575,147568,405.859526
2025-01-02 14:00:00+00:00,388.25,393.65,373.55,3224,386.01,194526,384.731854
2025-01-02 15:00:00+00:00,380.58,390.805,376.42,3515,388.9,189681,382.534227
2025-01-02 16:00:00+00:00,384.04,385.99,378.79,1964,381.0,121807,382.04619
2025-01-02 17:00:00+00:00,376.735,384.92,373.93,1981,384.125,98819,377.58323
2025-01-02 18:00:00+00:00,379.72,379.78,373.2,1650,376.68,87730,376.655621
2025-01-02 19:00:00+00:00,376.16,380.195,376.0,1766,379.615,85605,378.262076
2025-01-02 20:00:00+00:00,379.49,381.075,376.04,2692,376.04,118536,379.113302
2025-01-03 13:00:00+00:00,381.23,381.23,381.23,1,381.23,100,381.23
2025-01-03 14:00:00+00:00,389.1,389.8,379.45,1618,381.39,94960,384.696837
2025-01-03 15:00:00+00:00,387.57,389.8,381.8,1696,388.51,81867,385.657207
2025-01-03 16:00:00+00:00,394.72,396.88,386.61,2114,387.44,120092,393.37131
2025-01-03 17:00:00+00:00,396.06,396.435,393.39,992,394.59,59722,394.956633
2025-01-03 18:00:00+00:00,401.955,403.42,395.42,1671,396.295,112905,399.285876
2025-01-03 19:00:00+00:00,405.99,407.1,401.91,1446,401.91,82424,405.211191
2025-01-03 20:00:00+00:00,410.43,411.84,404.02,2973,405.655,201472,409.200075
2025-01-06 13:00:00+00:00,421.01,421.01,420.0,3,420.0,204,420.505
2025-01-06 14:00:00+00:00,417.99,426.31,416.27,2252,421.45,115629,420.332871
2025-01-06 15:00:00+00:00,416.03,418.1,411.56,2076,418.095,92729,415.768215
2025-01-06 16:00:00+00:00,408.96,417.27,406.9,2446,416.255,122876,411.294814
2025-01-06 17:00:00+00:00,409.205,411.71,407.475,1445,408.67,50440,409.656012
2025-01-06 18:00:00+00:00,402.88,409.575,402.88,1461,409.105,53033,406.312848
2025-01-06 19:00:00+00:00,402.8,405.41,401.785,1404,403.19,51166,403.603876
2025-01-06 20:00:00+00:00,411.21,411.21,402.55,2710,402.57,97834,408.002794
2025-01-07 13:00:00+00:00,403.83,404.18,403.83,11,404.18,571,403.9475
2025-01-07 14:00:00+00:00,407.71,414.185,404.52,1479,405.65,87541,408.91448
2025-01-07 15:00:00+00:00,398.56,407.44,391.3,2993,406.36,175630,397.529775
2025-01-07 16:00:00+00:00,393.19,400.04,392.83,1355,398.705,87634,397.31513
2025-01-07 17:00:00+00:00,394.96,395.76,392.78,1008,393.605,53472,394.056457
2025-01-07 18:00:00+00:00,394.72,398.835,394.49,769,394.86,45119,396.659297
2025-01-07 19:00:00+00:00,393.35,395.18,392.34,833,394.48,50241,393.631616
2025-01-07 20:00:00+00:00,394.56,394.57,390.02,3029,393.61,178397,392.363689
2025-01-08 14:00:00+00:00,397.33,399.155,391.89,1874,393.05,120365,395.645801
2025-01-08 15:00:00+00:00,396.22,402.09,391.59,2285,397.39,110325,395.822597
2025-01-08 16:00:00+00:00,395.57,397.13,392.98,1265,395.115,62506,395.240299
2025-01-08 17:00:00+00:00,393.29,395.65,387.62,2057,395.41,128782,391.031923
2025-01-08 18:00:00+00:00,396.44,399.47,392.82,1978,393.27,124173,396.471786
2025-01-08 19:00:00+00:00,396.96,400.435,394.895,1752,396.595,112648,397.319426
2025-01-08 20:00:00+00:00,394.95,397.87,394.5,2406,397.07,174825,396.082846
2025-01-10 13:00:00+00:00,388.3,388.3,388.3,6,388.3,270,388.3
2025-01-10 14:00:00+00:00,389.29,399.07,387.93,1597,391.59,134783,392.648971
2025-01-10 15:00:00+00:00,392.24,396.15,384.33,2105,387.47,122055,389.737396
2025-01-10 16:00:00+00:00,389.75,392.29,387.01,1079,392.29,59090,389.748728
2025-01-10 17:00:00+00:00,394.63,394.92,388.55,644,389.335,38960,391.77298
2025-01-10 18:00:00+00:00,397.165,398.25,393.68,1085,394.06,61644,396.207749
2025-01-10 19:00:00+00:00,395.93,397.165,393.72,566,397.165,28214,395.3021
2025-01-10 20:00:00+00:00,394.72,396.94,392.58,1845,396.02,109561,394.61953
2025-01-13 13:00:00+00:00,383.64,383.64,383.64,6,383.64,300,383.64
2025-01-13 14:00:00+00:00,387.49,388.9,380.35,1379,383.16,80252,385.277984
2025-01-13 15:00:00+00:00,391.86,394.55,385.14,1858,387.46,104176,389.164622
2025-01-13 16:00:00+00:00,388.77,393.09,387.455,1298,392.69,91945,389.901261
2025-01-13 17:00:00+00:00,395.89,397.445,387.69,1258,388.1,61161,394.281247
2025-01-13 18:00:00+00:00,394.27,396.95,393.96,978,395.815,43899,394.905687
2025-01-13 19:00:00+00:00,393.67,395.08,391.45,1105,394.45,43894,393.731865
2025-01-13 20:00:00+00:00,403.31,403.77,392.11,2331,393.67,119309,399.418028
2025-01-14 13:00:00+00:00,415.33,415.33,415.33,7,415.33,340,415.33
2025-01-14 14:00:00+00:00,413.99,422.62,411.71,1663,414.775,99517,416.663064
2025-01-14 15:00:00+00:00,409.0,418.37,407.44,1733,413.23,119052,412.638756
2025-01-14 16:00:00+00:00,406.005,409.33,404.16,1035,407.94,59689,406.322811
2025-01-14 17:00:00+00:00,407.29,407.49,402.41,718,405.59,37509,405.381426
2025-01-14 18:00:00+00:00,409.99,411.46,406.49,739,407.18,32469,409.026934
2025-01-14 19:00:00+00:00,403.45,412.0,403.11,701,410.47,40116,409.819402
2025-01-14 20:00:00+00:00,396.14,404.4,394.68,1964,404.19,119789,397.895688
2025-01-15 13:00:00+00:00,410.65,412.69,409.89,22,411.52,1484,411.008571
2025-01-15 14:00:00+00:00,415.27,415.71,405.7,1332,410.47,84065,411.001489
2025-01-15 15:00:00+00:00,413.56,418.85,413.56,1605,415.275,85513,416.559618
2025-01-15 16:00:00+00:00,417.01,417.21,412.36,1150,413.95,62505,415.259003
2025-01-15 17:00:00+00:00,417.12,420.74,416.85,1035,417.185,54215,418.910443
2025-01-15 18:00:00+00:00,419.07,420.95,416.9,860,417.07,49803,419.174977
2025-01-15 19:00:00+00:00,425.44,425.45,419.24,1260,419.34,68771,422.890809
2025-01-15 20:00:00+00:00,428.19,429.76,424.505,2797,425.41,163152,427.608275
2025-01-16 14:00:00+00:00,416.17,423.26,415.655,1359,423.26,89119,418.652303
2025-01-16 15:00:00+00:00,415.89,417.5,412.71,1643,416.05,95675,415.214595
2025-01-16 16:00:00+00:00,412.76,417.08,410.64,1113,415.71,68396,413.86459
2025-01-16 17:00:00+00:00,413.9,414.19,411.36,626,412.74,33895,412.901223
2025-01-16 18:00:00+00:00,410.27,415.03,409.25,779,414.0,47116,411.696994
2025-01-16 19:00:00+00:00,413.57,413.64,409.48,719,409.92,37599,411.96098
2025-01-16 20:00:00+00:00,413.8,415.775,412.395,1733,413.28,96797,414.262138
2025-01-17 14:00:00+00:00,425.0,427.04,419.93,1027,421.3,62678,423.735657
2025-01-17 15:00:00+00:00,430.0,434.0,425.62,1665,425.69,88239,428.964258
2025-01-17 16:00:00+00:00,433.31,434.62,429.22,1376,430.17,73987,432.914566
2025-01-17 17:00:00+00:00,434.025,436.83,431.65,868,432.79,43398,434.485658
2025-01-17 18:00:00+00:00,439.05,439.39,433.62,1032,433.85,58566,437.656459
2025-01-17 19:00:00+00:00,437.65,439.66,437.24,703,439.05,40400,438.364472
2025-01-17 20:00:00+00:00,426.55,437.16,426.23,2239,437.16,131236,430.372798
2025-01-21 14:00:00+00:00,412.32,432.77,409.66,2519,432.69,157080,416.357384
2025-01-21 15:00:00+00:00,413.94,416.585,406.33,2288,411.655,136838,411.175444
2025-01-21 16:00:00+00:00,413.785,417.36,412.72,1427,413.37,73435,414.830405
2025-01-21 17:00:00+00:00,417.8,418.63,412.635,935,413.0,51535,416.351853
2025-01-21 18:00:00+00:00,420.325,421.05,416.77,1078,417.76,55831,419.154192
2025-01-21 19:00:00+00:00,417.05,421.25,415.65,1101,420.375,61067,418.277573
2025-01-21 20:00:00+00:00,423.46,424.58,416.93,1619,416.95,80985,422.07136
2025-01-22 14:00:00+00:00,418.17,427.945,416.18,1635,416.72,101884,420.776747
2025-01-22 15:00:00+00:00,419.75,424.125,416.285,1433,418.79,89008,420.828352
2025-01-22 16:00:00+00:00,421.62,423.24,419.32,582,419.79,36041,421.621887
2025-01-22 17:00:00+00:00,423.39,424.0,419.6,708,421.9,39567,421.334542
2025-01-22 18:00:00+00:00,418.48,423.45,417.54,610,423.1,32771,420.274441
2025-01-22 19:00:00+00:00,419.67,419.83,417.39,547,417.93,27179,418.782725
2025-01-22 20:00:00+00:00,414.84,419.695,414.65,1845,419.63,95730,416.758963
2025-01-22 21:00:00+00:00,415.05,415.05,415.05,3,415.05,182,415.05
2025-01-23 14:00:00+00:00,413.395,420.325,413.17,869,416.11,55266,416.334266
2025-01-23 15:00:00+00:00,413.67,416.03,410.56,941,413.17,45488,413.187468
2025-01-23 16:00:00+00:00,411.82,414.48,411.575,628,413.19,28988,413.002547
2025-01-23 17:00:00+00:00,411.565,412.74,409.0,724,411.45,39952,410.676065
2025-01-23 18:00:00+00:00,412.39,413.15,410.45,532,411.34,27537,411.890385
2025-01-23 19:00:00+00:00,410.855,412.26,409.38,603,412.26,41381,410.757343
2025-01-23 20:00:00+00:00,412.14,412.175,409.48,1176,410.425,52538,410.874509
2025-01-24 14:00:00+00:00,416.77,418.0,411.88,1595,414.5,87424,415.623551
2025-01-24 15:00:00+00:00,413.0,417.695,412.74,1851,416.97,94706,415.03909
2025-01-24 16:00:00+00:00,413.22,415.64,411.75,838,413.09,39086,413.526701
2025-01-24 17:00:00+00:00,410.785,413.465,410.33,903,413.24,50875,412.061463
2025-01-24 18:00:00+00:00,408.4,410.98,407.86,1234,410.675,75786,409.577953
2025-01-24 19:00:00+00:00,407.89,409.1,407.37,763,408.05,40306,408.103212
2025-01-24 20:00:00+00:00,406.49,409.71,405.86,1741,407.81,91251,406.992482
2025-01-27 13:00:00+00:00,393.76,394.86,393.04,5,394.86,434,393.83
2025-01-27 14:00:00+00:00,403.58,405.425,392.35,1991,392.35,145671,399.646048
2025-01-27 15:00:00+00:00,403.04,406.6,397.74,1997,403.73,114010,402.4866
2025-01-27 16:00:00+00:00,399.84,405.52,397.79,1266,403.55,63766,400.727409
2025-01-27 17:00:00+00:00,395.07,401.23,394.83,1020,400.01,47717,397.063941
2025-01-27 18:00:00+00:00,394.295,397.3,393.87,830,395.45,38335,395.688187
2025-01-27 19:00:00+00:00,389.485,396.57,389.45,1221,394.41,55093,393.283976
2025-01-27 20:00:00+00:00,397.41,397.41,389.04,2250,389.21,104920,394.526354
2025-01-27 21:00:00+00:00,399.3,399.3,399.3,1,399.3,100,399.3
2025-01-28 14:00:00+00:00,391.74,396.82,386.8,1262,396.35,68120,390.366514
2025-01-28 15:00:00+00:00,389.92,394.5,389.42,1257,391.77,67341,392.199338
2025-01-28 16:00:00+00:00,389.99,391.35,387.575,940,389.88,53333,389.179499
2025-01-28 17:00:00+00:00,394.64,395.13,390.385,756,390.385,34459,393.438338
2025-01-28 18:00:00+00:00,393.5,395.6,392.69,485,394.49,23650,394.147537
2025-01-28 19:00:00+00:00,398.4,398.94,393.48,788,393.81,49840,396.413023
2025-01-28 20:00:00+00:00,398.19,400.55,396.72,1676,398.4,86656,398.776335
2025-01-29 14:00:00+00:00,393.24,398.54,392.0,745,395.15,43897,394.609127
2025-01-29 15:00:00+00:00,391.49,394.84,390.735,1816,393.82,69060,392.925606
2025-01-29 16:00:00+00:00,388.29,392.16,387.9,1097,391.515,59962,389.927929
2025-01-29 17:00:00+00:00,388.14,391.47,388.02,616,388.23,35020,389.990043
2025-01-29 18:00:00+00:00,389.53,390.44,384.75,855,388.29,49364,388.32391
2025-01-29 19:00:00+00:00,389.8,391.61,384.575,1133,388.9,71863,387.819261
2025-01-29 20:00:00+00:00,388.17,391.82,385.665,3744,390.18,315205,389.618234
2025-01-29 21:00:00+00:00,403.02,406.93,366.61,232,374.1,19042,389.226259
2025-01-30 14:00:00+00:00,387.81,412.3,387.71,3416,410.575,243434,400.349118
2025-01-30 15:00:00+00:00,391.59,397.45,384.5,4120,387.51,259650,390.514068
2025-01-30 16:00:00+00:00,400.86,401.0,389.26,1764,391.21,96384,396.170588
2025-01-30 17:00:00+00:00,407.12,407.49,396.14,1392,400.775,68289,400.883799
2025-01-30 18:00:00+00:00,402.625,409.01,402.06,2363,407.405,200872,405.591071
2025-01-30 19:00:00+00:00,406.33,406.33,401.5,1665,402.6,138123,403.463403
2025-01-30 20:00:00+00:00,400.17,407.43,398.96,3460,406.325,230443,402.766781
2025-01-31 14:00:00+00:00,414.8,414.8,401.425,1868,401.54,122579,409.422001
2025-01-31 15:00:00+00:00,415.46,418.375,413.48,3221,414.7,179173,416.019045
2025-01-31 16:00:00+00:00,418.62,418.72,414.49,1435,415.71,106294,416.232705
2025-01-31 17:00:00+00:00,419.18,419.97,417.31,1854,418.65,140899,418.668728
2025-01-31 18:00:00+00:00,411.59,419.8,410.82,1766,419.33,118162,416.031402
2025-01-31 19:00:00+00:00,406.62,412.66,403.9,2079,411.5,136088,408.486057
2025-01-31 20:00:00+00:00,404.68,406.12,401.44,2897,406.12,165541,403.56579
2025-02-03 14:00:00+00:00,381.84,389.16,379.51,3838,386.68,237380,383.982003
2025-02-03 15:00:00+00:00,388.145,389.04,374.36,5024,381.73,313962,381.144611
2025-02-03 16:00:00+00:00,382.86,388.27,382.615,1816,388.145,131061,385.388141
2025-02-03 17:00:00+00:00,379.67,383.07,377.52,1760,382.43,98102,380.155305
2025-02-03 18:00:00+00:00,381.23,381.3,378.34,1353,379.61,61019,380.041252
2025-02-03 19:00:00+00:00,384.31,385.3,381.25,1312,381.25,59078,383.77861
2025-02-03 20:00:00+00:00,383.77,385.24,381.38,2421,384.12,114479,383.702375
2025-02-04 14:00:00+00:00,388.21,389.77,382.2,1191,386.13,71039,386.659753
2025-02-04 15:00:00+00:00,382.89,390.47,382.32,1742,388.555,85038,385.661167
2025-02-04 16:00:00+00:00,386.35,386.79,381.41,1368,383.29,77627,383.952044
2025-02-04 17:00:00+00:00,385.37,386.88,382.81,1090,386.51,48754,384.9174
2025-02-04 18:00:00+00:00,385.56,387.575,383.46,1462,385.48,97091,385.934761
2025-02-04 19:00:00+00:00,386.62,388.765,385.465,1517,385.465,77265,387.569417
2025-02-04 20:00:00+00:00,392.19,393.94,385.63,2290,386.25,116162,390.550758
2025-02-05 13:00:00+00:00,387.71,387.71,387.71,2,387.71,180,387.71
2025-02-05 14:00:00+00:00,384.905,388.21,383.12,1847,386.99,107025,385.023689
2025-02-05 15:00:00+00:00,383.44,386.26,380.175,2541,385.04,129171,382.666978
2025-02-05 16:00:00+00:00,384.06,384.47,381.095,1559,383.11,57653,382.525627
2025-02-05 17:00:00+00:00,381.895,384.9,381.745,1290,383.8,46579,383.007437
2025-02-05 18:00:00+00:00,378.91,382.05,378.0,1577,381.895,80656,380.063727
2025-02-05 19:00:00+00:00,378.85,380.38,378.62,1051,378.76,43075,379.37822
2025-02-05 20:00:00+00:00,378.01,380.125,375.58,2552,379.12,141667,377.805126
2025-02-05 21:00:00+00:00,378.16,378.16,378.16,1,378.16,106,378.16
2025-02-06 14:00:00+00:00,366.835,375.23,365.79,2137,372.19,150080,369.391379
2025-02-06 15:00:00+00:00,364.86,369.13,363.3,2223,366.555,119742,365.461998
2025-02-06 16:00:00+00:00,368.1,369.06,364.01,1284,364.98,69500,365.999791
2025-02-06 17:00:00+00:00,368.815,370.8,367.89,1048,368.175,62174,369.499853
2025-02-06 18:00:00+00:00,372.15,374.02,368.605,831,369.125,42346,371.712705
2025-02-06 19:00:00+00:00,368.88,372.055,367.935,1120,372.055,47919,370.014093
2025-02-06 20:00:00+00:00,373.835,374.14,367.43,1665,369.175,79984,371.629053
2025-02-07 13:00:00+00:00,372.41,372.41,372.41,3,372.41,200,372.41
2025-02-07 14:00:00+00:00,376.36,380.28,370.11,1627,370.16,94428,376.124799
2025-02-07 15:00:00+00:00,370.68,376.37,369.16,2537,376.37,123579,372.022049
2025-02-07 16:00:00+00:00,367.52,371.7,367.04,1917,370.81,98585,369.15424
2025-02-07 17:00:00+00:00,368.95,370.0,366.35,1261,367.21,56822,368.320535
2025-02-07 18:00:00+00:00,367.0,371.19,366.85,933,369.15,39293,369.243393
2025-02-07 19:00:00+00:00,364.365,367.45,363.47,1342,366.73,68931,365.055227
2025-02-07 20:00:00+00:00,361.47,364.23,360.4,2529,364.23,146252,361.738401
2025-02-10 13:00:00+00:00,358.89,358.89,358.89,1,358.89,100,358.89
2025-02-10 14:00:00+00:00,355.52,357.76,350.7,2612,356.2,164405,353.610799
2025-02-10 15:00:00+00:00,360.135,362.31,354.8,1430,355.53,67572,359.292596
2025-02-10 16:00:00+00:00,361.805,362.63,359.355,1284,359.47,71109,361.057621
2025-02-10 17:00:00+00:00,360.715,361.53,357.61,762,361.53,53064,359.576389
2025-02-10 18:00:00+00:00,357.755,361.32,357.05,960,360.92,46587,358.822829
2025-02-10 19:00:00+00:00,354.79,358.75,353.785,1281,357.03,88523,356.209293
2025-02-10 20:00:00+00:00,350.655,355.32,350.535,2830,354.84,189765,352.452162
2025-02-11 13:00:00+00:00,348.07,348.07,348.07,1,348.07,100,348.07
2025-02-11 14:00:00+00:00,344.22,349.29,343.51,1916,345.6,102741,345.726714
2025-02-11 15:00:00+00:00,339.41,345.22,339.29,2511,344.62,144720,342.388218
2025-02-11 16:00:00+00:00,335.99,340.49,335.12,2666,339.635,168300,337.004414
2025-02-11 17:00:00+00:00,333.76,336.125,332.23,2406,335.61,136498,333.776525
2025-02-11 18:00:00+00:00,333.21,334.15,329.15,2463,333.645,171487,331.415973
2025-02-11 19:00:00+00:00,329.94,334.59,329.59,2050,333.15,131497,331.645524
2025-02-11 20:00:00+00:00,328.505,330.83,325.13,4186,330.04,255060,327.249767
2025-02-11 21:00:00+00:00,329.04,329.04,329.04,1,329.04,100,329.04
2025-02-12 13:00:00+00:00,332.25,332.25,329.49,18,330.64,985,330.8225
2025-02-12 14:00:00+00:00,333.62,338.01,329.13,1813,329.41,132670,334.711563
2025-02-12 15:00:00+00:00,339.92,341.15,332.765,2343,334.105,125322,337.279821
2025-02-12 16:00:00+00:00,338.92,340.96,337.11,1540,339.71,87309,339.204094
2025-02-12 17:00:00+00:00,344.12,344.875,338.95,1940,338.95,129796,342.801954
2025-02-12 18:00:00+00:00,343.25,345.55,342.13,1744,344.255,98221,344.152406
2025-02-12 19:00:00+00:00,345.53,346.17,342.915,1532,343.415,79994,344.805887
2025-02-12 20:00:00+00:00,336.44,346.36,335.76,3102,345.98,189201,340.22865
2025-02-13 13:00:00+00:00,346.59,346.59,346.59,8,346.59,230,346.59
2025-02-13 14:00:00+00:00,347.785,350.54,342.87,1681,347.03,101805,346.711397
2025-02-13 15:00:00+00:00,356.89,358.56,348.155,2822,348.365,172502,355.391334
2025-02-13 16:00:00+00:00,349.32,357.065,348.54,1969,356.905,99826,352.680682
2025-02-13 17:00:00+00:00,350.84,351.49,348.33,1136,349.23,51310,349.948836
2025-02-13 18:00:00+00:00,351.33,352.875,349.62,1132,350.5,53558,351.145904
2025-02-13 19:00:00+00:00,352.47,353.06,350.0,818,351.0,38295,351.798291
2025-02-13 20:00:00+00:00,355.98,356.79,352.67,2761,352.685,151841,354.937937
2025-02-14 13:00:00+00:00,362.79,362.79,362.79,1,362.79,100,362.79
2025-02-14 14:00:00+00:00,353.075,361.92,352.46,1858,360.53,95275,357.188481
2025-02-14 15:00:00+00:00,351.35,355.79,350.08,2118,353.49,118572,352.745906
2025-02-14 16:00:00+00:00,351.62,352.54,347.625,2600,351.26,164754,350.457187
2025-02-14 17:00:00+00:00,351.14,351.85,348.72,1077,351.45,55365,350.059988
2025-02-14 18:00:00+00:00,352.98,354.51,350.49,1386,351.26,43131,352.286822
2025-02-14 19:00:00+00:00,354.46,354.59,352.42,1094,352.965,65489,353.501278
2025-02-14 20:00:00+00:00,355.92,356.405,353.64,2271,354.34,116796,355.35078
2025-02-18 13:00:00+00:00,356.21,356.21,356.21,1,356.21,100,356.21
2025-02-18 14:00:00+00:00,357.66,358.99,352.72,1037,355.01,58995,355.561416
2025-02-18 15:00:00+00:00,356.39,358.0,353.55,1347,357.78,54144,355.652334
2025-02-18 16:00:00+00:00,355.25,357.1,354.8,873,356.29,35972,356.341153
2025-02-18 17:00:00+00:00,354.51,355.12,353.77,768,355.02,31237,354.450936
2025-02-18 18:00:00+00:00,351.28,354.5,350.04,903,354.5,42662,351.69132
2025-02-18 19:00:00+00:00,353.96,354.64,351.61,810,351.61,41733,352.835889
2025-02-18 20:00:00+00:00,354.1,354.29,352.44,1127,353.83,43376,353.560031
2025-02-19 14:00:00+00:00,363.64,365.43,353.1,1610,353.61,87925,360.916992
2025-02-19 15:00:00+00:00,360.665,367.34,359.93,2197,363.83,111177,364.110244
2025-02-19 16:00:00+00:00,360.91,361.59,358.44,977,361.32,52129,359.895649
2025-02-19 17:00:00+00:00,362.31,365.04,360.66,1111,360.78,57974,363.370821
2025-02-19 18:00:00+00:00,360.715,364.24,360.7,1039,362.4,52902,362.63271
2025-02-19 19:00:00+00:00,362.79,363.15,359.71,1056,360.76,39608,362.112648
2025-02-19 20:00:00+00:00,360.55,362.74,357.64,2071,362.62,113520,360.205343
2025-02-20 13:00:00+00:00,361.93,361.93,361.93,1,361.93,100,361.93
2025-02-20 14:00:00+00:00,350.51,362.3,350.51,863,361.71,41283,355.552723
2025-02-20 15:00:00+00:00,350.17,353.6,348.03,1768,350.69,101087,350.917166
2025-02-20 16:00:00+00:00,353.135,354.8,349.94,1303,350.015,68736,352.603039
2025-02-20 17:00:00+00:00,352.56,355.21,352.21,852,352.96,42285,354.01383
2025-02-20 18:00:00+00:00,353.12,353.72,351.79,887,352.53,35767,352.909196
2025-02-20 19:00:00+00:00,354.2,354.2,350.98,1038,352.955,65379,352.242346
2025-02-20 20:00:00+00:00,354.44,354.8,352.88,1636,354.105,77334,353.899703
2025-02-21 14:00:00+00:00,352.085,355.58,350.42,800,355.58,47203,352.306195
2025-02-21 15:00:00+00:00,347.88,353.94,344.82,1703,351.33,107596,348.060285
2025-02-21 16:00:00+00:00,343.33,348.09,341.98,1902,348.09,77066,345.072753
2025-02-21 17:00:00+00:00,339.44,343.515,338.53,1286,343.505,64653,340.839154
2025-02-21 18:00:00+00:00,338.405,342.61,337.255,1315,339.65,61740,339.615986
2025-02-21 19:00:00+00:00,336.91,338.93,334.485,3284,338.36,221024,336.653787
2025-02-21 20:00:00+00:00,337.66,338.78,334.99,3971,336.94,251702,336.824097
2025-02-24 13:00:00+00:00,346.33,346.33,343.3,19,343.69,1032,344.6
2025-02-24 14:00:00+00:00,329.08,345.21,328.335,1936,345.21,130571,337.483753
2025-02-24 15:00:00+00:00,328.31,332.48,324.71,2129,329.035,123926,328.381418
2025-02-24 16:00:00+00:00,332.44,334.8,326.93,1746,328.12,106663,332.384309
2025-02-24 17:00:00+00:00,336.09,338.79,332.58,1162,332.58,77776,336.832889
2025-02-24 18:00:00+00:00,336.63,338.76,336.13,757,336.13,33754,337.572143
2025-02-24 19:00:00+00:00,334.68,337.9,332.94,859,336.78,40932,334.89502
2025-02-24 20:00:00+00:00,330.765,334.91,329.905,1683,334.91,89906,331.631871
2025-02-25 14:00:00+00:00,313.25,329.09,312.51,3489,329.09,205589,318.577583
2025-02-25 15:00:00+00:00,304.16,312.995,301.525,8989,312.995,548311,307.212107
2025-02-25 16:00:00+00:00,306.03,306.41,298.8,6270,304.24,424638,301.988973
2025-02-25 17:00:00+00:00,303.75,305.85,301.835,2802,305.8,166629,303.481554
2025-02-25 18:00:00+00:00,300.89,306.36,300.85,3070,303.74,187509,303.388353
2025-02-25 19:00:00+00:00,301.59,302.125,297.325,2811,300.73,163073,299.799032
2025-02-25 20:00:00+00:00,302.76,304.01,298.455,3915,301.495,250021,302.083666
2025-02-26 13:00:00+00:00,306.69,306.69,306.69,1,306.69,100,306.69
2025-02-26 14:00:00+00:00,305.61,308.945,302.8,2178,303.7,144806,305.990441
2025-02-26 15:00:00+00:00,300.61,307.0,294.285,3965,304.905,256400,299.34986
2025-02-26 16:00:00+00:00,298.04,302.135,297.55,1855,300.57,103179,299.758385
2025-02-26 17:00:00+00:00,296.485,301.75,296.03,1821,298.44,58303,299.221325
2025-02-26 18:00:00+00:00,291.49,297.13,291.48,2030,296.62,126203,294.193647
2025-02-26 19:00:00+00:00,289.085,292.765,289.0,2096,291.345,130290,290.932483
2025-02-26 20:00:00+00:00,290.615,292.62,288.085,2970,289.42,192269,290.494132
2025-02-26 21:00:00+00:00,291.94,291.94,291.93,8,291.93,540,291.936667
2025-02-27 13:00:00+00:00,296.73,297.38,296.73,15,297.38,748,297.14
2025-02-27 14:00:00+00:00,283.08,297.18,283.04,3970,295.95,258204,290.594773
2025-02-27 15:00:00+00:00,286.4,293.5,280.92,5883,282.65,487989,289.400275
2025-02-27 16:00:00+00:00,285.82,291.885,285.47,1886,286.64,96182,288.516892
2025-02-27 17:00:00+00:00,289.53,289.805,284.42,1742,285.35,109182,286.847283
2025-02-27 18:00:00+00:00,288.5,291.79,288.19,1769,289.695,122516,290.020966
2025-02-27 19:00:00+00:00,284.5,288.68,283.0,2140,288.525,141157,285.85867
2025-02-27 20:00:00+00:00,281.97,284.605,281.28,3377,284.605,214795,282.611742
2025-02-28 13:00:00+00:00,279.33,279.33,279.33,5,279.33,166,279.33
2025-02-28 14:00:00+00:00,281.54,285.0,273.64,4283,279.46,279717,280.137492
2025-02-28 15:00:00+00:00,291.77,292.82,278.77,4763,281.355,334136,288.411463
2025-02-28 16:00:00+00:00,288.745,291.96,287.33,2083,291.8,122729,290.003526
2025-02-28 17:00:00+00:00,283.95,291.77,283.95,2129,288.75,116876,288.903974
2025-02-28 18:00:00+00:00,283.17,287.43,281.51,2394,283.83,130392,284.826347
2025-02-28 19:00:00+00:00,289.775,290.98,283.095,1649,283.095,84214,287.12415
2025-02-28 20:00:00+00:00,293.27,293.585,288.95,3860,289.74,257510,291.712408
2025-03-03 13:00:00+00:00,300.65,301.93,300.65,9,301.93,480,301.29
2025-03-03 14:00:00+00:00,294.5,303.89,293.295,3325,300.47,229834,298.566826
2025-03-03 15:00:00+00:00,295.28,301.63,292.11,3324,292.65,226251,297.662028
2025-03-03 16:00:00+00:00,301.95,302.38,295.42,2108,295.81,132239,298.64832
2025-03-03 17:00:00+00:00,290.02,301.305,289.435,1875,301.1,112744,297.568717
2025-03-03 18:00:00+00:00,288.0,290.52,284.8,3440,289.9,254583,286.702642
2025-03-03 19:00:00+00:00,283.47,290.07,283.45,1945,287.47,103318,287.313196
2025-03-03 20:00:00+00:00,284.81,284.93,277.4,5349,283.17,409182,281.835909
2025-03-04 13:00:00+00:00,273.91,273.91,273.91,2,273.91,101,273.91
2025-03-04 14:00:00+00:00,265.935,278.18,265.86,4308,270.26,364908,271.807044
2025-03-04 15:00:00+00:00,265.83,267.875,261.935,4731,265.78,299193,265.167582
2025-03-04 16:00:00+00:00,268.16,269.55,262.185,3282,265.715,194315,266.460713
2025-03-04 17:00:00+00:00,270.55,273.0,266.74,2773,268.445,163282,270.276028
2025-03-04 18:00:00+00:00,276.29,276.565,269.87,2495,270.32,145718,273.04306
2025-03-04 19:00:00+00:00,280.34,281.45,275.85,2560,276.19,138483,278.88031
2025-03-04 20:00:00+00:00,271.83,284.23,270.445,4350,280.2,283429,276.72933
2025-03-05 14:00:00+00:00,271.46,275.51,267.81,2422,272.93,170003,271.892823
2025-03-05 15:00:00+00:00,272.94,278.13,269.69,2746,274.25,172172,273.204021
2025-03-05 16:00:00+00:00,272.31,273.49,268.04,2288,272.55,157142,270.172623
2025-03-05 17:00:00+00:00,275.36,275.985,271.565,1391,272.285,85979,273.607257
2025-03-05 18:00:00+00:00,274.755,275.44,271.135,1722,275.34,104463,272.922098
2025-03-05 19:00:00+00:00,276.11,279.025,273.93,1684,274.7,96427,276.885864
2025-03-05 20:00:00+00:00,279.27,279.54,273.53,3199,276.19,192808,277.189224
2025-03-06 14:00:00+00:00,266.625,272.005,264.48,3141,271.33,246046,267.071028
2025-03-06 15:00:00+00:00,269.79,272.43,265.81,2728,266.46,143930,270.035756
2025-03-06 16:00:00+00:00,264.76,271.385,264.76,1887,269.92,115325,268.619208
2025-03-06 17:00:00+00:00,263.745,265.6,261.78,1668,264.54,130042,263.530283
2025-03-06 18:00:00+00:00,262.905,264.55,260.12,1742,264.24,101042,262.621078
2025-03-06 19:00:00+00:00,261.895,266.58,260.09,2164,262.97,165589,262.657661
2025-03-06 20:00:00+00:00,263.44,264.32,260.11,2943,261.28,207823,262.428238
2025-03-07 13:00:00+00:00,262.0,262.44,261.6,6,262.44,501,262.008511
2025-03-07 14:00:00+00:00,262.02,266.125,259.225,2919,259.46,217456,263.910086
2025-03-07 15:00:00+00:00,259.02,264.335,256.97,3304,262.035,217218,260.077085
2025-03-07 16:00:00+00:00,252.66,259.7,250.74,3310,258.91,254017,254.781094
2025-03-07 17:00:00+00:00,256.95,261.115,252.38,2582,252.815,178332,256.468363
2025-03-07 18:00:00+00:00,263.5,264.0,256.635,2004,256.76,117064,261.465697
2025-03-07 19:00:00+00:00,260.6,264.25,259.26,1816,263.31,119933,262.523784
2025-03-07 20:00:00+00:00,262.6,263.465,258.46,2961,260.48,200437,261.723131
2025-03-11 12:00:00+00:00,222.65,227.49,222.65,255,227.49,22422,224.749946
2025-03-11 13:00:00+00:00,232.83,236.18,222.04,6545,222.87,565444,229.381479
2025-03-11 14:00:00+00:00,223.99,235.79,218.17,7637,232.13,607032,227.0532
2025-03-11 15:00:00+00:00,227.44,232.615,223.15,3803,223.93,294346,229.832409
2025-03-11 16:00:00+00:00,227.27,230.435,225.92,1987,227.585,141955,227.931143
2025-03-11 17:00:00+00:00,227.97,228.64,223.605,2195,227.24,140526,226.037509
2025-03-11 18:00:00+00:00,235.02,237.0,228.27,3442,228.27,315249,233.784023
2025-03-11 19:00:00+00:00,230.55,235.6,229.695,5748,234.68,470439,232.660559
2025-03-11 20:00:00+00:00,230.41,231.12,230.41,13,231.12,550,230.852857
2025-03-12 12:00:00+00:00,244.17,244.17,243.07,12,243.07,996,243.612388
2025-03-12 13:00:00+00:00,246.68,251.6,243.47,6155,243.71,540595,247.919001
2025-03-12 14:00:00+00:00,244.35,250.8,242.8,5297,246.145,382484,246.316004
2025-03-12 15:00:00+00:00,246.835,247.545,241.12,3246,244.32,257583,244.072533
2025-03-12 16:00:00+00:00,247.83,251.81,245.525,2708,246.675,203683,248.946825
2025-03-12 17:00:00+00:00,245.935,251.045,245.93,1895,248.0,121567,249.054854
2025-03-12 18:00:00+00:00,249.34,249.725,245.985,1753,245.985,110607,248.07033
2025-03-12 19:00:00+00:00,248.145,249.235,246.0,3901,249.02,285795,247.671572
2025-03-13 12:00:00+00:00,247.21,247.21,244.91,2,244.91,200,246.06
2025-03-13 13:00:00+00:00,236.105,248.205,235.74,4201,247.39,290437,240.799831
2025-03-13 14:00:00+00:00,236.94,241.72,234.02,4662,235.99,288427,237.740125
2025-03-13 15:00:00+00:00,234.36,238.17,232.6,2750,237.495,178305,235.594466
2025-03-13 16:00:00+00:00,237.09,238.46,234.29,1678,234.425,108053,236.04817
2025-03-13 17:00:00+00:00,237.78,239.17,235.01,1391,237.02,76970,236.748634
2025-03-13 18:00:00+00:00,241.36,242.12,237.93,1551,237.985,97702,240.562873
2025-03-13 19:00:00+00:00,240.68,242.52,238.27,2604,240.975,170104,240.098554
2025-03-14 13:00:00+00:00,243.275,250.56,243.065,3003,245.99,253624,246.978481
2025-03-14 14:00:00+00:00,245.46,245.46,240.75,2480,242.9,170961,242.610674
2025-03-14 15:00:00+00:00,249.05,249.71,245.21,1672,245.43,119181,247.529506
2025-03-14 16:00:00+00:00,249.01,249.17,246.55,1081,249.025,80741,248.043457
2025-03-14 17:00:00+00:00,248.63,249.635,247.55,811,248.73,50828,248.586463
2025-03-14 18:00:00+00:00,249.82,251.56,248.43,971,248.705,64665,249.958228
2025-03-14 19:00:00+00:00,249.92,250.985,247.845,2099,249.805,129655,249.325347
2025-03-17 12:00:00+00:00,247.17,247.17,247.17,1,247.17,100,247.17
2025-03-17 13:00:00+00:00,243.7,246.86,238.94,3871,246.86,277839,242.274711
2025-03-17 14:00:00+00:00,236.665,243.95,236.205,4449,243.64,349974,239.819642
2025-03-17 15:00:00+00:00,234.345,237.55,233.625,2430,236.81,179777,235.42599
2025-03-17 16:00:00+00:00,233.96,236.05,232.84,2074,234.34,144090,234.178229
2025-03-17 17:00:00+00:00,236.71,237.68,233.41,1407,233.92,106835,235.740266
2025-03-17 18:00:00+00:00,239.72,240.405,236.19,1059,236.785,72083,238.872734
2025-03-17 19:00:00+00:00,237.86,239.96,237.21,2409,239.96,158107,238.369426
2025-03-18 12:00:00+00:00,229.25,231.15,229.23,11,231.15,720,229.876667
2025-03-18 13:00:00+00:00,224.03,230.0,222.56,3330,227.85,256592,225.750998
2025-03-18 14:00:00+00:00,224.52,226.375,222.335,3020,223.955,216784,224.066146
2025-03-18 15:00:00+00:00,228.7,229.395,223.09,1832,224.575,120015,226.985388
2025-03-18 16:00:00+00:00,228.165,229.61,226.46,1193,228.39,73904,228.222649
2025-03-18 17:00:00+00:00,225.16,228.81,224.81,1614,228.105,113222,226.681458
2025-03-18 18:00:00+00:00,226.98,227.655,223.38,1457,225.225,91959,225.150176
2025-03-18 19:00:00+00:00,225.41,227.435,224.76,2467,226.99,161781,225.946195
2025-03-19 12:00:00+00:00,232.31,232.31,232.31,1,232.31,125,232.31
2025-03-19 13:00:00+00:00,229.97,234.055,229.27,2834,231.575,216730,232.150831
2025-03-19 14:00:00+00:00,231.015,233.79,229.71,2594,229.82,187823,231.65174
2025-03-19 15:00:00+00:00,235.54,237.0,230.845,1769,230.87,119984,234.641013
2025-03-19 16:00:00+00:00,234.77,235.95,233.77,1003,235.68,71289,234.800405
2025-03-19 17:00:00+00:00,233.055,235.11,232.66,971,234.625,85464,234.266594
2025-03-19 18:00:00+00:00,237.45,237.69,232.145,2079,232.62,126057,234.70955
2025-03-19 19:00:00+00:00,235.72,241.35,235.04,3699,237.35,246931,237.632372
2025-03-20 12:00:00+00:00,232.99,232.99,232.87,5,232.87,700,232.924545
2025-03-20 13:00:00+00:00,235.94,236.22,232.2,2983,232.85,206327,234.071938
2025-03-20 14:00:00+00:00,236.35,237.945,235.255,2278,235.72,182034,236.335761
2025-03-20 15:00:00+00:00,231.99,236.56,230.09,2160,236.51,166294,232.739268
2025-03-20 16:00:00+00:00,233.44,234.08,231.79,1388,232.08,94704,232.813346
2025-03-20 17:00:00+00:00,234.9,236.64,233.19,1559,233.47,106051,235.170172
2025-03-20 18:00:00+00:00,232.435,235.07,231.9,1307,234.93,86059,233.358297
2025-03-20 19:00:00+00:00,236.25,236.25,232.41,1813,232.41,110932,234.570579
2025-03-21 13:00:00+00:00,241.61,243.645,234.805,3696,235.0,274405,240.799118
2025-03-21 14:00:00+00:00,241.275,242.375,237.185,3146,241.81,205957,239.485889
2025-03-21 15:00:00+00:00,241.0,242.625,239.33,1798,241.26,98298,241.122968
2025-03-21 16:00:00+00:00,246.78,246.88,240.11,2600,241.24,161273,244.721503
2025-03-21 17:00:00+00:00,246.32,247.525,244.49,1417,246.71,86224,245.942105
2025-03-21 18:00:00+00:00,246.135,247.38,245.63,1189,246.17,69545,246.585385
2025-03-21 19:00:00+00:00,248.84,249.47,244.565,2826,246.16,196173,247.406415
2025-03-21 20:00:00+00:00,248.87,248.87,248.87,2,248.87,102,248.87
2025-03-24 12:00:00+00:00,258.69,258.69,258.69,4,258.69,265,258.69
2025-03-24 13:00:00+00:00,267.45,268.0,256.34,5094,259.17,422945,262.935598
2025-03-24 14:00:00+00:00,272.12,274.655,267.13,5773,267.57,477717,271.493327
2025-03-24 15:00:00+00:00,272.0,274.0,270.025,3382,271.86,263705,271.674711
2025-03-24 16:00:00+00:00,273.87,275.73,271.55,1825,271.98,134846,273.049464
2025-03-24 17:00:00+00:00,274.33,274.99,272.245,1420,273.675,93589,273.829739
2025-03-24 18:00:00+00:00,273.85,275.43,273.4,1818,274.35,127015,274.455179
2025-03-24 19:00:00+00:00,278.43,278.62,273.66,5131,273.925,462267,276.363629
2025-03-25 12:00:00+00:00,283.97,283.97,283.37,21,283.37,1461,283.576667
2025-03-25 13:00:00+00:00,274.925,283.585,271.35,5729,282.59,504893,276.499962
2025-03-25 14:00:00+00:00,277.43,279.7,271.535,4237,275.17,284223,276.208857
2025-03-25 15:00:00+00:00,277.325,278.5,275.26,2600,277.38,182976,277.228069
2025-03-25 16:00:00+00:00,279.045,280.7,277.315,2315,277.32,174506,278.605292
2025-03-25 17:00:00+00:00,277.84,280.07,277.0,1881,279.05,118598,278.539545
2025-03-25 18:00:00+00:00,282.11,283.68,277.2,2549,277.59,171387,281.078673
2025-03-25 19:00:00+00:00,287.975,288.2,281.75,5124,282.325,369348,285.902614
2025-03-25 20:00:00+00:00,290.75,290.75,289.0,170,289.01,13994,289.603347
2025-03-26 13:00:00+00:00,278.73,284.52,277.62,4339,282.635,308544,281.677577
2025-03-26 14:00:00+00:00,276.935,280.6,272.62,6096,278.82,412613,276.397061
2025-03-26 15:00:00+00:00,273.865,279.27,273.62,3589,276.94,200301,276.601638
2025-03-26 16:00:00+00:00,270.09,274.96,269.67,3977,273.89,188431,273.003545
2025-03-26 17:00:00+00:00,270.8,273.45,268.685,3428,270.09,193154,270.890761
2025-03-26 18:00:00+00:00,269.67,272.56,269.615,2850,270.74,157547,270.912853
2025-03-26 19:00:00+00:00,271.97,272.56,266.71,4741,269.85,311832,270.068799
2025-03-26 20:00:00+00:00,272.3,272.5,271.9,5,271.9,405,272.275
2025-03-27 13:00:00+00:00,278.6,279.325,271.88,3921,272.48,299912,276.047755
2025-03-27 14:00:00+00:00,291.22,291.81,276.65,6169,278.61,407236,284.809032
2025-03-27 15:00:00+00:00,283.46,291.26,282.345,4612,291.23,297446,286.824719
2025-03-27 16:00:00+00:00,277.66,287.125,277.34,4891,283.68,273721,281.887759
2025-03-27 17:00:00+00:00,275.895,279.47,273.79,4049,277.735,199098,276.593167
2025-03-27 18:00:00+00:00,276.78,279.515,275.5,2425,275.955,122504,277.168961
2025-03-27 19:00:00+00:00,273.24,279.59,272.07,4492,276.565,278247,275.463065
2025-03-28 12:00:00+00:00,275.97,275.97,275.97,8,275.97,860,275.97
2025-03-28 13:00:00+00:00,273.11,277.77,268.925,3758,274.98,209184,272.713979
2025-03-28 14:00:00+00:00,264.75,274.44,260.79,6701,272.27,406155,266.022391
2025-03-28 15:00:00+00:00,263.56,268.04,263.15,3493,264.765,195264,265.801497
2025-03-28 16:00:00+00:00,263.59,265.0,261.77,2295,263.39,133214,263.427533
2025-03-28 17:00:00+00:00,263.45,265.97,262.42,2085,263.51,122205,263.623667
2025-03-28 18:00:00+00:00,263.79,265.35,262.8,2061,263.36,118317,263.997887
2025-03-28 19:00:00+00:00,263.54,264.8,260.63,3914,263.96,258083,262.92576
2025-03-31 12:00:00+00:00,247.83,247.83,247.05,6,247.05,605,247.44
2025-03-31 13:00:00+00:00,248.64,250.72,243.44,4891,247.81,436925,246.813309
2025-03-31 14:00:00+00:00,248.025,252.01,245.18,5810,248.43,486609,248.766006
2025-03-31 15:00:00+00:00,252.41,254.21,247.835,2851,247.98,186700,251.112156
2025-03-31 16:00:00+00:00,254.91,256.17,250.53,1586,252.425,103045,253.516335
2025-03-31 17:00:00+00:00,254.07,256.86,252.695,1744,254.55,112266,254.733729
2025-03-31 18:00:00+00:00,258.14,260.245,253.87,1847,254.16,119916,258.110261
2025-03-31 19:00:00+00:00,259.14,260.425,256.385,3061,258.05,202956,258.591123
2025-03-31 20:00:00+00:00,258.55,258.55,258.55,1,258.55,100,258.55
2025-04-01 13:00:00+00:00,264.825,268.05,259.28,2783,263.29,190218,263.634122
2025-04-01 14:00:00+00:00,272.65,272.73,261.315,5550,264.39,329531,266.986999
2025-04-01 15:00:00+00:00,275.29,276.26,271.11,4472,272.42,292098,273.773675
2025-04-01 16:00:00+00:00,274.55,277.44,271.04,3460,275.4,254558,274.787184
2025-04-01 17:00:00+00:00,274.77,275.845,273.005,2397,274.58,161582,274.437332
2025-04-01 18:00:00+00:00,269.21,275.095,267.15,2825,274.825,195683,270.574684
2025-04-01 19:00:00+00:00,268.535,271.05,268.2,3858,269.19,257244,269.535772
2025-04-02 13:00:00+00:00,262.19,263.55,251.36,5454,258.23,353495,257.510968
2025-04-02 14:00:00+00:00,264.68,266.425,260.14,4545,261.405,259934,263.240797
2025-04-02 15:00:00+00:00,278.34,281.55,263.89,7431,264.68,541500,274.894072
2025-04-02 16:00:00+00:00,281.19,284.32,276.24,5737,278.4,479764,280.940601
2025-04-02 17:00:00+00:00,283.145,284.17,278.98,3229,280.995,214877,282.076496
2025-04-02 18:00:00+00:00,280.67,283.82,278.445,3390,283.095,251566,281.681319
2025-04-02 19:00:00+00:00,282.7,284.93,278.55,5607,281.6,474195,281.53435
2025-04-02 20:00:00+00:00,271.64,286.75,269.01,55,283.0,3480,273.179132
2025-04-03 12:00:00+00:00,264.49,267.83,264.49,7,267.83,700,266.352857
2025-04-03 13:00:00+00:00,271.405,276.23,264.01,4092,264.96,258411,271.575163
2025-04-03 14:00:00+00:00,262.24,271.92,261.61,4954,270.99,294980,266.26518
2025-04-03 15:00:00+00:00,267.24,268.17,261.54,3009,262.84,156846,265.073434
2025-04-03 16:00:00+00:00,269.855,271.35,266.94,3078,267.09,182890,269.749858
2025-04-03 17:00:00+00:00,267.76,271.59,267.04,2071,269.75,101888,269.133502
2025-04-03 18:00:00+00:00,269.32,269.89,266.53,2156,267.835,107764,268.011963
2025-04-03 19:00:00+00:00,267.17,270.16,264.9,4722,269.01,318251,266.846354
2025-04-04 12:00:00+00:00,254.08,255.42,248.81,43,252.0,3980,251.481053
2025-04-04 13:00:00+00:00,252.23,260.87,248.13,6478,255.03,450415,253.364879
2025-04-04 14:00:00+00:00,242.93,252.45,236.0,9912,252.115,672596,244.958947
2025-04-04 15:00:00+00:00,242.13,249.0,240.75,7238,242.79,467039,245.391926
2025-04-04 16:00:00+00:00,241.64,244.99,240.06,4536,242.06,262788,242.214252
2025-04-04 17:00:00+00:00,244.97,245.195,239.46,2914,241.6,147511,242.230295
2025-04-04 18:00:00+00:00,239.74,246.18,239.0,3641,245.04,206676,241.746847
2025-04-04 19:00:00+00:00,239.34,245.14,238.43,6852,239.8,472535,241.400942
2025-04-07 12:00:00+00:00,222.83,222.83,222.59,7,222.59,428,222.71
2025-04-07 13:00:00+00:00,230.55,230.845,214.35,6362,223.63,476661,221.650049
2025-04-07 14:00:00+00:00,233.705,252.0,224.31,12510,230.24,888528,235.198091
2025-04-07 15:00:00+00:00,227.87,236.255,225.19,5182,233.37,348847,229.153128
2025-04-07 16:00:00+00:00,226.325,230.575,225.15,3492,227.73,200771,227.435367
2025-04-07 17:00:00+00:00,236.74,237.1,226.24,4521,226.24,256844,231.835592
2025-04-07 18:00:00+00:00,230.53,237.37,230.12,4339,236.95,237677,233.460245
2025-04-07 19:00:00+00:00,233.3,234.525,227.79,6003,230.55,396771,231.174632
2025-04-07 20:00:00+00:00,234.5,234.5,234.5,2,234.5,170,234.5
2025-04-08 12:00:00+00:00,241.45,242.94,241.45,27,242.66,1887,242.311818
2025-04-08 13:00:00+00:00,245.56,248.66,241.36,3967,243.97,294580,244.807341
2025-04-08 14:00:00+00:00,243.885,250.4,243.505,5578,245.57,389445,247.171317
2025-04-08 15:00:00+00:00,242.96,246.865,241.895,3172,243.885,193754,244.410277
2025-04-08 16:00:00+00:00,231.7,242.745,231.69,4179,242.745,273915,236.457862
2025-04-08 17:00:00+00:00,233.84,235.14,228.3,4465,231.725,343380,231.596852
2025-04-08 18:00:00+00:00,228.53,233.695,227.785,4150,233.665,392277,229.304206
2025-04-08 19:00:00+00:00,221.89,228.975,217.8,8694,228.33,819025,222.091479
2025-04-09 12:00:00+00:00,223.34,223.96,219.62,77,219.62,5746,221.958911
2025-04-09 13:00:00+00:00,231.53,233.07,223.96,4261,223.96,324708,229.292578
2025-04-09 14:00:00+00:00,226.88,236.0,226.855,4899,232.39,379962,231.476048
2025-04-09 15:00:00+00:00,229.81,232.18,226.785,2998,226.85,220704,229.944046
2025-04-09 16:00:00+00:00,232.77,234.37,228.8,2181,229.5,166671,232.488946
2025-04-09 17:00:00+00:00,260.48,260.48,232.3,7702,233.01,628928,247.327146
2025-04-09 18:00:00+00:00,261.81,266.82,256.72,5734,261.03,434336,262.575646
2025-04-09 19:00:00+00:00,272.12,274.57,259.43,6626,262.12,526990,267.757503
2025-04-09 20:00:00+00:00,274.39,274.73,270.75,33,272.44,2032,272.342
2025-04-10 12:00:00+00:00,262.36,267.45,262.36,8,263.61,800,265.06875
2025-04-10 13:00:00+00:00,253.87,263.46,253.86,3571,262.6,302160,258.384413
2025-04-10 14:00:00+00:00,252.38,257.51,251.955,4408,253.91,317001,254.94916
2025-04-10 15:00:00+00:00,244.9,254.97,244.5,3767,252.23,258267,250.18891
2025-04-10 16:00:00+00:00,246.74,246.975,239.53,5240,244.845,381166,243.664477
2025-04-10 17:00:00+00:00,250.505,251.755,242.61,4930,246.7,378629,247.023235
2025-04-10 18:00:00+00:00,252.725,256.42,247.89,4908,250.45,379178,252.687761
2025-04-10 19:00:00+00:00,252.57,254.685,245.205,6224,252.71,470664,249.931976
2025-04-11 12:00:00+00:00,251.75,252.57,251.75,2,252.57,200,252.16
2025-04-11 13:00:00+00:00,251.43,257.67,250.905,2809,251.28,234035,254.139615
2025-04-11 14:00:00+00:00,246.28,251.24,244.195,4426,250.285,337747,247.700853
2025-04-11 15:00:00+00:00,244.89,249.4,242.19,3186,246.17,235053,244.664353
2025-04-11 16:00:00+00:00,249.03,251.195,241.48,3050,244.9,215259,246.217169
2025-04-11 17:00:00+00:00,249.85,250.335,245.115,2832,249.09,205181,248.027094
2025-04-11 18:00:00+00:00,246.91,250.15,246.615,2152,249.8,154303,248.667459
2025-04-11 19:00:00+00:00,252.23,252.23,246.88,3556,246.88,267154,250.268805
2025-04-14 12:00:00+00:00,258.36,258.36,258.28,25,258.28,1477,258.321803
2025-04-14 13:00:00+00:00,256.345,261.73,252.55,2695,257.82,194255,256.988136
2025-04-14 14:00:00+00:00,255.42,259.43,255.025,2932,256.355,261714,257.346114
2025-04-14 15:00:00+00:00,249.01,255.64,247.725,3034,255.51,233121,250.295029
2025-04-14 16:00:00+00:00,246.295,249.7,246.02,2111,248.89,142850,247.877683
2025-04-14 17:00:00+00:00,249.07,249.325,246.985,1762,247.0,119848,248.227624
2025-04-14 18:00:00+00:00,251.26,252.26,248.345,1881,248.97,166243,250.728916
2025-04-14 19:00:00+00:00,252.45,255.93,250.86,3042,251.255,222342,253.183923
2025-04-15 12:00:00+00:00,249.98,250.24,249.98,124,250.24,9165,249.991221
2025-04-15 13:00:00+00:00,254.61,255.67,247.59,2393,249.98,198643,251.572329
2025-04-15 14:00:00+00:00,255.78,258.74,253.5,2797,254.68,170181,256.041636
2025-04-15 15:00:00+00:00,255.51,257.77,254.155,1522,255.86,75931,255.557505
2025-04-15 16:00:00+00:00,252.71,256.25,252.49,955,255.5,49902,254.639217
2025-04-15 17:00:00+00:00,252.73,253.84,251.74,1102,252.74,65013,252.886835
2025-04-15 18:00:00+00:00,252.51,252.95,251.035,1101,252.59,62562,252.159308
2025-04-15 19:00:00+00:00,254.11,254.2,251.75,1479,252.365,72125,253.182779
2025-04-16 12:00:00+00:00,248.41,248.41,248.41,7,248.41,356,248.41
2025-04-16 13:00:00+00:00,247.595,250.715,247.15,2081,247.97,157980,248.488728
2025-04-16 14:00:00+00:00,248.84,250.57,247.3,2397,247.53,185207,249.118838
2025-04-16 15:00:00+00:00,248.65,251.91,248.2,1800,248.89,138825,249.734967
2025-04-16 16:00:00+00:00,245.535,248.99,245.26,1920,248.74,146329,246.941603
2025-04-16 17:00:00+00:00,240.46,246.81,240.065,2686,245.55,184595,243.726461
2025-04-16 18:00:00+00:00,237.02,241.7,236.94,3026,240.465,202577,239.83925
2025-04-16 19:00:00+00:00,241.47,241.73,233.91,6132,237.2,449219,237.637757
2025-04-17 13:00:00+00:00,242.72,244.29,239.58,1928,243.48,138531,242.319282
2025-04-17 14:00:00+00:00,240.15,243.24,237.775,2480,242.55,176864,240.90049
2025-04-17 15:00:00+00:00,239.55,242.21,239.33,1833,240.145,115280,240.613295
2025-04-17 16:00:00+00:00,240.61,242.55,238.48,2750,239.605,192520,240.642907
2025-04-17 17:00:00+00:00,240.89,241.59,238.78,1781,240.69,113386,240.306913
2025-04-17 18:00:00+00:00,240.03,242.08,239.945,1586,240.95,87663,241.334151
2025-04-17 19:00:00+00:00,241.43,241.7,238.91,2993,240.005,208442,240.291656
2025-04-17 20:00:00+00:00,241.45,241.45,241.45,1,241.45,100,241.45
2025-04-21 13:00:00+00:00,225.785,232.005,225.66,3697,231.19,283903,229.132342
2025-04-21 14:00:00+00:00,225.61,226.75,223.74,3738,225.655,275598,225.072461
2025-04-21 15:00:00+00:00,223.63,226.1,223.465,2066,225.715,134288,224.576294
2025-04-21 16:00:00+00:00,224.63,226.05,223.79,1549,223.79,93873,224.923406
2025-04-21 17:00:00+00:00,223.07,225.11,222.81,1824,224.6,115309,223.569983
2025-04-21 18:00:00+00:00,223.46,225.025,222.96,1604,222.99,102841,224.033643
2025-04-21 19:00:00+00:00,227.5,227.84,223.39,4159,223.39,320376,226.259517
2025-04-21 20:00:00+00:00,227.48,227.51,227.48,6,227.51,385,227.497143
2025-04-22 13:00:00+00:00,236.905,237.0,229.96,2394,230.99,169783,233.448976
2025-04-22 14:00:00+00:00,236.9,237.81,234.65,2992,236.9,176144,236.228388
2025-04-22 15:00:00+00:00,239.24,239.44,236.88,2603,236.88,169859,238.397461
2025-04-22 16:00:00+00:00,240.62,242.74,239.24,2807,239.24,176830,241.222391
2025-04-22 17:00:00+00:00,235.15,241.245,234.61,3132,240.815,181491,237.286312
2025-04-22 18:00:00+00:00,237.83,238.47,235.14,2507,235.14,152549,237.549779
2025-04-22 19:00:00+00:00,237.945,238.32,235.17,5571,237.81,408154,236.975711
2025-04-22 20:00:00+00:00,239.02,242.6,235.0,171,242.6,8849,238.853407
2025-04-23 12:00:00+00:00,256.38,256.38,255.41,74,255.41,5093,255.918695
2025-04-23 13:00:00+00:00,246.57,256.17,244.45,5476,256.03,468660,248.774767
2025-04-23 14:00:00+00:00,257.16,258.05,244.83,4941,246.74,321137,252.689545
2025-04-23 15:00:00+00:00,254.53,259.43,252.425,3027,257.26,183890,256.182221
2025-04-23 16:00:00+00:00,256.24,256.71,251.17,1604,254.655,95093,253.145888
2025-04-23 17:00:00+00:00,257.51,258.21,254.39,1488,256.25,79152,256.195751
2025-04-23 18:00:00+00:00,256.72,258.12,255.98,1533,257.5,85452,257.091486
2025-04-23 19:00:00+00:00,250.73,256.99,250.365,3681,256.65,233443,252.828341
2025-04-23 20:00:00+00:00,249.55,249.55,249.55,1,249.55,100,249.55
2025-04-24 13:00:00+00:00,253.8,254.195,249.31,2624,250.49,185316,252.706228
2025-04-24 14:00:00+00:00,254.98,258.14,253.07,3354,253.645,228493,255.867777
2025-04-24 15:00:00+00:00,253.42,256.7,253.25,2496,254.925,147405,254.915524
2025-04-24 16:00:00+00:00,255.64,256.055,252.505,1655,253.36,86390,254.18356
2025-04-24 17:00:00+00:00,255.49,255.74,253.67,1135,255.58,65155,254.980876
2025-04-24 18:00:00+00:00,256.53,257.97,255.29,1013,255.41,53627,256.687276
2025-04-24 19:00:00+00:00,259.51,259.52,255.0,2385,256.53,150108,257.499352
2025-04-25 13:00:00+00:00,261.8,265.12,259.725,2455,261.8,183719,262.737632
2025-04-25 14:00:00+00:00,275.215,278.13,261.72,6314,261.86,504997,271.919267
2025-04-25 15:00:00+00:00,281.435,283.48,274.59,3591,275.35,315047,280.019568
2025-04-25 16:00:00+00:00,286.27,286.37,280.01,2976,281.355,260525,283.288857
2025-04-25 17:00:00+00:00,282.84,286.835,281.06,2258,285.99,166243,284.295842
2025-04-25 18:00:00+00:00,285.33,285.93,282.87,1756,282.87,110820,284.553346
2025-04-25 19:00:00+00:00,284.96,285.56,281.72,3546,285.36,278693,283.821881
2025-04-25 20:00:00+00:00,285.17,285.17,284.85,2,284.85,200,285.01
2025-04-28 12:00:00+00:00,288.73,288.73,287.21,4,287.21,250,287.97
2025-04-28 13:00:00+00:00,285.94,294.83,285.08,5312,288.95,358895,290.575936
2025-04-28 14:00:00+00:00,281.58,288.67,281.4,4226,285.84,245620,285.661523
2025-04-28 15:00:00+00:00,276.55,282.55,273.79,5038,281.855,308772,277.06819
2025-04-28 16:00:00+00:00,277.58,278.41,272.48,2720,276.49,133281,275.645602
2025-04-28 17:00:00+00:00,279.85,280.1,275.705,1956,277.31,89846,277.403109
2025-04-28 18:00:00+00:00,281.15,281.8,279.69,2146,280.08,96164,280.892394
2025-04-28 19:00:00+00:00,285.95,286.7,281.19,3771,281.19,202256,284.796169
2025-04-28 20:00:00+00:00,285.65,286.13,285.65,49,286.0,4354,285.832809
2025-04-29 12:00:00+00:00,287.01,287.01,287.01,1,287.01,100,287.01
2025-04-29 13:00:00+00:00,283.16,287.98,280.0,2105,285.35,136829,283.147701
2025-04-29 14:00:00+00:00,281.86,289.19,279.52,2817,282.705,165353,283.459527
2025-04-29 15:00:00+00:00,283.59,284.52,280.385,1427,281.86,79457,282.410417
2025-04-29 16:00:00+00:00,283.93,285.62,282.51,1661,283.78,87296,283.933221
2025-04-29 17:00:00+00:00,285.59,286.45,283.31,1158,283.4,55811,284.968508
2025-04-29 18:00:00+00:00,285.75,286.82,284.94,1198,285.49,61732,285.990202
2025-04-29 19:00:00+00:00,292.01,293.26,285.555,3971,285.79,243027,289.130735
2025-04-30 12:00:00+00:00,280.57,280.57,279.5,16,279.5,1055,279.776724
2025-04-30 13:00:00+00:00,271.29,280.36,270.9,3800,280.06,203553,275.050682
2025-04-30 14:00:00+00:00,276.595,277.565,271.06,3718,271.44,242983,275.254237
2025-04-30 15:00:00+00:00,278.32,281.32,276.71,1987,276.9,104050,278.851022
2025-04-30 16:00:00+00:00,277.41,279.225,275.15,1525,278.63,77070,276.991304
2025-04-30 17:00:00+00:00,279.16,280.22,275.41,1429,277.365,70683,277.833653
2025-04-30 18:00:00+00:00,278.47,281.015,277.9,1337,279.02,71715,279.386737
2025-04-30 19:00:00+00:00,282.07,284.44,278.685,3613,278.685,239468,282.34699
2025-05-01 12:00:00+00:00,282.8,282.87,282.8,4,282.87,325,282.83
2025-05-01 13:00:00+00:00,282.075,287.085,280.23,1894,281.89,136320,284.519165
2025-05-01 14:00:00+00:00,289.14,289.74,280.85,2976,282.13,184965,285.414883
2025-05-01 15:00:00+00:00,284.33,290.82,283.74,1835,288.805,111242,287.571494
2025-05-01 16:00:00+00:00,282.955,284.86,282.39,1686,284.3,77832,283.639051
2025-05-01 17:00:00+00:00,282.58,285.69,281.8,1770,282.945,89567,283.528644
2025-05-01 18:00:00+00:00,282.73,283.98,282.31,1356,282.38,63626,283.006753
2025-05-01 19:00:00+00:00,280.52,284.54,279.9,2256,282.84,133949,282.195873
2025-05-02 13:00:00+00:00,282.56,287.785,281.005,2628,285.0,140356,284.424674
2025-05-02 14:00:00+00:00,286.42,286.89,279.82,2898,282.445,177222,283.367745
2025-05-02 15:00:00+00:00,286.96,288.21,284.985,1622,286.46,95338,286.413652
2025-05-02 16:00:00+00:00,291.895,292.51,286.19,2212,286.655,129227,289.834432
2025-05-02 17:00:00+00:00,293.81,294.42,290.76,2191,291.875,166394,293.020187
2025-05-02 18:00:00+00:00,290.95,294.74,290.675,1577,293.76,111976,292.688357
2025-05-02 19:00:00+00:00,287.17,290.84,285.8,3098,290.84,213552,288.137159
2025-05-05 12:00:00+00:00,284.81,284.81,284.81,6,284.81,225,284.81
2025-05-05 13:00:00+00:00,279.51,284.79,278.45,2648,284.57,162671,280.587583
2025-05-05 14:00:00+00:00,276.905,281.55,274.445,3908,280.335,233529,277.320055
2025-05-05 15:00:00+00:00,276.37,277.58,274.85,1995,277.04,100694,276.272527
2025-05-05 16:00:00+00:00,279.91,280.08,276.055,1240,276.415,61627,278.240443
2025-05-05 17:00:00+00:00,280.17,280.83,279.34,1369,279.89,70875,280.209143
2025-05-05 18:00:00+00:00,281.42,283.32,279.995,1517,280.13,77817,282.034802
2025-05-05 19:00:00+00:00,280.56,282.69,279.42,2542,281.59,130980,280.981044
2025-05-06 13:00:00+00:00,272.36,277.67,271.51,3213,272.78,195088,274.759885
2025-05-06 14:00:00+00:00,274.135,275.72,271.96,2847,272.375,148280,273.795514
2025-05-06 15:00:00+00:00,272.79,275.9,272.67,1997,274.09,99464,274.583304
2025-05-06 16:00:00+00:00,273.13,275.015,272.26,2107,272.765,105003,273.44424
2025-05-06 17:00:00+00:00,273.02,274.54,272.77,1401,273.18,78502,273.470264
2025-05-06 18:00:00+00:00,275.49,275.49,272.83,1535,273.04,66443,274.251645
2025-05-06 19:00:00+00:00,275.33,276.67,274.82,2288,275.41,116118,275.671235
2025-05-07 13:00:00+00:00,275.95,277.855,274.57,2395,276.89,125811,276.403882
2025-05-07 14:00:00+00:00,274.18,277.08,273.845,2003,275.705,90679,275.264852
2025-05-07 15:00:00+00:00,273.07,274.49,272.215,1623,274.0,66208,273.400132
2025-05-07 16:00:00+00:00,274.5,274.56,272.42,725,273.06,29834,273.320445
2025-05-07 17:00:00+00:00,274.13,275.91,273.74,1226,274.43,43923,274.828717
2025-05-07 18:00:00+00:00,275.61,275.8,271.03,2283,274.13,94196,273.09222
2025-05-07 19:00:00+00:00,276.27,277.22,272.61,2752,275.065,129850,275.198866
2025-05-08 13:00:00+00:00,284.15,286.68,279.59,2906,280.09,166101,284.169833
2025-05-08 14:00:00+00:00,281.14,285.29,279.505,3054,284.385,154627,281.867744
2025-05-08 15:00:00+00:00,288.56,289.74,281.02,3099,281.71,150637,287.069704
2025-05-08 16:00:00+00:00,287.9,289.76,286.8,1438,288.55,59374,288.195431
2025-05-08 17:00:00+00:00,287.74,288.34,286.17,1528,287.62,56884,287.210952
2025-05-08 18:00:00+00:00,287.93,289.04,287.13,1576,287.72,73761,288.139401
2025-05-08 19:00:00+00:00,284.94,289.75,284.8,3596,288.03,229678,287.266914
2025-05-09 12:00:00+00:00,287.89,287.89,287.85,7,287.85,445,287.87
2025-05-09 13:00:00+00:00,302.89,303.67,290.185,3740,290.185,260087,298.157547
2025-05-09 14:00:00+00:00,300.83,306.995,298.49,4736,302.855,332475,302.953559
2025-05-09 15:00:00+00:00,299.01,303.145,296.5,2375,300.79,110632,299.935891
2025-05-09 16:00:00+00:00,297.015,298.95,296.4,1548,298.62,73154,297.444443
2025-05-09 17:00:00+00:00,301.03,301.055,297.01,1557,297.17,71499,299.003573
2025-05-09 18:00:00+00:00,297.14,301.05,296.55,1509,300.945,67052,298.417236
2025-05-09 19:00:00+00:00,298.215,299.53,296.795,2354,297.1,114695,298.332413
2025-05-12 12:00:00+00:00,322.03,322.65,321.93,22,322.14,1588,322.259524
2025-05-12 13:00:00+00:00,315.43,322.105,311.6,4695,321.61,346242,315.455648
2025-05-12 14:00:00+00:00,317.445,319.58,313.93,4093,315.14,236662,316.702915
2025-05-12 15:00:00+00:00,318.07,320.81,316.915,2441,317.38,109466,318.890896
2025-05-12 16:00:00+00:00,317.89,319.49,317.5,1401,318.24,58357,318.531322
2025-05-12 17:00:00+00:00,319.015,319.78,317.05,1536,317.925,68672,318.549184
2025-05-12 18:00:00+00:00,316.53,319.05,316.155,1785,318.99,91166,317.331715
2025-05-12 19:00:00+00:00,318.5,318.73,316.15,2905,316.72,154206,317.366725
2025-05-12 20:00:00+00:00,317.88,318.24,317.88,6,318.24,434,318.0525
2025-05-13 13:00:00+00:00,321.35,321.57,316.84,2677,320.01,154405,319.713769
2025-05-13 14:00:00+00:00,322.31,325.96,320.71,3359,320.94,213127,323.025625
2025-05-13 15:00:00+00:00,322.61,323.9,318.87,3032,322.265,162931,321.547643
2025-05-13 16:00:00+00:00,326.005,327.04,320.515,2088,322.44,74579,323.050134
2025-05-13 17:00:00+00:00,335.06,336.7,325.2,5319,326.135,385995,333.067203
2025-05-13 18:00:00+00:00,335.78,337.42,332.905,2864,334.61,120867,334.93423
2025-05-13 19:00:00+00:00,333.93,337.085,332.11,3515,335.81,163257,334.741874
2025-05-13 20:00:00+00:00,332.13,334.71,332.13,16,333.69,627,333.204
2025-05-14 13:00:00+00:00,340.68,345.38,337.13,3343,343.05,197835,340.043235
2025-05-14 14:00:00+00:00,339.36,344.49,338.54,3477,340.745,167354,340.928579
2025-05-14 15:00:00+00:00,346.26,350.0,337.64,4902,339.515,415879,345.645452
2025-05-14 16:00:00+00:00,346.21,349.15,344.86,2167,346.42,122704,346.564946
2025-05-14 17:00:00+00:00,347.7,347.7,343.295,2807,346.18,170341,345.467189
2025-05-14 18:00:00+00:00,348.32,349.97,346.57,2484,347.675,216596,348.51784
2025-05-14 19:00:00+00:00,347.62,348.88,345.62,3441,348.225,161888,347.577388
2025-05-14 20:00:00+00:00,347.97,347.97,347.97,4,347.97,152,347.97
2025-05-15 12:00:00+00:00,339.93,339.93,339.93,3,339.93,190,339.93
2025-05-15 13:00:00+00:00,337.22,342.22,336.42,3198,340.2,166715,339.013788
2025-05-15 14:00:00+00:00,337.44,341.765,334.795,4152,337.33,215758,337.900144
2025-05-15 15:00:00+00:00,340.26,341.01,337.02,2190,337.02,109355,339.097871
2025-05-15 16:00:00+00:00,344.58,345.3,340.18,1960,340.18,93983,342.765997
2025-05-15 17:00:00+00:00,344.64,346.01,343.65,1919,344.33,82203,344.661697
2025-05-15 18:00:00+00:00,341.45,344.17,341.17,1969,344.13,95250,342.700516
2025-05-15 19:00:00+00:00,342.845,344.08,339.64,3085,341.46,157511,342.155781
2025-05-15 20:00:00+00:00,342.51,342.84,342.51,3,342.84,217,342.675
2025-05-16 13:00:00+00:00,347.92,351.41,345.53,2771,346.08,161419,348.508076
2025-05-16 14:00:00+00:00,345.8,347.38,342.505,3790,346.8,252488,345.176039
2025-05-16 15:00:00+00:00,347.5,349.12,345.37,2294,345.8,124379,347.519994
2025-05-16 16:00:00+00:00,347.57,348.94,347.19,1469,347.46,71562,348.042475
2025-05-16 17:00:00+00:00,347.6,348.73,346.32,1447,347.42,64381,347.645642
2025-05-16 18:00:00+00:00,347.63,348.12,346.965,1163,347.58,54765,347.627976
2025-05-16 19:00:00+00:00,349.93,349.93,347.45,2989,347.52,176902,349.152654
2025-05-16 20:00:00+00:00,349.46,349.7,349.46,161,349.7,7366,349.559087
2025-05-19 12:00:00+00:00,335.88,335.88,335.88,5,335.88,280,335.88
2025-05-19 13:00:00+00:00,338.6,338.61,333.48,2597,335.57,129721,336.402068
2025-05-19 14:00:00+00:00,338.99,342.98,337.81,2238,338.18,88574,340.136664
2025-05-19 15:00:00+00:00,337.48,339.52,336.855,1369,338.92,48781,338.258061
2025-05-19 16:00:00+00:00,340.0,340.15,337.22,1278,337.5,50104,338.610482
2025-05-19 17:00:00+00:00,340.74,342.82,339.8,1840,339.91,92969,341.555624
2025-05-19 18:00:00+00:00,341.35,341.38,339.31,1085,340.5,46027,340.298398
2025-05-19 19:00:00+00:00,342.01,342.755,340.69,2202,341.155,105700,341.848289
2025-05-20 12:00:00+00:00,345.24,345.67,345.24,101,345.55,5688,345.304506
2025-05-20 13:00:00+00:00,344.265,354.53,342.935,4585,346.13,255243,349.013125
2025-05-20 14:00:00+00:00,345.59,347.14,343.05,2438,344.36,138946,345.478737
2025-05-20 15:00:00+00:00,349.29,350.06,345.0,1832,345.295,96866,346.931686
2025-05-20 16:00:00+00:00,350.71,351.85,347.44,2148,349.06,127283,349.763699
2025-05-20 17:00:00+00:00,351.15,352.105,349.01,1607,350.46,94950,350.715232
2025-05-20 18:00:00+00:00,345.61,354.875,344.605,3180,351.095,188395,349.70604
2025-05-20 19:00:00+00:00,343.79,345.86,341.71,3493,345.73,177201,343.846575
2025-05-20 20:00:00+00:00,344.01,344.01,344.01,1,344.01,100,344.01
2025-05-21 13:00:00+00:00,344.19,345.91,342.405,1859,345.12,95282,344.167494
2025-05-21 14:00:00+00:00,344.84,347.22,341.68,2999,344.46,133131,344.199475
2025-05-21 15:00:00+00:00,345.19,346.055,343.34,1749,344.74,95431,344.657367
2025-05-21 16:00:00+00:00,346.27,347.27,344.51,1641,345.33,85411,346.025533
2025-05-21 17:00:00+00:00,338.5,347.06,334.53,2954,346.74,168620,338.829978
2025-05-21 18:00:00+00:00,335.64,338.58,335.32,1523,338.58,74023,337.325013
2025-05-21 19:00:00+00:00,334.54,336.54,332.26,2891,335.55,156706,334.184962
2025-05-21 20:00:00+00:00,331.23,333.69,331.23,10,333.69,526,332.6025
2025-05-22 12:00:00+00:00,328.45,328.45,328.45,10,328.45,407,328.45
2025-05-22 13:00:00+00:00,339.27,339.6,331.66,2364,331.905,135549,335.771288
2025-05-22 14:00:00+00:00,340.68,342.55,337.92,2366,339.59,103872,340.216614
2025-05-22 15:00:00+00:00,343.42,344.48,340.0,1713,340.76,81003,342.54842
2025-05-22 16:00:00+00:00,343.11,344.0,341.56,1221,344.0,55295,342.788399
2025-05-22 17:00:00+00:00,344.9,346.0,342.66,1337,343.25,61799,344.340113
2025-05-22 18:00:00+00:00,346.83,347.07,344.12,2481,344.85,193087,345.728474
2025-05-22 19:00:00+00:00,340.79,347.25,340.74,3088,346.86,150676,344.14909
2025-05-22 20:00:00+00:00,341.85,342.03,341.85,3,342.03,300,341.97
2025-05-23 13:00:00+00:00,336.765,338.57,333.26,3284,337.18,226839,336.109138
2025-05-23 14:00:00+00:00,336.91,338.81,334.63,2465,336.93,122910,337.021067
2025-05-23 15:00:00+00:00,337.25,337.96,335.21,2180,337.14,114317,336.906829
2025-05-23 16:00:00+00:00,339.96,340.59,336.3,2015,337.38,92987,338.597474
2025-05-23 17:00:00+00:00,342.145,343.075,339.47,2104,339.72,84654,341.61017
2025-05-23 18:00:00+00:00,340.99,342.58,339.46,1854,342.14,73966,341.312603
2025-05-23 19:00:00+00:00,339.215,341.64,339.105,3249,340.97,122352,340.123068
2025-05-23 20:00:00+00:00,339.81,339.81,339.42,8,339.51,385,339.58
2025-05-27 13:00:00+00:00,353.23,354.445,347.36,4010,347.485,226781,351.873167
2025-05-27 14:00:00+00:00,354.525,357.56,352.98,3876,353.205,192205,355.686606
2025-05-27 15:00:00+00:00,356.81,357.535,354.78,2113,354.84,100884,356.130405
2025-05-27 16:00:00+00:00,360.51,361.235,356.665,2670,356.86,115286,359.096935
2025-05-27 17:00:00+00:00,363.09,363.385,360.22,2463,360.45,126980,362.075597
2025-05-27 18:00:00+00:00,359.67,363.705,359.55,1932,363.15,112374,361.815514
2025-05-27 19:00:00+00:00,362.75,363.0,357.825,3503,359.56,212953,360.617158
2025-05-27 20:00:00+00:00,363.0,363.0,363.0,7,363.0,221,363.0
2025-05-28 13:00:00+00:00,360.98,365.45,358.66,3370,365.45,221736,361.328345
2025-05-28 14:00:00+00:00,361.15,364.55,360.7,2373,361.79,123021,362.272699
2025-05-28 15:00:00+00:00,361.0,363.36,360.67,1781,361.24,85290,362.050923
2025-05-28 16:00:00+00:00,361.23,362.31,360.55,1542,361.12,77548,361.326657
2025-05-28 17:00:00+00:00,362.73,363.03,361.225,1381,361.24,67545,362.289086
2025-05-28 18:00:00+00:00,358.83,363.8,357.46,1905,362.8,100244,360.98972
2025-05-28 19:00:00+00:00,356.785,360.15,355.93,2416,358.865,137000,358.001881
2025-05-28 20:00:00+00:00,360.57,360.69,360.09,8,360.09,520,360.435
2025-05-29 13:00:00+00:00,363.945,367.59,362.63,2048,365.37,116386,364.815517
2025-05-29 14:00:00+00:00,363.34,364.69,359.52,2444,364.135,140688,362.559665
2025-05-29 15:00:00+00:00,361.31,364.29,360.71,1605,363.48,74389,362.982028
2025-05-29 16:00:00+00:00,362.61,363.47,360.47,1286,361.4,54265,362.275589
2025-05-29 17:00:00+00:00,356.67,362.83,356.025,1481,362.51,68375,359.817109
2025-05-29 18:00:00+00:00,358.77,359.91,356.2,1287,356.89,53277,358.180456
2025-05-29 19:00:00+00:00,358.26,359.58,357.11,2180,358.66,90267,358.363956
2025-05-29 20:00:00+00:00,358.47,358.47,358.47,2,358.47,117,358.47
2025-05-30 12:00:00+00:00,353.93,356.18,353.93,9,356.18,450,355.055
2025-05-30 13:00:00+00:00,356.2,358.205,353.85,1339,354.93,72899,356.139552
2025-05-30 14:00:00+00:00,361.405,363.04,355.94,2206,355.94,112188,360.314201
2025-05-30 15:00:00+00:00,358.525,363.58,358.5,1577,362.0,82432,361.038726
2025-05-30 16:00:00+00:00,346.47,358.53,345.48,2156,358.49,138289,350.95423
2025-05-30 17:00:00+00:00,347.835,349.875,345.31,1247,346.39,76373,348.048118
2025-05-30 18:00:00+00:00,350.065,351.86,348.23,1195,348.23,70423,350.13592
2025-05-30 19:00:00+00:00,345.76,352.32,345.55,3012,349.97,202863,347.879813
2025-05-30 20:00:00+00:00,345.69,347.16,345.69,31,347.16,753,346.45
2025-06-02 12:00:00+00:00,342.73,342.73,341.68,5,341.68,343,342.326667
2025-06-02 13:00:00+00:00,337.64,347.98,336.97,2555,342.18,170054,343.570957
2025-06-02 14:00:00+00:00,337.035,340.305,335.2,2097,337.125,135953,337.331172
2025-06-02 15:00:00+00:00,336.485,337.68,333.38,1394,337.125,85237,336.120693
2025-06-02 16:00:00+00:00,338.115,339.0,335.925,988,336.37,59813,337.419866
2025-06-02 17:00:00+00:00,338.47,340.465,337.51,866,337.81,49263,338.50268
2025-06-02 18:00:00+00:00,340.84,341.17,338.53,985,338.53,50863,340.039285
2025-06-02 19:00:00+00:00,342.655,342.91,340.7,1911,341.02,103089,341.843658
2025-06-02 20:00:00+00:00,342.96,343.44,342.51,12,343.05,695,343.07
2025-06-03 12:00:00+00:00,345.98,346.78,343.92,84,343.92,5618,345.337594
2025-06-03 13:00:00+00:00,346.68,348.625,343.87,1767,345.98,112205,346.023045
2025-06-03 14:00:00+00:00,349.2,350.11,345.43,2247,347.39,127000,347.757079
2025-06-03 15:00:00+00:00,350.405,351.905,349.285,1869,349.48,89407,350.552958
2025-06-03 16:00:00+00:00,353.84,355.29,350.29,2116,350.365,132111,353.374048
2025-06-03 17:00:00+00:00,350.96,355.285,350.89,1638,353.87,100422,353.528654
2025-06-03 18:00:00+00:00,349.345,351.01,344.82,2057,351.01,123927,348.003346
2025-06-03 19:00:00+00:00,344.31,350.17,343.23,3104,349.24,200762,346.285478
2025-06-04 13:00:00+00:00,336.14,345.6,335.19,2287,344.61,161020,339.00574
2025-06-04 14:00:00+00:00,332.525,336.07,327.38,4980,336.07,317527,330.605974
2025-06-04 15:00:00+00:00,334.28,334.9,331.75,1941,332.44,109222,333.432374
2025-06-04 16:00:00+00:00,332.61,334.88,330.82,1306,334.17,73031,332.529433
2025-06-04 17:00:00+00:00,335.35,335.56,332.045,1129,332.695,69951,333.579183
2025-06-04 18:00:00+00:00,334.38,335.27,332.39,1171,335.22,74473,334.124304
2025-06-04 19:00:00+00:00,332.205,335.15,332.195,2290,334.285,143961,333.841768
2025-06-04 20:00:00+00:00,330.84,332.46,330.72,28,332.46,1242,331.266667
2025-06-05 12:00:00+00:00,321.59,324.85,320.85,509,324.85,30815,322.334069
2025-06-05 13:00:00+00:00,314.06,324.49,312.425,3933,321.59,352053,316.114982
2025-06-05 14:00:00+00:00,319.28,319.52,313.59,3113,314.105,264028,316.595895
2025-06-05 15:00:00+00:00,322.55,322.94,318.3,1917,319.23,122105,320.6775
2025-06-05 16:00:00+00:00,302.01,322.52,301.95,5954,322.52,504313,310.354469
2025-06-05 17:00:00+00:00,302.68,306.275,301.66,3696,302.2,305555,303.774354
2025-06-05 18:00:00+00:00,288.365,303.21,287.655,6966,302.62,603889,295.59165
2025-06-05 19:00:00+00:00,284.77,289.335,273.33,14117,288.625,1474491,282.409904
2025-06-05 20:00:00+00:00,281.19,286.05,275.13,318,286.05,14212,280.704856
2025-06-06 12:00:00+00:00,294.73,298.39,294.73,55,297.77,2374,296.978444
2025-06-06 13:00:00+00:00,294.91,302.49,291.23,4278,295.53,305261,297.138847
2025-06-06 14:00:00+00:00,303.35,303.445,293.23,5129,295.04,294911,297.156761
2025-06-06 15:00:00+00:00,300.425,305.435,299.02,3191,303.235,182687,301.718395
2025-06-06 16:00:00+00:00,300.41,302.41,300.08,2001,300.44,94926,301.145935
2025-06-06 17:00:00+00:00,300.82,301.69,299.17,2164,300.52,114066,300.206175
2025-06-06 18:00:00+00:00,300.635,301.065,299.5,2063,300.89,110738,300.405761
2025-06-06 19:00:00+00:00,295.11,301.92,293.23,5331,300.58,374395,296.790678
2025-06-06 20:00:00+00:00,296.61,296.61,294.31,40,295.09,2254,295.176
2025-06-09 12:00:00+00:00,289.33,291.45,289.33,9,291.45,495,290.403333
2025-06-09 13:00:00+00:00,292.49,293.27,281.9,3412,285.73,223811,287.236832
2025-06-09 14:00:00+00:00,293.9,296.04,292.01,3948,292.425,227762,293.776118
2025-06-09 15:00:00+00:00,294.75,297.62,293.23,2128,293.94,111860,295.587489
2025-06-09 16:00:00+00:00,296.95,297.345,293.79,1762,295.05,68321,295.587692
2025-06-09 17:00:00+00:00,299.235,300.88,295.895,1903,297.005,93525,298.105513
2025-06-09 18:00:00+00:00,300.595,300.71,298.5,1784,299.43,85809,299.584735
2025-06-09 19:00:00+00:00,308.56,309.79,300.285,5438,300.455,378297,306.745382
2025-06-10 12:00:00+00:00,315.43,315.43,315.43,1,315.43,100,315.43
2025-06-10 13:00:00+00:00,315.47,316.62,310.71,2805,315.01,198792,313.524782
2025-06-10 14:00:00+00:00,316.295,317.6,312.38,2289,315.365,140554,315.34876
2025-06-10 15:00:00+00:00,318.72,321.095,315.64,1957,316.14,112319,318.628639
2025-06-10 16:00:00+00:00,317.06,319.545,317.01,1109,318.78,54407,318.405957
2025-06-10 17:00:00+00:00,320.88,322.23,315.845,1416,316.78,78240,319.156323
2025-06-10 18:00:00+00:00,324.31,324.625,318.21,1690,320.7,94263,322.003359
2025-06-10 19:00:00+00:00,326.105,327.65,323.57,3336,324.3,223560,325.390701
2025-06-10 20:00:00+00:00,327.76,328.63,326.58,33,326.88,1781,327.440714
2025-06-11 12:00:00+00:00,334.73,335.23,334.73,7,335.23,500,334.946667
2025-06-11 13:00:00+00:00,329.8,335.41,328.24,4020,335.41,347870,331.928342
2025-06-11 14:00:00+00:00,331.93,334.345,329.83,2434,329.83,146759,332.35131
2025-06-11 15:00:00+00:00,329.85,333.51,329.6,1819,331.92,86926,331.400886
2025-06-11 16:00:00+00:00,329.72,330.57,326.065,2007,329.84,100537,328.721316
2025-06-11 17:00:00+00:00,325.56,331.285,325.345,1829,329.51,111856,328.850823
2025-06-11 18:00:00+00:00,325.51,326.4,322.76,1970,326.01,107205,324.836354
2025-06-11 19:00:00+00:00,326.6,326.69,323.23,2378,325.55,154347,325.440485
2025-06-11 20:00:00+00:00,326.68,328.95,326.65,28,326.65,1233,327.453333
2025-06-12 12:00:00+00:00,320.21,320.21,319.09,6,319.09,335,319.65
2025-06-12 13:00:00+00:00,326.27,329.28,322.15,2031,322.15,138125,325.995523
2025-06-12 14:00:00+00:00,326.09,328.19,323.92,2527,326.22,128436,325.873524
2025-06-12 15:00:00+00:00,326.74,328.7,325.14,1759,326.12,97793,326.73727
2025-06-12 16:00:00+00:00,324.2,332.36,323.58,1849,327.05,129297,327.812407
2025-06-12 17:00:00+00:00,322.895,325.655,321.93,959,323.82,61987,324.283703
2025-06-12 18:00:00+00:00,319.43,323.285,318.72,1316,322.68,79213,320.246821
2025-06-12 19:00:00+00:00,319.15,319.84,316.88,2537,319.605,201288,319.058063
2025-06-12 20:00:00+00:00,318.79,318.79,318.4,8,318.55,459,318.63
2025-06-13 12:00:00+00:00,314.41,315.04,314.41,95,314.58,7413,314.938951
2025-06-13 13:00:00+00:00,316.05,320.21,312.61,2063,312.61,149442,317.268291
2025-06-13 14:00:00+00:00,316.9,319.0,314.05,3244,316.32,210540,316.238886
2025-06-13 15:00:00+00:00,320.555,321.37,317.08,1816,317.08,92139,319.477513
2025-06-13 16:00:00+00:00,329.68,330.305,319.5,2693,320.66,172813,325.678792
2025-06-13 17:00:00+00:00,332.19,332.94,329.71,2404,329.94,175679,331.14952
2025-06-13 18:00:00+00:00,325.85,332.36,323.3,2274,332.31,155064,327.017348
2025-06-13 19:00:00+00:00,325.27,329.59,324.38,2685,325.76,178127,326.669198
2025-06-16 12:00:00+00:00,331.97,331.97,331.87,7,331.87,406,331.92
2025-06-16 13:00:00+00:00,327.5,332.03,326.46,2333,331.69,172323,329.156376
2025-06-16 14:00:00+00:00,330.19,331.175,326.56,2338,327.44,127254,329.470499
2025-06-16 15:00:00+00:00,330.64,331.31,328.36,1554,329.95,121167,329.734088
2025-06-16 16:00:00+00:00,330.38,331.725,329.67,964,330.65,67875,330.570885
2025-06-16 17:00:00+00:00,327.86,330.58,327.7,1037,330.21,73721,329.592441
2025-06-16 18:00:00+00:00,328.9,330.62,327.31,959,327.7,66304,328.981941
2025-06-16 19:00:00+00:00,329.1,329.88,327.75,1693,328.91,115891,329.095477
2025-06-16 20:00:00+00:00,328.71,329.04,328.71,3,329.04,300,328.86
2025-06-17 13:00:00+00:00,323.07,326.56,320.19,2826,325.94,175733,324.006719
2025-06-17 14:00:00+00:00,321.92,324.66,321.89,3084,323.13,170191,323.371894
2025-06-17 15:00:00+00:00,318.83,323.06,317.53,2689,322.16,176004,319.635009
2025-06-17 16:00:00+00:00,318.45,321.56,318.18,1344,318.64,78460,320.10256
2025-06-17 17:00:00+00:00,317.15,320.47,316.63,1518,318.335,79938,318.49868
2025-06-17 18:00:00+00:00,317.415,317.415,314.78,1737,317.04,84849,316.043447
2025-06-17 19:00:00+00:00,316.23,318.48,316.23,2684,317.375,149858,317.296112
2025-06-18 13:00:00+00:00,323.86,323.88,315.58,1837,317.62,102926,319.843563
2025-06-18 14:00:00+00:00,323.94,325.08,322.44,2129,323.87,109421,323.49834
2025-06-18 15:00:00+00:00,326.86,329.23,323.45,1619,324.1,92764,326.105373
2025-06-18 16:00:00+00:00,322.51,326.75,322.365,1240,326.75,78243,324.64255
2025-06-18 17:00:00+00:00,323.3,324.18,320.42,1195,322.64,78014,322.285438
2025-06-18 18:00:00+00:00,321.415,325.1,320.68,1134,324.15,55373,323.48595
2025-06-18 19:00:00+00:00,322.055,324.23,320.215,1741,320.85,86243,322.481482
2025-06-20 13:00:00+00:00,324.54,332.295,323.5,2151,327.545,138961,327.386778
2025-06-20 14:00:00+00:00,319.43,324.77,317.94,2966,324.435,203660,320.560938
2025-06-20 15:00:00+00:00,321.0,322.38,317.93,1197,319.09,63595,320.477321
2025-06-20 16:00:00+00:00,324.95,325.9,320.99,1446,320.99,85251,323.854665
2025-06-20 17:00:00+00:00,322.43,324.905,319.81,1159,324.905,62715,321.999741
2025-06-20 18:00:00+00:00,322.16,324.61,321.955,1270,322.54,52817,323.454008
2025-06-20 19:00:00+00:00,322.31,322.76,319.64,2067,322.04,114085,321.538091
2025-06-20 20:00:00+00:00,322.93,322.93,322.93,4,322.93,165,322.93
2025-06-23 13:00:00+00:00,343.08,343.22,327.935,3930,327.935,254815,335.751947
2025-06-23 14:00:00+00:00,354.055,356.82,342.695,5792,343.695,397245,350.53506
2025-06-23 15:00:00+00:00,354.51,357.45,352.47,2792,354.055,188844,354.418897
2025-06-23 16:00:00+00:00,347.9,356.2,344.51,2960,354.52,188395,349.864273
2025-06-23 17:00:00+00:00,352.48,354.77,346.83,1852,347.465,94480,351.015008
2025-06-23 18:00:00+00:00,351.27,352.99,349.98,2004,352.305,117046,351.66966
2025-06-23 19:00:00+00:00,348.58,351.405,346.47,3716,350.85,227983,348.92253
2025-06-23 20:00:00+00:00,345.27,350.62,345.27,22,350.17,933,348.710313
2025-06-24 13:00:00+00:00,347.64,356.1,345.1,3157,356.03,222375,349.66625
2025-06-24 14:00:00+00:00,341.34,347.94,340.51,3251,347.75,202883,343.261576
2025-06-24 15:00:00+00:00,342.035,344.75,341.325,1569,342.16,65027,342.974879
2025-06-24 16:00:00+00:00,344.21,344.24,341.715,1452,342.18,90071,342.765948
2025-06-24 17:00:00+00:00,341.35,344.15,341.24,1897,343.88,91507,342.463323
2025-06-24 18:00:00+00:00,343.155,343.35,341.315,1450,341.315,73259,342.46964
2025-06-24 19:00:00+00:00,340.48,343.69,340.48,2654,343.17,169778,342.309812
2025-06-25 12:00:00+00:00,343.69,343.69,343.44,30,343.44,1899,343.633077
2025-06-25 13:00:00+00:00,332.03,342.78,330.36,4986,342.74,302872,335.353584
2025-06-25 14:00:00+00:00,324.53,332.21,320.45,5358,332.1,433004,324.485946
2025-06-25 15:00:00+00:00,325.98,327.245,324.03,2048,324.53,133920,325.75213
2025-06-25 16:00:00+00:00,326.17,326.65,324.78,1209,326.43,56578,325.467623
2025-06-25 17:00:00+00:00,325.285,327.46,324.87,1363,326.325,79501,326.315073
2025-06-25 18:00:00+00:00,324.23,325.9,322.65,1674,325.475,109516,324.045062
2025-06-25 19:00:00+00:00,327.58,328.335,324.24,3156,324.24,188714,327.260999
2025-06-25 20:00:00+00:00,326.13,326.97,326.13,6,326.97,334,326.453333
2025-06-26 13:00:00+00:00,327.45,330.85,324.1,2071,324.1,158265,327.479064
2025-06-26 14:00:00+00:00,328.85,329.225,325.42,1988,327.635,105857,327.297103
2025-06-26 15:00:00+00:00,328.465,330.17,323.68,2238,328.35,122773,326.93349
2025-06-26 16:00:00+00:00,328.575,329.435,327.355,1057,328.41,45849,328.370875
2025-06-26 17:00:00+00:00,327.17,329.475,326.72,769,328.22,28522,328.060733
2025-06-26 18:00:00+00:00,327.61,328.0,326.15,1119,327.325,46917,327.080437
2025-06-26 19:00:00+00:00,325.73,328.57,324.83,2047,327.59,104372,326.865776
2025-06-27 13:00:00+00:00,326.14,326.82,320.175,2056,326.04,166451,322.800156
2025-06-27 14:00:00+00:00,325.61,329.27,324.74,1872,326.22,109155,326.831424
2025-06-27 15:00:00+00:00,325.34,326.24,324.14,827,325.75,45474,325.225942
2025-06-27 16:00:00+00:00,325.055,325.36,323.28,901,325.14,54581,324.675824
2025-06-27 17:00:00+00:00,323.03,325.86,322.2,1095,324.905,58959,323.970064
2025-06-27 18:00:00+00:00,318.62,323.42,317.55,1529,322.865,96569,320.324926
2025-06-27 19:00:00+00:00,323.79,323.815,318.61,2481,318.61,159153,321.738526
2025-06-27 20:00:00+00:00,323.01,323.13,322.92,29,323.02,1122,323.01
2025-06-30 13:00:00+00:00,320.88,325.46,319.26,2332,319.74,129222,322.279103
2025-06-30 14:00:00+00:00,321.17,322.67,317.855,2864,320.61,140393,320.027592
2025-06-30 15:00:00+00:00,321.2,322.16,319.63,1330,321.22,54684,320.776627
2025-06-30 16:00:00+00:00,320.07,322.62,319.95,1175,320.91,57968,321.060755
2025-06-30 17:00:00+00:00,319.42,321.05,318.5,1285,320.36,54676,319.69243
2025-06-30 18:00:00+00:00,318.61,320.11,317.19,1324,319.84,68134,318.768426
2025-06-30 19:00:00+00:00,317.76,319.28,316.765,2934,318.605,149051,317.922408
2025-06-30 20:00:00+00:00,315.3,315.3,315.1,14,315.19,1111,315.249754
2025-07-01 12:00:00+00:00,299.01,299.01,298.77,8,298.77,420,298.89
2025-07-01 13:00:00+00:00,302.16,303.03,293.32,4289,299.3,350164,296.984869
2025-07-01 14:00:00+00:00,298.55,305.82,297.28,4422,301.88,310505,301.600929
2025-07-01 15:00:00+00:00,302.1,303.0,298.455,1953,298.495,126250,301.125468
2025-07-01 16:00:00+00:00,303.02,304.46,300.35,1498,302.02,99454,302.881995
2025-07-01 17:00:00+00:00,298.83,304.39,298.45,1717,303.05,110848,301.134593
2025-07-01 18:00:00+00:00,301.4,303.115,298.75,1677,298.86,104365,301.011534
2025-07-01 19:00:00+00:00,300.705,304.405,300.39,3666,301.27,221661,302.456216
2025-07-01 20:00:00+00:00,301.35,301.35,299.67,14,299.67,922,300.42
2025-07-02 12:00:00+00:00,301.77,301.77,301.77,8,301.77,320,301.77
2025-07-02 13:00:00+00:00,305.77,322.29,305.445,3726,309.82,208232,309.374336
2025-07-02 14:00:00+00:00,311.82,315.575,303.87,4404,305.735,254775,310.939985
2025-07-02 15:00:00+00:00,313.665,316.69,310.27,2376,311.835,142039,313.88151
2025-07-02 16:00:00+00:00,314.53,314.565,311.95,1446,313.8,78832,313.245221
2025-07-02 17:00:00+00:00,314.5,315.94,314.0,1407,314.61,84407,314.883497
2025-07-02 18:00:00+00:00,315.23,316.28,314.32,1413,314.65,79866,315.462835
2025-07-02 19:00:00+00:00,315.645,316.18,312.72,3003,314.75,173659,314.68152
2025-07-02 20:00:00+00:00,316.78,316.78,315.88,48,315.88,1252,316.282222
2025-07-03 13:00:00+00:00,315.12,318.57,313.98,2228,318.57,133664,316.017434
2025-07-03 14:00:00+00:00,315.945,317.18,312.795,2350,315.25,150876,314.941579
2025-07-03 15:00:00+00:00,317.91,318.38,315.81,2696,316.44,112173,316.841256
2025-07-03 16:00:00+00:00,315.22,318.16,315.0,1802,318.005,100741,316.48136
2025-07-03 17:00:00+00:00,315.03,315.49,314.93,16,315.49,1620,315.23125
2025-07-07 12:00:00+00:00,296.93,296.93,296.93,6,296.93,190,296.93
2025-07-07 13:00:00+00:00,291.74,295.0,288.82,6057,294.85,388870,291.235966
2025-07-07 14:00:00+00:00,292.16,296.135,290.59,5218,291.36,312340,293.695721
2025-07-07 15:00:00+00:00,293.55,293.76,290.64,3401,292.065,248651,292.480334
2025-07-07 16:00:00+00:00,291.92,294.46,291.16,3172,293.515,196684,292.774564
2025-07-07 17:00:00+00:00,293.47,293.55,291.2,2632,291.94,156898,292.115093
2025-07-07 18:00:00+00:00,293.085,294.13,291.21,2856,293.3,190471,292.37907
2025-07-07 19:00:00+00:00,294.01,295.505,292.85,5789,293.04,387895,294.278076
2025-07-07 20:00:00+00:00,294.6,294.6,293.19,9,293.19,249,293.895
2025-07-08 13:00:00+00:00,297.3,300.37,295.67,2084,296.74,116919,297.791186
2025-07-08 14:00:00+00:00,302.22,304.0,296.49,3213,297.32,180177,299.914828
2025-07-08 15:00:00+00:00,301.54,303.06,300.915,1951,302.19,130879,302.018517
2025-07-08 16:00:00+00:00,301.28,302.97,300.78,1789,301.63,96346,301.843545
2025-07-08 17:00:00+00:00,301.55,302.19,300.43,1537,301.28,85289,301.331985
2025-07-08 18:00:00+00:00,301.8,303.54,301.05,1923,301.47,110533,302.528424
2025-07-08 19:00:00+00:00,297.85,301.835,294.45,5399,301.645,396292,297.907914
2025-07-08 20:00:00+00:00,297.98,297.98,297.57,55,297.57,6973,297.731768
2025-07-09 12:00:00+00:00,297.84,298.74,297.84,51,298.74,5295,298.05788
2025-07-09 13:00:00+00:00,298.35,300.05,296.23,1680,297.84,104791,297.882523
2025-07-09 14:00:00+00:00,294.14,298.905,293.69,2390,298.45,137938,296.157835
2025-07-09 15:00:00+00:00,294.74,296.38,293.57,1353,293.8,77026,295.32208
2025-07-09 16:00:00+00:00,295.6,296.11,294.4,942,295.11,66324,294.977231
2025-07-09 17:00:00+00:00,295.0,295.55,293.98,1118,295.5,61782,294.872006
2025-07-09 18:00:00+00:00,296.55,297.105,294.93,972,294.93,57829,296.20834
2025-07-09 19:00:00+00:00,296.095,297.735,295.82,1581,296.64,92340,296.716476
2025-07-09 20:00:00+00:00,295.54,295.72,295.2,8,295.72,609,295.38
2025-07-10 13:00:00+00:00,303.28,307.92,300.01,3631,300.26,258986,304.845182
2025-07-10 14:00:00+00:00,304.82,306.39,302.63,2236,303.4,129117,304.297545
2025-07-10 15:00:00+00:00,303.88,306.635,303.35,935,305.23,46189,304.532172
2025-07-10 16:00:00+00:00,303.46,304.86,303.07,1084,303.76,109736,304.050898
2025-07-10 17:00:00+00:00,305.285,305.46,301.68,1560,303.55,136685,302.898117
2025-07-10 18:00:00+00:00,309.215,309.25,304.99,1493,305.34,103519,307.407402
2025-07-10 19:00:00+00:00,309.9,310.45,308.425,3211,309.245,224238,309.359535
2025-07-11 13:00:00+00:00,310.09,310.935,305.69,2181,307.71,138433,308.631586
2025-07-11 14:00:00+00:00,308.29,311.805,307.62,2157,309.89,114408,309.459076
2025-07-11 15:00:00+00:00,308.92,309.415,306.66,1833,308.235,115337,308.042638
2025-07-11 16:00:00+00:00,311.13,311.13,308.265,1408,308.96,79462,309.586383
2025-07-11 17:00:00+00:00,309.905,311.415,309.905,1067,311.03,47847,310.596472
2025-07-11 18:00:00+00:00,311.135,312.71,309.89,1247,309.89,66909,311.713418
2025-07-11 19:00:00+00:00,313.46,314.04,310.39,1958,311.36,113886,312.920122
2025-07-14 13:00:00+00:00,315.5,322.51,315.0,1785,317.66,109764,318.015666
2025-07-14 14:00:00+00:00,314.95,316.855,312.69,2004,315.61,110186,314.820661
2025-07-14 15:00:00+00:00,314.85,315.56,313.78,1436,314.965,78947,314.578828
2025-07-14 16:00:00+00:00,315.7,315.915,314.345,1124,314.71,63055,315.1085
2025-07-14 17:00:00+00:00,314.21,316.56,313.04,1416,315.7,87842,314.873251
2025-07-14 18:00:00+00:00,316.19,316.19,313.84,1198,313.99,70624,315.027052
2025-07-14 19:00:00+00:00,316.95,317.22,315.47,2260,316.28,115736,316.321505
2025-07-15 13:00:00+00:00,317.74,321.13,316.95,1686,319.7,116622,318.757254
2025-07-15 14:00:00+00:00,313.4,319.255,313.155,1778,318.135,120245,316.12592
2025-07-15 15:00:00+00:00,314.24,314.81,312.72,1260,313.56,73688,313.78127
2025-07-15 16:00:00+00:00,313.53,315.4,312.86,1010,314.18,72024,314.196355
2025-07-15 17:00:00+00:00,313.92,315.0,313.6,721,313.69,37063,314.188095
2025-07-15 18:00:00+00:00,311.97,315.165,311.965,985,313.77,57952,313.647168
2025-07-15 19:00:00+00:00,310.7,312.98,310.54,1991,311.75,135195,311.38972
2025-07-15 20:00:00+00:00,308.82,308.82,308.8,46,308.82,4067,308.818887
2025-07-16 13:00:00+00:00,318.2,318.625,312.82,1775,312.83,115433,316.129738
2025-07-16 14:00:00+00:00,318.905,321.075,314.44,2565,318.19,139579,317.954671
2025-07-16 15:00:00+00:00,319.3,321.08,316.095,2804,318.88,150165,318.580341
2025-07-16 16:00:00+00:00,320.13,321.64,318.7,1938,319.2,117411,320.019143
2025-07-16 17:00:00+00:00,319.76,321.23,319.38,1285,319.935,71866,320.215871
2025-07-16 18:00:00+00:00,321.11,321.11,318.685,1504,320.0,97811,319.756964
2025-07-16 19:00:00+00:00,321.7,323.42,320.835,2364,321.07,178853,322.168098
2025-07-17 13:00:00+00:00,321.155,323.99,320.0,1817,323.16,118957,322.059013
2025-07-17 14:00:00+00:00,322.445,324.3,320.48,2172,321.32,130569,322.390789
2025-07-17 15:00:00+00:00,321.77,323.385,320.64,1359,322.54,88789,322.178158
2025-07-17 16:00:00+00:00,321.275,321.93,319.81,849,321.615,42742,320.798858
2025-07-17 17:00:00+00:00,319.485,321.83,317.12,1543,321.465,98467,318.760196
2025-07-17 18:00:00+00:00,318.785,319.765,318.25,1203,319.28,70104,319.125667
2025-07-17 19:00:00+00:00,319.31,319.625,318.325,1507,318.7,69546,318.995757
2025-07-18 13:00:00+00:00,328.46,329.59,321.6,2181,321.985,147769,326.027975
2025-07-18 14:00:00+00:00,327.06,330.655,325.54,2692,328.75,167943,328.118006
2025-07-18 15:00:00+00:00,328.455,329.1,326.59,1674,326.92,125400,328.234831
2025-07-18 16:00:00+00:00,325.38,328.705,325.15,1138,328.69,69925,327.238675
2025-07-18 17:00:00+00:00,328.015,328.135,324.88,1142,325.29,78202,326.641605
2025-07-18 18:00:00+00:00,329.9,330.8,328.1,1309,328.1,84311,329.884641
2025-07-18 19:00:00+00:00,329.68,330.87,328.2,1966,330.025,121126,329.242933
2025-07-21 13:00:00+00:00,329.33,337.91,328.98,1658,334.37,124151,332.62465
2025-07-21 14:00:00+00:00,329.785,331.13,327.86,2152,329.23,130774,329.435497
2025-07-21 15:00:00+00:00,328.22,330.1,328.01,1249,329.66,73488,329.05062
2025-07-21 16:00:00+00:00,329.29,329.865,327.05,1098,328.16,46770,328.670091
2025-07-21 17:00:00+00:00,329.385,330.255,329.13,927,329.225,50774,329.730528
2025-07-21 18:00:00+00:00,329.44,330.78,329.2,958,329.42,53579,329.916815
2025-07-21 19:00:00+00:00,328.56,329.855,327.97,1685,329.38,87941,328.823334
2025-07-22 13:00:00+00:00,323.92,330.39,321.61,1705,329.305,111105,326.441556
2025-07-22 14:00:00+00:00,329.465,331.55,323.26,2190,323.64,127985,327.753719
2025-07-22 15:00:00+00:00,331.22,332.29,327.41,1497,329.525,89222,329.916419
2025-07-22 16:00:00+00:00,330.56,331.925,329.78,1136,331.57,62339,330.681952
2025-07-22 17:00:00+00:00,331.71,332.54,330.65,1219,330.87,68658,331.711245
2025-07-22 18:00:00+00:00,335.115,335.19,329.87,2164,331.71,134176,333.253668
2025-07-22 19:00:00+00:00,332.195,335.35,332.16,2267,335.35,140520,333.706083
2025-07-23 13:00:00+00:00,332.85,334.2,329.22,1556,330.815,113489,331.839604
2025-07-23 14:00:00+00:00,333.75,334.525,332.26,1624,332.855,114577,333.390716
2025-07-23 15:00:00+00:00,333.725,336.04,332.11,1587,333.76,105930,333.84855
2025-07-23 16:00:00+00:00,332.045,334.9,332.0,1494,333.56,97746,333.44559
2025-07-23 17:00:00+00:00,330.98,332.55,328.7,1813,332.06,115736,330.578988
2025-07-23 18:00:00+00:00,333.075,335.59,330.86,2187,330.97,144066,332.949448
2025-07-23 19:00:00+00:00,333.04,334.295,332.08,2832,333.05,184319,332.866245
2025-07-23 20:00:00+00:00,332.76,336.8,328.06,26,336.8,1538,331.702222
2025-07-24 12:00:00+00:00,310.57,311.69,310.57,4,311.69,310,311.143333
2025-07-24 13:00:00+00:00,306.96,310.93,301.01,6766,310.73,604328,304.809405
2025-07-24 14:00:00+00:00,303.52,307.72,302.64,5206,306.965,387780,304.790164
2025-07-24 15:00:00+00:00,302.89,303.935,301.34,3154,303.535,234943,302.595856
2025-07-24 16:00:00+00:00,302.745,302.96,300.49,2673,302.84,178291,301.866955
2025-07-24 17:00:00+00:00,303.025,305.715,302.36,1810,302.94,116220,303.916593
2025-07-24 18:00:00+00:00,304.47,304.66,302.2,2016,303.03,133863,303.707968
2025-07-24 19:00:00+00:00,305.16,307.46,304.335,4778,304.47,322795,306.064945
2025-07-25 13:00:00+00:00,311.78,312.68,307.09,2346,307.09,165076,310.526133
2025-07-25 14:00:00+00:00,315.045,315.1,311.91,1999,311.91,116073,313.395628
2025-07-25 15:00:00+00:00,319.76,320.805,314.195,1982,315.115,123087,318.376414
2025-07-25 16:00:00+00:00,320.63,323.57,319.66,2519,319.69,181433,321.586731
2025-07-25 17:00:00+00:00,316.85,320.545,316.57,1798,320.545,111098,318.576646
2025-07-25 18:00:00+00:00,314.88,318.5,314.77,2003,316.68,121888,316.542424
2025-07-25 19:00:00+00:00,316.07,316.64,312.83,3094,315.02,206218,315.204433
2025-07-25 20:00:00+00:00,316.75,316.75,316.75,2,316.75,105,316.75
2025-07-28 13:00:00+00:00,321.91,322.46,315.87,1568,317.71,108942,318.595823
2025-07-28 14:00:00+00:00,328.05,328.12,319.96,2200,321.99,134104,323.968309
2025-07-28 15:00:00+00:00,328.78,329.485,326.75,2395,328.075,167940,327.935295
2025-07-28 16:00:00+00:00,328.61,330.46,327.055,1298,328.66,77105,328.912538
2025-07-28 17:00:00+00:00,327.35,329.42,326.615,1248,328.47,78996,327.860915
2025-07-28 18:00:00+00:00,327.88,328.255,326.225,1191,327.405,73057,327.26387
2025-07-28 19:00:00+00:00,325.47,328.135,325.465,2445,327.83,152514,326.542139
2025-07-29 13:00:00+00:00,320.43,325.74,319.56,1580,325.74,91730,321.319219
2025-07-29 14:00:00+00:00,322.21,322.39,318.32,1911,320.14,123953,320.355429
2025-07-29 15:00:00+00:00,320.09,322.57,318.395,1835,322.19,129799,320.185639
2025-07-29 16:00:00+00:00,320.97,322.09,319.66,1165,320.09,85090,320.745154
2025-07-29 17:00:00+00:00,321.71,321.76,320.145,940,321.03,56911,320.855638
2025-07-29 18:00:00+00:00,322.815,323.8,321.39,1539,321.65,97690,322.984571
2025-07-29 19:00:00+00:00,321.25,324.005,320.865,1573,322.81,82543,322.053976
2025-07-30 13:00:00+00:00,321.38,324.22,320.14,1400,322.245,71665,322.108768
2025-07-30 14:00:00+00:00,319.19,323.37,318.825,1453,321.425,84351,321.559256
2025-07-30 15:00:00+00:00,319.14,319.74,316.955,1907,319.02,122020,318.171019
2025-07-30 16:00:00+00:00,318.19,319.095,317.36,994,319.0,57160,318.229122
2025-07-30 17:00:00+00:00,318.47,318.84,317.685,791,318.19,41398,318.214187
2025-07-30 18:00:00+00:00,312.65,318.81,312.465,2413,318.4,128065,315.817442
2025-07-30 19:00:00+00:00,319.15,319.15,311.745,3712,312.58,224764,315.82016
2025-07-30 20:00:00+00:00,318.12,318.64,318.12,15,318.43,451,318.3825
2025-07-31 13:00:00+00:00,318.23,321.235,317.885,1725,319.605,98001,319.467863
2025-07-31 14:00:00+00:00,313.18,319.09,313.12,2353,318.2,149929,316.444922
2025-07-31 15:00:00+00:00,312.23,314.85,311.5,1787,313.33,116967,312.754724
2025-07-31 16:00:00+00:00,312.85,314.05,312.03,1317,312.27,94225,312.926116
2025-07-31 17:00:00+00:00,308.355,312.86,307.88,2124,312.825,146292,310.545936
2025-07-31 18:00:00+00:00,309.415,310.04,306.14,2357,308.28,157717,308.182349
2025-07-31 19:00:00+00:00,308.665,310.95,307.97,2715,309.56,180333,309.570753
2025-08-01 12:00:00+00:00,305.93,307.5,305.59,15,305.59,1587,307.202
2025-08-01 13:00:00+00:00,300.34,308.54,299.62,2007,304.93,114147,303.540048
2025-08-01 14:00:00+00:00,305.385,307.3,297.86,2966,300.32,189628,303.357199
2025-08-01 15:00:00+00:00,307.875,309.075,303.9,1741,305.505,105675,305.936388
2025-08-01 16:00:00+00:00,304.17,309.235,304.015,1386,307.94,69809,306.863113
2025-08-01 17:00:00+00:00,303.2,304.88,302.485,1341,304.24,78488,303.752646
2025-08-01 18:00:00+00:00,302.565,304.6,301.48,1542,303.73,84155,302.808148
2025-08-01 19:00:00+00:00,302.68,303.605,301.22,2434,302.555,180794,302.640747
2025-08-04 12:00:00+00:00,309.8,309.8,309.8,1,309.8,100,309.8
2025-08-04 13:00:00+00:00,308.84,310.52,305.65,2238,308.73,130830,308.02062
2025-08-04 14:00:00+00:00,304.345,312.07,303.265,3741,308.945,221735,307.813629
2025-08-04 15:00:00+00:00,308.71,308.81,303.61,1636,304.425,94210,306.094327
2025-08-04 16:00:00+00:00,308.475,309.7,306.885,1247,308.43,68191,308.40058
2025-08-04 17:00:00+00:00,308.58,308.69,306.83,1156,308.39,71436,307.867134
2025-08-04 18:00:00+00:00,309.56,310.25,308.51,1256,308.74,57501,309.574338
2025-08-04 19:00:00+00:00,309.22,310.81,308.09,2699,309.65,175750,309.328499
2025-08-05 13:00:00+00:00,311.72,312.34,305.64,1424,309.04,94926,308.44741
2025-08-05 14:00:00+00:00,307.25,311.225,305.64,2377,310.89,131275,308.066119
2025-08-05 15:00:00+00:00,307.36,308.05,306.48,1007,307.01,46511,307.202371
2025-08-05 16:00:00+00:00,306.28,308.07,306.13,976,307.5,55283,307.073652
2025-08-05 17:00:00+00:00,309.89,310.36,306.635,1072,306.68,53477,308.601627
2025-08-05 18:00:00+00:00,309.51,310.815,308.8,776,309.81,38423,309.537212
2025-08-05 19:00:00+00:00,308.635,310.6,308.635,1435,309.56,95654,309.489944
2025-08-06 13:00:00+00:00,313.54,317.14,307.09,3042,307.97,137522,313.110445
2025-08-06 14:00:00+00:00,316.94,318.28,313.715,1868,313.945,100531,316.001329
2025-08-06 15:00:00+00:00,318.84,319.515,316.55,1700,316.745,102065,318.333078
2025-08-06 16:00:00+00:00,317.22,318.855,316.75,1478,318.69,78405,317.612908
2025-08-06 17:00:00+00:00,318.8,319.7,316.28,1148,317.19,58577,318.105465
2025-08-06 18:00:00+00:00,319.68,319.965,318.425,1568,318.73,82875,319.263862
2025-08-06 19:00:00+00:00,319.95,320.43,318.455,2596,319.59,139580,319.390075
2025-08-06 20:00:00+00:00,320.35,320.35,320.35,1,320.35,100,320.35
2025-08-07 13:00:00+00:00,321.35,321.76,318.4,1391,320.69,92087,320.002338
2025-08-07 14:00:00+00:00,318.12,322.4,317.735,2088,321.43,105301,319.480257
2025-08-07 15:00:00+00:00,318.78,319.34,317.645,1338,318.33,81268,318.48049
2025-08-07 16:00:00+00:00,318.67,321.025,318.13,1202,318.76,54912,319.652919
2025-08-07 17:00:00+00:00,318.38,319.23,317.49,915,318.85,43357,318.307399
2025-08-07 18:00:00+00:00,318.41,318.8,316.195,1021,318.35,56019,317.516402
2025-08-07 19:00:00+00:00,322.31,322.32,318.1,1594,318.12,77761,320.692917
2025-08-07 20:00:00+00:00,322.15,322.15,322.15,6,322.15,125,322.15
2025-08-08 12:00:00+00:00,321.13,321.43,321.13,8,321.43,290,321.28
2025-08-08 13:00:00+00:00,332.91,333.62,321.455,1693,321.595,122251,329.203021
2025-08-08 14:00:00+00:00,333.035,335.0,329.66,2596,332.91,173624,332.612521
2025-08-08 15:00:00+00:00,330.64,334.13,330.505,1564,333.055,104040,332.537647
2025-08-08 16:00:00+00:00,329.64,331.86,328.67,1169,330.91,78072,330.508535
2025-08-08 17:00:00+00:00,329.635,330.34,328.225,1200,329.73,80564,329.294533
2025-08-08 18:00:00+00:00,330.51,330.83,328.9,889,329.61,52589,329.871063
2025-08-08 19:00:00+00:00,329.69,330.425,327.29,2085,330.425,133432,328.746237
2025-08-11 12:00:00+00:00,335.09,335.98,335.09,8,335.95,375,335.673333
2025-08-11 13:00:00+00:00,340.1,343.09,334.47,2002,334.675,149799,340.626045
2025-08-11 14:00:00+00:00,342.73,343.14,338.88,1626,340.33,102734,341.197438
2025-08-11 15:00:00+00:00,345.2,345.53,341.9,1633,342.46,106016,343.631551
2025-08-11 16:00:00+00:00,344.24,346.59,344.02,1057,345.26,62103,345.396544
2025-08-11 17:00:00+00:00,342.375,344.81,341.965,935,344.265,53762,342.7519
2025-08-11 18:00:00+00:00,343.765,343.905,340.81,1523,342.59,89007,342.168321
2025-08-11 19:00:00+00:00,339.185,343.78,338.81,2958,343.78,185039,340.931678
2025-08-11 20:00:00+00:00,338.44,338.59,338.44,7,338.59,510,338.518
2025-08-12 12:00:00+00:00,345.01,345.01,341.11,12,341.17,493,343.015
2025-08-12 13:00:00+00:00,335.925,345.105,335.775,1396,344.25,88136,340.512181
2025-08-12 14:00:00+00:00,334.81,336.08,333.02,2264,335.935,123603,334.639221
2025-08-12 15:00:00+00:00,338.02,338.97,334.775,1592,334.815,97391,337.234495
2025-08-12 16:00:00+00:00,339.18,340.04,336.97,703,337.52,35470,338.509527
2025-08-12 17:00:00+00:00,338.35,339.78,337.83,667,339.36,36611,338.642536
2025-08-12 18:00:00+00:00,340.72,340.9,337.18,889,338.21,37586,339.01487
2025-08-12 19:00:00+00:00,340.785,342.29,340.43,1420,340.72,76132,341.093563
2025-08-12 20:00:00+00:00,340.27,340.63,340.27,10,340.63,273,340.45
2025-08-13 12:00:00+00:00,342.49,342.49,342.49,4,342.49,145,342.49
2025-08-13 13:00:00+00:00,345.96,348.9,340.56,1319,341.71,79471,345.798656
2025-08-13 14:00:00+00:00,343.675,346.08,342.95,1355,346.0,75020,344.936553
2025-08-13 15:00:00+00:00,341.3,343.55,338.56,1350,343.16,64305,340.922867
2025-08-13 16:00:00+00:00,339.74,341.945,339.26,665,341.235,32610,340.875109
2025-08-13 17:00:00+00:00,340.95,341.8,339.42,792,339.87,41598,340.516345
2025-08-13 18:00:00+00:00,339.89,341.44,338.275,778,340.99,41799,339.997439
2025-08-13 19:00:00+00:00,339.305,341.455,339.2,828,339.835,43949,340.331497
2025-08-14 12:00:00+00:00,337.42,337.42,337.42,19,337.42,929,337.42
2025-08-14 13:00:00+00:00,337.19,338.05,334.93,859,335.1,52609,336.512834
2025-08-14 14:00:00+00:00,338.19,340.425,335.895,1589,337.92,80339,337.452756
2025-08-14 15:00:00+00:00,332.13,338.25,330.575,2475,337.985,139552,333.030442
2025-08-14 16:00:00+00:00,332.18,332.39,330.88,822,331.66,47269,331.702808
2025-08-14 17:00:00+00:00,334.49,334.54,331.855,1083,332.06,60689,333.251194
2025-08-14 18:00:00+00:00,334.13,334.4,332.91,872,334.4,42194,333.551592
2025-08-14 19:00:00+00:00,335.67,336.01,333.82,1860,334.39,100681,334.81106
2025-08-14 20:00:00+00:00,335.14,335.14,335.14,5,335.14,120,335.14
2025-08-15 13:00:00+00:00,332.98,339.06,332.16,1772,337.54,91048,334.742208
2025-08-15 14:00:00+00:00,332.055,334.2,331.875,1726,332.72,89930,332.700418
2025-08-15 15:00:00+00:00,329.73,333.745,329.43,1370,332.19,65200,331.930212
2025-08-15 16:00:00+00:00,330.085,330.24,327.04,1711,329.725,105053,328.44357
2025-08-15 17:00:00+00:00,331.355,331.645,329.79,1216,330.06,61866,330.828739
2025-08-15 18:00:00+00:00,328.82,331.32,328.725,1016,331.23,46209,329.813331
2025-08-15 19:00:00+00:00,330.62,330.65,328.09,2160,328.6,132167,329.49786
2025-08-18 13:00:00+00:00,332.16,333.64,329.86,1646,329.86,120414,331.622233
2025-08-18 14:00:00+00:00,333.435,334.2,330.755,1053,332.27,78049,332.609272
2025-08-18 15:00:00+00:00,333.105,333.92,332.74,500,333.35,28047,333.295125
2025-08-18 16:00:00+00:00,333.395,335.265,333.24,916,333.32,64264,334.457199
2025-08-18 17:00:00+00:00,334.575,335.73,333.37,512,333.37,30310,334.696463
2025-08-18 18:00:00+00:00,335.21,335.5,333.74,434,334.52,24242,334.571438
2025-08-18 19:00:00+00:00,335.09,336.26,333.88,1371,335.42,81361,334.979107
2025-08-19 12:00:00+00:00,335.59,335.59,335.59,4,335.59,159,335.59
2025-08-19 13:00:00+00:00,338.865,339.43,333.41,1428,335.655,92670,336.215258
2025-08-19 14:00:00+00:00,332.52,340.5,331.8,2506,338.47,145883,336.725194
2025-08-19 15:00:00+00:00,332.92,333.8,330.765,1498,332.37,78242,332.025214
2025-08-19 16:00:00+00:00,330.23,333.96,330.175,848,332.91,59531,332.122612
2025-08-19 17:00:00+00:00,330.45,330.95,327.93,1564,330.37,101628,329.274098
2025-08-19 18:00:00+00:00,329.13,330.42,328.0,683,330.37,46403,329.279664
2025-08-19 19:00:00+00:00,329.32,330.56,328.01,1091,328.83,68300,329.50722
2025-08-19 20:00:00+00:00,328.24,328.99,328.24,4,328.99,305,328.67
2025-08-20 13:00:00+00:00,321.255,331.34,319.31,1391,329.58,84362,323.877944
2025-08-20 14:00:00+00:00,315.96,322.755,314.61,2576,321.295,162965,317.912891
2025-08-20 15:00:00+00:00,318.115,321.0,315.745,1708,316.135,95089,318.890799
2025-08-20 16:00:00+00:00,320.2,322.04,317.995,907,317.995,51096,320.704054
2025-08-20 17:00:00+00:00,322.665,323.96,320.15,1026,320.15,51130,322.080944
2025-08-20 18:00:00+00:00,321.1,322.775,319.6,809,322.75,44629,321.135798
2025-08-20 19:00:00+00:00,323.91,324.74,321.3,1614,321.75,113332,323.533407
2025-08-21 12:00:00+00:00,322.73,322.73,322.73,3,322.73,130,322.73
2025-08-21 13:00:00+00:00,320.64,324.72,320.61,918,322.125,45443,322.643484
2025-08-21 14:00:00+00:00,323.28,324.44,319.965,978,320.59,53806,323.034279
2025-08-21 15:00:00+00:00,321.265,323.39,320.8,893,323.28,59869,321.959814
2025-08-21 16:00:00+00:00,319.68,321.36,319.32,679,321.06,39280,320.541513
2025-08-21 17:00:00+00:00,320.87,321.27,318.785,734,319.695,39625,320.00913
2025-08-21 18:00:00+00:00,321.94,322.04,319.925,550,320.76,33154,321.060044
2025-08-21 19:00:00+00:00,320.08,322.55,320.04,1278,321.89,62008,321.397945
2025-08-22 12:00:00+00:00,321.21,321.21,321.21,27,321.21,1777,321.21
2025-08-22 13:00:00+00:00,325.65,326.595,319.97,1372,321.53,83198,324.592481
2025-08-22 14:00:00+00:00,336.16,337.63,325.84,3855,325.84,250433,334.579478
2025-08-22 15:00:00+00:00,335.16,337.14,334.9,984,336.165,48192,335.927888
2025-08-22 16:00:00+00:00,336.44,338.225,333.78,1154,335.23,57995,336.182323
2025-08-22 17:00:00+00:00,337.95,338.66,336.635,934,336.675,56032,337.855305
2025-08-22 18:00:00+00:00,338.78,339.04,337.16,921,338.13,59295,338.269722
2025-08-22 19:00:00+00:00,340.0,340.23,337.36,2246,338.74,160938,339.104777
2025-08-25 13:00:00+00:00,339.0,341.01,335.05,1100,339.29,62418,338.100456
2025-08-25 14:00:00+00:00,340.87,342.11,338.58,1245,339.265,69082,340.550988
2025-08-25 15:00:00+00:00,345.065,345.89,339.74,1174,340.8,87062,343.626806
2025-08-25 16:00:00+00:00,346.9,347.085,344.35,868,345.06,53120,345.73886
2025-08-25 17:00:00+00:00,347.84,348.675,346.26,992,346.895,60613,347.727176
2025-08-25 18:00:00+00:00,347.215,348.14,346.12,777,347.905,47015,347.057396
2025-08-25 19:00:00+00:00,346.6,349.53,346.51,2426,347.2,151707,348.240776
2025-08-25 20:00:00+00:00,346.21,346.27,346.12,12,346.21,633,346.214221
2025-08-26 13:00:00+00:00,347.43,348.98,344.42,1783,344.82,138765,347.427159
2025-08-26 14:00:00+00:00,345.57,348.385,345.16,1504,347.96,91326,346.386684
2025-08-26 15:00:00+00:00,345.025,347.68,343.73,1014,345.56,53706,345.801747
2025-08-26 16:00:00+00:00,346.46,346.77,344.39,750,345.115,37788,345.67994
2025-08-26 17:00:00+00:00,345.62,347.24,345.15,540,346.34,25937,346.250751
2025-08-26 18:00:00+00:00,348.28,348.56,345.6,837,345.6,46861,347.473702
2025-08-26 19:00:00+00:00,351.7,351.84,347.77,2216,348.25,127742,349.970397
2025-08-26 20:00:00+00:00,353.5,353.5,352.3,112,352.31,7349,352.933793
2025-08-27 13:00:00+00:00,350.75,355.285,349.94,1501,351.83,91414,352.187111
2025-08-27 14:00:00+00:00,352.31,353.17,350.07,1185,350.6,69393,351.624419
2025-08-27 15:00:00+00:00,352.77,354.055,351.52,941,352.27,48821,352.941102
2025-08-27 16:00:00+00:00,351.03,352.62,349.29,613,352.56,35335,350.879638
2025-08-27 17:00:00+00:00,350.73,351.34,350.35,382,350.71,18515,350.740982
2025-08-27 18:00:00+00:00,350.765,352.0,350.61,507,350.77,28104,351.453689
2025-08-27 19:00:00+00:00,349.47,351.35,349.36,1822,350.78,105650,350.088817
2025-08-27 20:00:00+00:00,347.32,348.09,346.21,11,347.67,643,347.366364
2025-08-28 13:00:00+00:00,350.58,353.29,349.02,922,351.07,56268,351.04303
2025-08-28 14:00:00+00:00,345.56,351.43,343.65,1361,350.76,80511,347.104583
2025-08-28 15:00:00+00:00,341.25,345.705,340.28,1260,345.5,85815,342.477002
2025-08-28 16:00:00+00:00,343.54,343.93,341.195,881,341.29,53621,342.573599
2025-08-28 17:00:00+00:00,344.76,345.0,343.01,639,343.44,32560,344.066073
2025-08-28 18:00:00+00:00,344.17,345.12,343.7,665,344.79,33265,344.441366
2025-08-28 19:00:00+00:00,345.9,346.85,344.32,1568,344.33,88530,345.992765
2025-08-29 13:00:00+00:00,343.895,348.63,343.24,880,347.6,46751,345.635031
2025-08-29 14:00:00+00:00,338.09,344.46,337.535,3019,343.375,191034,339.051914
2025-08-29 15:00:00+00:00,335.69,339.65,334.88,1581,338.54,110844,337.343314
2025-08-29 16:00:00+00:00,335.55,336.91,335.33,905,335.785,67208,335.978036
2025-08-29 17:00:00+00:00,333.55,335.22,332.77,1220,335.22,86236,333.875358
2025-08-29 18:00:00+00:00,332.48,333.94,331.745,959,333.6,60887,332.650379
2025-08-29 19:00:00+00:00,333.86,334.465,331.92,2585,332.595,168244,333.094596
2025-09-02 12:00:00+00:00,327.0,327.0,327.0,4,327.0,220,327.0
2025-09-02 13:00:00+00:00,331.98,332.63,325.95,2020,327.0,105631,329.770572
2025-09-02 14:00:00+00:00,330.73,333.19,330.365,1666,332.11,103873,331.62857
2025-09-02 15:00:00+00:00,328.32,331.18,327.1,2089,330.94,149262,328.266956
2025-09-02 16:00:00+00:00,329.47,329.85,328.535,1425,328.535,89027,329.221244
2025-09-02 17:00:00+00:00,328.74,330.6,328.66,998,329.395,58958,329.551514
2025-09-02 18:00:00+00:00,328.59,329.35,327.9,1008,328.82,55945,328.445178
2025-09-02 19:00:00+00:00,329.31,329.85,328.485,2202,328.68,123772,329.2614
2025-09-03 13:00:00+00:00,330.94,335.03,328.52,1674,335.03,115848,330.646694
2025-09-03 14:00:00+00:00,341.31,341.44,331.04,3021,331.12,210658,337.048563
2025-09-03 15:00:00+00:00,341.455,342.39,339.37,2247,341.27,158389,341.28297
2025-09-03 16:00:00+00:00,341.42,343.33,340.56,1597,341.44,104608,341.59617
2025-09-03 17:00:00+00:00,339.29,342.48,339.22,1274,341.26,80576,341.096112
2025-09-03 18:00:00+00:00,335.02,339.38,334.73,1555,339.17,102914,336.552297
2025-09-03 19:00:00+00:00,334.07,337.11,334.015,2219,334.98,155607,335.547565
2025-09-04 13:00:00+00:00,334.56,337.54,333.21,2491,335.52,172049,335.371982
2025-09-04 14:00:00+00:00,332.98,334.9,331.57,2273,334.22,149005,333.057978
2025-09-04 15:00:00+00:00,334.425,336.04,332.73,1384,332.935,93832,334.340552
2025-09-04 16:00:00+00:00,333.57,334.595,332.9,928,334.49,54016,333.937338
2025-09-04 17:00:00+00:00,334.86,335.58,333.59,871,333.59,55755,334.782306
2025-09-04 18:00:00+00:00,336.36,336.6,334.93,798,335.11,49198,335.804848
2025-09-04 19:00:00+00:00,338.62,338.86,336.09,1778,336.48,109592,337.651355
2025-09-05 13:00:00+00:00,354.48,355.82,346.49,6089,346.49,408061,352.43283
2025-09-05 14:00:00+00:00,346.64,354.715,344.79,4392,354.18,340184,349.116395
2025-09-05 15:00:00+00:00,346.97,349.43,345.2,2033,346.56,129464,347.737017
2025-09-05 16:00:00+00:00,348.9,348.9,345.86,1517,346.94,100546,347.461444
2025-09-05 17:00:00+00:00,350.11,352.92,348.59,2400,348.94,188059,350.713368
2025-09-05 18:00:00+00:00,348.755,352.03,347.905,2034,350.155,175644,350.1345
2025-09-05 19:00:00+00:00,350.82,351.19,348.015,2904,348.72,246451,349.431855
2025-09-08 13:00:00+00:00,353.89,358.33,350.84,3069,354.4,199282,354.473991
2025-09-08 14:00:00+00:00,347.985,353.92,347.91,2715,353.82,189674,351.163222
2025-09-08 15:00:00+00:00,348.56,350.3,346.635,2222,347.87,148538,348.427903
2025-09-08 16:00:00+00:00,345.98,348.29,345.89,1182,348.06,85910,347.466459
2025-09-08 17:00:00+00:00,345.55,347.68,344.92,1342,346.08,101693,346.410318
2025-09-08 18:00:00+00:00,346.49,347.2,344.9,1075,345.565,79197,346.265023
2025-09-08 19:00:00+00:00,346.34,346.94,345.495,1725,346.45,125741,346.3361
2025-09-09 12:00:00+00:00,347.77,347.77,347.77,2,347.77,120,347.77
2025-09-09 13:00:00+00:00,348.16,350.64,347.18,1395,348.58,89809,349.060826
2025-09-09 14:00:00+00:00,345.89,348.9,343.86,1777,348.58,116467,346.156005
2025-09-09 15:00:00+00:00,347.67,347.93,344.98,1181,346.12,82576,346.587305
2025-09-09 16:00:00+00:00,346.28,348.48,346.235,1113,347.795,73839,347.433258
2025-09-09 17:00:00+00:00,347.25,347.8,346.31,1027,346.31,71404,347.017275
2025-09-09 18:00:00+00:00,346.76,347.275,345.98,902,347.275,53320,346.547361
2025-09-09 19:00:00+00:00,347.07,347.145,345.715,1472,346.88,93467,346.66634
2025-09-10 13:00:00+00:00,347.67,352.0,346.24,1828,351.21,111637,348.523077
2025-09-10 14:00:00+00:00,355.42,355.42,347.705,2117,347.705,146771,351.05785
2025-09-10 15:00:00+00:00,355.0,356.285,353.56,1613,355.48,108141,354.965136
2025-09-10 16:00:00+00:00,354.215,355.03,352.74,1063,354.735,74642,354.147519
2025-09-10 17:00:00+00:00,354.72,356.25,353.94,962,354.235,62816,354.94812
2025-09-10 18:00:00+00:00,351.3,354.72,351.05,1065,354.58,75915,353.32339
2025-09-10 19:00:00+00:00,347.84,351.44,347.21,2207,351.34,161717,348.692085
2025-09-11 12:00:00+00:00,351.35,351.35,351.35,1,351.35,100,351.35
2025-09-11 13:00:00+00:00,351.39,352.15,347.825,1528,350.245,99041,349.994644
2025-09-11 14:00:00+00:00,358.75,360.525,350.78,3062,351.64,177968,356.495398
2025-09-11 15:00:00+00:00,362.43,363.45,358.495,2154,358.82,127401,361.722465
2025-09-11 16:00:00+00:00,361.84,362.77,360.24,1588,362.1,82822,361.530222
2025-09-11 17:00:00+00:00,366.14,366.59,361.9,1767,361.985,106873,364.61358
2025-09-11 18:00:00+00:00,367.28,367.61,364.85,1796,365.815,114472,366.445415
2025-09-11 19:00:00+00:00,368.85,368.85,365.8,2287,367.335,157186,367.190158
2025-09-12 13:00:00+00:00,384.54,386.92,370.39,5040,370.93,349539,380.409962
2025-09-12 14:00:00+00:00,389.61,393.865,384.01,7355,384.39,534508,388.006467
2025-09-12 15:00:00+00:00,391.815,392.615,387.29,3173,389.705,196429,389.711334
2025-09-12 16:00:00+00:00,393.55,395.935,389.57,3103,391.725,203924,392.566317
2025-09-12 17:00:00+00:00,394.91,395.3,391.24,2145,393.3,136150,393.51741
2025-09-12 18:00:00+00:00,393.79,395.45,392.645,2159,394.88,139146,394.082161
2025-09-12 19:00:00+00:00,396.0,396.62,391.99,4671,393.75,375396,394.853345
2025-09-15 13:00:00+00:00,418.71,425.56,414.83,8656,422.49,577282,419.479747
2025-09-15 14:00:00+00:00,421.6,423.0,414.44,3742,419.05,267250,418.805424
2025-09-15 15:00:00+00:00,419.75,424.1,418.91,2697,421.63,158387,421.686712
2025-09-15 16:00:00+00:00,416.39,421.13,415.82,3278,419.515,178855,418.646659
2025-09-15 17:00:00+00:00,416.29,418.3,416.025,2450,416.25,130277,417.299593
2025-09-15 18:00:00+00:00,406.93,416.46,402.46,4938,416.08,316243,408.398036
2025-09-15 19:00:00+00:00,410.21,411.19,406.42,4621,407.11,298157,408.847713
2025-09-16 12:00:00+00:00,414.74,414.74,414.41,6,414.47,417,414.539098
2025-09-16 13:00:00+00:00,415.95,417.67,411.5,2009,415.82,138456,414.562641
2025-09-16 14:00:00+00:00,418.44,421.045,413.54,2057,415.895,124679,417.215107
2025-09-16 15:00:00+00:00,419.06,420.825,416.63,1586,418.05,110284,419.045595
2025-09-16 16:00:00+00:00,418.685,422.08,418.305,1262,419.805,87707,419.84169
2025-09-16 17:00:00+00:00,417.94,420.665,417.63,830,418.595,54688,418.913534
2025-09-16 18:00:00+00:00,420.14,420.165,417.84,987,417.98,64199,419.041192
2025-09-16 19:00:00+00:00,421.545,423.22,419.52,2566,420.18,185114,421.636547
2025-09-17 13:00:00+00:00,416.2,417.025,409.83,1428,415.71,106954,414.282238
2025-09-17 14:00:00+00:00,413.685,416.345,411.935,1345,416.21,90521,414.580466
2025-09-17 15:00:00+00:00,418.05,419.38,414.58,1158,414.58,62310,417.724657
2025-09-17 16:00:00+00:00,418.975,420.315,416.74,971,418.37,69191,418.557646
2025-09-17 17:00:00+00:00,420.5,420.54,418.81,695,419.02,38184,419.568609
2025-09-17 18:00:00+00:00,419.675,424.59,411.89,2320,420.63,146031,417.294377
2025-09-17 19:00:00+00:00,425.62,428.125,419.585,2803,419.585,171646,425.675659
2025-09-18 13:00:00+00:00,427.76,431.49,422.02,1780,428.805,140740,427.368688
2025-09-18 14:00:00+00:00,429.045,431.975,426.56,1569,427.905,110590,428.332095
2025-09-18 15:00:00+00:00,425.14,430.135,423.97,1188,429.215,78265,426.451155
2025-09-18 16:00:00+00:00,425.11,425.745,420.85,899,425.24,59307,423.51278
2025-09-18 17:00:00+00:00,423.54,426.21,422.01,955,425.09,70519,423.774137
2025-09-18 18:00:00+00:00,424.315,424.77,422.675,742,423.56,50085,423.492781
2025-09-18 19:00:00+00:00,416.685,424.4,416.67,2072,424.365,158431,419.800252
2025-09-19 12:00:00+00:00,421.39,421.39,421.39,4,421.39,145,421.39
2025-09-19 13:00:00+00:00,427.6,428.55,421.1,1409,421.1,97724,426.193441
2025-09-19 14:00:00+00:00,424.76,429.4,424.42,1726,427.75,90795,426.717262
2025-09-19 15:00:00+00:00,423.77,424.99,422.6,1286,424.675,88505,423.815632
2025-09-19 16:00:00+00:00,423.89,424.85,421.97,868,423.68,54504,423.344325
2025-09-19 17:00:00+00:00,424.05,424.72,423.035,780,423.955,45733,423.912375
2025-09-19 18:00:00+00:00,424.25,426.17,423.83,1412,423.97,85013,425.162659
2025-09-19 19:00:00+00:00,425.995,426.98,423.715,1842,424.15,114407,425.709608
2025-09-22 12:00:00+00:00,429.67,429.67,428.72,9,428.72,425,429.16
2025-09-22 13:00:00+00:00,440.855,441.185,429.19,2796,431.085,189281,437.127522
2025-09-22 14:00:00+00:00,441.47,444.89,440.45,2508,441.02,170118,442.485491
2025-09-22 15:00:00+00:00,440.595,442.68,439.93,1441,441.395,85375,441.327223
2025-09-22 16:00:00+00:00,433.19,441.56,433.19,1941,440.695,124920,437.824275
2025-09-22 17:00:00+00:00,433.555,435.015,429.94,1682,433.275,99178,432.751381
2025-09-22 18:00:00+00:00,433.49,434.61,432.79,958,433.37,54365,433.570274
2025-09-22 19:00:00+00:00,434.13,436.28,433.26,2014,433.265,110553,434.480042
2025-09-23 13:00:00+00:00,437.325,440.68,433.98,1534,439.55,92077,437.264904
2025-09-23 14:00:00+00:00,432.2,438.185,431.35,1405,437.31,75363,434.385053
2025-09-23 15:00:00+00:00,433.09,434.58,431.0,952,432.05,56466,432.939812
2025-09-23 16:00:00+00:00,434.93,435.97,432.835,992,433.315,60433,434.775569
2025-09-23 17:00:00+00:00,428.18,435.78,424.85,1923,434.87,123534,430.844258
2025-09-23 18:00:00+00:00,425.85,429.14,423.77,1461,428.59,97669,426.065322
2025-09-23 19:00:00+00:00,425.695,429.39,425.69,1996,425.82,121134,427.837882
2025-09-24 13:00:00+00:00,437.46,438.39,429.14,1968,429.815,124436,434.806804
2025-09-24 14:00:00+00:00,438.24,440.425,434.5,2001,437.0,128286,438.011622
2025-09-24 15:00:00+00:00,435.05,440.405,434.58,1555,438.39,92403,438.297574
2025-09-24 16:00:00+00:00,438.2,438.48,433.49,1548,435.105,75304,436.241304
2025-09-24 17:00:00+00:00,439.385,440.475,438.32,1459,438.32,70343,439.401789
2025-09-24 18:00:00+00:00,442.715,443.48,437.85,1645,439.325,94361,440.94859
2025-09-24 19:00:00+00:00,442.88,444.155,441.01,3178,442.455,201640,442.973186
2025-09-25 13:00:00+00:00,425.19,435.24,423.48,2759,435.24,181401,427.05234
2025-09-25 14:00:00+00:00,429.04,431.19,425.24,2540,425.39,157811,429.239857
2025-09-25 15:00:00+00:00,429.42,429.45,425.98,1801,428.975,122643,427.838863
2025-09-25 16:00:00+00:00,428.88,429.9,427.65,1290,429.12,76603,428.888069
2025-09-25 17:00:00+00:00,421.81,429.61,421.22,1589,428.83,90167,425.595076
2025-09-25 18:00:00+00:00,426.38,426.955,419.13,2058,422.22,124767,423.064286
2025-09-25 19:00:00+00:00,423.34,426.505,423.09,2532,426.33,156666,424.812826
2025-09-26 12:00:00+00:00,429.57,429.57,429.57,3,429.57,130,429.57
2025-09-26 13:00:00+00:00,426.75,434.51,424.91,1368,428.285,82577,428.83324
2025-09-26 14:00:00+00:00,426.59,427.965,421.14,2269,426.91,128270,424.256002
2025-09-26 15:00:00+00:00,428.52,430.295,425.715,1053,426.32,54805,428.496125
2025-09-26 16:00:00+00:00,431.54,432.05,427.38,1450,427.95,78051,430.051272
2025-09-26 17:00:00+00:00,436.0,436.02,431.265,1441,431.43,85244,433.115975
2025-09-26 18:00:00+00:00,438.54,440.12,435.71,2219,435.9,152944,438.314408
2025-09-26 19:00:00+00:00,440.4,440.44,437.515,2264,438.435,163385,438.968598
2025-09-29 13:00:00+00:00,444.21,450.89,441.61,3357,444.355,204449,447.073957
2025-09-29 14:00:00+00:00,442.74,446.46,441.0,2900,444.645,164824,443.892073
2025-09-29 15:00:00+00:00,440.66,444.815,439.57,1812,442.68,92916,441.782499
2025-09-29 16:00:00+00:00,441.46,442.71,439.89,1448,440.655,78697,441.660162
2025-09-29 17:00:00+00:00,442.38,442.48,439.705,1265,441.6,83444,441.606767
2025-09-29 18:00:00+00:00,442.47,443.81,441.9,1510,442.4,89553,442.929957
2025-09-29 19:00:00+00:00,443.385,443.6,440.455,2390,442.33,122650,442.131522
2025-09-30 13:00:00+00:00,438.175,443.45,436.83,2468,442.225,152817,439.111905
2025-09-30 14:00:00+00:00,439.84,440.1,436.81,2311,438.68,139716,438.562416
2025-09-30 15:00:00+00:00,435.45,440.75,433.33,2224,440.1,140776,436.614135
2025-09-30 16:00:00+00:00,436.82,436.99,434.54,1687,435.515,113188,435.461792
2025-09-30 17:00:00+00:00,438.42,439.74,436.29,1077,436.68,65566,437.621659
2025-09-30 18:00:00+00:00,442.05,444.4,438.26,2114,438.39,160743,442.027605
2025-09-30 19:00:00+00:00,444.66,445.0,441.3,3288,442.01,223865,443.661495
2025-10-01 13:00:00+00:00,445.7,449.48,440.825,1663,443.88,117389,445.941198
2025-10-01 14:00:00+00:00,458.73,458.73,445.32,3354,445.655,252512,453.693779
2025-10-01 15:00:00+00:00,455.59,458.78,452.555,1685,458.675,112998,455.179449
2025-10-01 16:00:00+00:00,456.95,458.465,454.22,1222,455.545,73508,456.262644
2025-10-01 17:00:00+00:00,458.2,460.25,456.96,1182,456.96,73396,458.409047
2025-10-01 18:00:00+00:00,460.105,461.15,458.165,1309,458.165,84852,460.067183
2025-10-01 19:00:00+00:00,459.44,462.18,459.05,2660,460.14,176317,460.509995
2025-10-02 12:00:00+00:00,467.01,467.01,465.67,22,466.51,735,466.396667
2025-10-02 13:00:00+00:00,456.545,476.53,453.575,3840,471.41,249750,460.908411
2025-10-02 14:00:00+00:00,452.965,459.215,451.815,3372,456.75,206288,455.457673
2025-10-02 15:00:00+00:00,447.59,454.31,444.94,3266,452.95,206057,449.624765
2025-10-02 16:00:00+00:00,443.99,448.99,441.57,2411,447.535,162407,445.713478
2025-10-02 17:00:00+00:00,440.965,446.67,439.61,2307,444.08,156839,443.159705
2025-10-02 18:00:00+00:00,441.085,443.21,438.5,2166,441.03,130587,441.203719
2025-10-02 19:00:00+00:00,435.975,444.17,435.6,4815,441.155,302302,439.770529
2025-10-03 13:00:00+00:00,438.09,446.735,436.37,1564,440.95,93835,441.089104
2025-10-03 14:00:00+00:00,427.35,438.075,424.87,3101,438.075,206967,429.890867
2025-10-03 15:00:00+00:00,430.25,431.65,426.1,1917,427.465,132654,429.478228
2025-10-03 16:00:00+00:00,424.33,430.34,423.99,1635,430.25,99925,427.183113
2025-10-03 17:00:00+00:00,419.52,423.46,416.81,2624,423.46,175693,420.540444
2025-10-03 18:00:00+00:00,423.21,424.48,417.66,1851,419.62,132441,421.671315
2025-10-03 19:00:00+00:00,429.86,430.205,423.0,3554,423.245,242241,427.620972
2025-10-06 13:00:00+00:00,439.955,446.76,436.84,2848,440.86,207857,442.028499
2025-10-06 14:00:00+00:00,444.68,447.4,439.54,2810,440.23,182434,443.689116
2025-10-06 15:00:00+00:00,446.85,447.91,444.445,2012,445.255,126271,446.420937
2025-10-06 16:00:00+00:00,448.66,449.055,444.82,1585,446.985,98308,447.448552
2025-10-06 17:00:00+00:00,448.3,449.99,447.315,1530,448.6,92808,448.565928
2025-10-06 18:00:00+00:00,450.665,450.665,447.945,1686,448.15,101173,449.514126
2025-10-06 19:00:00+00:00,453.27,453.52,449.96,3160,450.605,189729,452.190164
2025-10-07 13:00:00+00:00,451.33,451.96,442.33,1866,447.82,110126,448.014189
2025-10-07 14:00:00+00:00,447.385,452.54,445.87,1989,450.55,101652,448.078642
2025-10-07 15:00:00+00:00,441.13,448.055,436.36,2473,447.42,148166,441.864386
2025-10-07 16:00:00+00:00,446.315,446.64,440.23,1210,441.11,74206,443.984262
2025-10-07 17:00:00+00:00,447.41,450.08,445.99,1269,446.08,71788,448.014409
2025-10-07 18:00:00+00:00,440.88,449.97,437.81,2571,447.275,187577,443.62309
2025-10-07 19:00:00+00:00,433.09,442.075,432.475,4107,441.065,294560,435.548081
2025-10-08 12:00:00+00:00,434.79,434.79,434.79,3,434.79,140,434.79
2025-10-08 13:00:00+00:00,431.73,437.085,425.4,2362,437.075,144838,430.556762
2025-10-08 14:00:00+00:00,432.29,435.58,430.62,1938,432.53,128650,432.787894
2025-10-08 15:00:00+00:00,434.91,436.095,431.67,1519,432.235,85785,434.235449
2025-10-08 16:00:00+00:00,435.63,435.915,433.09,1067,434.61,53845,434.694713
2025-10-08 17:00:00+00:00,436.25,437.065,434.16,1248,435.62,63983,435.731714
2025-10-08 18:00:00+00:00,437.2,441.29,436.06,1398,436.06,74983,438.510531
2025-10-08 19:00:00+00:00,438.61,440.06,435.925,2388,437.47,135906,438.35768
2025-10-09 13:00:00+00:00,430.78,434.09,427.6,3456,431.74,201925,430.975407
2025-10-09 14:00:00+00:00,430.19,433.34,426.33,3826,430.73,231413,430.040762
2025-10-09 15:00:00+00:00,429.72,431.35,428.75,2490,430.25,158691,429.901876
2025-10-09 16:00:00+00:00,431.865,433.98,429.415,2127,429.75,135210,431.319085
2025-10-09 17:00:00+00:00,430.85,432.225,427.46,2234,431.83,162478,430.174674
2025-10-09 18:00:00+00:00,433.79,434.2,429.85,1516,430.85,130717,431.968163
2025-10-09 19:00:00+00:00,435.35,436.33,433.6,2258,433.79,158890,435.21408
2025-10-10 13:00:00+00:00,437.95,443.0,436.16,3129,436.24,194720,438.174781
2025-10-10 14:00:00+00:00,434.98,440.24,433.36,4141,437.87,214721,437.024114
2025-10-10 15:00:00+00:00,424.625,435.05,416.13,6318,435.05,376473,424.433507
2025-10-10 16:00:00+00:00,418.71,424.19,417.375,3823,424.155,213823,420.6685
2025-10-10 17:00:00+00:00,418.46,420.285,415.565,3644,418.41,281977,417.611115
2025-10-10 18:00:00+00:00,416.86,419.85,415.81,2988,418.05,180377,417.912716
2025-10-10 19:00:00+00:00,413.48,418.5,411.495,5381,416.75,331812,414.880425
2025-10-10 20:00:00+00:00,412.25,412.25,412.25,9,412.25,611,412.25
2025-10-13 13:00:00+00:00,424.195,426.37,419.74,3383,422.92,157873,423.610689
2025-10-13 14:00:00+00:00,422.26,428.81,420.22,5216,424.48,231874,424.125848
2025-10-13 15:00:00+00:00,425.95,426.58,421.45,3003,422.14,141219,424.390812
2025-10-13 16:00:00+00:00,428.23,428.56,425.67,2290,425.99,109585,427.144965
2025-10-13 17:00:00+00:00,431.42,431.48,427.08,2572,428.22,122874,429.461369
2025-10-13 18:00:00+00:00,432.96,436.84,430.82,4086,431.42,244470,434.357654
2025-10-13 19:00:00+00:00,435.89,436.3,431.71,4379,432.955,255496,434.253688
2025-10-13 20:00:00+00:00,435.1,435.43,435.1,4,435.43,214,435.265
2025-10-14 12:00:00+00:00,425.79,425.79,425.79,7,425.79,368,425.79
2025-10-14 13:00:00+00:00,419.995,426.57,418.12,3459,426.57,185849,420.888871
2025-10-14 14:00:00+00:00,423.7,425.32,418.94,4389,419.55,244528,422.848869
2025-10-14 15:00:00+00:00,427.34,429.26,422.52,3242,423.84,194333,425.678311
2025-10-14 16:00:00+00:00,430.42,434.175,426.245,3709,427.43,238714,430.669882
2025-10-14 17:00:00+00:00,431.95,433.355,429.02,1881,430.12,112639,431.742774
2025-10-14 18:00:00+00:00,430.75,433.99,430.535,1861,431.985,110169,432.593083
2025-10-14 19:00:00+00:00,429.18,433.14,426.9,3978,430.75,241994,429.31859
2025-10-15 13:00:00+00:00,435.58,438.55,429.79,2528,434.715,113860,433.501868
2025-10-15 14:00:00+00:00,436.98,440.445,434.19,4681,435.665,222891,437.909617
2025-10-15 15:00:00+00:00,433.24,438.11,431.48,3700,436.96,181306,435.398829
2025-10-15 16:00:00+00:00,433.32,435.545,432.545,1419,433.6,64978,433.789271
2025-10-15 17:00:00+00:00,432.93,433.08,426.36,2720,433.07,164354,430.563097
2025-10-15 18:00:00+00:00,434.42,434.44,430.55,1781,432.83,101677,432.797083
2025-10-15 19:00:00+00:00,435.19,435.4,431.97,3367,434.35,185663,433.835334
2025-10-16 13:00:00+00:00,435.13,437.03,431.93,1439,435.79,100320,434.074756
2025-10-16 14:00:00+00:00,436.13,439.27,434.47,2001,435.18,102014,436.83181
2025-10-16 15:00:00+00:00,432.92,438.36,432.34,1431,436.31,84020,435.642604
2025-10-16 16:00:00+00:00,431.44,432.97,426.065,2016,432.9,112207,429.205987
2025-10-16 17:00:00+00:00,428.03,431.88,427.47,1580,431.14,86320,429.803262
2025-10-16 18:00:00+00:00,426.845,428.655,421.47,2540,428.25,154380,424.52965
2025-10-16 19:00:00+00:00,428.65,430.4,423.81,3131,426.99,191540,427.544128
2025-10-17 12:00:00+00:00,425.99,426.99,425.99,6,426.98,475,426.602308
2025-10-17 13:00:00+00:00,432.91,434.0,423.84,2001,425.53,103234,429.637739
2025-10-17 14:00:00+00:00,434.04,440.68,431.31,4367,432.85,233385,436.926994
2025-10-17 15:00:00+00:00,435.25,436.39,431.0,2070,434.04,104315,433.988896
2025-10-17 16:00:00+00:00,436.34,439.16,435.57,1379,435.735,66588,437.493133
2025-10-17 17:00:00+00:00,438.915,439.795,434.95,1323,436.225,62970,437.34215
2025-10-17 18:00:00+00:00,437.69,440.34,437.26,1519,438.89,78026,438.874084
2025-10-17 19:00:00+00:00,439.31,441.42,437.23,3281,438.29,190807,439.081137
2025-10-20 12:00:00+00:00,444.56,444.56,444.23,4,444.23,301,444.41
2025-10-20 13:00:00+00:00,447.79,448.84,441.25,3533,444.78,186989,444.943242
2025-10-20 14:00:00+00:00,443.37,449.64,442.74,4895,448.01,241689,445.676976
2025-10-20 15:00:00+00:00,444.12,444.5,440.75,3120,443.49,154163,442.944774
2025-10-20 16:00:00+00:00,443.74,447.2,443.09,2514,444.19,126819,444.790582
2025-10-20 17:00:00+00:00,443.46,444.47,441.91,2803,443.76,163424,443.254706
2025-10-20 18:00:00+00:00,446.36,446.67,443.13,3512,443.55,227952,444.760212
2025-10-20 19:00:00+00:00,447.46,447.96,445.0,4038,446.32,212306,446.653873
2025-10-20 20:00:00+00:00,446.54,446.87,446.54,15,446.87,627,446.69
2025-10-21 13:00:00+00:00,443.04,448.74,442.22,2643,445.85,141821,445.177341
2025-10-21 14:00:00+00:00,445.62,446.57,442.1,3551,443.01,200556,444.749707
2025-10-21 15:00:00+00:00,448.31,448.345,444.75,2823,445.66,177632,446.581307
2025-10-21 16:00:00+00:00,446.15,449.125,445.56,2285,448.235,148434,447.933438
2025-10-21 17:00:00+00:00,446.37,447.45,444.86,1747,445.92,103811,446.053646
2025-10-21 18:00:00+00:00,445.8,446.4,444.35,1854,446.39,101455,445.426846
2025-10-21 19:00:00+00:00,442.53,446.55,442.53,3032,445.76,202531,444.998198
2025-10-22 13:00:00+00:00,441.57,445.38,439.69,1405,443.445,75585,442.146611
2025-10-22 14:00:00+00:00,437.58,441.78,432.535,3659,441.48,187576,435.48101
2025-10-22 15:00:00+00:00,435.25,438.01,431.9,1884,437.55,101301,434.938031
2025-10-22 16:00:00+00:00,434.21,436.36,429.13,2073,435.17,127769,433.404502
2025-10-22 17:00:00+00:00,431.18,435.005,429.59,1257,434.12,59849,432.038128
2025-10-22 18:00:00+00:00,436.29,436.4,430.35,1474,431.37,88727,433.31895
2025-10-22 19:00:00+00:00,438.92,439.56,435.16,3011,436.45,201047,438.165993
2025-10-22 20:00:00+00:00,432.36,442.24,431.43,87,442.24,3978,434.838995
2025-10-23 13:00:00+00:00,422.32,424.76,414.0,5161,419.79,341853,418.372504
2025-10-23 14:00:00+00:00,424.865,426.13,420.53,4672,422.46,239413,423.971994
2025-10-23 15:00:00+00:00,433.86,433.86,424.55,4031,424.82,244485,430.336007
2025-10-23 16:00:00+00:00,445.17,445.25,432.96,3381,433.48,200834,438.679471
2025-10-23 17:00:00+00:00,446.89,449.39,442.64,3667,445.03,208165,446.42058
2025-10-23 18:00:00+00:00,443.36,448.55,441.82,2727,446.76,160006,444.555085
2025-10-23 19:00:00+00:00,449.01,449.3,443.03,4195,443.39,235937,447.111413
2025-10-23 20:00:00+00:00,447.56,447.74,447.56,10,447.74,485,447.65
2025-10-24 12:00:00+00:00,446.27,446.57,445.31,24,446.57,1150,446.224
2025-10-24 13:00:00+00:00,441.16,451.66,439.82,3047,447.24,208216,444.370725
2025-10-24 14:00:00+00:00,438.635,444.03,437.98,3049,440.96,166480,440.837934
2025-10-24 15:00:00+00:00,438.49,441.485,437.17,2088,438.45,108298,439.748747
2025-10-24 16:00:00+00:00,436.71,439.01,435.67,1662,438.125,99823,437.181202
2025-10-24 17:00:00+00:00,435.24,436.9,433.73,1912,436.69,121131,435.14335
2025-10-24 18:00:00+00:00,432.51,435.29,430.56,2887,435.29,183016,432.650798
2025-10-24 19:00:00+00:00,433.67,434.1,430.27,3303,432.525,185731,432.747383
2025-10-24 20:00:00+00:00,433.4,433.46,433.4,2,433.46,200,433.43
2025-10-27 13:00:00+00:00,445.95,446.74,438.76,3634,439.825,201658,443.808495
2025-10-27 14:00:00+00:00,447.01,450.435,445.32,6170,445.9,316756,447.838892
2025-10-27 15:00:00+00:00,455.925,457.17,446.04,7826,446.975,419425,453.659375
2025-10-27 16:00:00+00:00,457.71,459.16,454.97,5205,455.88,295180,457.056052
2025-10-27 17:00:00+00:00,459.65,459.98,456.94,4224,457.78,232371,458.538762
2025-10-27 18:00:00+00:00,455.185,460.12,454.53,5104,459.47,340520,457.440256
2025-10-27 19:00:00+00:00,452.33,456.47,447.32,8091,455.195,486762,451.374813
2025-10-27 20:00:00+00:00,452.0,452.0,452.0,1,452.0,100,452.0
2025-10-28 13:00:00+00:00,458.21,461.38,451.97,2793,454.71,136843,456.57392
2025-10-28 14:00:00+00:00,461.02,464.72,458.26,4665,459.19,205239,461.800707
2025-10-28 15:00:00+00:00,465.39,466.03,461.155,4597,461.19,234443,463.63874
2025-10-28 16:00:00+00:00,465.32,467.0,464.04,3730,465.4,191599,465.419529
2025-10-28 17:00:00+00:00,460.355,465.68,458.56,5748,465.39,307559,462.591938
2025-10-28 18:00:00+00:00,461.66,463.79,459.0,3777,460.48,206278,461.342935
2025-10-28 19:00:00+00:00,460.6,463.12,458.7,4384,461.68,232388,460.830015
2025-10-29 12:00:00+00:00,465.59,465.59,465.59,2,465.59,130,465.59
2025-10-29 13:00:00+00:00,463.94,464.36,458.115,1930,462.605,93631,461.905683
2025-10-29 14:00:00+00:00,458.7,465.03,458.18,2281,464.12,100277,461.40373
2025-10-29 15:00:00+00:00,459.12,460.315,456.8,1487,458.73,63319,458.758842
2025-10-29 16:00:00+00:00,459.99,460.06,457.56,1078,459.27,43663,458.994097
2025-10-29 17:00:00+00:00,461.295,461.97,458.67,1551,460.07,89022,460.336
2025-10-29 18:00:00+00:00,459.11,462.93,452.755,3076,461.39,133383,458.636755
2025-10-29 19:00:00+00:00,461.36,462.0,458.13,2072,459.62,93947,460.826179
2025-10-30 13:00:00+00:00,451.63,455.04,448.705,2109,453.17,108916,451.633815
2025-10-30 14:00:00+00:00,442.88,452.88,441.81,3677,451.705,187229,446.166219
2025-10-30 15:00:00+00:00,441.1,444.64,439.75,2481,442.68,111380,442.17183
2025-10-30 16:00:00+00:00,446.275,446.7,441.31,1832,441.31,80582,444.573194
2025-10-30 17:00:00+00:00,444.7,446.345,443.475,1420,446.165,68185,444.935051
2025-10-30 18:00:00+00:00,443.0,444.76,441.98,1596,444.73,79044,443.188676
2025-10-30 19:00:00+00:00,440.06,443.76,440.06,3111,443.27,162738,441.841363
2025-10-31 13:00:00+00:00,449.805,450.38,446.185,2479,446.705,132447,448.434749
2025-10-31 14:00:00+00:00,456.83,457.04,449.075,4591,449.85,271640,454.175833
2025-10-31 15:00:00+00:00,453.8,457.72,453.48,4531,456.8,256024,456.001924
2025-10-31 16:00:00+00:00,449.39,454.42,448.72,3738,453.77,236146,451.800233
2025-10-31 17:00:00+00:00,448.42,449.405,443.84,4280,449.3,234708,446.728024
2025-10-31 18:00:00+00:00,451.91,453.7,448.395,3993,448.49,254905,451.790934
2025-10-31 19:00:00+00:00,456.51,458.0,450.8,5744,451.4,333181,454.504636
2025-11-03 14:00:00+00:00,473.455,473.55,453.91,5188,456.085,246374,464.571308
2025-11-03 15:00:00+00:00,470.75,473.68,466.82,4839,473.56,200422,470.440525
2025-11-03 16:00:00+00:00,467.0,471.375,465.41,2525,470.84,100131,468.504105
2025-11-03 17:00:00+00:00,469.105,470.255,466.27,2110,466.84,77006,468.388883
2025-11-03 18:00:00+00:00,467.455,470.73,467.28,2026,469.105,76012,468.720612
2025-11-03 19:00:00+00:00,469.32,469.79,464.705,2825,467.41,102184,466.990609
2025-11-03 20:00:00+00:00,468.23,470.71,468.23,4237,469.38,174339,469.116499
2025-11-04 14:00:00+00:00,457.5,457.605,447.81,4651,454.49,188564,452.643235
2025-11-04 15:00:00+00:00,453.625,460.145,453.21,2827,457.48,105930,457.128915
2025-11-04 16:00:00+00:00,452.67,455.59,451.2,2447,453.71,79775,452.75791
2025-11-04 17:00:00+00:00,450.48,452.89,448.295,2718,452.775,98529,450.373985
2025-11-04 18:00:00+00:00,450.34,451.43,446.36,3807,450.43,143322,448.593335
2025-11-04 19:00:00+00:00,446.5,450.94,443.88,3562,450.14,132639,447.595048
2025-11-04 20:00:00+00:00,443.97,449.41,443.815,4536,446.44,189589,446.731497
2025-11-05 14:00:00+00:00,447.51,455.36,444.37,3906,451.995,183908,447.570983
2025-11-05 15:00:00+00:00,446.83,447.55,440.77,4096,447.55,145011,444.142848
2025-11-05 16:00:00+00:00,451.22,453.06,445.87,2801,446.83,88123,450.302666
2025-11-05 17:00:00+00:00,453.82,454.47,450.07,2317,451.23,72913,452.650196
2025-11-05 18:00:00+00:00,463.88,464.7,453.71,4022,453.75,147060,459.033442
2025-11-05 19:00:00+00:00,465.77,466.26,460.575,4005,463.67,141770,463.404235
2025-11-05 20:00:00+00:00,462.2,466.08,459.68,6287,465.875,221206,462.546793
2025-11-06 14:00:00+00:00,459.37,467.44,457.85,3866,461.9,167285,461.627272
2025-11-06 15:00:00+00:00,443.42,459.48,442.87,6968,459.48,290147,451.06351
2025-11-06 16:00:00+00:00,437.64,445.33,435.26,6907,443.3,290711,440.72703
2025-11-06 17:00:00+00:00,445.57,446.245,437.65,4915,437.65,198937,442.156251
2025-11-06 18:00:00+00:00,448.14,449.29,441.67,4037,445.56,191631,446.720678
2025-11-06 19:00:00+00:00,448.93,451.43,446.845,3895,448.055,155896,449.167021
2025-11-06 20:00:00+00:00,445.895,450.58,444.2,5458,449.28,236500,447.291547
2025-11-06 21:00:00+00:00,456.95,460.47,445.94,198,446.3,6501,456.653616
2025-11-07 13:00:00+00:00,441.32,443.66,440.09,16,442.71,603,441.757951
2025-11-07 14:00:00+00:00,431.99,440.57,423.58,7216,440.42,359292,429.408633
2025-11-07 15:00:00+00:00,429.12,436.0,426.95,4951,431.87,228422,431.811553
2025-11-07 16:00:00+00:00,424.075,431.15,421.9,4567,429.21,191135,426.709757
2025-11-07 17:00:00+00:00,426.88,429.39,423.36,3494,424.27,140803,426.44577
2025-11-07 18:00:00+00:00,432.77,433.185,426.55,2943,426.93,115137,429.422089
2025-11-07 19:00:00+00:00,437.31,437.38,431.41,3402,432.24,140962,434.404867
2025-11-07 20:00:00+00:00,429.39,437.5,428.23,5939,437.205,269717,431.899893
2025-11-07 21:00:00+00:00,430.14,430.56,430.11,54,430.56,1874,430.331472
2025-11-10 14:00:00+00:00,439.215,443.275,433.44,3764,439.63,151242,438.110323
2025-11-10 15:00:00+00:00,444.03,446.815,438.755,6376,439.44,270359,444.01702
2025-11-10 16:00:00+00:00,446.51,449.655,442.275,5045,443.9,193790,446.662583
2025-11-10 17:00:00+00:00,448.2,449.4,446.08,3035,446.39,112073,447.500926
2025-11-10 18:00:00+00:00,442.56,448.68,442.44,3534,448.18,137379,445.853896
2025-11-10 19:00:00+00:00,445.7,447.13,442.1,3730,442.44,143267,445.536196
2025-11-10 20:00:00+00:00,445.21,446.61,443.62,5025,445.73,197660,445.154761
2025-11-11 13:00:00+00:00,441.05,441.05,441.05,3,441.05,110,441.05
2025-11-11 14:00:00+00:00,439.09,442.41,436.89,2117,440.27,75120,439.942801
2025-11-11 15:00:00+00:00,433.475,439.35,432.78,4282,438.84,150792,435.164529
2025-11-11 16:00:00+00:00,433.06,436.38,432.485,3949,433.7,141330,434.086763
2025-11-11 17:00:00+00:00,435.24,435.76,432.92,3369,433.23,111449,434.212103
2025-11-11 18:00:00+00:00,436.915,437.0,434.12,2792,435.26,95082,435.739717
2025-11-11 19:00:00+00:00,436.2,437.82,435.7,2755,436.97,108979,437.035632
2025-11-11 20:00:00+00:00,439.47,440.445,436.035,5396,436.27,220756,438.033651
2025-11-11 21:00:00+00:00,440.03,440.09,440.03,6,440.09,135,440.06913
2025-11-12 14:00:00+00:00,433.62,442.22,433.0,2457,442.105,97309,437.64614
2025-11-12 15:00:00+00:00,430.075,435.67,427.95,3180,433.74,111140,431.771882
2025-11-12 16:00:00+00:00,428.72,431.83,426.605,3027,429.88,98965,429.191311
2025-11-12 17:00:00+00:00,431.49,432.29,428.41,1469,428.64,46162,430.521172
2025-11-12 18:00:00+00:00,431.55,432.0,430.0,1640,431.69,56685,431.277004
2025-11-12 19:00:00+00:00,430.2,431.855,429.045,1532,431.67,53139,430.342467
2025-11-12 20:00:00+00:00,430.625,432.71,429.03,3209,429.95,113696,430.89296
2025-11-13 13:00:00+00:00,425.03,426.54,425.03,12,426.54,422,425.605211
2025-11-13 14:00:00+00:00,414.59,424.36,414.47,4550,423.93,205950,418.874027
2025-11-13 15:00:00+00:00,407.88,415.94,404.84,8187,414.54,348433,410.288684
2025-11-13 16:00:00+00:00,401.78,408.5,400.96,6019,407.71,231879,405.221622
2025-11-13 17:00:00+00:00,400.48,404.51,398.71,5473,401.79,207700,401.83582
2025-11-13 18:00:00+00:00,398.825,401.62,396.535,4659,400.81,183392,398.414687
2025-11-13 19:00:00+00:00,400.26,403.475,396.81,5114,399.205,214460,400.042613
2025-11-13 20:00:00+00:00,401.94,404.32,399.37,5920,400.21,252302,402.161102
2025-11-14 13:00:00+00:00,383.54,385.97,381.11,81,383.41,4183,384.154976
2025-11-14 14:00:00+00:00,398.14,398.66,382.83,5118,384.96,211967,391.666124
2025-11-14 15:00:00+00:00,405.14,405.68,391.21,5673,398.165,239131,398.42469
2025-11-14 16:00:00+00:00,409.04,412.17,401.71,4684,405.42,215493,408.293613
2025-11-14 17:00:00+00:00,408.78,410.36,406.805,2496,409.02,90571,408.863506
2025-11-14 18:00:00+00:00,407.31,410.525,404.61,3467,408.97,142452,406.953271
2025-11-14 19:00:00+00:00,409.66,410.4,405.36,2247,407.47,85930,408.198164
2025-11-14 20:00:00+00:00,404.32,410.18,403.59,4868,409.75,202449,405.800587
2025-11-14 21:00:00+00:00,404.33,404.93,404.33,10,404.93,140,404.63
2025-11-17 13:00:00+00:00,401.5,401.58,401.5,3,401.5,160,401.52
2025-11-17 14:00:00+00:00,416.615,416.83,398.86,4819,398.86,191296,409.995446
2025-11-17 15:00:00+00:00,416.355,417.74,411.18,4384,416.83,150990,415.049584
2025-11-17 16:00:00+00:00,423.31,423.4,412.95,4100,416.54,154074,418.405858
2025-11-17 17:00:00+00:00,413.84,423.94,413.73,3353,423.39,140950,419.387408
2025-11-17 18:00:00+00:00,409.1,414.04,408.41,2827,413.59,104414,411.939812
2025-11-17 19:00:00+00:00,405.845,409.95,405.64,3235,409.1,124350,407.67853
2025-11-17 20:00:00+00:00,409.02,409.76,404.87,4590,405.675,202524,407.686383
2025-11-18 13:00:00+00:00,405.2,405.56,405.2,5,405.54,195,405.380645
2025-11-18 14:00:00+00:00,396.43,408.8,396.42,4618,405.47,185357,401.29888
2025-11-18 15:00:00+00:00,398.66,400.14,393.84,5843,396.245,225492,397.064159
2025-11-18 16:00:00+00:00,405.08,405.49,396.805,4952,398.425,180696,402.44439
2025-11-18 17:00:00+00:00,406.92,408.57,401.42,3542,404.87,120718,405.28116
2025-11-18 18:00:00+00:00,402.58,407.58,402.27,3392,407.2,131555,405.20404
2025-11-18 19:00:00+00:00,405.64,406.5,402.05,3197,402.81,115811,403.945249
2025-11-18 20:00:00+00:00,401.12,405.83,400.82,5066,405.6,197989,402.445065
2025-11-18 21:00:00+00:00,400.25,400.58,399.53,26,400.58,674,400.007179
2025-11-19 13:00:00+00:00,405.54,406.08,405.54,3,406.08,120,405.727826
2025-11-19 14:00:00+00:00,408.27,408.4,400.41,2693,406.17,97831,404.057899
2025-11-19 15:00:00+00:00,404.55,411.67,403.76,4688,407.8,163626,408.961094
2025-11-19 16:00:00+00:00,406.065,409.42,404.0,3810,404.72,141407,406.30114
2025-11-19 17:00:00+00:00,402.9,406.05,398.63,3635,405.7,137811,402.432845
2025-11-19 18:00:00+00:00,402.88,403.75,399.96,2609,402.79,87640,402.205496
2025-11-19 19:00:00+00:00,402.2,403.785,400.255,2129,403.0,74391,401.60928
2025-11-19 20:00:00+00:00,404.07,405.97,401.29,4376,402.1,162778,403.786493
2025-11-19 21:00:00+00:00,408.36,408.36,404.69,117,404.69,1804,406.772826
2025-11-20 13:00:00+00:00,413.58,413.72,413.4,12,413.4,310,413.502705
2025-11-20 14:00:00+00:00,425.73,425.75,412.8,6914,412.8,255598,421.230354
2025-11-20 15:00:00+00:00,423.595,428.92,422.7,7503,425.79,287449,425.943945
2025-11-20 16:00:00+00:00,408.76,423.9,407.66,8949,423.66,366766,417.21452
2025-11-20 17:00:00+00:00,404.02,411.16,398.58,7922,408.52,317717,404.006269
2025-11-20 18:00:00+00:00,399.69,408.135,397.6,4742,404.08,169042,403.389664
2025-11-20 19:00:00+00:00,404.41,404.5,397.46,4061,399.69,133203,400.647295
2025-11-20 20:00:00+00:00,395.05,404.29,394.76,6199,404.18,240761,398.544999
2025-11-20 21:00:00+00:00,393.81,395.91,392.22,53,395.82,891,393.657686
2025-11-21 13:00:00+00:00,401.58,402.09,397.69,65,397.69,1988,400.846156
2025-11-21 14:00:00+00:00,395.15,402.72,394.79,4326,400.14,153871,398.938635
2025-11-21 15:00:00+00:00,385.67,398.28,384.37,8960,395.72,316604,389.798751
2025-11-21 16:00:00+00:00,398.7,399.33,383.825,6969,386.17,275499,391.627503
2025-11-21 17:00:00+00:00,398.835,402.21,397.54,5692,399.045,251111,399.811606
2025-11-21 18:00:00+00:00,399.34,402.28,393.22,5815,398.945,235025,397.551609
2025-11-21 19:00:00+00:00,397.32,402.0,396.285,4032,399.37,160987,399.956762
2025-11-21 20:00:00+00:00,390.98,398.77,390.58,6440,397.18,280380,394.783001
2025-11-21 21:00:00+00:00,393.51,393.51,390.44,34,390.44,1037,392.280081
2025-11-24 13:00:00+00:00,398.9,399.92,398.9,5,399.6,255,399.428627
2025-11-24 14:00:00+00:00,411.79,412.06,399.59,7781,399.59,335104,408.366098
2025-11-24 15:00:00+00:00,414.9,417.355,411.52,9452,411.74,362015,414.726484
2025-11-24 16:00:00+00:00,418.935,420.33,414.66,6084,415.08,243115,418.243938
2025-11-24 17:00:00+00:00,419.05,420.45,417.92,3800,418.975,137526,419.105896
2025-11-24 18:00:00+00:00,419.4,419.92,418.055,3261,419.045,118098,419.111437
2025-11-24 19:00:00+00:00,417.55,421.72,416.95,4225,419.275,161241,419.047318
2025-11-24 20:00:00+00:00,417.67,421.405,416.02,7763,417.59,333096,418.113839
2025-11-25 13:00:00+00:00,417.72,418.11,417.72,4,418.11,117,417.893333
2025-11-25 14:00:00+00:00,412.34,415.71,407.44,5243,415.17,206344,412.06449
2025-11-25 15:00:00+00:00,411.04,412.32,406.01,6097,412.17,223641,409.356358
2025-11-25 16:00:00+00:00,414.29,415.35,408.55,4996,411.06,210175,412.684579
2025-11-25 17:00:00+00:00,417.56,420.47,414.3,5011,414.3,237619,418.284054
2025-11-25 18:00:00+00:00,417.18,419.56,416.54,2967,417.58,124092,418.291601
2025-11-25 19:00:00+00:00,417.34,417.53,414.65,2938,417.04,119850,416.184632
2025-11-25 20:00:00+00:00,419.42,420.13,416.585,5182,417.39,204577,418.441982
2025-11-25 21:00:00+00:00,418.98,419.33,418.44,20,419.33,728,418.841828
2025-11-26 13:00:00+00:00,425.07,425.07,425.04,10,425.04,290,425.055
2025-11-26 14:00:00+00:00,417.295,425.415,417.18,4250,424.025,184570,421.215102
2025-11-26 15:00:00+00:00,419.24,421.26,416.98,4719,417.335,203154,418.751785
2025-11-26 16:00:00+00:00,420.64,421.0,418.32,3090,419.27,124493,419.796024
2025-11-26 17:00:00+00:00,422.48,423.0,419.62,2910,420.845,126394,421.482107
2025-11-26 18:00:00+00:00,423.2,424.08,421.35,3267,422.45,128442,422.980465
2025-11-26 19:00:00+00:00,424.2,426.4,423.07,3539,423.18,160560,424.785989
2025-11-26 20:00:00+00:00,426.51,426.935,423.86,5564,424.25,235913,425.44594
2025-11-28 13:00:00+00:00,428.81,428.81,428.52,6,428.52,220,428.665
2025-11-28 14:00:00+00:00,429.04,432.85,426.6,3152,426.6,120728,429.94045
2025-11-28 15:00:00+00:00,430.18,430.375,426.245,4171,429.07,173649,428.154795
2025-11-28 16:00:00+00:00,429.42,432.39,428.54,3895,430.17,164718,430.232476
2025-11-28 17:00:00+00:00,430.14,430.5,428.25,4490,429.23,217107,429.512003
2025-12-01 13:00:00+00:00,423.99,424.23,423.47,16,423.87,845,423.875517
2025-12-01 14:00:00+00:00,428.88,431.41,424.38,3308,424.38,142309,427.963699
2025-12-01 15:00:00+00:00,429.39,433.56,426.32,4334,429.44,167349,429.056603
2025-12-01 16:00:00+00:00,428.02,429.63,425.81,2429,429.63,94296,427.426648
2025-12-01 17:00:00+00:00,429.29,431.08,427.46,2527,428.14,100860,429.126744
2025-12-01 18:00:00+00:00,428.58,430.25,427.78,2245,429.26,64746,429.028153
2025-12-01 19:00:00+00:00,426.57,428.61,426.37,2657,428.47,102960,427.233954
2025-12-01 20:00:00+00:00,430.3,430.3,426.35,4257,426.51,160843,428.87476
2025-12-01 21:00:00+00:00,429.84,430.53,429.84,15,430.53,383,430.210645
2025-12-02 13:00:00+00:00,432.15,432.18,431.97,18,432.18,515,432.078947
2025-12-02 14:00:00+00:00,428.98,433.34,427.81,3342,432.75,137793,430.456902
2025-12-02 15:00:00+00:00,429.77,436.69,428.97,5635,428.99,245995,432.14963
2025-12-02 16:00:00+00:00,424.23,429.76,422.16,5020,429.76,203706,425.20315
2025-12-02 17:00:00+00:00,423.45,426.21,423.45,2497,424.31,97327,424.837357
2025-12-02 18:00:00+00:00,426.24,426.26,423.08,3290,423.19,104040,424.707237
2025-12-02 19:00:00+00:00,429.215,429.38,425.42,2643,426.14,108799,427.388128
2025-12-02 20:00:00+00:00,429.06,431.04,428.78,4273,429.25,189384,429.787514
2025-12-02 21:00:00+00:00,428.37,428.76,428.37,10,428.76,152,428.548043
2025-12-03 13:00:00+00:00,434.4,434.63,430.5,29,430.5,800,433.300294
2025-12-03 14:00:00+00:00,437.27,438.79,431.13,5993,433.08,219993,436.57309
2025-12-03 15:00:00+00:00,440.63,444.365,437.035,7479,437.165,318408,441.35259
2025-12-03 16:00:00+00:00,440.26,442.28,437.75,4994,440.64,210493,440.059239
2025-12-03 17:00:00+00:00,441.185,442.1,439.485,1894,440.16,82814,441.101103
2025-12-03 18:00:00+00:00,446.425,447.48,441.08,2840,441.265,143384,444.339695
2025-12-03 19:00:00+00:00,445.48,447.885,445.13,3204,446.34,148084,446.62318
2025-12-03 20:00:00+00:00,446.82,447.76,445.32,4722,445.59,233851,446.698404
2025-12-03 21:00:00+00:00,445.47,446.7,445.47,18,446.7,338,446.188636
2025-12-04 13:00:00+00:00,448.1,448.38,447.65,25,447.81,650,448.077273
2025-12-04 14:00:00+00:00,450.975,454.585,445.9,6848,448.08,258548,451.114383
2025-12-04 15:00:00+00:00,448.43,452.565,445.47,5645,450.81,178245,449.51788
2025-12-04 16:00:00+00:00,449.72,450.155,446.945,3422,448.355,105439,448.827973
2025-12-04 17:00:00+00:00,448.51,450.78,448.02,2595,449.665,79191,449.620124
2025-12-04 18:00:00+00:00,448.77,449.36,446.6,2254,448.35,64666,448.331259
2025-12-04 19:00:00+00:00,449.63,450.14,446.25,3271,448.74,99762,448.68836
2025-12-04 20:00:00+00:00,454.595,454.605,448.86,4777,449.505,186826,452.005538
2025-12-04 21:00:00+00:00,453.75,454.65,453.69,27,454.65,538,454.089767
2025-12-05 14:00:00+00:00,455.145,458.455,453.245,2863,453.245,126985,455.385728
2025-12-05 15:00:00+00:00,456.405,458.78,454.105,3052,455.32,142973,456.509318
2025-12-05 16:00:00+00:00,455.0,457.025,451.665,2662,456.7,103574,454.34841
2025-12-05 17:00:00+00:00,454.68,455.185,453.07,1708,455.02,74209,454.056922
2025-12-05 18:00:00+00:00,454.56,455.58,453.935,1476,454.6,61206,454.721059
2025-12-05 19:00:00+00:00,455.24,455.74,453.835,1524,454.44,70143,454.630498
2025-12-05 20:00:00+00:00,454.94,455.73,454.33,3382,455.29,163523,455.051083
2025-12-05 21:00:00+00:00,454.94,454.94,454.94,1,454.94,40,454.94
2025-12-08 14:00:00+00:00,445.13,449.705,443.96,3714,447.19,147527,446.118971
2025-12-08 15:00:00+00:00,439.985,445.52,439.81,3857,444.99,150271,443.272101
2025-12-08 16:00:00+00:00,438.38,440.46,437.755,3100,439.77,109329,438.945966
2025-12-08 17:00:00+00:00,439.035,439.37,436.59,2358,438.17,71951,437.74222
2025-12-08 18:00:00+00:00,435.96,439.32,435.34,2292,439.07,69878,437.150725
2025-12-08 19:00:00+00:00,437.25,438.375,435.52,2025,436.04,64342,436.998158
2025-12-08 20:00:00+00:00,439.59,439.645,437.11,2828,437.255,90854,438.246832
2025-12-08 21:00:00+00:00,439.52,439.52,439.52,1,439.52,50,439.52
2025-12-09 14:00:00+00:00,444.58,444.58,435.8,2357,436.35,111564,440.402978
2025-12-09 15:00:00+00:00,447.835,448.13,442.72,2657,444.22,101356,445.273776
2025-12-09 16:00:00+00:00,448.9,449.21,446.225,2415,447.755,83032,447.837236
2025-12-09 17:00:00+00:00,451.765,451.765,448.78,2264,448.91,81302,450.240754
2025-12-09 18:00:00+00:00,448.99,452.36,448.275,1817,451.695,66894,450.264727
2025-12-09 19:00:00+00:00,448.815,449.51,447.785,1462,448.93,44090,448.674403
2025-12-09 20:00:00+00:00,445.195,448.825,445.08,2551,448.81,92029,446.823067
2025-12-09 21:00:00+00:00,444.93,444.93,444.93,6,444.93,270,444.93
2025-12-10 13:00:00+00:00,447.51,447.51,447.24,10,447.24,235,447.367895
2025-12-10 14:00:00+00:00,445.175,450.08,443.705,1970,447.03,97390,446.505569
2025-12-10 15:00:00+00:00,444.95,446.925,443.935,1932,445.08,88891,445.277927
2025-12-10 16:00:00+00:00,446.11,447.105,444.475,1480,444.9,60154,445.798396
2025-12-10 17:00:00+00:00,445.93,446.39,444.605,1192,446.04,53114,445.640233
2025-12-10 18:00:00+00:00,445.14,446.605,444.32,1078,445.93,39497,445.562021
2025-12-10 19:00:00+00:00,451.885,452.11,445.12,4410,445.35,202135,448.742631
2025-12-10 20:00:00+00:00,451.435,456.875,451.18,5350,451.93,258053,453.900081
2025-12-10 21:00:00+00:00,450.93,451.86,448.74,30,451.86,424,450.375
2025-12-11 14:00:00+00:00,441.675,449.185,441.14,2481,448.895,122827,444.882528
2025-12-11 15:00:00+00:00,442.15,446.445,440.4,3759,441.595,160602,443.348261
2025-12-11 16:00:00+00:00,443.01,445.2,440.945,2708,441.99,100706,442.910545
2025-12-11 17:00:00+00:00,446.305,446.785,442.89,2235,442.89,90041,444.961058
2025-12-11 18:00:00+00:00,446.4,447.7,445.68,1971,446.24,82408,446.741063
2025-12-11 19:00:00+00:00,446.66,448.02,445.805,1680,446.47,68547,447.001642
2025-12-11 20:00:00+00:00,446.91,446.99,444.22,3311,446.7,131699,445.874127
2025-12-11 21:00:00+00:00,447.32,447.74,447.32,16,447.53,485,447.519362
2025-12-12 13:00:00+00:00,447.69,447.69,447.05,9,447.06,430,447.33169
2025-12-12 14:00:00+00:00,460.87,463.01,447.45,4430,448.44,224562,458.113941
2025-12-12 15:00:00+00:00,448.0,461.015,447.48,5805,460.82,268456,452.972412
2025-12-12 16:00:00+00:00,443.38,449.79,441.805,4676,447.79,196367,445.03651
2025-12-12 17:00:00+00:00,450.8,451.67,443.19,3160,443.325,140512,448.121086
2025-12-12 18:00:00+00:00,453.745,456.37,450.64,4073,450.79,201447,454.658585
2025-12-12 19:00:00+00:00,452.35,453.94,450.155,2317,453.69,95177,452.143384
2025-12-12 20:00:00+00:00,459.16,459.165,452.06,8337,452.4,456608,456.525315
2025-12-12 21:00:00+00:00,457.32,459.0,457.32,27,459.0,654,458.089149
2025-12-15 13:00:00+00:00,470.41,470.41,465.18,47,465.3,1867,467.314716
2025-12-15 14:00:00+00:00,477.645,481.28,467.77,7128,469.25,419782,477.177865
2025-12-15 15:00:00+00:00,478.57,480.145,470.73,6564,477.535,347038,475.487171
2025-12-15 16:00:00+00:00,477.16,481.73,475.94,4180,478.325,189354,478.524267
2025-12-15 17:00:00+00:00,477.39,477.71,474.51,2429,477.13,96734,476.417268
2025-12-15 18:00:00+00:00,477.15,478.415,474.66,2330,477.25,92926,476.461492
2025-12-15 19:00:00+00:00,478.78,478.85,475.565,2600,477.185,118108,477.138118
2025-12-15 20:00:00+00:00,475.155,480.64,475.06,5176,478.71,249551,477.640834
2025-12-15 21:00:00+00:00,473.16,473.88,473.16,31,473.74,838,473.602566
2025-12-16 13:00:00+00:00,471.9,473.85,471.9,30,472.65,1020,472.7355
2025-12-16 14:00:00+00:00,478.16,478.33,465.94,6303,470.73,245997,471.743248
2025-12-16 15:00:00+00:00,476.23,482.01,472.62,5928,477.78,195177,476.712698
2025-12-16 16:00:00+00:00,479.49,479.58,474.55,3001,476.28,102419,476.722395
2025-12-16 17:00:00+00:00,476.46,481.25,476.26,3703,479.425,114687,479.664679
2025-12-16 18:00:00+00:00,479.82,480.29,475.67,2771,476.805,81797,478.203124
2025-12-16 19:00:00+00:00,485.305,486.29,477.6,4336,479.75,155233,481.921679
2025-12-16 20:00:00+00:00,489.79,491.475,484.895,8598,485.205,334777,488.910052
2025-12-16 21:00:00+00:00,489.21,491.01,488.37,112,489.98,2298,489.972696
2025-12-17 14:00:00+00:00,492.97,495.225,486.27,5276,488.215,186129,490.493738
2025-12-17 15:00:00+00:00,477.69,493.18,477.3,5734,492.92,201662,487.174892
2025-12-17 16:00:00+00:00,477.01,480.44,474.21,4999,477.96,186015,477.27337
2025-12-17 17:00:00+00:00,474.8,479.38,472.76,2796,476.675,95368,476.157569
2025-12-17 18:00:00+00:00,467.895,477.11,467.505,2960,474.975,97429,471.666229
2025-12-17 19:00:00+00:00,470.83,470.83,466.23,2916,468.12,94673,468.158236
2025-12-17 20:00:00+00:00,467.2,471.2,466.95,4249,470.79,158449,469.095834
2025-12-17 21:00:00+00:00,468.26,468.26,468.15,7,468.15,230,468.205
2025-12-18 13:00:00+00:00,477.36,478.27,474.44,43,474.44,1081,477.090862
2025-12-18 14:00:00+00:00,480.92,482.13,473.23,4948,477.14,192996,477.992603
2025-12-18 15:00:00+00:00,486.5,486.91,477.63,6003,480.96,215976,482.712974
2025-12-18 16:00:00+00:00,489.08,490.86,485.65,4924,486.37,190283,489.037783
2025-12-18 17:00:00+00:00,489.48,490.04,484.605,3587,489.09,131645,487.678638
2025-12-18 18:00:00+00:00,488.355,489.53,487.365,2247,489.33,68528,488.456352
2025-12-18 19:00:00+00:00,484.35,488.45,483.39,2646,488.37,91616,485.682712
2025-12-18 20:00:00+00:00,483.31,488.86,483.19,5028,484.09,178874,485.990524
2025-12-18 21:00:00+00:00,482.82,483.48,482.58,17,482.67,410,482.853088
2025-12-19 14:00:00+00:00,484.81,490.49,481.68,4145,488.37,157187,484.638779
2025-12-19 15:00:00+00:00,478.22,486.28,477.77,4107,484.865,140155,481.33713
2025-12-19 16:00:00+00:00,475.46,481.86,474.98,3842,478.13,111360,478.558343
2025-12-19 17:00:00+00:00,478.15,480.39,475.455,2339,475.485,103805,478.557126
2025-12-19 18:00:00+00:00,481.64,482.99,477.86,1981,478.14,63856,481.226039
2025-12-19 19:00:00+00:00,482.155,483.905,480.67,2207,481.795,86205,482.690975
2025-12-19 20:00:00+00:00,481.07,484.0,480.62,4422,482.17,161322,482.103953
2025-12-22 13:00:00+00:00,487.9,487.9,487.65,11,487.65,273,487.753333
2025-12-22 14:00:00+00:00,493.86,498.8,487.865,3683,489.88,155640,495.005205
2025-12-22 15:00:00+00:00,491.36,494.3,485.39,3377,493.85,135948,489.02184
2025-12-22 16:00:00+00:00,494.27,494.585,490.935,1820,491.175,66537,492.58386
2025-12-22 17:00:00+00:00,494.94,495.57,493.26,1546,494.01,48903,494.619172
2025-12-22 18:00:00+00:00,496.185,496.24,492.835,1504,494.96,53967,494.613528
2025-12-22 19:00:00+00:00,493.08,496.32,492.04,1938,496.09,78519,494.147364
2025-12-22 20:00:00+00:00,488.775,493.37,487.545,2711,493.085,104760,489.121733
2025-12-23 13:00:00+00:00,487.38,489.93,487.27,7,489.93,350,487.956829
2025-12-23 14:00:00+00:00,487.37,491.705,485.7,2140,487.29,82790,488.489176
2025-12-23 15:00:00+00:00,488.115,488.61,485.06,1703,487.48,63651,487.009457
2025-12-23 16:00:00+00:00,486.31,489.33,484.335,1496,487.81,55040,486.500502
2025-12-23 17:00:00+00:00,484.09,487.19,483.76,1211,486.24,45365,485.407896
2025-12-23 18:00:00+00:00,483.12,486.145,482.88,1228,484.07,45784,484.600149
2025-12-23 19:00:00+00:00,486.475,486.53,483.15,1170,483.295,43829,484.443046
2025-12-23 20:00:00+00:00,485.66,487.36,484.59,2145,486.425,82020,485.821399
2025-12-23 21:00:00+00:00,485.55,485.55,485.09,6,485.09,170,485.345556
2025-12-24 13:00:00+00:00,486.93,486.93,486.93,2,486.93,65,486.93
2025-12-24 14:00:00+00:00,480.47,490.85,479.6,1995,488.28,87396,482.373776
2025-12-24 15:00:00+00:00,478.77,481.21,476.855,2773,480.49,149774,479.467659
2025-12-24 16:00:00+00:00,482.21,482.795,478.48,1626,478.77,67082,481.061189
2025-12-24 17:00:00+00:00,485.4,485.41,481.275,1721,482.11,76629,483.402722
2025-12-26 13:00:00+00:00,485.76,485.76,485.76,2,485.76,41,485.76
2025-12-26 14:00:00+00:00,482.55,489.045,482.02,1895,485.97,71456,485.315423
2025-12-26 15:00:00+00:00,478.13,482.555,473.86,3251,482.555,161171,477.895086
2025-12-26 16:00:00+00:00,478.335,479.38,477.11,1119,478.14,49382,478.336122
2025-12-26 17:00:00+00:00,480.155,480.47,476.67,1047,478.19,47162,479.003363
2025-12-26 18:00:00+00:00,478.45,480.28,477.735,1058,480.145,40194,478.653479
2025-12-26 19:00:00+00:00,478.5,479.07,477.78,793,478.455,26730,478.458906
2025-12-26 20:00:00+00:00,475.16,478.72,474.98,2307,478.555,91106,476.4926
2025-12-29 13:00:00+00:00,469.35,469.35,469.35,1,469.35,40,469.35
2025-12-29 14:00:00+00:00,462.74,469.12,462.37,3326,468.15,128201,465.388158
2025-12-29 15:00:00+00:00,466.67,467.78,461.345,3141,462.775,108592,464.784364
2025-12-29 16:00:00+00:00,467.945,469.16,466.13,1636,466.75,55232,467.705645
2025-12-29 17:00:00+00:00,465.95,468.115,465.445,1882,467.845,55108,466.496296
2025-12-29 18:00:00+00:00,462.9,465.71,462.57,2348,465.62,72819,463.797297
2025-12-29 19:00:00+00:00,464.015,464.29,461.97,1894,462.81,65694,462.832796
2025-12-29 20:00:00+00:00,459.68,464.11,459.38,3365,463.95,113601,460.781448
2025-12-30 13:00:00+00:00,462.72,463.29,462.72,8,462.87,275,462.96
2025-12-30 14:00:00+00:00,458.86,461.96,453.86,3473,461.11,111407,457.036222
2025-12-30 15:00:00+00:00,461.655,461.68,457.74,2401,458.75,78988,459.905255
2025-12-30 16:00:00+00:00,461.62,462.65,460.31,1418,461.625,47512,461.439175
2025-12-30 17:00:00+00:00,460.025,463.0,459.7,1343,461.17,49873,461.270849
2025-12-30 18:00:00+00:00,458.98,460.71,458.28,1400,459.99,42070,459.47004
2025-12-30 19:00:00+00:00,457.885,459.575,457.06,1410,458.98,43445,458.229613
2025-12-30 20:00:00+00:00,454.11,458.27,454.11,3383,457.775,118652,455.819311
2025-12-31 13:00:00+00:00,458.01,458.01,456.87,9,456.87,240,457.44
2025-12-31 14:00:00+00:00,454.795,456.49,452.785,1798,456.05,71347,454.672692
2025-12-31 15:00:00+00:00,454.0,455.22,452.35,1728,454.51,63339,454.253605
2025-12-31 16:00:00+00:00,454.1,454.4,452.6,1701,454.05,55056,453.495499
2025-12-31 17:00:00+00:00,453.6,455.825,453.2,1518,453.86,50130,454.314849
2025-12-31 18:00:00+00:00,453.845,455.29,453.495,1225,453.56,43139,454.428634
2025-12-31 19:00:00+00:00,451.72,453.92,451.41,1467,453.865,55463,452.718819
2025-12-31 20:00:00+00:00,449.81,451.83,449.39,3034,451.76,114262,450.157427
2026-01-02 13:00:00+00:00,456.12,456.87,455.67,19,456.87,635,456.051489
2026-01-02 14:00:00+00:00,452.585,458.5,449.52,3798,458.5,168163,453.609104
2026-01-02 15:00:00+00:00,443.065,454.295,442.65,4452,452.64,195120,447.329168
2026-01-02 16:00:00+00:00,442.46,445.325,440.93,2262,443.07,86907,442.992278
2026-01-02 17:00:00+00:00,439.96,443.05,439.66,2183,442.38,88776,441.340552
2026-01-02 18:00:00+00:00,435.8,440.68,435.325,2190,439.92,95240,437.953418
2026-01-02 19:00:00+00:00,440.25,441.525,435.645,1960,435.89,75729,439.037821
2026-01-02 20:00:00+00:00,438.1,441.355,437.62,3015,440.31,119808,439.173717
2026-01-05 13:00:00+00:00,445.16,445.35,443.64,19,445.35,655,444.672402
2026-01-05 14:00:00+00:00,452.385,454.47,444.75,4667,445.44,209454,451.174051
2026-01-05 15:00:00+00:00,454.99,456.57,451.32,4162,452.665,204292,454.639154
2026-01-05 16:00:00+00:00,455.8,456.51,453.34,2471,454.92,106911,454.982589
2026-01-05 17:00:00+00:00,455.35,457.525,455.07,1786,455.765,64645,456.06664
2026-01-05 18:00:00+00:00,456.95,456.965,453.81,1859,455.3,76206,455.286408
2026-01-05 19:00:00+00:00,455.24,457.08,453.96,1616,457.08,59407,455.518555
2026-01-05 20:00:00+00:00,451.49,456.15,450.885,3911,455.15,152717,453.123805
2026-01-05 21:00:00+00:00,451.83,451.83,451.83,1,451.83,49,451.83
2026-01-06 13:00:00+00:00,448.04,449.58,448.04,23,449.58,585,449.281316
2026-01-06 14:00:00+00:00,436.795,448.11,436.18,5900,446.35,245278,439.528111
2026-01-06 15:00:00+00:00,434.715,439.43,434.43,5023,436.75,187854,437.276634
2026-01-06 16:00:00+00:00,431.21,434.65,430.02,4083,434.635,150532,432.464207
2026-01-06 17:00:00+00:00,430.16,432.54,429.62,3082,431.205,116255,431.0012
2026-01-06 18:00:00+00:00,431.06,432.25,428.8,2900,430.165,113283,430.213708
2026-01-06 19:00:00+00:00,431.05,434.65,430.63,2659,431.085,103221,432.679881
2026-01-06 20:00:00+00:00,432.95,433.37,430.095,4553,430.995,205594,431.781682
2026-01-06 21:00:00+00:00,434.73,434.73,434.43,17,434.43,302,434.540526
2026-01-07 13:00:00+00:00,434.94,435.45,434.28,7,434.28,240,434.87
2026-01-07 14:00:00+00:00,433.71,438.07,431.68,3553,434.45,130359,434.637744
2026-01-07 15:00:00+00:00,435.81,437.19,432.37,2992,433.845,117837,434.643105
2026-01-07 16:00:00+00:00,437.3,438.315,435.15,2161,435.83,83539,436.737641
2026-01-07 17:00:00+00:00,437.4,437.7,435.91,1398,437.01,53832,436.690151
2026-01-07 18:00:00+00:00,434.795,437.6,434.775,1243,437.37,49451,436.517336
2026-01-07 19:00:00+00:00,436.78,437.315,434.25,1431,434.705,51253,435.78332
2026-01-07 20:00:00+00:00,431.39,437.46,431.37,3348,436.87,134186,434.144876
2026-01-07 21:00:00+00:00,431.49,432.15,430.8,50,431.31,923,431.307859
2026-01-08 13:00:00+00:00,427.83,427.83,427.74,3,427.74,120,427.78
2026-01-08 14:00:00+00:00,429.25,431.905,424.485,3524,427.86,132335,428.425358
2026-01-08 15:00:00+00:00,434.695,435.16,428.87,2993,429.71,109358,432.649467
2026-01-08 16:00:00+00:00,435.275,436.065,433.19,1766,434.41,75873,434.430507
2026-01-08 17:00:00+00:00,436.01,436.89,433.93,1438,435.38,55375,435.304702
2026-01-08 18:00:00+00:00,433.0,436.41,432.64,1209,435.93,39225,434.41591
2026-01-08 19:00:00+00:00,434.965,435.33,432.43,1037,432.95,32797,434.189825
2026-01-08 20:00:00+00:00,435.71,436.23,434.41,2781,434.81,88001,435.464795
2026-01-08 21:00:00+00:00,436.05,436.05,436.05,3,436.05,70,436.05
2026-01-09 13:00:00+00:00,437.3,437.84,437.3,9,437.58,380,437.540029
2026-01-09 14:00:00+00:00,437.345,438.18,430.46,3215,438.18,119129,434.336159
2026-01-09 15:00:00+00:00,442.8,443.86,435.23,4361,437.435,181233,440.823741
2026-01-09 16:00:00+00:00,443.495,444.63,442.13,1975,442.95,79211,443.402919
2026-01-09 17:00:00+00:00,447.385,448.125,443.38,1683,443.5,65860,445.235223
2026-01-09 18:00:00+00:00,447.64,449.04,446.49,1529,447.44,54711,447.633284
2026-01-09 19:00:00+00:00,445.65,447.835,445.16,1477,447.41,51431,446.285311
2026-01-09 20:00:00+00:00,445.02,445.94,444.38,3008,445.69,100277,445.196001
2026-01-12 13:00:00+00:00,441.1,442.25,441.1,21,442.01,821,441.52747
2026-01-12 14:00:00+00:00,448.51,450.1,438.0,3572,440.65,159861,444.086237
2026-01-12 15:00:00+00:00,447.695,450.09,446.97,3216,448.475,151043,448.772194
2026-01-12 16:00:00+00:00,450.8,451.305,447.34,2715,447.625,117246,449.502009
2026-01-12 17:00:00+00:00,452.14,454.23,450.86,2491,450.86,114356,452.998731
2026-01-12 18:00:00+00:00,451.06,452.11,450.0,1819,452.05,82933,451.040306
2026-01-12 19:00:00+00:00,450.45,452.05,449.49,2018,450.89,84562,450.934694
2026-01-12 20:00:00+00:00,448.86,451.49,448.29,3834,450.34,169286,449.700183
2026-01-12 21:00:00+00:00,448.6,449.07,448.47,7,449.01,309,448.801541
2026-01-13 13:00:00+00:00,450.92,450.92,448.31,16,448.97,588,449.662714
2026-01-13 14:00:00+00:00,448.23,451.65,446.9,2529,451.1,102530,449.091883
2026-01-13 15:00:00+00:00,451.14,451.28,445.49,3164,448.28,154143,448.643308
2026-01-13 16:00:00+00:00,450.62,451.77,448.985,1845,451.2,84824,450.768522
2026-01-13 17:00:00+00:00,446.98,451.075,446.71,1360,450.63,59824,449.010483
2026-01-13 18:00:00+00:00,444.93,448.765,444.84,1785,446.58,82218,447.063613
2026-01-13 19:00:00+00:00,446.845,447.12,443.99,1672,444.86,78425,445.384965
2026-01-13 20:00:00+00:00,447.18,447.78,445.15,2578,446.68,113416,446.723671
2026-01-13 21:00:00+00:00,446.91,447.09,446.91,3,447.09,104,447.01
2026-01-14 13:00:00+00:00,445.14,445.14,445.14,1,445.14,50,445.14
2026-01-14 14:00:00+00:00,438.75,442.505,438.56,2899,442.505,114698,440.058282
2026-01-14 15:00:00+00:00,436.85,443.81,435.89,5208,438.38,224043,439.363848
2026-01-14 16:00:00+00:00,434.455,439.35,434.32,3995,436.91,165466,436.82182
2026-01-14 17:00:00+00:00,435.33,436.56,434.24,2883,434.48,118492,435.458615
2026-01-14 18:00:00+00:00,436.42,436.71,434.93,2630,435.33,112766,435.877146
2026-01-14 19:00:00+00:00,436.85,437.505,435.73,2472,436.285,97658,436.519336
2026-01-14 20:00:00+00:00,439.21,439.45,435.07,5639,436.97,245848,437.353021
2026-01-14 21:00:00+00:00,438.48,439.71,438.42,10,439.71,261,438.879545
2026-01-15 13:00:00+00:00,441.06,441.72,441.06,10,441.45,338,441.329125
2026-01-15 14:00:00+00:00,441.905,444.57,441.145,1985,441.17,84994,442.832708
2026-01-15 15:00:00+00:00,443.31,445.33,439.53,3239,441.84,156580,443.002089
2026-01-15 16:00:00+00:00,442.6,444.3,442.21,2007,443.255,102299,443.171003
2026-01-15 17:00:00+00:00,441.53,443.44,441.12,1464,442.58,77842,442.4806
2026-01-15 18:00:00+00:00,442.82,443.785,441.37,1655,441.5,86242,442.803935
2026-01-15 19:00:00+00:00,440.25,442.75,439.495,1729,442.75,84500,441.18064
2026-01-15 20:00:00+00:00,438.52,440.46,437.65,3168,440.14,152662,438.604621
2026-01-16 14:00:00+00:00,443.2,447.105,439.435,2814,440.54,135288,444.428241
2026-01-16 15:00:00+00:00,436.86,443.54,435.305,3317,443.14,168244,438.312007
2026-01-16 16:00:00+00:00,439.06,439.7,436.485,2528,436.84,117476,438.5096
2026-01-16 17:00:00+00:00,438.15,439.53,437.93,1516,439.04,71259,438.726939
2026-01-16 18:00:00+00:00,440.1,440.82,437.85,1698,438.12,76892,439.752307
2026-01-16 19:00:00+00:00,440.16,440.8,439.11,1738,439.98,77901,440.106093
2026-01-16 20:00:00+00:00,437.53,440.6,437.44,3275,440.095,160319,439.088651
2026-01-16 21:00:00+00:00,438.34,438.34,437.31,26,437.31,455,437.656667
2026-01-20 13:00:00+00:00,427.05,427.41,427.05,11,427.41,243,427.21
2026-01-20 14:00:00+00:00,424.77,430.49,423.54,3443,426.36,115242,426.499664
2026-01-20 15:00:00+00:00,426.12,427.87,423.75,3837,424.61,140475,425.669718
2026-01-20 16:00:00+00:00,425.14,426.94,423.92,3637,426.1,140342,425.212885
2026-01-20 17:00:00+00:00,424.89,427.35,423.91,3307,424.79,139117,425.760154
2026-01-20 18:00:00+00:00,423.0,425.45,422.5,3085,424.91,106098,424.169973
2026-01-20 19:00:00+00:00,421.635,423.65,420.745,3596,423.01,127614,421.882551
2026-01-20 20:00:00+00:00,419.23,421.4,417.48,6390,421.4,248586,419.28562
2026-01-20 21:00:00+00:00,419.34,419.34,419.34,2,419.34,77,419.34
2026-01-21 13:00:00+00:00,420.13,420.13,419.92,165,419.93,4495,419.991803
2026-01-21 14:00:00+00:00,423.825,424.11,419.71,1744,423.67,66152,422.061271
2026-01-21 15:00:00+00:00,429.285,429.5,423.77,2645,424.015,107506,426.893827
2026-01-21 16:00:00+00:00,423.08,429.755,422.49,2418,429.315,101296,426.804469
2026-01-21 17:00:00+00:00,424.65,424.73,420.09,1907,422.945,56658,422.908818
2026-01-21 18:00:00+00:00,426.92,427.24,422.86,2008,424.56,61105,425.389679
2026-01-21 19:00:00+00:00,437.48,438.085,426.0,3595,426.9,133959,434.516181
2026-01-21 20:00:00+00:00,431.37,437.5,430.31,4326,437.5,199106,433.086367
2026-01-22 14:00:00+00:00,434.03,436.88,432.68,1781,436.88,83063,434.147842
2026-01-22 15:00:00+00:00,437.42,439.11,432.755,2670,434.05,119544,435.718659
2026-01-22 16:00:00+00:00,437.87,439.16,436.525,1856,437.195,66455,437.938919
2026-01-22 17:00:00+00:00,445.5,445.78,437.145,2190,437.805,87146,440.675348
2026-01-22 18:00:00+00:00,446.185,448.245,444.28,4051,445.57,196270,446.277135
2026-01-22 19:00:00+00:00,446.39,449.12,446.07,2465,446.11,99334,447.746936
2026-01-22 20:00:00+00:00,449.33,449.415,445.545,4354,446.13,182513,447.953264
2026-01-23 13:00:00+00:00,447.5,449.05,447.49,13,449.05,483,447.665876
2026-01-23 14:00:00+00:00,449.65,450.34,444.13,2336,447.49,104356,446.6792
2026-01-23 15:00:00+00:00,452.02,452.02,445.82,2621,449.98,118966,448.407166
2026-01-23 16:00:00+00:00,448.86,452.43,448.625,1882,452.08,85130,450.077636
2026-01-23 17:00:00+00:00,445.595,449.175,445.47,1067,448.655,36625,447.430479
2026-01-23 18:00:00+00:00,447.365,447.47,445.41,1273,445.65,44644,446.648976
2026-01-23 19:00:00+00:00,448.4,448.525,447.045,1419,447.4,47311,447.793073
2026-01-23 20:00:00+00:00,449.11,449.28,446.935,2599,448.49,98753,448.086413
2026-01-26 14:00:00+00:00,439.06,444.895,437.7,2005,444.895,80334,440.062991
2026-01-26 15:00:00+00:00,438.44,441.375,436.73,1874,439.075,76675,438.933631
2026-01-26 16:00:00+00:00,439.36,440.14,438.01,1134,438.725,35423,439.129777
2026-01-26 17:00:00+00:00,438.275,440.235,438.095,676,439.41,23769,439.134612
2026-01-26 18:00:00+00:00,438.475,438.81,437.86,932,438.08,30492,438.26329
2026-01-26 19:00:00+00:00,436.55,438.62,436.55,1084,438.405,32755,437.520743
2026-01-26 20:00:00+00:00,435.34,436.665,434.29,2265,436.6,87813,435.411102
2026-01-27 14:00:00+00:00,434.38,437.29,431.855,1659,437.29,50021,433.561854
2026-01-27 15:00:00+00:00,434.63,436.18,433.72,1754,434.19,51174,435.101923
2026-01-27 16:00:00+00:00,435.255,435.76,433.77,1122,434.66,35060,434.699788
2026-01-27 17:00:00+00:00,433.3,435.27,433.24,775,435.27,21702,434.294587
2026-01-27 18:00:00+00:00,431.86,433.41,431.86,887,433.175,23550,432.728371
2026-01-27 19:00:00+00:00,432.66,432.72,430.81,1339,431.835,41183,431.541295
2026-01-27 20:00:00+00:00,430.92,433.805,430.745,2169,432.495,69630,431.795858
2026-01-28 14:00:00+00:00,437.45,438.2,431.295,1924,431.76,66861,435.469105
2026-01-28 15:00:00+00:00,433.05,437.75,432.245,1734,437.4,62975,434.054492
2026-01-28 16:00:00+00:00,433.41,434.28,432.12,1540,433.2,60949,433.146247
2026-01-28 17:00:00+00:00,432.735,435.59,432.46,1333,433.425,54745,433.633304
2026-01-28 18:00:00+00:00,434.795,435.495,432.51,1249,432.545,56366,434.771424
2026-01-28 19:00:00+00:00,434.455,435.96,431.785,2063,434.505,100531,433.870562
2026-01-28 20:00:00+00:00,430.35,436.0,430.24,2392,434.315,120607,434.06818
2026-01-28 21:00:00+00:00,444.55,447.26,425.57,275,430.0,4582,443.821163
2026-01-29 14:00:00+00:00,423.43,440.12,423.025,4937,437.75,236772,428.910146
2026-01-29 15:00:00+00:00,417.56,426.98,414.69,6150,423.16,247945,421.405341
2026-01-29 16:00:00+00:00,420.79,422.95,417.24,3897,417.59,136591,420.713188
2026-01-29 17:00:00+00:00,420.495,424.79,420.32,2189,420.94,71467,422.875609
2026-01-29 18:00:00+00:00,420.87,422.85,419.805,2264,420.67,71986,421.227106
2026-01-29 19:00:00+00:00,418.06,421.3,417.98,2363,420.87,71380,419.458243
2026-01-29 20:00:00+00:00,416.42,418.65,414.99,4594,418.15,156697,416.60691
2026-01-30 13:00:00+00:00,422.82,425.85,422.82,5,425.13,227,424.277736
2026-01-30 14:00:00+00:00,425.17,429.965,422.81,4004,425.85,166363,425.498531
2026-01-30 15:00:00+00:00,437.09,439.83,424.84,8215,425.11,362491,433.565662
2026-01-30 16:00:00+00:00,434.82,439.8,434.755,5082,436.89,219090,437.367148
2026-01-30 17:00:00+00:00,435.31,439.51,434.0,3443,434.78,145260,436.679069
2026-01-30 18:00:00+00:00,435.52,436.57,432.18,3200,435.09,118343,434.007479
2026-01-30 19:00:00+00:00,433.44,435.855,432.52,2991,435.63,92605,434.474085
2026-01-30 20:00:00+00:00,430.29,434.765,430.1,5917,433.495,274878,431.928852
2026-01-30 21:00:00+00:00,429.7,429.93,429.36,25,429.9,1645,429.613724
2026-02-02 14:00:00+00:00,417.31,421.62,414.545,3579,420.99,184335,417.376541
2026-02-02 15:00:00+00:00,420.18,422.475,416.48,3843,417.28,151872,420.021687
2026-02-02 16:00:00+00:00,420.11,420.26,418.35,3874,420.1,157768,419.610982
2026-02-02 17:00:00+00:00,424.635,424.86,419.84,3393,420.1,144050,422.309432
2026-02-02 18:00:00+00:00,426.67,427.12,424.29,2704,424.54,122993,426.024426
2026-02-02 19:00:00+00:00,423.2,426.69,423.14,2488,426.62,108233,425.197967
2026-02-02 20:00:00+00:00,421.83,425.0,421.78,4410,423.26,178233,423.227896
2026-02-03 14:00:00+00:00,420.52,425.41,420.165,1634,423.825,66996,422.741658
2026-02-03 15:00:00+00:00,425.36,428.53,419.76,2921,420.465,115744,424.113554
2026-02-03 16:00:00+00:00,425.74,427.71,422.08,2121,425.42,93504,424.849065
2026-02-03 17:00:00+00:00,417.75,425.86,417.74,2506,425.575,115792,420.316035
2026-02-03 18:00:00+00:00,416.175,419.38,416.175,2217,417.75,104302,417.664269
2026-02-03 19:00:00+00:00,418.88,419.2,413.745,3063,416.1,153303,415.903871
2026-02-03 20:00:00+00:00,422.08,422.2,417.43,2908,418.61,125785,420.31372
2026-02-03 21:00:00+00:00,420.01,422.41,420.01,5,422.41,161,421.21
2026-02-04 13:00:00+00:00,420.79,420.79,420.79,1,420.79,80,420.79
2026-02-04 14:00:00+00:00,419.19,423.81,417.63,2381,420.46,118503,421.234711
2026-02-04 15:00:00+00:00,412.135,419.165,411.88,3146,418.895,143075,415.430689
2026-02-04 16:00:00+00:00,406.36,412.575,403.83,3272,412.11,150571,407.60877
2026-02-04 17:00:00+00:00,402.54,407.49,399.315,2549,406.34,116007,403.43954
2026-02-04 18:00:00+00:00,405.03,406.48,401.29,2187,402.465,97690,404.369398
2026-02-04 19:00:00+00:00,409.045,409.15,402.935,2128,405.2,100837,405.414352
2026-02-04 20:00:00+00:00,405.85,409.19,405.375,3055,408.97,136854,407.24578
2026-02-04 21:00:00+00:00,407.22,407.23,407.22,8,407.22,880,407.220957
2026-02-05 13:00:00+00:00,395.16,398.85,395.04,88,398.85,2848,396.368607
2026-02-05 14:00:00+00:00,395.38,401.12,392.94,2602,395.49,146828,397.599944
2026-02-05 15:00:00+00:00,392.625,395.825,387.56,3910,394.86,181966,390.498108
2026-02-05 16:00:00+00:00,398.25,398.6,390.24,3353,392.83,139526,395.637153
2026-02-05 17:00:00+00:00,400.22,401.66,396.41,2301,397.965,100250,399.113455
2026-02-05 18:00:00+00:00,399.08,402.0,397.67,2142,400.34,71296,399.624182
2026-02-05 19:00:00+00:00,396.1,401.43,394.62,2430,398.95,88131,397.875021
2026-02-05 20:00:00+00:00,397.215,398.36,393.06,4940,396.2,204350,395.602027
2026-02-05 21:00:00+00:00,394.26,397.02,394.14,9,397.02,245,395.024444
2026-02-06 13:00:00+00:00,400.7,400.73,400.33,100,400.33,2629,400.664553
2026-02-06 14:00:00+00:00,407.12,408.78,397.83,2640,402.35,111256,405.219865
2026-02-06 15:00:00+00:00,409.06,412.18,405.53,2979,406.79,136958,409.118696
2026-02-06 16:00:00+00:00,410.505,412.38,408.71,2356,409.05,130770,410.344487
2026-02-06 17:00:00+00:00,413.28,414.53,410.15,1696,410.495,71546,413.086636
2026-02-06 18:00:00+00:00,411.35,413.83,411.32,1588,413.325,64310,412.540534
2026-02-06 19:00:00+00:00,413.55,414.53,411.1,1676,411.3,67883,413.198163
2026-02-06 20:00:00+00:00,411.09,414.545,410.69,3449,413.545,149131,412.754491
2026-02-06 21:00:00+00:00,410.25,410.25,410.25,3,410.25,243,410.25
2026-02-09 14:00:00+00:00,409.65,413.575,407.36,3266,409.925,163274,410.434987
2026-02-09 15:00:00+00:00,417.9,418.57,409.16,2190,409.58,89050,414.616512
2026-02-09 16:00:00+00:00,420.31,420.66,417.475,1985,417.92,80153,418.921358
2026-02-09 17:00:00+00:00,419.62,421.24,419.56,1382,420.39,52614,420.582532
2026-02-09 18:00:00+00:00,419.54,419.94,417.75,1489,419.48,55039,418.998775
2026-02-09 19:00:00+00:00,419.995,420.87,419.43,1109,419.46,35248,420.190925
2026-02-09 20:00:00+00:00,417.2,420.45,417.14,2787,419.82,97165,418.907807
2026-02-10 13:00:00+00:00,419.26,419.79,418.87,55,419.09,1068,419.290667
2026-02-10 14:00:00+00:00,422.645,425.1,417.02,1802,418.245,80010,422.384311
2026-02-10 15:00:00+00:00,424.82,425.32,419.99,2241,422.14,104779,423.439648
2026-02-10 16:00:00+00:00,423.73,425.19,420.875,1977,425.19,72146,422.862116
2026-02-10 17:00:00+00:00,425.115,427.22,422.88,2213,423.54,89047,425.509187
2026-02-10 18:00:00+00:00,424.55,426.0,422.385,1888,425.13,61894,424.282373
2026-02-10 19:00:00+00:00,425.85,425.95,423.895,1619,424.73,50273,424.99855
2026-02-10 20:00:00+00:00,425.25,427.09,423.75,3756,425.78,150177,425.396712
2026-02-11 13:00:00+00:00,427.2,427.2,423.77,22,423.77,537,425.888
2026-02-11 14:00:00+00:00,431.34,436.27,428.37,2821,429.0,117693,433.433777
2026-02-11 15:00:00+00:00,424.085,432.04,420.09,3611,431.34,155013,424.219584
2026-02-11 16:00:00+00:00,423.58,427.045,423.235,2830,424.475,144961,425.383595
2026-02-11 17:00:00+00:00,423.69,426.12,422.11,2168,423.31,90422,423.853338
2026-02-11 18:00:00+00:00,425.46,425.875,422.17,1875,423.625,77536,423.874296
2026-02-11 19:00:00+00:00,427.02,427.7,424.83,1776,425.61,82580,426.603901
2026-02-11 20:00:00+00:00,428.24,429.04,425.46,2651,426.8,108592,427.217458
2026-02-12 13:00:00+00:00,431.1,431.1,431.1,8,431.1,134,431.1
2026-02-12 14:00:00+00:00,428.605,436.19,428.18,2195,430.315,94144,432.339229
2026-02-12 15:00:00+00:00,425.06,430.95,424.64,2903,428.345,111209,427.482582
2026-02-12 16:00:00+00:00,418.705,425.59,418.16,4626,425.19,204704,421.090606
2026-02-12 17:00:00+00:00,414.67,420.0,414.57,3664,418.555,155979,417.761215
2026-02-12 18:00:00+00:00,416.68,417.82,414.09,2771,414.33,121472,416.34246
2026-02-12 19:00:00+00:00,415.23,416.85,414.31,2084,416.55,88274,415.620481
2026-02-12 20:00:00+00:00,417.07,417.41,414.57,4038,415.29,171322,416.041551
2026-02-12 21:00:00+00:00,416.87,416.87,416.87,2,416.87,80,416.87
2026-02-13 13:00:00+00:00,417.33,417.51,416.5,18,416.61,948,417.100079
2026-02-13 14:00:00+00:00,413.42,418.65,410.97,2339,417.39,84730,414.304743
2026-02-13 15:00:00+00:00,415.3,418.15,412.28,3595,413.32,155951,415.024822
2026-02-13 16:00:00+00:00,419.24,419.62,414.78,3156,415.31,139408,417.662031
2026-02-13 17:00:00+00:00,419.29,421.26,419.13,2228,419.29,107987,420.197622
2026-02-13 18:00:00+00:00,421.74,424.03,418.87,2447,419.45,111146,421.484796
2026-02-13 19:00:00+00:00,419.62,422.43,419.44,2106,421.71,93494,421.196863
2026-02-13 20:00:00+00:00,417.45,420.16,416.55,4109,419.77,167161,417.919774
2026-02-13 21:00:00+00:00,417.75,417.75,417.75,5,417.75,124,417.75
2026-02-17 13:00:00+00:00,413.04,413.04,411.39,6,411.39,208,412.399223
2026-02-17 14:00:00+00:00,403.12,413.56,402.81,2924,412.3,109816,407.863696
2026-02-17 15:00:00+00:00,404.57,405.37,400.54,4278,402.775,183989,402.454387
2026-02-17 16:00:00+00:00,407.72,409.57,404.34,2871,404.71,139481,407.607659
2026-02-17 17:00:00+00:00,405.38,407.62,403.43,2324,407.545,116049,405.405109
2026-02-17 18:00:00+00:00,412.42,412.64,404.6,2304,405.46,90311,408.491955
2026-02-17 19:00:00+00:00,410.88,413.115,410.74,1573,412.46,53960,412.132237
2026-02-17 20:00:00+00:00,410.72,411.83,409.69,2810,410.83,83766,410.461631
2026-02-17 21:00:00+00:00,410.22,410.22,410.22,2,410.22,54,410.22
2026-02-18 13:00:00+00:00,411.12,411.69,411.12,7,411.69,230,411.405
2026-02-18 14:00:00+00:00,412.55,414.07,409.98,1341,410.67,40312,411.353911
2026-02-18 15:00:00+00:00,415.35,415.63,411.64,2355,412.5,81297,414.174842
2026-02-18 16:00:00+00:00,413.985,416.28,413.985,1854,415.27,60457,415.067358
2026-02-18 17:00:00+00:00,416.27,416.58,413.845,1340,413.995,42999,415.609482
2026-02-18 18:00:00+00:00,413.535,416.85,412.55,1453,416.2,50698,414.398493
2026-02-18 19:00:00+00:00,410.41,413.97,409.96,1641,413.3,47990,411.728732
2026-02-18 20:00:00+00:00,411.36,412.08,410.07,2916,410.52,84623,411.217413
2026-02-19 14:00:00+00:00,408.46,409.48,404.195,1341,407.43,52994,406.3485
2026-02-19 15:00:00+00:00,412.91,412.91,408.125,2683,408.125,127315,410.424931
2026-02-19 16:00:00+00:00,412.99,414.93,411.23,2855,412.9,159625,413.400326
2026-02-19 17:00:00+00:00,409.59,415.19,409.32,2168,413.04,120397,412.537664
2026-02-19 18:00:00+00:00,410.8,410.905,408.59,1761,409.58,96382,409.636701
2026-02-19 19:00:00+00:00,410.01,411.14,408.55,1648,410.85,90738,409.876415
2026-02-19 20:00:00+00:00,411.69,411.88,409.86,2809,410.01,138646,410.853157
2026-02-20 13:00:00+00:00,411.5,411.5,410.83,9,411.3,242,411.25
2026-02-20 14:00:00+00:00,408.31,410.705,405.52,1259,406.0,37131,408.967625
2026-02-20 15:00:00+00:00,413.33,413.575,407.1,2360,408.365,99824,410.867588
2026-02-20 16:00:00+00:00,410.98,414.57,409.16,2202,413.46,116220,411.452358
2026-02-20 17:00:00+00:00,409.66,411.27,405.9,2780,410.92,128650,408.064516
2026-02-20 18:00:00+00:00,413.36,413.54,408.7,2494,409.6,122703,411.115073
2026-02-20 19:00:00+00:00,409.81,413.74,409.68,1516,413.38,77314,411.580618
2026-02-20 20:00:00+00:00,411.985,412.225,409.53,3400,409.83,147346,410.905222
2026-02-20 21:00:00+00:00,411.52,411.52,411.52,6,411.52,80,411.52
2026-02-23 13:00:00+00:00,407.4,407.96,407.4,7,407.96,313,407.68086
2026-02-23 14:00:00+00:00,402.79,407.52,402.35,2419,407.52,109963,404.168464
2026-02-23 15:00:00+00:00,400.92,405.0,400.655,3329,402.69,153788,402.789313
2026-02-23 16:00:00+00:00,398.36,401.37,396.655,4628,400.96,235642,398.583898
2026-02-23 17:00:00+00:00,395.1,399.0,394.29,3652,398.33,190596,396.500955
2026-02-23 18:00:00+00:00,394.36,396.77,394.2,2721,394.98,128553,395.923392
2026-02-23 19:00:00+00:00,395.385,396.02,394.08,2284,394.5,131098,394.768815
2026-02-23 20:00:00+00:00,399.575,400.0,394.45,4543,395.22,276477,397.058708
2026-02-23 21:00:00+00:00,399.6,400.17,399.6,38,400.17,1396,399.796067
2026-02-24 13:00:00+00:00,398.73,398.73,397.68,3,397.68,120,398.25
2026-02-24 14:00:00+00:00,402.55,403.6,397.7,2285,398.67,104115,401.238679
2026-02-24 15:00:00+00:00,404.685,407.7,401.15,3889,402.6,185880,405.299333
2026-02-24 16:00:00+00:00,404.64,405.68,402.28,2561,404.59,129692,403.686907
2026-02-24 17:00:00+00:00,404.73,405.65,403.71,1534,404.59,72927,404.596727
2026-02-24 18:00:00+00:00,406.64,406.78,404.66,1346,404.72,68147,405.802751
2026-02-24 19:00:00+00:00,408.76,409.53,406.6,2237,406.6,108219,408.631491
2026-02-24 20:00:00+00:00,409.42,410.8,408.04,3513,408.655,164420,409.604776
2026-02-24 21:00:00+00:00,409.11,409.11,409.11,1,409.11,50,409.11
2026-02-25 14:00:00+00:00,415.79,420.3,412.165,2380,412.165,109758,417.186705
2026-02-25 15:00:00+00:00,415.41,416.39,413.59,2402,415.49,121092,414.877855
2026-02-25 16:00:00+00:00,414.51,415.53,413.17,2519,415.49,112514,414.168541
2026-02-25 17:00:00+00:00,415.15,416.895,413.83,2548,414.62,129380,415.203405
2026-02-25 18:00:00+00:00,415.775,416.34,414.24,1838,415.19,93726,415.302232
2026-02-25 19:00:00+00:00,415.98,416.5,415.48,1641,415.795,77028,416.040435
2026-02-25 20:00:00+00:00,417.37,417.63,414.89,3670,415.89,161891,416.296476
2026-02-26 14:00:00+00:00,413.14,416.66,410.17,2260,415.215,136486,411.865452
2026-02-26 15:00:00+00:00,409.3,413.86,404.96,2678,413.115,133626,408.336245
2026-02-26 16:00:00+00:00,404.62,410.26,404.29,2571,409.24,140068,407.702113
2026-02-26 17:00:00+00:00,404.62,406.42,403.79,2518,404.56,141128,405.082513
2026-02-26 18:00:00+00:00,407.34,407.85,404.14,1781,404.55,98427,405.65996
2026-02-26 19:00:00+00:00,407.62,409.38,407.13,1565,407.275,78074,408.388217
2026-02-26 20:00:00+00:00,408.47,409.11,407.165,2875,407.635,147883,408.253455
2026-02-26 21:00:00+00:00,408.37,408.37,408.37,2,408.37,45,408.37
2026-02-27 14:00:00+00:00,403.35,405.51,400.96,1962,402.96,86523,403.508636
2026-02-27 15:00:00+00:00,403.26,407.09,402.82,2094,403.15,82666,404.886134
2026-02-27 16:00:00+00:00,402.11,403.8,400.87,2503,403.21,125976,402.336887
2026-02-27 17:00:00+00:00,399.62,403.01,399.055,2939,402.21,146377,400.719587
2026-02-27 18:00:00+00:00,398.49,400.45,398.14,2918,399.64,130854,399.481111
2026-02-27 19:00:00+00:00,398.88,400.4,398.44,1962,398.44,83584,399.572126
2026-02-27 20:00:00+00:00,402.43,403.2,398.75,4570,398.9,209893,400.765424
2026-03-02 13:00:00+00:00,392.55,393.61,392.0,219,392.41,6628,392.778707
2026-03-02 14:00:00+00:00,396.0,398.23,388.32,2414,392.11,125790,393.946908
2026-03-02 15:00:00+00:00,401.765,402.51,395.21,2181,395.835,106828,398.494876
2026-03-02 16:00:00+00:00,403.13,404.465,399.75,1419,401.83,57903,402.347593
2026-03-02 17:00:00+00:00,401.88,403.9,401.0,1177,403.12,51993,402.508849
2026-03-02 18:00:00+00:00,400.29,402.57,400.27,1184,401.845,48977,401.289542
2026-03-02 19:00:00+00:00,402.435,402.845,400.19,1167,400.3,44111,401.957587
2026-03-02 20:00:00+00:00,403.365,403.365,399.01,3264,402.39,142547,401.643391
2026-03-02 21:00:00+00:00,403.28,403.28,403.28,2,403.28,80,403.28
2026-03-03 14:00:00+00:00,390.64,396.22,389.65,3090,395.09,124132,392.517372
2026-03-03 15:00:00+00:00,387.55,392.43,385.4,5577,390.5,217671,388.399286
2026-03-03 16:00:00+00:00,391.745,393.545,387.43,3205,387.57,103615,391.266807
2026-03-03 17:00:00+00:00,391.15,392.53,389.155,2029,391.565,57939,391.154491
2026-03-03 18:00:00+00:00,392.7,394.65,391.14,2076,391.175,61783,393.214018
2026-03-03 19:00:00+00:00,393.64,394.68,391.13,2332,392.9,73864,392.803659
2026-03-03 20:00:00+00:00,392.625,394.41,391.755,3309,393.525,113993,392.702436
2026-03-04 13:00:00+00:00,400.32,400.84,399.49,9,399.49,343,400.414419
2026-03-04 14:00:00+00:00,397.98,403.32,394.63,2712,400.23,149470,400.106791
2026-03-04 15:00:00+00:00,405.13,407.84,398.26,4566,398.32,240017,404.291605
2026-03-04 16:00:00+00:00,406.545,406.94,401.45,2581,405.15,114305,404.560695
2026-03-04 17:00:00+00:00,404.225,407.09,403.41,1622,406.425,72410,405.482837
2026-03-04 18:00:00+00:00,406.11,406.12,403.39,1505,404.2,66604,404.6604
2026-03-04 19:00:00+00:00,405.39,406.83,404.94,1824,406.07,76285,405.862766
2026-03-04 20:00:00+00:00,405.96,408.32,404.75,3607,405.555,146336,406.474333
2026-03-04 21:00:00+00:00,404.97,405.81,404.97,19,405.78,347,405.540793
2026-03-05 13:00:00+00:00,402.41,403.83,402.41,33,403.83,2070,403.196955
2026-03-05 14:00:00+00:00,406.58,407.07,400.3,1873,402.0,97098,404.373895
2026-03-05 15:00:00+00:00,405.67,407.38,401.84,2311,406.5,115163,405.150572
2026-03-05 16:00:00+00:00,407.08,407.41,404.22,1193,405.955,56929,405.881982
2026-03-05 17:00:00+00:00,401.15,408.61,400.81,1637,406.99,73086,403.355088
2026-03-05 18:00:00+00:00,401.35,402.92,399.58,1363,401.16,58499,401.0869
2026-03-05 19:00:00+00:00,400.465,402.755,399.89,995,401.28,41168,401.120108
2026-03-05 20:00:00+00:00,405.59,405.88,400.28,2913,400.41,121084,403.856802
2026-03-05 21:00:00+00:00,404.46,405.3,404.46,24,405.06,477,404.904
2026-03-06 13:00:00+00:00,399.38,402.71,399.35,36,402.54,1950,400.537944
2026-03-06 14:00:00+00:00,396.24,398.33,394.25,2461,398.33,103864,395.830863
2026-03-06 15:00:00+00:00,398.325,399.0,395.435,2829,396.06,113267,397.491302
2026-03-06 16:00:00+00:00,399.73,401.34,397.7,1842,398.35,83061,399.355491
2026-03-06 17:00:00+00:00,398.32,400.065,397.41,1291,399.595,53584,398.825756
2026-03-06 18:00:00+00:00,398.56,402.325,397.96,1313,398.31,50042,400.624927
2026-03-06 19:00:00+00:00,400.04,400.23,398.33,885,398.68,29679,399.213832
2026-03-06 20:00:00+00:00,396.63,400.8,396.24,3654,400.055,161214,397.530844
2026-03-06 21:00:00+00:00,396.33,396.33,396.09,11,396.12,254,396.18
2026-03-09 12:00:00+00:00,390.05,390.05,389.7,4,389.7,275,389.943818
2026-03-09 13:00:00+00:00,384.77,392.94,383.16,2764,389.915,167942,386.715048
2026-03-09 14:00:00+00:00,385.67,386.33,381.42,3100,384.48,131592,384.198077
2026-03-09 15:00:00+00:00,389.53,389.91,385.88,2002,385.88,74035,387.883371
2026-03-09 16:00:00+00:00,390.06,390.975,388.24,1315,389.56,57743,389.9024
2026-03-09 17:00:00+00:00,390.11,390.615,388.55,1311,390.01,53175,389.562427
2026-03-09 18:00:00+00:00,392.355,393.71,389.67,1635,390.08,63298,391.581117
2026-03-09 19:00:00+00:00,398.63,401.535,391.74,4469,392.285,182417,398.091788
2026-03-09 20:00:00+00:00,398.1,398.1,398.1,1,398.1,40,398.1
2026-03-10 12:00:00+00:00,401.13,401.13,399.75,10,399.75,340,400.266667
2026-03-10 13:00:00+00:00,405.99,406.545,401.22,2005,401.22,96939,404.096205
2026-03-10 14:00:00+00:00,404.76,406.23,400.9,2210,406.02,107259,402.901454
2026-03-10 15:00:00+00:00,402.74,406.09,401.89,2051,404.75,94323,403.900461
2026-03-10 16:00:00+00:00,403.57,403.69,400.97,1682,402.53,64989,402.503165
2026-03-10 17:00:00+00:00,402.07,404.135,401.13,1412,403.48,63197,402.737929
2026-03-10 18:00:00+00:00,400.615,402.3,398.23,2220,402.06,91871,400.479573
2026-03-10 19:00:00+00:00,399.19,401.83,398.28,2440,400.76,96107,399.63806
2026-03-11 12:00:00+00:00,400.38,400.38,400.38,3,400.38,100,400.38
2026-03-11 13:00:00+00:00,412.37,412.395,400.62,4035,400.68,173645,409.040602
2026-03-11 14:00:00+00:00,410.48,416.26,409.65,4182,412.5,189343,412.794641
2026-03-11 15:00:00+00:00,407.04,411.5,406.4,2284,410.61,102586,408.878819
2026-03-11 16:00:00+00:00,407.345,408.55,406.295,1139,406.84,59409,407.151787
2026-03-11 17:00:00+00:00,405.93,408.285,404.82,1120,407.3,42328,406.484169
2026-03-11 18:00:00+00:00,406.16,406.76,404.03,953,405.93,41513,405.216668
2026-03-11 19:00:00+00:00,407.84,408.22,405.505,2006,406.33,86017,407.144979
2026-03-12 12:00:00+00:00,407.05,407.05,407.05,1,407.05,60,407.05
2026-03-12 13:00:00+00:00,400.845,408.2,400.42,1873,407.52,70001,403.547521
2026-03-12 14:00:00+00:00,395.65,402.35,394.81,3753,400.83,146476,398.219828
2026-03-12 15:00:00+00:00,398.25,399.02,395.4,2025,395.82,80933,396.898656
2026-03-12 16:00:00+00:00,399.73,400.875,397.01,2057,398.31,82196,399.48609
2026-03-12 17:00:00+00:00,397.25,400.95,396.33,1399,399.84,51696,399.332032
2026-03-12 18:00:00+00:00,397.06,398.53,396.78,1474,397.335,65317,397.652435
2026-03-12 19:00:00+00:00,395.03,398.1,395.0,3034,396.98,121162,396.762159
2026-03-12 20:00:00+00:00,395.38,395.38,395.38,1,395.38,40,395.38
2026-03-13 12:00:00+00:00,399.8,399.92,399.79,5,399.92,206,399.82512
2026-03-13 13:00:00+00:00,398.48,400.33,395.55,1392,399.93,42264,397.710138
2026-03-13 14:00:00+00:00,392.705,399.03,392.42,2278,398.525,78241,395.271664
2026-03-13 15:00:00+00:00,393.5,395.91,392.335,1880,392.565,80796,394.238193
2026-03-13 16:00:00+00:00,394.65,395.93,393.3,1655,393.44,75400,394.697996
2026-03-13 17:00:00+00:00,393.18,395.82,392.5,1027,394.645,45309,394.0676
2026-03-13 18:00:00+00:00,393.12,393.875,392.19,973,393.19,36778,393.012692
2026-03-13 19:00:00+00:00,391.13,393.18,390.0,2547,393.18,118383,391.259253
2026-03-16 12:00:00+00:00,396.53,396.53,395.48,118,395.48,4145,395.928818
2026-03-16 13:00:00+00:00,400.98,401.04,395.01,2874,396.82,96008,399.074149
2026-03-16 14:00:00+00:00,400.93,403.67,400.0,3227,400.98,115490,401.736057
2026-03-16 15:00:00+00:00,398.33,401.06,398.31,1499,400.92,54252,400.146782
2026-03-16 16:00:00+00:00,397.4,398.74,396.5,1303,398.275,52044,397.478366
2026-03-16 17:00:00+00:00,396.65,398.29,396.47,1093,397.355,35170,397.340843
2026-03-16 18:00:00+00:00,397.135,398.395,396.55,1056,396.55,35892,397.571042
2026-03-16 19:00:00+00:00,395.64,399.16,394.49,3016,397.17,109864,396.08997
2026-03-16 20:00:00+00:00,394.49,395.5,394.49,17,395.3,709,394.944375
2026-03-17 12:00:00+00:00,395.88,395.88,395.88,3,395.88,100,395.88
2026-03-17 13:00:00+00:00,397.57,397.91,393.06,1374,396.18,56443,396.167157
2026-03-17 14:00:00+00:00,398.905,400.09,396.475,1505,397.9,55772,398.29202
2026-03-17 15:00:00+00:00,397.11,399.32,395.82,949,398.925,35485,397.424226
2026-03-17 16:00:00+00:00,397.37,397.88,395.96,814,397.05,28356,397.180229
2026-03-17 17:00:00+00:00,399.19,399.54,396.94,747,397.455,30020,398.104321
2026-03-17 18:00:00+00:00,397.785,399.63,397.18,834,399.265,26869,398.391957
2026-03-17 19:00:00+00:00,399.275,399.3,397.775,1632,397.775,59525,398.539291
2026-03-17 20:00:00+00:00,399.06,399.1,399.06,3,399.1,93,399.08
2026-03-18 12:00:00+00:00,397.21,400.68,397.21,11,400.65,483,400.116842
2026-03-18 13:00:00+00:00,402.92,403.0,396.75,1451,396.75,65826,401.328771
2026-03-18 14:00:00+00:00,398.325,402.94,397.61,1710,402.94,73095,399.171531
2026-03-18 15:00:00+00:00,398.27,399.7,397.375,1257,398.295,51073,398.309218
2026-03-18 16:00:00+00:00,397.46,398.47,396.77,1119,398.11,52831,397.73544
2026-03-18 17:00:00+00:00,397.64,398.04,396.23,1098,397.45,54190,397.174459
2026-03-18 18:00:00+00:00,395.01,398.5,394.95,1585,397.735,80193,396.701066
2026-03-18 19:00:00+00:00,392.8,395.92,392.31,3414,394.96,171127,393.743767
2026-03-19 12:00:00+00:00,388.86,388.86,388.83,2,388.83,103,388.84835
2026-03-19 13:00:00+00:00,383.07,387.205,379.75,3431,385.77,188744,382.359564
2026-03-19 14:00:00+00:00,381.3,384.12,379.815,3897,383.02,161829,381.703473
2026-03-19 15:00:00+00:00,382.085,384.2,380.9,2677,381.33,117921,382.465669
2026-03-19 16:00:00+00:00,382.35,383.615,380.86,2228,382.04,100466,382.106323
2026-03-19 17:00:00+00:00,381.51,382.44,380.22,1549,382.33,68863,381.21033
2026-03-19 18:00:00+00:00,381.15,382.85,378.75,2110,381.45,99188,380.716194
2026-03-19 19:00:00+00:00,380.25,384.915,380.06,4577,381.2,203488,382.325023
2026-03-20 12:00:00+00:00,380.46,380.46,378.47,12,378.47,653,379.442391
2026-03-20 13:00:00+00:00,371.17,381.69,370.785,3491,380.63,188199,374.608223
2026-03-20 14:00:00+00:00,372.845,373.62,369.97,3578,371.12,174801,372.165548
2026-03-20 15:00:00+00:00,375.78,376.06,372.625,2570,372.91,132092,374.562131
2026-03-20 16:00:00+00:00,374.62,376.95,373.63,2647,375.75,149539,375.533562
2026-03-20 17:00:00+00:00,371.83,375.02,371.2,2066,374.815,111599,372.717311
2026-03-20 18:00:00+00:00,368.28,371.875,367.765,2746,371.87,150273,369.526357
2026-03-20 19:00:00+00:00,368.025,368.7,364.48,4742,368.48,261437,366.487174
2026-03-20 20:00:00+00:00,368.1,368.1,368.1,2,368.1,100,368.1
2026-03-23 12:00:00+00:00,371.49,371.49,368.2,20,368.54,1576,369.212633
2026-03-23 13:00:00+00:00,381.89,382.36,370.81,4531,371.32,254263,379.184539
2026-03-23 14:00:00+00:00,383.45,384.6,380.72,5729,381.92,339006,382.640203
2026-03-23 15:00:00+00:00,378.36,385.32,378.06,4232,383.405,264655,382.546427
2026-03-23 16:00:00+00:00,378.31,380.4,377.32,2881,378.19,169603,378.649129
2026-03-23 17:00:00+00:00,380.28,380.88,376.47,2351,378.48,120971,378.573006
2026-03-23 18:00:00+00:00,381.81,382.23,379.32,2430,380.255,147363,380.720006
2026-03-23 19:00:00+00:00,380.79,381.9,380.24,3055,381.81,165900,381.149499
2026-03-24 12:00:00+00:00,378.42,379.52,378.42,5,378.84,260,378.871163
2026-03-24 13:00:00+00:00,383.02,386.19,376.31,2809,377.8,147752,383.220178
2026-03-24 14:00:00+00:00,385.73,387.39,382.78,3551,383.03,170394,384.77805
2026-03-24 15:00:00+00:00,382.69,387.2,382.49,2756,385.74,143071,384.620098
2026-03-24 16:00:00+00:00,382.9,384.27,381.76,1408,382.58,71960,383.072503
2026-03-24 17:00:00+00:00,381.39,383.11,379.7,1791,383.02,97439,380.972041
2026-03-24 18:00:00+00:00,384.6,386.435,381.19,2241,381.49,112562,383.696898
2026-03-24 19:00:00+00:00,383.14,385.44,382.36,3085,384.57,162903,383.913527
2026-03-24 20:00:00+00:00,385.76,386.19,385.76,17,386.19,554,385.999847
2026-03-25 13:00:00+00:00,391.89,396.23,389.42,2660,391.0,154862,393.322037
2026-03-25 14:00:00+00:00,393.21,394.74,390.53,2305,391.98,114748,393.352881
2026-03-25 15:00:00+00:00,388.8,393.51,388.29,2433,393.21,134887,390.673919
2026-03-25 16:00:00+00:00,389.32,390.1,387.65,1745,388.83,90501,388.911555
2026-03-25 17:00:00+00:00,388.25,389.74,387.395,1228,389.34,65410,388.577471
2026-03-25 18:00:00+00:00,386.25,388.86,385.5,1409,388.295,69617,387.326134
2026-03-25 19:00:00+00:00,385.97,386.91,385.01,2505,386.18,115761,385.723431
2026-03-26 12:00:00+00:00,380.57,381.52,380.5,10,381.52,554,381.024504
2026-03-26 13:00:00+00:00,384.12,384.12,379.66,1508,381.14,64767,382.137703
2026-03-26 14:00:00+00:00,379.64,384.29,377.99,2711,384.09,141821,381.08227
2026-03-26 15:00:00+00:00,379.775,381.05,378.935,1969,379.71,97696,379.94133
2026-03-26 16:00:00+00:00,377.66,379.83,376.49,1918,379.47,100024,377.769389
2026-03-26 17:00:00+00:00,374.84,378.08,374.65,1681,377.7,81320,376.469515
2026-03-26 18:00:00+00:00,374.55,375.835,374.295,2104,374.93,103296,375.141848
2026-03-26 19:00:00+00:00,372.035,374.73,371.87,3603,374.395,198465,373.009318
2026-03-27 12:00:00+00:00,369.86,369.86,369.86,24,369.86,664,369.86
2026-03-27 13:00:00+00:00,362.76,369.8,361.41,2674,369.8,150502,364.627048
2026-03-27 14:00:00+00:00,365.345,365.99,362.07,3274,362.235,195972,363.935683
2026-03-27 15:00:00+00:00,366.85,368.27,364.665,2643,365.33,160807,366.770127
2026-03-27 16:00:00+00:00,363.84,366.955,363.24,1733,366.875,107904,364.747774
2026-03-27 17:00:00+00:00,359.69,364.65,359.55,2278,363.85,141069,361.948619
2026-03-27 18:00:00+00:00,360.68,362.08,359.54,1929,359.89,121716,360.659249
2026-03-27 19:00:00+00:00,361.79,362.575,359.5,3771,360.795,222636,361.337608
2026-03-30 12:00:00+00:00,365.65,365.65,364.38,103,364.39,3822,365.045753
2026-03-30 13:00:00+00:00,363.195,367.29,362.15,2438,365.65,154047,363.999753
2026-03-30 14:00:00+00:00,364.39,365.04,360.79,3057,363.075,210133,363.221181
2026-03-30 15:00:00+00:00,363.185,365.41,361.33,2888,364.41,196357,363.280422
2026-03-30 16:00:00+00:00,360.325,363.39,359.61,2401,363.335,169668,361.046218
2026-03-30 17:00:00+00:00,357.32,360.88,356.5,2372,360.405,171154,358.115903
2026-03-30 18:00:00+00:00,354.77,357.37,354.58,2341,357.28,142282,355.891018
2026-03-30 19:00:00+00:00,355.33,355.64,352.14,6129,354.785,366436,353.697088
2026-03-31 12:00:00+00:00,360.67,360.67,358.77,13,358.81,566,359.183797
2026-03-31 13:00:00+00:00,364.18,365.34,360.01,2664,360.02,138797,363.861282
2026-03-31 14:00:00+00:00,362.9,366.03,361.805,2842,364.54,149274,364.093292
2026-03-31 15:00:00+00:00,362.6,365.94,362.6,1923,362.85,99736,364.383898
2026-03-31 16:00:00+00:00,370.275,371.67,362.42,2405,362.46,116971,367.712099
2026-03-31 17:00:00+00:00,368.25,372.7,368.16,2443,370.255,140007,370.811359
2026-03-31 18:00:00+00:00,372.38,373.24,368.42,2026,368.52,112395,371.32782
2026-03-31 19:00:00+00:00,371.7,373.18,370.75,4685,372.4,245835,371.992068
2026-04-01 12:00:00+00:00,378.14,380.52,378.14,8,380.1,574,379.782962
2026-04-01 13:00:00+00:00,374.89,379.05,374.18,2078,377.7,123896,375.857299
2026-04-01 14:00:00+00:00,381.56,381.71,374.295,3253,375.13,218673,378.182977
2026-04-01 15:00:00+00:00,382.35,383.13,380.5,3126,381.6,208998,381.833441
2026-04-01 16:00:00+00:00,381.56,382.695,381.05,1761,382.365,110473,381.824842
2026-04-01 17:00:00+00:00,379.66,382.175,379.62,1241,381.5,62903,381.068627
2026-04-01 18:00:00+00:00,378.83,379.79,377.04,2009,379.69,113367,378.409001
2026-04-01 19:00:00+00:00,381.32,381.51,378.73,4823,378.77,294912,380.647616
2026-04-02 12:00:00+00:00,370.6,371.05,370.45,17,370.83,781,370.706451
2026-04-02 13:00:00+00:00,365.445,369.25,363.53,4566,369.14,269606,366.609664
2026-04-02 14:00:00+00:00,367.29,370.0,363.82,6480,365.51,338225,366.924576
2026-04-02 15:00:00+00:00,365.445,367.99,364.52,3207,367.29,155880,366.268412
2026-04-02 16:00:00+00:00,364.32,366.445,363.38,3010,365.455,159605,365.04293
2026-04-02 17:00:00+00:00,359.78,366.25,359.63,4867,364.425,341988,362.276087
2026-04-02 18:00:00+00:00,359.94,360.955,359.16,4357,360.0,289908,360.186625
2026-04-02 19:00:00+00:00,360.47,361.44,359.06,4256,359.9,270503,360.276944
2026-04-02 20:00:00+00:00,361.04,361.04,360.63,9,360.63,272,360.833333
2026-04-06 12:00:00+00:00,364.24,364.25,364.24,7,364.24,490,364.241152
2026-04-06 13:00:00+00:00,363.55,367.655,361.7,2520,362.0,115044,364.985424
2026-04-06 14:00:00+00:00,355.68,364.48,355.65,4890,363.055,245696,358.474208
2026-04-06 15:00:00+00:00,354.435,356.375,352.17,4790,355.66,256499,353.980138
2026-04-06 16:00:00+00:00,350.145,354.4,349.71,3452,354.32,165814,351.752949
2026-04-06 17:00:00+00:00,347.405,350.23,346.65,3864,350.11,187312,348.097357
2026-04-06 18:00:00+00:00,350.785,351.45,347.13,3564,347.38,166122,349.272639
2026-04-06 19:00:00+00:00,352.75,353.255,350.6,4470,350.92,204754,352.041165
2026-04-07 12:00:00+00:00,348.77,348.77,347.3,93,347.3,3801,348.208321
2026-04-07 13:00:00+00:00,342.85,348.15,342.65,3150,348.15,152938,345.201587
2026-04-07 14:00:00+00:00,338.75,343.18,338.7,5699,342.865,313650,340.709329
2026-04-07 15:00:00+00:00,339.465,339.75,337.29,5341,338.71,295414,338.60802
2026-04-07 16:00:00+00:00,341.78,343.085,339.34,2420,339.49,138150,341.338883
2026-04-07 17:00:00+00:00,343.14,344.495,340.83,1981,341.685,103427,342.402144
2026-04-07 18:00:00+00:00,340.34,343.4,339.19,1791,343.155,92224,341.480223
2026-04-07 19:00:00+00:00,346.67,346.74,339.97,3990,340.34,187734,343.526659
2026-04-08 12:00:00+00:00,363.81,363.82,362.7,25,363.42,1522,363.25344
2026-04-08 13:00:00+00:00,353.055,364.47,352.75,4024,363.86,224469,355.919753
2026-04-08 14:00:00+00:00,348.33,354.26,346.17,4926,353.02,261687,349.841738
2026-04-08 15:00:00+00:00,348.04,348.67,345.23,2690,348.31,123839,346.709879
2026-04-08 16:00:00+00:00,347.82,349.21,345.82,1958,348.08,90271,347.556363
2026-04-08 17:00:00+00:00,346.51,348.55,345.66,1868,348.06,78414,347.063204
2026-04-08 18:00:00+00:00,340.15,347.9,339.93,2549,346.31,140638,343.373635
2026-04-08 19:00:00+00:00,343.41,343.41,339.71,4429,340.12,226495,341.944049
2026-04-08 20:00:00+00:00,342.5,343.27,342.5,3,343.27,120,343.011176
2026-04-09 12:00:00+00:00,342.96,342.98,342.69,72,342.98,4627,342.967755
2026-04-09 13:00:00+00:00,338.83,345.58,337.345,3753,343.3,209092,341.980222
2026-04-09 14:00:00+00:00,341.955,342.665,337.27,2506,338.795,129529,339.132198
2026-04-09 15:00:00+00:00,345.01,345.815,339.875,2026,341.93,95919,342.480176
2026-04-09 16:00:00+00:00,346.93,348.86,345.08,2293,345.08,103961,347.104307
2026-04-09 17:00:00+00:00,347.84,348.79,346.73,1491,346.9,64407,347.91601
2026-04-09 18:00:00+00:00,345.39,347.79,344.84,1231,347.79,43210,346.024912
2026-04-09 19:00:00+00:00,345.725,346.5,344.62,2181,345.595,77075,345.430445
2026-04-10 13:00:00+00:00,347.145,350.3,344.74,1706,346.83,69202,347.264428
2026-04-10 14:00:00+00:00,346.695,348.01,344.77,2215,347.1,90255,346.684439
2026-04-10 15:00:00+00:00,343.98,347.25,343.44,2036,346.84,79355,345.166558
2026-04-10 16:00:00+00:00,343.585,344.95,342.75,1749,344.04,60247,343.846033
2026-04-10 17:00:00+00:00,346.25,346.34,342.96,1696,343.59,56604,344.511945
2026-04-10 18:00:00+00:00,345.985,347.165,345.09,1870,346.265,67294,346.254007
2026-04-10 19:00:00+00:00,348.87,348.99,345.725,3362,346.03,142268,347.640862
2026-04-10 20:00:00+00:00,348.64,348.64,348.64,2,348.64,53,348.64
2026-04-13 12:00:00+00:00,347.34,347.34,347.1,13,347.13,341,347.217273
2026-04-13 13:00:00+00:00,353.94,354.78,347.43,2409,347.43,126305,351.193519
2026-04-13 14:00:00+00:00,352.89,356.32,350.22,2466,353.97,121913,352.965441
2026-04-13 15:00:00+00:00,350.88,352.89,349.765,1915,352.89,79729,350.790551
2026-04-13 16:00:00+00:00,352.89,353.47,350.37,1663,350.93,65896,352.262411
2026-04-13 17:00:00+00:00,352.77,354.68,352.615,1906,353.01,122860,353.69829
2026-04-13 18:00:00+00:00,351.725,353.03,351.25,1097,352.685,46960,352.006928
2026-04-13 19:00:00+00:00,352.465,352.71,350.3,2249,351.75,88159,351.729773
2026-04-14 13:00:00+00:00,358.955,361.295,354.95,3325,357.28,181085,359.174197
2026-04-14 14:00:00+00:00,363.315,364.02,357.87,3299,358.955,147170,361.298869
2026-04-14 15:00:00+00:00,365.59,366.105,360.915,2456,363.14,108655,363.747144
2026-04-14 16:00:00+00:00,365.03,367.605,364.945,1738,365.65,74863,366.243187
2026-04-14 17:00:00+00:00,364.73,366.1,364.405,1279,365.175,50141,365.187664
2026-04-14 18:00:00+00:00,364.18,364.825,362.61,1716,364.76,77042,363.763308
2026-04-14 19:00:00+00:00,364.16,365.68,363.61,3044,364.06,134077,364.398041
2026-04-14 20:00:00+00:00,364.17,364.17,364.1,11,364.1,274,364.14268
2026-04-15 12:00:00+00:00,367.08,367.08,367.08,1,367.08,63,367.08
2026-04-15 13:00:00+00:00,370.52,371.48,362.51,3145,366.72,135714,368.147678
2026-04-15 14:00:00+00:00,381.34,382.12,369.89,6297,370.535,298211,376.531178
2026-04-15 15:00:00+00:00,392.02,394.095,380.225,11185,381.335,473818,388.438625
2026-04-15 16:00:00+00:00,387.59,394.435,386.7,5452,391.92,226645,390.548503
2026-04-15 17:00:00+00:00,388.28,389.77,386.1,3653,387.69,173746,387.565175
2026-04-15 18:00:00+00:00,390.235,391.29,387.26,3048,387.93,118631,389.86483
2026-04-15 19:00:00+00:00,392.0,394.62,389.86,6656,390.31,297553,392.439683
2026-04-15 20:00:00+00:00,392.61,392.61,392.0,36,392.12,2470,392.022296
2026-04-16 12:00:00+00:00,394.32,396.33,394.32,17,396.33,834,395.540993
2026-04-16 13:00:00+00:00,382.93,394.44,381.82,3749,394.44,171469,386.730083
2026-04-16 14:00:00+00:00,384.57,387.41,382.48,2835,383.01,108679,385.167176
2026-04-16 15:00:00+00:00,389.745,390.54,384.59,2684,384.63,97242,388.279404
2026-04-16 16:00:00+00:00,388.43,390.57,386.71,1918,389.9,68627,389.149457
2026-04-16 17:00:00+00:00,387.93,389.16,387.33,1649,388.415,56696,388.244426
2026-04-16 18:00:00+00:00,387.995,388.845,385.225,1963,388.04,83399,387.150056
2026-04-16 19:00:00+00:00,388.77,389.99,387.225,2766,388.05,103029,388.693898
2026-04-16 20:00:00+00:00,388.22,388.54,388.22,3,388.54,90,388.38
2026-04-17 12:00:00+00:00,396.51,396.51,393.74,11,393.74,464,395.08
2026-04-17 13:00:00+00:00,393.795,398.98,391.72,2616,396.51,115962,395.294418
2026-04-17 14:00:00+00:00,406.32,406.97,392.88,4825,393.99,204475,400.45542
2026-04-17 15:00:00+00:00,406.22,409.28,404.25,5262,406.37,198978,406.594798
2026-04-17 16:00:00+00:00,405.86,408.35,405.24,3289,406.145,118466,406.447221
2026-04-17 17:00:00+00:00,402.025,406.77,400.585,3563,406.19,134943,402.493331
2026-04-17 18:00:00+00:00,401.38,403.0,399.485,3420,402.2,135356,401.121916
2026-04-17 19:00:00+00:00,400.65,402.565,399.87,4912,401.515,187374,401.1898
2026-04-20 12:00:00+00:00,399.39,399.39,398.76,3,398.76,110,399.075
2026-04-20 13:00:00+00:00,395.76,406.72,393.82,3566,399.15,156208,400.0744
2026-04-20 14:00:00+00:00,390.375,396.19,390.115,4222,395.78,171799,393.171052
2026-04-20 15:00:00+00:00,390.76,393.31,388.35,3431,390.465,125612,391.092744
2026-04-20 16:00:00+00:00,391.04,393.2,390.41,1776,390.63,60501,392.215219
2026-04-20 17:00:00+00:00,392.08,393.32,390.84,1720,391.05,56319,392.107591
2026-04-20 18:00:00+00:00,391.87,393.31,391.45,1929,392.14,70899,392.498626
2026-04-20 19:00:00+00:00,392.42,393.45,390.52,4086,391.915,152411,392.412524
2026-04-20 20:00:00+00:00,392.49,392.49,392.49,6,392.49,134,392.49
2026-04-21 12:00:00+00:00,394.59,396.3,394.32,12,396.12,520,395.151522
2026-04-21 13:00:00+00:00,392.45,395.07,389.27,1750,394.47,72344,391.336485
2026-04-21 14:00:00+00:00,390.315,393.93,389.86,1962,392.495,84586,391.926513
2026-04-21 15:00:00+00:00,389.71,392.6,387.685,2292,390.43,90386,389.955218
2026-04-21 16:00:00+00:00,388.02,390.44,387.42,1056,389.74,36885,389.177002
2026-04-21 17:00:00+00:00,388.385,389.155,385.32,2022,387.99,88564,386.900828
2026-04-21 18:00:00+00:00,388.715,390.1,387.92,1418,388.53,50586,388.969281
2026-04-21 19:00:00+00:00,386.32,390.5,385.83,4001,388.75,146255,387.987456
2026-04-22 13:00:00+00:00,390.85,392.5,385.39,2399,387.55,100469,389.466586
2026-04-22 14:00:00+00:00,391.33,392.98,390.015,2759,390.905,97492,391.479843
2026-04-22 15:00:00+00:00,391.04,391.78,389.12,2152,391.36,82934,390.585772
2026-04-22 16:00:00+00:00,388.875,391.37,388.62,2144,391.01,81670,390.066486
2026-04-22 17:00:00+00:00,389.07,390.79,388.69,2161,388.96,89813,389.711111
2026-04-22 18:00:00+00:00,388.025,389.54,387.81,1957,388.935,75271,388.785202
2026-04-22 19:00:00+00:00,387.26,389.76,386.82,5607,388.08,227926,388.135345
2026-04-22 20:00:00+00:00,402.91,405.79,387.17,714,387.18,18119,401.964338
2026-04-23 12:00:00+00:00,375.15,376.44,374.37,34,376.23,719,375.335914
2026-04-23 13:00:00+00:00,372.485,385.29,371.26,5381,375.18,280523,378.402254
2026-04-23 14:00:00+00:00,376.025,376.4,368.4,5596,372.31,276761,371.872767
2026-04-23 15:00:00+00:00,380.7,380.895,375.38,3242,376.11,144666,377.704861
2026-04-23 16:00:00+00:00,376.79,380.925,375.87,2305,380.765,105759,378.264274
2026-04-23 17:00:00+00:00,373.65,377.12,369.91,2750,376.84,114959,373.041494
2026-04-23 18:00:00+00:00,372.025,375.135,371.715,1771,373.735,63606,373.909126
2026-04-23 19:00:00+00:00,373.62,374.24,371.845,3426,371.95,129466,373.525106
2026-04-24 12:00:00+00:00,375.39,375.39,375.39,3,375.39,180,375.39
2026-04-24 13:00:00+00:00,375.11,382.56,370.735,3777,375.39,176068,377.975052
2026-04-24 14:00:00+00:00,376.54,377.44,372.27,3665,374.86,140109,374.46726
2026-04-24 15:00:00+00:00,374.54,377.22,373.915,2836,377.095,98513,375.441305
2026-04-24 16:00:00+00:00,374.04,375.65,372.37,2319,374.545,109725,374.057398
2026-04-24 17:00:00+00:00,376.43,377.065,373.82,1816,374.225,74106,375.630168
2026-04-24 18:00:00+00:00,376.17,376.91,375.1,1663,376.49,63912,375.980413
2026-04-24 19:00:00+00:00,376.235,377.8,375.81,3011,376.27,126673,376.781191
2026-04-24 20:00:00+00:00,375.99,375.99,375.95,7,375.95,138,375.97
2026-04-27 13:00:00+00:00,365.73,372.115,365.38,3480,372.08,152513,367.893248
2026-04-27 14:00:00+00:00,366.09,369.0,364.86,2981,365.6,111253,366.74181
2026-04-27 15:00:00+00:00,368.18,368.19,364.04,3006,366.37,138761,366.085589
2026-04-27 16:00:00+00:00,373.58,373.75,367.93,2484,368.23,122770,371.519895
2026-04-27 17:00:00+00:00,379.605,379.74,373.68,2398,373.89,97511,377.421847
2026-04-27 18:00:00+00:00,378.35,380.73,377.475,1656,379.62,64926,379.064498
2026-04-27 19:00:00+00:00,378.56,380.0,378.06,2962,378.305,124909,379.165185
2026-04-28 12:00:00+00:00,373.59,373.77,372.57,13,372.57,474,373.174197
2026-04-28 13:00:00+00:00,378.995,379.86,372.59,3157,374.34,139254,377.343989
2026-04-28 14:00:00+00:00,375.74,382.265,373.585,3689,378.88,150339,377.659099
2026-04-28 15:00:00+00:00,375.315,377.01,374.115,2490,375.665,121135,375.173697
2026-04-28 16:00:00+00:00,376.88,377.33,374.605,1461,375.17,61092,375.556721
2026-04-28 17:00:00+00:00,375.84,377.26,375.4,1218,376.93,66011,376.095739
2026-04-28 18:00:00+00:00,377.75,378.41,375.745,1117,376.02,53903,377.253492
2026-04-28 19:00:00+00:00,376.11,378.69,376.0,1902,377.75,66034,376.90125
2026-04-28 20:00:00+00:00,376.68,376.94,375.37,32,375.37,1113,376.250494
2026-04-29 13:00:00+00:00,374.695,376.28,371.71,2000,376.2,98313,374.510602
2026-04-29 14:00:00+00:00,373.09,374.46,371.335,2244,374.46,104133,372.720739
2026-04-29 15:00:00+00:00,370.94,374.54,370.055,2278,372.95,92769,372.165849
2026-04-29 16:00:00+00:00,372.505,373.39,370.615,1683,370.9,79778,371.699562
2026-04-29 17:00:00+00:00,373.12,373.775,371.86,1035,372.61,38664,372.899949
2026-04-29 18:00:00+00:00,374.24,374.35,370.53,1793,372.68,71541,372.013988
2026-04-29 19:00:00+00:00,372.795,374.78,372.26,3075,374.22,115416,373.187254
2026-04-29 20:00:00+00:00,371.94,372.25,371.22,28,371.5,1092,371.832747
2026-04-30 12:00:00+00:00,374.4,374.4,374.39,2,374.39,103,374.396117
2026-04-30 13:00:00+00:00,369.55,374.69,368.845,2092,374.69,81770,370.418934
2026-04-30 14:00:00+00:00,375.93,376.23,368.285,2573,369.55,88944,371.4545
2026-04-30 15:00:00+00:00,378.07,379.665,376.06,2438,376.295,86954,377.728151
2026-04-30 16:00:00+00:00,377.66,380.03,376.83,1712,378.055,66575,378.334812
2026-04-30 17:00:00+00:00,379.32,379.73,377.93,1187,377.93,42478,378.841783
2026-04-30 18:00:00+00:00,382.345,382.69,379.625,2386,379.69,81867,381.291435
2026-04-30 19:00:00+00:00,381.62,384.715,380.64,5189,382.335,212536,382.263142
2026-04-30 20:00:00+00:00,380.59,381.18,380.59,6,381.18,226,380.791064
2026-05-01 12:00:00+00:00,383.97,383.97,383.13,9,383.13,271,383.659167
2026-05-01 13:00:00+00:00,382.79,386.67,379.62,2126,384.12,98604,383.409622
2026-05-01 14:00:00+00:00,391.27,391.55,382.545,3019,382.985,121203,387.045796
2026-05-01 15:00:00+00:00,394.485,396.47,389.97,3474,391.215,150026,393.351295
2026-05-01 16:00:00+00:00,394.69,396.43,393.35,2589,394.23,98254,394.932667
2026-05-01 17:00:00+00:00,397.64,397.64,393.89,1467,394.805,56428,395.807086
2026-05-01 18:00:00+00:00,394.31,397.73,393.72,1849,397.73,62762,395.554081
2026-05-01 19:00:00+00:00,390.71,395.81,390.165,4842,394.43,192569,392.761362
2026-05-01 20:00:00+00:00,390.78,390.78,390.78,2,390.78,65,390.78
2026-05-04 12:00:00+00:00,390.15,390.72,390.15,9,390.72,474,390.428397
2026-05-04 13:00:00+00:00,393.12,394.19,387.4,1966,391.14,94842,390.795305
2026-05-04 14:00:00+00:00,389.62,394.57,388.545,2278,393.05,98897,391.516698
2026-05-04 15:00:00+00:00,387.17,391.35,385.26,1581,389.37,56130,387.93853
2026-05-04 16:00:00+00:00,389.79,390.04,384.99,1211,387.135,41391,387.325305
2026-05-04 17:00:00+00:00,392.51,394.22,389.865,1436,390.28,58832,392.856078
2026-05-04 18:00:00+00:00,392.74,392.94,390.665,935,392.15,33593,391.717624
2026-05-04 19:00:00+00:00,392.58,393.83,391.89,2202,392.94,78866,392.735436
2026-05-04 20:00:00+00:00,392.49,392.49,392.49,4,392.49,92,392.49
2026-05-05 12:00:00+00:00,395.64,395.85,395.27,10,395.64,559,395.565863
2026-05-05 13:00:00+00:00,397.855,402.0,394.15,2480,396.0,121983,399.292976
2026-05-05 14:00:00+00:00,392.28,401.745,392.24,3652,398.16,145798,396.156345
2026-05-05 15:00:00+00:00,392.99,395.35,391.65,2450,392.25,77165,393.245155
2026-05-05 16:00:00+00:00,392.2,394.19,389.09,2125,393.19,73928,391.599029
2026-05-05 17:00:00+00:00,391.205,392.49,391.2,1739,392.29,54921,391.926767
2026-05-05 18:00:00+00:00,391.075,393.05,390.21,1501,391.225,39638,391.781888
2026-05-05 19:00:00+00:00,389.29,392.55,389.22,2666,391.08,92689,391.100104
2026-05-06 12:00:00+00:00,389.94,389.94,389.94,1,389.94,40,389.94
2026-05-06 13:00:00+00:00,389.57,392.03,384.08,2598,389.34,133441,389.00595
2026-05-06 14:00:00+00:00,391.29,394.485,388.985,3178,389.85,141068,392.363856
2026-05-06 15:00:00+00:00,394.57,395.27,391.17,2515,391.17,110461,392.853652
2026-05-06 16:00:00+00:00,397.395,397.98,394.14,2494,394.56,83573,396.168636
2026-05-06 17:00:00+00:00,397.45,399.715,396.67,2526,397.63,85575,398.288018
2026-05-06 18:00:00+00:00,399.195,401.31,397.55,3172,397.59,105947,400.037083
2026-05-06 19:00:00+00:00,398.58,401.66,398.28,4452,399.29,161908,399.836308
2026-05-06 20:00:00+00:00,397.25,398.26,397.25,37,398.26,858,397.699153
2026-05-07 12:00:00+00:00,406.23,406.23,405.72,50,406.17,3215,406.140732
2026-05-07 13:00:00+00:00,413.485,414.32,405.48,4241,405.54,211458,411.438998
2026-05-07 14:00:00+00:00,411.46,415.78,408.83,3951,413.565,148086,412.339205
2026-05-07 15:00:00+00:00,407.45,411.68,407.09,3009,411.37,100709,409.721508
2026-05-07 16:00:00+00:00,408.39,409.605,403.67,4310,407.45,121156,406.889897
2026-05-07 17:00:00+00:00,407.105,409.55,404.49,3337,408.86,103164,406.366921
2026-05-07 18:00:00+00:00,404.4,407.99,402.165,3567,407.32,114714,404.938399
2026-05-07 19:00:00+00:00,411.825,411.9,403.71,5366,404.4,178778,408.1424
2026-05-07 20:00:00+00:00,410.14,413.95,410.14,37,411.825,1179,411.566152
2026-05-08 12:00:00+00:00,416.94,418.14,416.34,8,416.76,300,417.466154
2026-05-08 13:00:00+00:00,428.025,428.395,415.8,5691,415.83,242222,422.210532
2026-05-08 14:00:00+00:00,427.47,429.84,422.89,5860,428.105,240081,426.940108
2026-05-08 15:00:00+00:00,428.78,431.1,427.11,3962,427.46,149951,429.040698
2026-05-08 16:00:00+00:00,427.57,429.5,426.91,2946,428.93,101871,428.182443
2026-05-08 17:00:00+00:00,426.565,428.82,426.37,2564,427.56,81749,427.230784
2026-05-08 18:00:00+00:00,426.0,429.45,425.5,3306,426.54,111101,427.485728
2026-05-08 19:00:00+00:00,428.31,428.62,424.37,5752,425.96,208644,426.364166
2026-05-08 20:00:00+00:00,427.7,427.7,427.7,1,427.7,120,427.7
2026-05-11 12:00:00+00:00,424.08,424.26,423.9,6,424.26,208,424.08266
2026-05-11 13:00:00+00:00,421.66,425.66,418.71,3387,422.225,124202,421.782747
2026-05-11 14:00:00+00:00,422.655,422.655,416.81,4868,421.83,186799,420.022439
2026-05-11 15:00:00+00:00,437.54,441.64,422.7,7019,422.7,317231,434.164672
2026-05-11 16:00:00+00:00,440.73,443.295,436.275,3530,437.68,133599,439.98476
2026-05-11 17:00:00+00:00,442.27,443.49,437.995,2474,440.69,84692,440.682527
2026-05-11 18:00:00+00:00,444.635,447.55,442.36,4312,442.36,187148,445.613477
2026-05-11 19:00:00+00:00,445.04,449.105,442.6,6683,444.64,274072,446.094156
2026-05-11 20:00:00+00:00,445.27,445.27,444.77,7,444.77,254,444.997273
2026-05-12 12:00:00+00:00,441.0,441.23,438.51,25,438.63,1100,439.953794
2026-05-12 13:00:00+00:00,437.0,447.7,436.585,4133,439.9,184279,441.933958
2026-05-12 14:00:00+00:00,430.86,439.4,430.365,3354,437.195,111271,435.304205
2026-05-12 15:00:00+00:00,425.075,432.38,424.645,3453,430.52,124843,428.346997
2026-05-12 16:00:00+00:00,423.01,428.195,422.31,3252,425.3,122832,425.442463
2026-05-12 17:00:00+00:00,427.66,428.61,423.03,2499,423.03,78787,426.514271
2026-05-12 18:00:00+00:00,429.68,431.89,427.655,1691,427.8,62037,429.846936
2026-05-12 19:00:00+00:00,433.455,435.76,429.92,4663,429.93,196357,433.816638
2026-05-12 20:00:00+00:00,431.96,432.72,431.49,66,431.77,1238,432.064842
2026-05-13 12:00:00+00:00,435.47,437.55,435.47,5,437.55,220,437.03
2026-05-13 13:00:00+00:00,433.77,439.66,430.26,2395,435.54,92882,435.596833
2026-05-13 14:00:00+00:00,447.61,448.42,433.77,5327,433.99,199492,443.084279
2026-05-13 15:00:00+00:00,447.23,453.39,446.53,4373,447.66,170433,449.8159
2026-05-13 16:00:00+00:00,448.6,452.255,446.66,2953,447.435,95713,449.776933
2026-05-13 17:00:00+00:00,447.055,450.27,446.96,2268,448.62,65344,448.521961
2026-05-13 18:00:00+00:00,445.87,451.355,445.63,2674,447.09,82446,448.387031
2026-05-13 19:00:00+00:00,445.325,448.28,443.5,4652,446.0,166014,445.477391
2026-05-13 20:00:00+00:00,446.19,446.19,445.49,15,445.5,229,445.67
2026-05-14 12:00:00+00:00,449.13,450.0,449.13,15,449.81,990,449.786171
2026-05-14 13:00:00+00:00,442.73,448.45,442.06,2857,448.45,108009,444.320015
2026-05-14 14:00:00+00:00,444.38,446.59,441.21,3207,442.52,100942,443.847326
2026-05-14 15:00:00+00:00,448.71,450.0,444.13,2765,444.51,108071,448.007808
2026-05-14 16:00:00+00:00,447.69,451.94,446.37,3119,448.87,133352,449.723379
2026-05-14 17:00:00+00:00,446.77,447.97,443.62,1842,447.91,60391,445.44328
2026-05-14 18:00:00+00:00,444.89,446.45,443.45,1384,446.39,41127,444.83917
2026-05-14 19:00:00+00:00,443.21,445.92,442.54,2454,445.33,74986,443.889048
2026-05-15 12:00:00+00:00,431.64,431.64,431.64,1,431.64,63,431.64
2026-05-15 13:00:00+00:00,426.06,434.66,425.12,2795,431.28,124187,428.163034
2026-05-15 14:00:00+00:00,425.555,429.71,425.395,2806,426.14,107635,427.19633
2026-05-15 15:00:00+00:00,425.04,427.625,423.98,2464,425.58,105736,425.715071
2026-05-15 16:00:00+00:00,424.78,425.87,423.45,2047,425.22,72964,424.252955
2026-05-15 17:00:00+00:00,428.41,429.33,424.59,2193,424.73,78611,427.501541
2026-05-15 18:00:00+00:00,425.76,429.14,424.455,2010,428.36,75181,426.399704
2026-05-15 19:00:00+00:00,422.27,425.905,422.0,4357,425.82,186708,423.500502
2026-05-18 12:00:00+00:00,419.37,419.97,418.11,146,418.11,5170,419.329404
2026-05-18 13:00:00+00:00,416.07,420.64,411.13,3168,419.13,177120,416.052866
2026-05-18 14:00:00+00:00,411.29,418.8,409.38,3958,416.16,189889,413.355767
2026-05-18 15:00:00+00:00,412.14,413.13,407.9,2631,411.14,128695,410.089918
2026-05-18 16:00:00+00:00,411.565,414.58,408.72,1967,412.18,84266,411.6334
2026-05-18 17:00:00+00:00,409.48,411.72,407.72,2199,411.555,109219,409.228893
2026-05-18 18:00:00+00:00,406.15,409.53,405.39,2443,409.245,95296,406.700033
2026-05-18 19:00:00+00:00,409.97,411.24,406.11,4794,406.23,204818,409.583508
2026-05-19 13:00:00+00:00,398.855,404.73,398.69,3108,403.5,150088,401.975743
2026-05-19 14:00:00+00:00,396.93,399.0,393.7,4049,399.0,183557,396.597393
2026-05-19 15:00:00+00:00,397.185,398.65,395.55,2649,396.89,102505,397.260767
2026-05-19 16:00:00+00:00,401.665,401.72,396.03,2000,397.38,91985,398.274062
2026-05-19 17:00:00+00:00,403.975,404.07,401.195,1922,401.56,84386,402.837333
2026-05-19 18:00:00+00:00,403.35,405.54,402.31,1886,404.03,81582,404.346611
2026-05-19 19:00:00+00:00,404.17,405.085,402.94,2807,403.245,111312,403.999108
2026-05-19 20:00:00+00:00,403.92,403.92,403.68,2,403.68,155,403.834839
2026-05-20 12:00:00+00:00,408.58,408.95,408.51,21,408.51,777,408.856446
2026-05-20 13:00:00+00:00,409.77,413.85,406.95,2690,407.68,126906,410.846597
2026-05-20 14:00:00+00:00,412.13,412.795,406.49,2512,409.83,98964,409.416753
2026-05-20 15:00:00+00:00,412.515,413.26,409.4,2071,411.95,82556,411.827008
2026-05-20 16:00:00+00:00,412.95,414.175,411.17,1861,412.57,74342,412.694346
2026-05-20 17:00:00+00:00,413.035,415.12,412.5,1658,413.035,69690,413.776343
2026-05-20 18:00:00+00:00,413.885,414.29,411.81,1309,412.965,48571,413.109569
2026-05-20 19:00:00+00:00,417.185,417.45,412.56,4285,413.86,174635,414.998078
2026-05-20 20:00:00+00:00,414.75,417.3,414.75,28,416.1,1149,416.452148
2026-05-21 12:00:00+00:00,422.28,422.49,422.28,4,422.49,120,422.406
2026-05-21 13:00:00+00:00,418.715,426.89,417.63,2882,422.67,146993,422.994355
2026-05-21 14:00:00+00:00,415.74,419.55,412.91,4230,418.61,160143,416.055363
2026-05-21 15:00:00+00:00,417.32,417.95,414.48,2521,416.01,96286,416.577061
2026-05-21 16:00:00+00:00,417.565,418.8,416.2,2130,417.385,77242,417.385127
2026-05-21 17:00:00+00:00,422.4,423.43,417.69,2369,417.69,91619,421.211958
2026-05-21 18:00:00+00:00,417.91,423.44,417.0,2041,422.38,82490,420.335398
2026-05-21 19:00:00+00:00,417.785,419.99,416.95,3566,418.07,153144,418.451688
2026-05-21 20:00:00+00:00,417.1,417.18,417.0,6,417.18,132,417.093333
2026-05-22 12:00:00+00:00,420.93,420.93,420.75,3,420.75,160,420.84
2026-05-22 13:00:00+00:00,422.06,427.23,420.6,1950,421.71,83360,423.637219
2026-05-22 14:00:00+00:00,430.44,430.72,421.24,4582,422.22,184196,426.816592
2026-05-22 15:00:00+00:00,429.01,430.745,426.06,2982,430.47,108991,428.212347
2026-05-22 16:00:00+00:00,427.57,431.07,426.42,2224,429.085,89811,428.634614
2026-05-22 17:00:00+00:00,428.11,431.51,426.53,2916,427.61,115406,429.490253
2026-05-22 18:00:00+00:00,429.26,429.81,426.93,1761,428.06,66125,428.305798
2026-05-22 19:00:00+00:00,425.95,429.335,423.95,3508,429.25,140573,426.149674
2026-05-22 20:00:00+00:00,425.04,425.76,425.04,4,425.76,116,425.4
2026-05-26 13:00:00+00:00,429.88,433.55,427.76,2578,430.0,102403,430.20088
2026-05-26 14:00:00+00:00,430.64,432.86,426.14,3663,430.83,141602,429.622146
2026-05-26 15:00:00+00:00,428.6,434.5,428.5,3112,430.7,111231,432.17245
2026-05-26 16:00:00+00:00,432.12,432.61,427.57,2233,428.53,80543,430.066656
2026-05-26 17:00:00+00:00,432.01,433.73,430.6,2067,431.91,83609,432.251684
2026-05-26 18:00:00+00:00,432.125,435.18,431.38,2242,431.97,78107,433.211394
2026-05-26 19:00:00+00:00,433.53,434.4,429.82,3071,432.21,106936,432.323382
2026-05-26 20:00:00+00:00,433.35,433.35,433.11,10,433.22,327,433.20952
2026-05-27 12:00:00+00:00,442.43,443.69,441.59,66,442.71,2310,442.91078
2026-05-27 13:00:00+00:00,440.72,445.33,437.37,2721,441.68,144422,441.617094
2026-05-27 14:00:00+00:00,441.925,445.56,435.625,3407,440.71,141753,440.705719
2026-05-27 15:00:00+00:00,440.76,443.025,439.105,2488,441.82,117539,440.674505
2026-05-27 16:00:00+00:00,442.145,442.35,439.76,1786,440.82,72538,441.446225
2026-05-27 17:00:00+00:00,441.7,442.985,438.86,1414,442.145,51279,441.376823
2026-05-27 18:00:00+00:00,439.65,441.97,438.92,1511,441.6,50930,440.345122
2026-05-27 19:00:00+00:00,440.435,441.055,438.24,3214,439.69,99258,440.038527
2026-05-27 20:00:00+00:00,440.01,440.36,439.92,15,440.36,539,440.036285
2026-05-28 12:00:00+00:00,437.0,437.0,434.72,7,434.72,213,436.08
2026-05-28 13:00:00+00:00,440.93,440.93,436.42,2523,437.69,117994,438.054801
2026-05-28 14:00:00+00:00,442.935,443.0,437.13,2760,440.84,101803,440.509724
2026-05-28 15:00:00+00:00,441.54,443.115,440.56,2219,442.91,73765,441.677133
2026-05-28 16:00:00+00:00,442.145,442.94,440.72,1352,441.43,40377,441.855148
2026-05-28 17:00:00+00:00,442.33,442.68,441.13,1448,442.17,46547,441.95691
2026-05-28 18:00:00+00:00,442.37,442.8,440.965,1622,442.34,55302,441.826059
2026-05-28 19:00:00+00:00,442.04,443.95,441.335,3290,442.42,119867,442.505064
2026-05-28 20:00:00+00:00,441.8,441.8,441.59,5,441.68,194,441.68
2026-05-29 12:00:00+00:00,439.43,439.43,439.13,21,439.13,841,439.397472
2026-05-29 13:00:00+00:00,436.815,440.54,436.575,1682,440.54,63816,438.112784
2026-05-29 14:00:00+00:00,431.72,437.78,428.32,3826,436.82,173437,431.565717
2026-05-29 15:00:00+00:00,434.79,434.86,431.585,1677,431.87,59971,433.347854
2026-05-29 16:00:00+00:00,437.48,441.06,434.87,2934,434.97,127728,438.331601
2026-05-29 17:00:00+00:00,437.17,438.9,436.965,1085,437.955,36356,437.986602
2026-05-29 18:00:00+00:00,435.05,438.125,435.05,1301,437.29,38942,436.924455
2026-05-29 19:00:00+00:00,435.57,437.24,434.08,3408,435.13,131070,435.505943
2026-05-29 20:00:00+00:00,435.08,435.25,434.76,28,435.25,924,435.021369
2026-06-01 13:00:00+00:00,423.1,429.42,422.8,2355,428.1,100742,425.16956
2026-06-01 14:00:00+00:00,419.4,424.85,418.735,2761,422.955,94949,421.640061
2026-06-01 15:00:00+00:00,421.02,424.075,419.41,2624,419.52,95018,421.517025
2026-06-01 16:00:00+00:00,420.895,422.0,418.36,2866,421.4,97036,419.902133
2026-06-01 17:00:00+00:00,420.475,421.6,419.53,1549,420.88,47826,420.413712
2026-06-01 18:00:00+00:00,419.135,420.91,419.0,1458,420.405,40658,419.9417
2026-06-01 19:00:00+00:00,415.54,419.265,415.51,4235,419.08,143303,416.999967
2026-06-01 20:00:00+00:00,415.3,416.75,415.3,33,415.9,1228,416.048427
2026-06-02 12:00:00+00:00,418.41,418.41,418.17,44,418.17,1461,418.371322
2026-06-02 13:00:00+00:00,417.04,419.49,413.72,2384,417.94,95257,415.414259
2026-06-02 14:00:00+00:00,422.92,423.25,415.95,2581,416.77,103278,419.914494
2026-06-02 15:00:00+00:00,421.92,423.435,420.56,2058,422.935,87541,422.147615
2026-06-02 16:00:00+00:00,422.665,422.75,420.115,1109,421.8,42375,421.699307
2026-06-02 17:00:00+00:00,422.37,423.31,420.78,1068,422.55,46814,422.111026
2026-06-02 18:00:00+00:00,421.95,423.03,421.24,933,422.31,29905,421.923043
2026-06-02 19:00:00+00:00,423.76,424.14,419.83,2943,421.97,115986,422.107536
2026-06-02 20:00:00+00:00,422.94,423.54,422.94,12,423.54,433,423.3
2026-06-03 12:00:00+00:00,419.49,419.49,419.49,2,419.49,80,419.49
2026-06-03 13:00:00+00:00,423.05,425.43,416.17,2275,418.47,97344,422.069077
2026-06-03 14:00:00+00:00,432.81,433.51,422.955,3899,422.955,167971,429.545814
2026-06-03 15:00:00+00:00,423.63,433.545,423.61,2401,432.91,96658,428.058268
2026-06-03 16:00:00+00:00,422.005,424.63,420.66,1997,423.715,63023,422.573081
2026-06-03 17:00:00+00:00,422.66,422.675,418.61,1544,422.085,49039,420.46685
2026-06-03 18:00:00+00:00,423.06,424.92,422.22,1446,422.575,52317,423.556986
2026-06-03 19:00:00+00:00,423.84,423.84,421.25,2623,422.79,104148,422.866753
2026-06-03 20:00:00+00:00,422.76,423.87,422.76,13,423.87,374,423.339251
2026-06-04 12:00:00+00:00,422.56,422.56,421.06,8,421.06,193,421.81
2026-06-04 13:00:00+00:00,421.95,426.315,418.135,3212,421.81,136081,423.185678
2026-06-04 14:00:00+00:00,418.52,425.845,417.94,2843,422.1,112023,420.941628
2026-06-04 15:00:00+00:00,418.82,421.53,417.195,2207,418.55,80694,418.922926
2026-06-04 16:00:00+00:00,418.88,420.4,417.72,1355,418.78,50972,419.121066
2026-06-04 17:00:00+00:00,420.09,421.195,418.03,1370,418.65,50452,419.427375
2026-06-04 18:00:00+00:00,419.31,420.32,418.46,1177,419.85,49044,419.661954
2026-06-04 19:00:00+00:00,418.485,420.51,417.79,2775,419.24,105937,419.062943
2026-06-04 20:00:00+00:00,417.36,418.02,417.36,8,418.02,283,417.604615
2026-06-05 12:00:00+00:00,420.05,420.37,419.14,52,420.21,2626,419.618167
2026-06-05 13:00:00+00:00,409.77,424.44,409.77,2521,420.05,92785,415.640591
2026-06-05 14:00:00+00:00,405.44,411.32,405.26,3574,409.71,124807,408.232425
2026-06-05 15:00:00+00:00,401.35,405.94,400.45,2750,405.44,106030,402.370768
2026-06-05 16:00:00+00:00,397.64,401.26,396.29,2834,401.26,121980,398.408352
2026-06-05 17:00:00+00:00,396.15,397.77,394.91,2787,397.5,109266,395.895768
2026-06-05 18:00:00+00:00,391.7,396.16,390.715,3210,396.16,139162,392.260586
2026-06-05 19:00:00+00:00,390.825,393.46,388.64,6757,391.7,298666,390.998916
2026-06-05 20:00:00+00:00,390.81,390.81,389.67,14,389.9,553,390.216337
2026-06-08 13:00:00+00:00,401.25,402.38,395.06,3894,395.95,183118,398.741195
2026-06-08 14:00:00+00:00,403.865,404.37,400.33,4085,401.035,192347,402.29184
2026-06-08 15:00:00+00:00,402.115,404.19,399.41,3278,403.79,127743,402.337478
2026-06-08 16:00:00+00:00,407.04,407.42,401.75,2798,402.11,125501,405.145404
2026-06-08 17:00:00+00:00,409.97,411.81,406.14,2973,406.82,142580,409.056273
2026-06-08 18:00:00+00:00,411.87,412.93,409.905,3505,409.955,150567,411.813471
2026-06-08 19:00:00+00:00,408.95,412.01,407.62,4796,411.83,183422,409.357102
2026-06-09 12:00:00+00:00,415.0,415.0,413.0,6,413.0,188,414.333333
2026-06-09 13:00:00+00:00,411.5,418.49,410.87,2897,413.95,121555,413.796096
2026-06-09 14:00:00+00:00,402.46,413.84,401.64,4759,411.51,191965,407.392534
2026-06-09 15:00:00+00:00,392.4,402.83,391.79,3250,402.66,139003,396.639101
2026-06-09 16:00:00+00:00,388.165,393.775,384.25,3134,392.32,127069,388.330738
2026-06-09 17:00:00+00:00,395.46,396.03,387.82,2747,388.27,122081,392.028013
2026-06-09 18:00:00+00:00,397.03,397.67,394.78,2345,395.51,96823,396.084323
2026-06-09 19:00:00+00:00,396.56,397.48,394.21,4449,397.125,190816,396.185112
2026-06-09 20:00:00+00:00,397.24,397.24,396.38,10,396.38,700,396.986552
2026-06-10 12:00:00+00:00,394.86,394.86,390.6,3,390.6,90,392.73
2026-06-10 13:00:00+00:00,392.005,397.06,391.17,4948,391.41,191048,393.992199
2026-06-10 14:00:00+00:00,385.33,393.3,384.81,6672,392.145,266107,389.7928
2026-06-10 15:00:00+00:00,386.42,387.605,382.745,3521,385.34,141128,385.100638
2026-06-10 16:00:00+00:00,383.33,386.72,381.35,2053,386.21,95610,384.17094
2026-06-10 17:00:00+00:00,384.92,385.47,382.19,1583,383.4,61104,383.944555
2026-06-10 18:00:00+00:00,381.94,385.55,381.62,1389,384.98,57046,383.577592
2026-06-10 19:00:00+00:00,381.58,383.285,380.16,4236,381.975,191268,381.85422
2026-06-10 20:00:00+00:00,381.21,381.63,381.03,17,381.63,635,381.401053
2026-06-11 12:00:00+00:00,385.62,385.86,385.62,13,385.86,825,385.844085
2026-06-11 13:00:00+00:00,388.31,389.0,380.75,2703,388.31,124638,384.48135
2026-06-11 14:00:00+00:00,384.655,390.16,383.84,2591,388.36,112992,387.422425
2026-06-11 15:00:00+00:00,386.26,387.21,383.72,2095,384.27,104357,385.935646
2026-06-11 16:00:00+00:00,384.47,387.98,384.43,1883,386.33,84284,386.30331
2026-06-11 17:00:00+00:00,393.27,394.39,383.59,2204,384.455,88363,389.887461
2026-06-11 18:00:00+00:00,393.3,393.975,390.28,2297,393.42,104485,392.401328
2026-06-11 19:00:00+00:00,399.19,399.515,392.64,5407,393.32,247915,397.545201
2026-06-11 20:00:00+00:00,397.89,399.5,397.86,34,399.15,1259,398.804607
2026-06-12 12:00:00+00:00,398.76,403.15,398.76,40,403.15,1687,400.664165
2026-06-12 13:00:00+00:00,394.52,404.2,394.47,4493,399.2,262193,399.209995
2026-06-12 14:00:00+00:00,397.37,398.7,391.91,4861,394.545,234652,395.691757
2026-06-12 15:00:00+00:00,389.35,400.26,388.665,4054,396.89,216727,394.579309
2026-06-12 16:00:00+00:00,399.18,399.19,386.81,5779,389.3,297505,393.706447
2026-06-12 17:00:00+00:00,403.275,405.175,398.78,4194,399.27,231799,401.454256
2026-06-12 18:00:00+00:00,401.17,404.28,399.915,3103,403.2,126611,401.797362
2026-06-12 19:00:00+00:00,406.54,406.66,401.21,7283,401.33,296931,403.582303
2026-06-12 20:00:00+00:00,405.54,407.34,405.54,17,407.34,566,406.456031
2026-06-15 12:00:00+00:00,411.99,412.71,411.93,10,412.41,421,412.253056
2026-06-15 13:00:00+00:00,411.18,416.0,407.91,2536,411.93,110347,412.415768
2026-06-15 14:00:00+00:00,410.445,412.92,408.1,3150,411.15,125594,410.519204
2026-06-15 15:00:00+00:00,408.92,411.24,407.15,3300,410.4,123742,409.518966
2026-06-15 16:00:00+00:00,408.745,412.2,408.1,2847,408.94,113122,409.823615
2026-06-15 17:00:00+00:00,411.165,411.89,408.74,2351,408.86,86266,410.55559
2026-06-15 18:00:00+00:00,409.59,411.27,409.44,1460,411.2,51765,410.232112
2026-06-15 19:00:00+00:00,411.22,411.22,407.895,4324,409.63,152504,409.595255
2026-06-15 20:00:00+00:00,410.25,411.12,410.25,2,411.12,140,410.871429
2026-06-16 12:00:00+00:00,406.47,406.47,406.47,1,406.47,40,406.47
2026-06-16 13:00:00+00:00,409.85,412.345,400.55,2500,405.4,121853,406.227934
2026-06-16 14:00:00+00:00,406.635,410.335,401.26,4104,409.86,172579,405.413138
2026-06-16 15:00:00+00:00,406.165,411.78,404.5,3169,406.9,135750,407.264202
2026-06-16 16:00:00+00:00,405.09,407.49,403.63,1166,405.98,52973,405.299674
2026-06-16 17:00:00+00:00,404.905,405.46,403.09,1330,405.06,63276,404.576859
2026-06-16 18:00:00+00:00,405.115,405.95,404.39,1697,404.9,71389,405.175041
2026-06-16 19:00:00+00:00,404.73,407.26,403.72,2942,405.125,120885,405.54944
2026-06-16 20:00:00+00:00,403.83,403.83,403.83,2,403.83,67,403.83
2026-06-17 12:00:00+00:00,400.97,401.98,400.8,47,401.94,1550,401.179874
2026-06-17 13:00:00+00:00,398.59,403.48,398.37,1161,401.53,50994,401.26544
2026-06-17 14:00:00+00:00,399.84,402.89,397.67,2308,398.53,90170,399.55216
2026-06-17 15:00:00+00:00,400.975,401.24,397.61,1467,399.61,56617,399.173635
2026-06-17 16:00:00+00:00,403.6,405.05,400.83,1888,401.04,73412,403.409166
2026-06-17 17:00:00+00:00,405.625,405.625,402.92,1254,403.67,47631,404.016683
2026-06-17 18:00:00+00:00,400.68,404.93,398.42,2243,404.93,95254,401.781287
2026-06-17 19:00:00+00:00,396.52,401.54,393.845,5030,400.66,213288,396.756119
2026-06-17 20:00:00+00:00,397.41,397.41,397.14,9,397.14,334,397.186
2026-06-18 13:00:00+00:00,388.62,398.77,386.81,2403,397.98,115822,391.3956
2026-06-18 14:00:00+00:00,388.42,391.99,384.74,4554,388.54,207982,387.789117
2026-06-18 15:00:00+00:00,390.71,391.49,387.455,3201,388.4,153763,389.426321
2026-06-18 16:00:00+00:00,393.63,393.95,390.58,2779,391.05,146613,392.802816
2026-06-18 17:00:00+00:00,395.65,397.15,392.64,3141,393.63,161296,395.459718
2026-06-18 18:00:00+00:00,394.645,396.08,394.155,1971,395.77,109208,395.058678
2026-06-18 19:00:00+00:00,400.49,402.47,393.735,5278,394.54,263061,398.620546
2026-06-18 20:00:00+00:00,399.81,399.9,399.81,6,399.9,221,399.855
2026-06-22 12:00:00+00:00,396.3,396.3,396.3,1,396.3,50,396.3
2026-06-22 13:00:00+00:00,406.77,406.77,394.15,2547,394.15,147825,401.278343
2026-06-22 14:00:00+00:00,404.71,414.63,401.59,6508,406.73,303852,409.491174
2026-06-22 15:00:00+00:00,407.9,411.585,404.31,3951,404.58,166104,409.313702
2026-06-22 16:00:00+00:00,408.195,409.31,406.28,2688,407.98,121141,407.692044
2026-06-22 17:00:00+00:00,407.72,409.51,405.6,2396,408.21,120806,407.612226
2026-06-22 18:00:00+00:00,405.865,408.42,405.79,2080,407.65,91000,407.261378
2026-06-22 19:00:00+00:00,405.05,407.43,403.33,5422,405.91,220745,405.681882
2026-06-23 13:00:00+00:00,389.025,392.62,387.0,2359,392.5,116742,389.42212
2026-06-23 14:00:00+00:00,386.13,390.17,384.98,4402,389.32,263810,387.571286
2026-06-23 15:00:00+00:00,383.37,386.46,382.07,4288,386.25,302512,383.959783
2026-06-23 16:00:00+00:00,385.18,385.64,382.43,3591,383.38,263426,384.402783
2026-06-23 17:00:00+00:00,381.24,385.8,381.24,2653,385.16,193493,384.405259
2026-06-23 18:00:00+00:00,379.745,382.4,379.09,3862,381.26,244481,380.823723
2026-06-23 19:00:00+00:00,381.535,382.58,379.63,6649,379.72,415326,381.459041
2026-06-24 13:00:00+00:00,381.12,384.525,378.9,1808,381.23,67141,382.708253
2026-06-24 14:00:00+00:00,383.37,383.515,379.575,2358,381.5,91892,381.49484
2026-06-24 15:00:00+00:00,380.53,384.33,380.47,2679,383.485,91006,382.559936
2026-06-24 16:00:00+00:00,378.52,381.91,377.87,1969,380.41,71197,379.862294
2026-06-24 17:00:00+00:00,374.59,379.22,374.23,3073,378.465,116481,375.794959
2026-06-24 18:00:00+00:00,374.0,377.57,373.68,2874,374.595,107179,375.416817
2026-06-24 19:00:00+00:00,375.36,377.38,373.095,4279,374.225,183677,375.591311
2026-06-24 20:00:00+00:00,377.02,377.82,376.42,45,376.42,1185,377.335782
2026-06-25 13:00:00+00:00,371.43,379.01,371.43,1837,375.08,74703,374.302931
2026-06-25 14:00:00+00:00,374.62,378.07,371.825,2090,371.825,87039,376.261706
2026-06-25 15:00:00+00:00,375.54,377.34,372.44,1610,374.77,58647,375.240587
2026-06-25 16:00:00+00:00,373.18,376.62,372.11,1525,375.59,59357,374.439352
2026-06-25 17:00:00+00:00,374.39,375.15,372.87,1543,373.18,51293,374.132111
2026-06-25 18:00:00+00:00,373.92,375.97,372.5,1754,374.43,74451,374.060671
2026-06-25 19:00:00+00:00,375.12,375.19,372.76,3737,373.85,141974,373.989541
2026-06-25 20:00:00+00:00,375.7,375.71,375.7,83,375.71,3009,375.702642
2026-06-26 13:00:00+00:00,374.51,374.66,368.77,2091,369.95,100639,371.938273
2026-06-26 14:00:00+00:00,378.205,379.265,373.95,2962,374.56,124198,377.149333
2026-06-26 15:00:00+00:00,384.92,387.75,378.21,4936,378.395,195212,383.680105
2026-06-26 16:00:00+00:00,385.435,386.03,382.355,3249,385.14,117608,384.386469
2026-06-26 17:00:00+00:00,384.64,387.305,384.455,2941,385.425,121095,385.780039
2026-06-26 18:00:00+00:00,379.88,384.92,379.08,3057,384.66,153631,382.29881
2026-06-26 19:00:00+00:00,379.0,382.8,378.58,5675,379.88,247814,380.507613
2026-06-29 13:00:00+00:00,391.82,393.95,379.36,3088,382.09,161740,388.356887
2026-06-29 14:00:00+00:00,397.56,398.3,389.23,4127,391.8,182663,394.582967
2026-06-29 15:00:00+00:00,400.595,400.79,395.38,3464,397.64,154430,398.600651
2026-06-29 16:00:00+00:00,403.7,404.89,400.71,2913,400.76,123047,402.857625
2026-06-29 17:00:00+00:00,409.04,410.63,403.25,3193,403.71,140509,408.169752
2026-06-29 18:00:00+00:00,410.33,410.77,408.24,2295,408.98,98640,409.377515
2026-06-29 19:00:00+00:00,411.66,413.25,408.71,5998,410.34,292920,411.946066
2026-06-29 20:00:00+00:00,411.0,411.33,410.46,18,411.33,545,410.837569
2026-06-30 13:00:00+00:00,412.095,412.57,406.395,2204,406.99,109776,410.638262
2026-06-30 14:00:00+00:00,414.18,416.26,410.99,2657,411.925,139420,414.471553
2026-06-30 15:00:00+00:00,416.1,418.0,412.72,1663,414.38,71941,415.565298
2026-06-30 16:00:00+00:00,418.01,418.63,415.16,1090,415.76,50264,417.041909
2026-06-30 17:00:00+00:00,417.485,419.47,416.2,1630,418.02,89388,418.292252
2026-06-30 18:00:00+00:00,422.025,422.15,417.605,2151,417.64,124941,419.39814
2026-06-30 19:00:00+00:00,420.37,424.53,420.37,4693,421.945,197906,422.33868
2026-06-30 20:00:00+00:00,417.62,419.54,417.62,43,419.42,1002,418.627253
2026-07-01 12:00:00+00:00,418.54,418.54,418.54,2,418.54,120,418.54
2026-07-01 13:00:00+00:00,422.885,425.12,418.33,1947,423.375,94568,422.228796
2026-07-01 14:00:00+00:00,425.83,428.95,423.005,3957,423.055,197752,426.406303
2026-07-01 15:00:00+00:00,428.425,432.85,425.78,2913,425.78,161166,430.42126
2026-07-01 16:00:00+00:00,426.59,428.68,425.7,2009,428.43,86389,427.618372
2026-07-01 17:00:00+00:00,424.92,427.63,424.92,1678,426.905,79620,426.1722
2026-07-01 18:00:00+00:00,425.75,425.75,423.74,2632,425.035,155134,424.693355
2026-07-01 19:00:00+00:00,425.36,427.24,424.9,4948,425.8,281499,426.145039
2026-07-01 20:00:00+00:00,424.56,424.62,424.39,23,424.4,1735,424.41508
2026-07-02 12:00:00+00:00,430.75,430.75,430.75,6,430.75,130,430.75
2026-07-02 13:00:00+00:00,413.02,435.39,410.89,3860,434.33,193554,417.276184
2026-07-02 14:00:00+00:00,397.76,414.32,395.45,7220,413.055,348277,402.475783
2026-07-02 15:00:00+00:00,398.45,400.77,394.29,4321,397.87,199049,397.398054
2026-07-02 16:00:00+00:00,390.8,398.6,390.31,3837,398.335,187117,393.299182
2026-07-02 17:00:00+00:00,391.375,392.165,389.91,3037,390.74,147545,390.954939
2026-07-02 18:00:00+00:00,392.15,394.44,390.99,3731,391.45,193069,393.086056
2026-07-02 19:00:00+00:00,392.82,394.18,389.34,6253,392.23,322110,391.868216
2026-07-02 20:00:00+00:00,393.39,393.39,393.09,6,393.09,446,393.252385
2026-07-06 12:00:00+00:00,398.46,398.46,397.77,21,397.77,694,397.939245
2026-07-06 13:00:00+00:00,401.46,403.02,390.585,3172,398.8,143466,397.435023
2026-07-06 14:00:00+00:00,407.75,408.14,401.095,3354,401.82,149622,404.609051
2026-07-06 15:00:00+00:00,414.14,414.53,407.735,3840,407.815,223532,411.600852
2026-07-06 16:00:00+00:00,418.22,418.87,414.03,3814,414.14,180338,417.023096
2026-07-06 17:00:00+00:00,414.515,419.51,414.13,2819,418.17,127729,416.505018
2026-07-06 18:00:00+00:00,416.365,417.76,414.24,1937,414.64,82983,416.158134
2026-07-06 19:00:00+00:00,419.79,419.99,415.925,6369,416.5,345771,418.148158
2026-07-07 12:00:00+00:00,417.8,417.8,417.8,6,417.8,130,417.8
2026-07-07 13:00:00+00:00,413.015,419.515,411.11,2930,416.26,123641,414.805903
2026-07-07 14:00:00+00:00,408.89,415.81,407.01,2866,413.09,119682,409.768971
2026-07-07 15:00:00+00:00,407.15,409.305,404.46,2280,408.48,109194,407.045653
2026-07-07 16:00:00+00:00,409.16,410.06,406.68,1620,407.06,66971,407.989922
2026-07-07 17:00:00+00:00,408.155,409.225,405.96,834,409.06,35858,407.256073
2026-07-07 18:00:00+00:00,403.68,408.345,403.33,1393,408.345,59044,405.858649
2026-07-07 19:00:00+00:00,403.0,405.11,401.965,4026,403.73,163915,403.253979
2026-07-07 20:00:00+00:00,403.71,403.71,403.47,5,403.47,280,403.653908
2026-07-08 13:00:00+00:00,395.82,399.375,393.795,2292,399.375,105406,396.776074
2026-07-08 14:00:00+00:00,392.565,397.535,391.96,2942,395.835,120432,394.328899
2026-07-08 15:00:00+00:00,392.87,393.27,391.0,2544,392.9,111939,392.135288
2026-07-08 16:00:00+00:00,394.625,394.99,392.88,1522,392.895,61403,393.954342
2026-07-08 17:00:00+00:00,392.265,395.385,392.22,1671,394.595,70367,393.466924
2026-07-08 18:00:00+00:00,391.215,393.24,390.52,3739,392.25,172963,391.604715
2026-07-08 19:00:00+00:00,393.86,396.02,391.275,5605,391.36,307223,393.700856
2026-07-08 20:00:00+00:00,392.91,393.03,392.52,9,393.03,307,392.847273
2026-07-09 13:00:00+00:00,395.3,396.16,390.99,1971,393.82,88944,393.724487
2026-07-09 14:00:00+00:00,395.66,398.41,391.95,2343,395.405,111573,394.718252
2026-07-09 15:00:00+00:00,399.365,400.46,394.56,1644,395.68,92471,397.11563
2026-07-09 16:00:00+00:00,401.76,402.09,398.12,1685,399.45,82202,400.504755
2026-07-09 17:00:00+00:00,404.99,405.4,401.675,1545,401.675,80469,404.183208
2026-07-09 18:00:00+00:00,407.265,407.82,404.34,1734,404.995,94286,406.506846
2026-07-09 19:00:00+00:00,406.51,407.71,403.885,3611,407.075,170554,405.588678
2026-07-10 12:00:00+00:00,408.13,408.13,408.13,1,408.13,40,408.13
2026-07-10 13:00:00+00:00,409.845,412.49,404.96,1905,407.49,104540,409.402146
2026-07-10 14:00:00+00:00,406.8,411.26,402.965,2298,409.65,104778,408.202685
2026-07-10 15:00:00+00:00,409.42,410.545,405.86,1836,406.67,88365,408.249226
2026-07-10 16:00:00+00:00,412.215,413.09,409.5,2293,409.5,110137,411.116816
2026-07-10 17:00:00+00:00,408.6,412.4,408.29,2245,412.19,104875,409.886995
2026-07-10 18:00:00+00:00,408.41,411.15,407.83,1987,408.645,98629,409.314683
2026-07-10 19:00:00+00:00,407.77,410.39,407.235,3243,408.5,161773,409.013746
2026-07-10 20:00:00+00:00,407.43,407.43,407.29,6,407.29,195,407.384731
2026-07-13 12:00:00+00:00,403.48,403.48,403.48,1,403.48,50,403.48
2026-07-13 13:00:00+00:00,395.49,404.61,394.18,2336,404.61,93106,396.774493
2026-07-13 14:00:00+00:00,397.775,399.27,392.87,3553,395.535,141360,396.167311
2026-07-13 15:00:00+00:00,395.54,399.17,394.88,2728,397.845,110300,396.920314
2026-07-13 16:00:00+00:00,393.75,396.03,392.8,4313,395.52,182475,394.216749
2026-07-13 17:00:00+00:00,393.095,395.05,392.51,2323,393.63,101179,393.642363
2026-07-13 18:00:00+00:00,392.5,393.66,392.21,2058,393.145,92543,392.962286
2026-07-13 19:00:00+00:00,394.86,394.91,391.415,5407,392.6,232359,393.040878
2026-07-14 12:00:00+00:00,400.18,400.18,400.17,14,400.17,270,400.173333
2026-07-14 13:00:00+00:00,398.315,400.68,395.25,1347,399.075,61221,398.094926
2026-07-14 14:00:00+00:00,399.19,399.49,396.73,2033,398.42,91818,398.219938
2026-07-14 15:00:00+00:00,396.62,402.22,395.77,2680,398.98,121146,398.958953
2026-07-14 16:00:00+00:00,395.5,398.14,395.42,1537,396.54,67342,396.561559
2026-07-14 17:00:00+00:00,395.73,396.13,394.82,1582,395.485,65959,395.552164
2026-07-14 18:00:00+00:00,396.745,397.035,395.51,2081,395.84,88332,396.36312
2026-07-14 19:00:00+00:00,396.165,397.29,395.25,3396,396.74,130619,396.458473
2026-07-15 13:00:00+00:00,398.51,406.58,397.62,2289,399.36,130116,402.648845
2026-07-15 14:00:00+00:00,395.99,400.35,393.35,2519,398.565,123031,396.905159
2026-07-15 15:00:00+00:00,395.23,397.76,395.19,1295,395.87,54912,396.582067
2026-07-15 16:00:00+00:00,393.43,395.635,390.715,3673,395.325,207895,392.433063
2026-07-15 17:00:00+00:00,398.94,399.27,393.435,2092,393.48,101714,397.048411
2026-07-15 18:00:00+00:00,394.93,399.31,394.6,1770,399.05,77949,396.981771
2026-07-15 19:00:00+00:00,394.32,396.09,394.0,2528,394.945,139449,394.796235
2026-07-16 13:00:00+00:00,387.005,391.97,385.35,1796,391.75,105817,387.41417
2026-07-16 14:00:00+00:00,394.27,395.27,387.14,3075,387.14,168711,392.504776
2026-07-16 15:00:00+00:00,392.75,394.56,392.06,1371,394.36,71937,393.354913
2026-07-16 16:00:00+00:00,389.07,392.69,387.84,1609,392.665,85428,389.310764
2026-07-16 17:00:00+00:00,388.9,389.37,386.9,1203,388.92,54209,388.209326
2026-07-16 18:00:00+00:00,390.46,391.13,388.65,1649,389.065,74763,390.094895
2026-07-16 19:00:00+00:00,391.025,391.765,389.4,2690,390.38,118551,390.671307
2026-07-17 12:00:00+00:00,382.75,382.75,382.75,3,382.75,117,382.75
2026-07-17 13:00:00+00:00,381.425,382.875,377.27,2101,382.76,106329,379.622299
2026-07-17 14:00:00+00:00,380.21,383.19,378.55,2525,381.355,113513,381.321136
2026-07-17 15:00:00+00:00,382.4,382.87,378.86,2280,380.375,90923,380.524357
2026-07-17 16:00:00+00:00,384.06,385.21,381.5,2774,382.67,116291,383.479007
2026-07-17 17:00:00+00:00,382.4,385.63,381.8,2099,384.23,102639,383.939584
2026-07-17 18:00:00+00:00,381.83,382.76,380.59,2124,382.41,89587,381.658909
2026-07-17 19:00:00+00:00,380.9,383.16,380.68,3662,381.78,139873,381.636929
2026-07-20 12:00:00+00:00,384.9,384.9,384.9,14,384.9,561,384.9
2026-07-20 13:00:00+00:00,375.575,386.47,375.41,2283,384.9,103145,380.526469
2026-07-20 14:00:00+00:00,373.33,376.94,372.955,3372,375.6,144514,375.163734
2026-07-20 15:00:00+00:00,374.02,374.71,371.68,3698,373.26,229321,372.722662
2026-07-20 16:00:00+00:00,372.915,377.0,372.46,2246,373.99,103968,374.55579
2026-07-20 17:00:00+00:00,373.13,373.54,370.76,2277,372.915,92856,371.985796
2026-07-20 18:00:00+00:00,371.25,374.52,370.74,2216,373.14,102958,372.415813
2026-07-20 19:00:00+00:00,369.665,371.87,369.43,4257,371.2,183968,370.464265
2026-07-20 20:00:00+00:00,370.08,370.08,369.48,7,369.48,190,369.77
2026-07-21 12:00:00+00:00,371.33,373.25,371.33,146,373.25,4885,371.950012
2026-07-21 13:00:00+00:00,377.58,377.585,369.98,2265,371.33,116156,375.149491
2026-07-21 14:00:00+00:00,382.71,384.005,377.415,4227,377.72,246880,381.315399
2026-07-21 15:00:00+00:00,381.04,382.935,380.48,2022,382.82,100759,381.741217
2026-07-21 16:00:00+00:00,380.785,382.05,380.45,1473,381.09,83960,381.172086
2026-07-21 17:00:00+00:00,379.505,381.165,379.15,1757,380.69,108544,379.947075
2026-07-21 18:00:00+00:00,378.275,380.62,378.275,1237,379.8,65246,379.830698
2026-07-21 19:00:00+00:00,378.9,379.56,376.72,3673,378.29,146340,378.160622
2026-07-21 20:00:00+00:00,379.47,379.47,378.69,9,378.69,200,378.955714
